2026-10-06 18:47:37.368 INFO  dgpp-serve 0.1.0+g8f1c4cbcc1e9.dirty (git 8f1c4cbcc1e9)
2026-10-06 18:47:37.368 INFO  config /tmp/bus4/deployments/2b720b2efec85c71/cluster.json: model nvidia/Qwen3.8-Flash-Next-NVFP4, world 2, rank 1, http :18080, fabric :29970, journal :29971
2026-10-06 18:47:37.368 INFO  model nvidia/Qwen3.8-Flash-Next-NVFP4 -> /home/stephen/.cache/huggingface/hub/models--nvidia--Qwen3.8-Flash-Next-NVFP4/snapshots/fc694b54fb0174e0913e6adf86691ef85a4ead47
2026-10-06 18:47:37.369 INFO  journal: connected to rank 0 at 192.168.88.11:29971 (120000 attempt window)
2026-10-06 18:47:37.370 INFO  rank 1: settings from rank 0: model=nvidia/Qwen3.8-Flash-Next-NVFP4 world=2 fabric=29970 journal=29971 conc=4 kv=262144 kvdt=bf16 ngt=mmap dw=fp8 mtpef=fp8 bfw=bf12+bf16 fp8head=mma pf=bounded emsh=replicated maxtok=32768 queue=8 eos=1 graph=1 compact=0 mtp=1 mtpd=1 mss=0 msrow=8 msbase=28 mslam=0 msmin=1 msad=1 msss=0.93 mdr=auto mdt=1 mvf=token dbr=0 batchmin=2 cand=128 pcgib=58 adm=full win=256 pfbudget=-1 pfidle=0 pmin=1024 phead=1 pace=-1 inflight=-1 reasoning_in_content=0 rs=off dflash=off dfw=checkpoint
2026-10-06 18:47:37.370 INFO  config: model=nvidia/Qwen3.8-Flash-Next-NVFP4 world=2 fabric=29970 journal=29971 conc=4 kv=262144 kvdt=bf16 ngt=mmap dw=fp8 mtpef=fp8 bfw=bf12+bf16 fp8head=mma pf=bounded emsh=replicated maxtok=32768 queue=8 eos=1 graph=1 compact=0 mtp=1 mtpd=1 mss=0 msrow=8 msbase=28 mslam=0 msmin=1 msad=1 msss=0.93 mdr=auto mdt=1 mvf=token dbr=0 batchmin=2 cand=128 pcgib=58 adm=full win=256 pfbudget=-1 pfidle=0 pmin=1024 phead=1 pace=-1 inflight=-1 reasoning_in_content=0 rs=off dflash=off dfw=checkpoint (digest 83c580a87d68e5a4)
2026-10-06 18:47:37.489 INFO  serve: model family qwen4_exp (/home/stephen/.cache/huggingface/hub/models--nvidia--Qwen3.8-Flash-Next-NVFP4/snapshots/fc694b54fb0174e0913e6adf86691ef85a4ead47)
2026-10-06 18:47:37.489 INFO  serve: decode rows 8 (4 slot(s) x 2 row(s) per request, floor 8, the qwen4_exp family's cap 64)
2026-10-06 18:47:37.498 WARN  generation config /home/stephen/.cache/huggingface/hub/models--nvidia--Qwen3.8-Flash-Next-NVFP4/snapshots/fc694b54fb0174e0913e6adf86691ef85a4ead47/generation_config.json omits min_p, repetition_penalty; using greedy-safe/neutral fallbacks for those fields
2026-10-06 18:47:37.498 INFO  generation defaults: temperature=1 top_p=0.95 top_k=20 min_p=0 repetition_penalty=1
2026-10-06 18:47:37.498 INFO  serve: sampling defaults temperature 1 top_p 0.95 top_k 20 min_p 0 repetition_penalty 1 (from generation_config.json; overrides: none)
2026-10-06 18:47:37.498 INFO  serve: request context limit 262144 tokens — the lesser of the 262144-token positional ceiling (the checkpoint's own rope) and the 262144-token K/V pool (engine.kv_capacity 262144); one request may reach the limit, the pool is what seats them all
2026-10-06 18:47:37.499 INFO  rank 1: prefix cache plan — 58 GiB budget, 1074 slots of 55.263 MiB, 57.961 GiB allocated; cached K/V blocks share the 262144-token pool
2026-10-06 18:47:37.618 INFO  tokenizer: loaded vocab 248044 merges 247587 added 33 (revision 0x53952643d9dcd76d; qwen pattern, NFC, ignore_merges false)
2026-10-06 18:47:37.633 INFO  serve: grammar vocabulary built (248320 ids, tool markers present, call-turn EOS 248046)
2026-10-06 18:47:37.822 INFO  serve: JSON grammar tables built in 0.19 s
2026-10-06 18:47:38.050 INFO  bus: globaltimer offset -62480977547 ns (+-2 us)
2026-10-06 18:47:38.058 INFO  verbs: device roceP2p1s0f0 port 1 gid_index 3
2026-10-06 18:47:38.061 INFO  verbs: device rocep1s0f0 port 1 gid_index 3
2026-10-06 18:47:39.109 INFO  bus: rank 1 up — 1 peer(s) x 2 lane(s), lat 8x163840B, bulk 8x262144B, bulk pace 85.0 Gb/s per QP, window 4 per lane
2026-10-06 18:47:39.109 INFO  rank 1: boundary reducer host-driven
2026-10-06 18:47:39.246 INFO  rank 1: process memory locked (mlockall MCL_CURRENT, 14516 MiB)
2026-10-06 18:47:39.246 INFO  rank 1: resident image cache at /home/stephen/.cache/dgpp/resident
2026-10-06 18:47:39.247 INFO  bus engine: rank 1 pinned to cpu 19
2026-10-06 18:47:39.447 INFO  rank 1: memory plan for a 262144-token context — model weights (resident; the n-gram table mmap'ed from the checkpoint) 36.50 GiB; loader staging (pinned host, freed when the last layer is resident) 1.52 GiB (1.52 GiB pinned); gemm workspace (at least) 0.06 GiB; dense fp8 prefill bridge (the largest dense matrix in BF16) 0.03 GiB; n-gram table staging (pinned; the table mmap'ed from the checkpoint) 0.01 GiB (0.01 GiB pinned); request slot state (GDN recurrent/conv, PLE conv, context) 0.22 GiB; spec snapshot rows 0.01 GiB; GDN replay rows (checkpoint-and-replay: the post-conv q|k|v, a, beta of every decode row, two copies) 0.02 GiB; kv cache pool (K/V bf16, compressed index keys, rings) 3.45 GiB; activations (hyper state, rows, head) 0.14 GiB (0.00 GiB pinned); layer objects (GR sites, GDN, QSA, PLE) 3.72 GiB; moe scratch (routed slots, shared expert, graph tables) 0.89 GiB (0.01 GiB pinned); draft block (hyper-state window, ring snapshot, fusion scratch, mixer) 0.53 GiB (0.00 GiB pinned); vision tower weights (bf16, replicated) 0.84 GiB; vision workspace (patches, attention tiles, staged image rows) 0.29 GiB; prefix cache 57.96 GiB; engine 0.07 GiB
2026-10-06 18:47:39.447 INFO  rank 1: memory plan total 106.25 GiB (46.68 GiB device + 59.57 GiB pinned) + 4.00 GiB headroom against 116.73 GiB free (device free 113.58 GiB of 121.69 GiB, host available 116.73 GiB)
2026-10-06 18:47:39.447 INFO  memory ledger: rank 1 after the plan check — rss 1.13 GiB (anon 0.39, shmem 0.07, file 0.67; locked 14.18); device free 113.58 GiB, node available 116.73 GiB
2026-10-06 18:47:39.447 INFO  memory ledger: rank 1 after the bus — rss 1.13 GiB (anon 0.39, shmem 0.07, file 0.67; locked 14.18); device free 113.58 GiB, node available 116.73 GiB
2026-10-06 18:47:40.408 INFO  qwen loader: rank 1 resident footprint 36.5 GiB; device free 113.3 of 121.7 GiB, host available 116.4 GiB
2026-10-06 18:47:41.226 INFO  qwen loader: rank 1 resident image /home/stephen/.cache/dgpp/resident/7338e15e74085777.img — 49/49 layers present, direct I/O
2026-10-06 18:47:41.251 INFO  l2 prefetch: on, window budget 12 MiB, boundary rate light, layer rate light
2026-10-06 18:47:42.934 INFO  qwen loader: rank 1 n-gram table rows [160000374, 320001446) mmap'ed from the checkpoint (50.03 GiB mapped, scale 0.00019931793)
2026-10-06 18:47:47.819 INFO  memory ledger: rank 1 after the model — rss 4.79 GiB (anon 0.66, shmem 1.61, file 2.53; locked 14.16); device free 102.53 GiB, node available 107.51 GiB
2026-10-06 18:47:47.819 INFO  rank 1: model constructed in 8.4s (resident, 4 request slots, 262144-token pool in bf16, 4096-row forwards)
2026-10-06 18:47:47.819 INFO  rank 1: prefix cache on — 1074 snapshot slot(s) of 55.3 MiB (58.00 GiB asked)
2026-10-06 18:47:49.654 INFO  rank 1: graph engine samples on the device — 128 candidates per rank (8 rows x 2 ranks in a 163840-byte latency slot; the planned width is 128); constrained decoding available
2026-10-06 18:47:49.654 INFO  rank 1: prefill budget 256 tokens/tick (0 = full prompt), 256 with nothing decoding
2026-10-06 18:47:49.654 INFO  rank 1: sampled requests draft a draw from the draft's distribution under the ratio verify (engine.mtp_draft auto)
2026-10-06 18:47:49.654 INFO  memory ledger: rank 1 after the graph engine — rss 4.80 GiB (anon 0.66, shmem 1.61, file 2.53; locked 14.16); device free 43.75 GiB, node available 48.72 GiB
2026-10-06 18:47:55.322 INFO  allreduce: device clock rate 2418000 kHz (stamps conversion)
2026-10-06 18:47:55.322 INFO  allreduce: rank 1 seq 1 launched (1 peers)
2026-10-06 18:47:55.322 INFO  allreduce: rank 1 seq 1 ready after 29.9us
2026-10-06 18:47:55.823 INFO  hunt qp: rank 1 seq 1 pool=latency  p0l0[RTS sq_psn=4666 rq_psn=4660 ack_timeout=14 retry_cnt=7 rnr_retry=7 min_rnr=12 sq_draining=0] p0l1[RTS sq_psn=4660 rq_psn=4660 ack_timeout=14 retry_cnt=7 rnr_retry=7 min_rnr=12 sq_draining=0]
2026-10-06 18:47:55.823 INFO  allreduce: rank 1 seq 1 STALLED 501ms posted=0x1 ctl(ready=0x1 done=0 status=0 gate(waits=0 spins=0) first_claim(cell=-1 len=-1 seq=-1))  p0l0:[0c0/0=0000000000!0c0/0=0000000000.0c0/0=0000000000.0c0/0=0000000000.0c0/0=0000000000.0c0/0=0000000000.0c0/0=0000000000.0c0/0=0000000000. B[0/0.0/0.0/0.0/0.0/0.0/0.0/0.0/0.] p0l1:[0c0/0=0000000000.0c0/0=0000000000.0c0/0=0000000000.0c0/0=0000000000.0c0/0=0000000000.0c0/0=0000000000.0c0/0=0000000000.0c0/0=0000000000. B[0/0.0/0.0/0.0/0.0/0.0/0.0/0.0/0.]
2026-10-06 18:47:56.323 INFO  hunt qp: rank 1 seq 1 pool=latency  p0l0[RTS sq_psn=4666 rq_psn=4660 ack_timeout=14 retry_cnt=7 rnr_retry=7 min_rnr=12 sq_draining=0] p0l1[RTS sq_psn=4660 rq_psn=4660 ack_timeout=14 retry_cnt=7 rnr_retry=7 min_rnr=12 sq_draining=0]
2026-10-06 18:47:56.323 INFO  allreduce: rank 1 seq 1 STALLED 1001ms posted=0x1 ctl(ready=0x1 done=0 status=0 gate(waits=0 spins=0) first_claim(cell=-1 len=-1 seq=-1))  p0l0:[0c0/0=0000000000!0c0/0=0000000000.0c0/0=0000000000.0c0/0=0000000000.0c0/0=0000000000.0c0/0=0000000000.0c0/0=0000000000.0c0/0=0000000000. B[0/0.0/0.0/0.0/0.0/0.0/0.0/0.0/0.] p0l1:[0c0/0=0000000000.0c0/0=0000000000.0c0/0=0000000000.0c0/0=0000000000.0c0/0=0000000000.0c0/0=0000000000.0c0/0=0000000000.0c0/0=0000000000. B[0/0.0/0.0/0.0/0.0/0.0/0.0/0.0/0.]
2026-10-06 18:47:56.823 INFO  hunt qp: rank 1 seq 1 pool=latency  p0l0[RTS sq_psn=4666 rq_psn=4660 ack_timeout=14 retry_cnt=7 rnr_retry=7 min_rnr=12 sq_draining=0] p0l1[RTS sq_psn=4660 rq_psn=4660 ack_timeout=14 retry_cnt=7 rnr_retry=7 min_rnr=12 sq_draining=0]
2026-10-06 18:47:56.823 INFO  allreduce: rank 1 seq 1 STALLED 1501ms posted=0x1 ctl(ready=0x1 done=0 status=0 gate(waits=0 spins=0) first_claim(cell=-1 len=-1 seq=-1))  p0l0:[0c0/0=0000000000!0c0/0=0000000000.0c0/0=0000000000.0c0/0=0000000000.0c0/0=0000000000.0c0/0=0000000000.0c0/0=0000000000.0c0/0=0000000000. B[0/0.0/0.0/0.0/0.0/0.0/0.0/0.0/0.] p0l1:[0c0/0=0000000000.0c0/0=0000000000.0c0/0=0000000000.0c0/0=0000000000.0c0/0=0000000000.0c0/0=0000000000.0c0/0=0000000000.0c0/0=0000000000. B[0/0.0/0.0/0.0/0.0/0.0/0.0/0.0/0.]
2026-10-06 18:47:56.921 INFO  allreduce: rank 1 seq 1 done status=0 after 1599782.6us
2026-10-06 18:47:56.956 INFO  allreduce: rank 1 seq 2 launched (1 peers)
2026-10-06 18:47:56.956 INFO  allreduce: rank 1 seq 2 ready after 7.1us
2026-10-06 18:47:56.956 INFO  allreduce: rank 1 seq 2 done status=0 after 23.7us
2026-10-06 18:47:56.956 INFO  allreduce: rank 1 seq 3 launched (1 peers)
2026-10-06 18:47:56.956 INFO  allreduce: rank 1 seq 3 ready after 15.2us
2026-10-06 18:47:56.956 INFO  allreduce: rank 1 seq 3 done status=0 after 94.0us
2026-10-06 18:47:56.956 INFO  allreduce: rank 1 seq 4 launched (1 peers)
2026-10-06 18:47:56.956 INFO  allreduce: rank 1 seq 4 ready after 7.5us
2026-10-06 18:47:56.956 INFO  allreduce: rank 1 seq 4 done status=0 after 24.2us
2026-10-06 18:47:56.957 INFO  allreduce: rank 1 seq 5 launched (1 peers)
2026-10-06 18:47:56.957 INFO  allreduce: rank 1 seq 5 ready after 8.1us
2026-10-06 18:47:56.957 INFO  allreduce: rank 1 seq 5 done status=0 after 54.7us
2026-10-06 18:47:56.957 INFO  allreduce: rank 1 seq 6 launched (1 peers)
2026-10-06 18:47:56.957 INFO  allreduce: rank 1 seq 6 ready after 7.7us
2026-10-06 18:47:56.957 INFO  allreduce: rank 1 seq 6 done status=0 after 30.4us
2026-10-06 18:47:56.957 INFO  allreduce: rank 1 seq 7 launched (1 peers)
2026-10-06 18:47:56.957 INFO  allreduce: rank 1 seq 7 ready after 8.0us
2026-10-06 18:47:56.958 INFO  allreduce: rank 1 seq 7 done status=0 after 47.6us
2026-10-06 18:47:56.958 INFO  allreduce: rank 1 seq 8 launched (1 peers)
2026-10-06 18:47:56.958 INFO  allreduce: rank 1 seq 8 ready after 7.7us
2026-10-06 18:47:56.958 INFO  allreduce: rank 1 seq 8 done status=0 after 24.5us
2026-10-06 18:47:57.039 INFO  allreduce: rank 1 seq 9 launched (1 peers)
2026-10-06 18:47:57.040 INFO  allreduce: rank 1 seq 9 ready after 12.3us
2026-10-06 18:47:57.089 INFO  allreduce: rank 1 seq 9 done status=0 after 49195.0us
2026-10-06 18:47:57.089 INFO  allreduce: rank 1 seq 10 launched (1 peers)
2026-10-06 18:47:57.089 INFO  allreduce: rank 1 seq 10 ready after 7.7us
2026-10-06 18:47:57.090 INFO  allreduce: rank 1 seq 10 done status=0 after 154.2us
2026-10-06 18:47:57.090 INFO  allreduce: rank 1 seq 11 launched (1 peers)
2026-10-06 18:47:57.090 INFO  allreduce: rank 1 seq 11 ready after 15.8us
2026-10-06 18:47:57.090 INFO  allreduce: rank 1 seq 11 done status=0 after 557.0us
2026-10-06 18:47:57.091 INFO  allreduce: rank 1 seq 12 launched (1 peers)
2026-10-06 18:47:57.091 INFO  allreduce: rank 1 seq 12 ready after 7.8us
2026-10-06 18:47:57.091 INFO  allreduce: rank 1 seq 12 done status=0 after 244.0us
2026-10-06 18:47:57.092 INFO  allreduce: rank 1 seq 13 launched (1 peers)
2026-10-06 18:47:57.092 INFO  allreduce: rank 1 seq 13 ready after 7.8us
2026-10-06 18:47:57.092 INFO  allreduce: rank 1 seq 13 done status=0 after 211.9us
2026-10-06 18:47:57.092 INFO  allreduce: rank 1 seq 14 launched (1 peers)
2026-10-06 18:47:57.092 INFO  allreduce: rank 1 seq 14 ready after 7.7us
2026-10-06 18:47:57.093 INFO  allreduce: rank 1 seq 14 done status=0 after 240.9us
2026-10-06 18:47:57.093 INFO  allreduce: rank 1 seq 15 launched (1 peers)
2026-10-06 18:47:57.093 INFO  allreduce: rank 1 seq 15 ready after 8.0us
2026-10-06 18:47:57.093 INFO  allreduce: rank 1 seq 15 done status=0 after 236.0us
2026-10-06 18:47:57.094 INFO  allreduce: rank 1 seq 16 launched (1 peers)
2026-10-06 18:47:57.094 INFO  allreduce: rank 1 seq 16 ready after 8.3us
2026-10-06 18:47:57.094 INFO  allreduce: rank 1 seq 16 done status=0 after 337.0us
2026-10-06 18:47:57.721 INFO  rank 1 bf12: nothing to pack — engine.dense_weights = fp8 already holds the dense projections and the head as block-FP8
2026-10-06 18:47:57.725 INFO  bus graph era: variant 0 recorded with 102 collective node(s)
2026-10-06 18:47:57.725 INFO  rank 1: graph variant 0 shape: 1518 nodes, 1618 edges: kernel 1518 empty 0 memcpy 0 memset 0 host 0 event 0 other 0; max in-degree 2
2026-10-06 18:47:57.732 INFO  rank 1: graph variant 0 instantiated — 14.9 MiB of device memory (3.2 GiB free)
2026-10-06 18:47:57.733 INFO  bus graph era: variant 1 recorded with 102 collective node(s)
2026-10-06 18:47:57.733 INFO  rank 1: graph variant 1 shape: 1518 nodes, 1618 edges: kernel 1518 empty 0 memcpy 0 memset 0 host 0 event 0 other 0; max in-degree 2
2026-10-06 18:47:57.740 INFO  rank 1: graph variant 1 instantiated — 18.1 MiB of device memory (3.2 GiB free)
2026-10-06 18:47:57.740 INFO  rank 1: serving scalar graph variants 0/1 captured for request slot 0 (2 rows, MTP)
2026-10-06 18:47:57.741 INFO  bus graph era: variant 8 recorded with 102 collective node(s)
2026-10-06 18:47:57.742 INFO  rank 1: graph variant 8 shape: 1520 nodes, 1620 edges: kernel 1520 empty 0 memcpy 0 memset 0 host 0 event 0 other 0; max in-degree 2
2026-10-06 18:47:57.749 INFO  rank 1: graph variant 8 instantiated — 25.4 MiB of device memory (3.2 GiB free)
2026-10-06 18:47:57.750 INFO  bus graph era: variant 9 recorded with 102 collective node(s)
2026-10-06 18:47:57.750 INFO  rank 1: graph variant 9 shape: 1520 nodes, 1620 edges: kernel 1520 empty 0 memcpy 0 memset 0 host 0 event 0 other 0; max in-degree 2
2026-10-06 18:47:57.759 INFO  rank 1: graph variant 9 instantiated — 38.8 MiB of device memory (3.2 GiB free)
2026-10-06 18:47:57.759 INFO  rank 1: serving row-batched graph variants 8/9 captured for 2 slots x 2 rows = 4 fixed rows, MTP (a batch is selected at 2+ live requests, the smallest that covers the live slots)
2026-10-06 18:47:57.761 INFO  bus graph era: variant 10 recorded with 102 collective node(s)
2026-10-06 18:47:57.761 INFO  rank 1: graph variant 10 shape: 1854 nodes, 1954 edges: kernel 1854 empty 0 memcpy 0 memset 0 host 0 event 0 other 0; max in-degree 2
2026-10-06 18:47:57.780 INFO  rank 1: graph variant 10 instantiated — 17.3 MiB of device memory (3.1 GiB free)
2026-10-06 18:47:57.782 INFO  bus graph era: variant 11 recorded with 102 collective node(s)
2026-10-06 18:47:57.782 INFO  rank 1: graph variant 11 shape: 1854 nodes, 1954 edges: kernel 1854 empty 0 memcpy 0 memset 0 host 0 event 0 other 0; max in-degree 2
2026-10-06 18:47:57.790 INFO  rank 1: graph variant 11 instantiated — 24.9 MiB of device memory (3.1 GiB free)
2026-10-06 18:47:57.790 INFO  rank 1: serving row-batched graph variants 10/11 captured for 3 slots x 2 rows = 6 fixed rows, MTP (a batch is selected at 2+ live requests, the smallest that covers the live slots)
2026-10-06 18:47:57.791 INFO  bus graph era: variant 12 recorded with 102 collective node(s)
2026-10-06 18:47:57.791 INFO  rank 1: graph variant 12 shape: 1820 nodes, 1920 edges: kernel 1820 empty 0 memcpy 0 memset 0 host 0 event 0 other 0; max in-degree 2
2026-10-06 18:47:57.798 INFO  rank 1: graph variant 12 instantiated — 28.8 MiB of device memory (3.1 GiB free)
2026-10-06 18:47:57.800 INFO  bus graph era: variant 13 recorded with 102 collective node(s)
2026-10-06 18:47:57.800 INFO  rank 1: graph variant 13 shape: 1820 nodes, 1920 edges: kernel 1820 empty 0 memcpy 0 memset 0 host 0 event 0 other 0; max in-degree 2
2026-10-06 18:47:57.808 INFO  rank 1: graph variant 13 instantiated — 26.3 MiB of device memory (3.1 GiB free)
2026-10-06 18:47:57.808 INFO  rank 1: serving row-batched graph variants 12/13 captured for 4 slots x 2 rows = 8 fixed rows, MTP (a batch is selected at 2+ live requests, the smallest that covers the live slots)
2026-10-06 18:47:57.858 INFO  bus graph era: variant 2 recorded with 102 collective node(s)
2026-10-06 18:47:57.858 INFO  rank 1: graph variant 2 shape: 1518 nodes, 1618 edges: kernel 1518 empty 0 memcpy 0 memset 0 host 0 event 0 other 0; max in-degree 2
2026-10-06 18:47:57.864 INFO  rank 1: graph variant 2 instantiated — 22.3 MiB of device memory (3.0 GiB free)
2026-10-06 18:47:57.865 INFO  bus graph era: variant 3 recorded with 102 collective node(s)
2026-10-06 18:47:57.865 INFO  rank 1: graph variant 3 shape: 1518 nodes, 1618 edges: kernel 1518 empty 0 memcpy 0 memset 0 host 0 event 0 other 0; max in-degree 2
2026-10-06 18:47:57.873 INFO  rank 1: graph variant 3 instantiated — 25.8 MiB of device memory (3.0 GiB free)
2026-10-06 18:47:57.873 INFO  rank 1: serving scalar graph variants 2/3 captured for request slot 1 (2 rows, MTP)
2026-10-06 18:47:57.926 INFO  bus graph era: variant 4 recorded with 102 collective node(s)
2026-10-06 18:47:57.926 INFO  rank 1: graph variant 4 shape: 1518 nodes, 1618 edges: kernel 1518 empty 0 memcpy 0 memset 0 host 0 event 0 other 0; max in-degree 2
2026-10-06 18:47:57.933 INFO  rank 1: graph variant 4 instantiated — 24.1 MiB of device memory (3.0 GiB free)
2026-10-06 18:47:57.934 INFO  bus graph era: variant 5 recorded with 102 collective node(s)
2026-10-06 18:47:57.934 INFO  rank 1: graph variant 5 shape: 1518 nodes, 1618 edges: kernel 1518 empty 0 memcpy 0 memset 0 host 0 event 0 other 0; max in-degree 2
2026-10-06 18:47:57.940 INFO  rank 1: graph variant 5 instantiated — 22.3 MiB of device memory (3.0 GiB free)
2026-10-06 18:47:57.940 INFO  rank 1: serving scalar graph variants 4/5 captured for request slot 2 (2 rows, MTP)
2026-10-06 18:47:57.991 INFO  bus graph era: variant 6 recorded with 102 collective node(s)
2026-10-06 18:47:57.991 INFO  rank 1: graph variant 6 shape: 1518 nodes, 1618 edges: kernel 1518 empty 0 memcpy 0 memset 0 host 0 event 0 other 0; max in-degree 2
2026-10-06 18:47:57.998 INFO  rank 1: graph variant 6 instantiated — 24.5 MiB of device memory (2.9 GiB free)
2026-10-06 18:47:57.999 INFO  bus graph era: variant 7 recorded with 102 collective node(s)
2026-10-06 18:47:57.999 INFO  rank 1: graph variant 7 shape: 1518 nodes, 1618 edges: kernel 1518 empty 0 memcpy 0 memset 0 host 0 event 0 other 0; max in-degree 2
2026-10-06 18:47:58.006 INFO  rank 1: graph variant 7 instantiated — 24.5 MiB of device memory (2.9 GiB free)
2026-10-06 18:47:58.006 INFO  rank 1: serving scalar graph variants 6/7 captured for request slot 3 (2 rows, MTP)
2026-10-06 18:47:58.007 INFO  rank 1: warm capture complete — 4 scalar variants and the row batches for 2 slots, 3 slots, 4 slots recorded before the first request
2026-10-06 18:47:58.007 INFO  memory ledger: rank 1 after the warm capture — rss 5.19 GiB (anon 1.02, shmem 1.63, file 2.53; locked 14.16); device free 2.91 GiB, node available 7.89 GiB
2026-10-06 18:47:58.007 INFO  rank 1: graph variants warm-captured in 8.35s
2026-10-06 18:47:58.007 INFO  rank 1: following rank 0's journal (admission full, window 256)
2026-10-06 18:47:59.729 INFO  sched: request 'chatcmpl-08caf295c351e514' starting prefill in slot 0 (64 prompt tokens)
2026-10-06 18:47:59.864 INFO  sched: request 'chatcmpl-08caf295c351e514' prefix cache miss — 2 cut(s), the cache is empty
2026-10-06 18:47:59.864 INFO  sched: request 'chatcmpl-08caf295c351e514' admitted to slot 0 (reserve 2 blocks; pool 2/4096 blocks in use) — first token 2
2026-10-06 18:48:00.766 INFO  sched: request 'chatcmpl-08caf295c351e514' retired (steps): 64 tok in 1.0 s — prefill 64 tok (0 cached) in 135 ms; decode 63 tok / 34 passes in 0.9 s: 69.9 tok/s, 14.3 ms/tok, 27 ms/pass, 1.85 tok/pass, accept p1 85 %
2026-10-06 18:48:00.796 INFO  sched: request 'chatcmpl-08caf295c351e515' starting prefill in slot 0 (37 prompt tokens)
2026-10-06 18:48:00.896 INFO  sched: request 'chatcmpl-08caf295c351e515' prefix cache miss — 1 cut(s), the cache is empty
2026-10-06 18:48:00.896 INFO  sched: request 'chatcmpl-08caf295c351e515' admitted to slot 0 (reserve 5 blocks; pool 5/4096 blocks in use) — first token 760
2026-10-06 18:48:04.697 INFO  sched: request 'chatcmpl-08caf295c351e515' retired (steps): 256 tok in 3.9 s — prefill 37 tok (0 cached) in 100 ms; decode 255 tok / 146 passes in 3.8 s: 67.1 tok/s, 14.9 ms/tok, 26 ms/pass, 1.75 tok/pass, accept p1 75 %
2026-10-06 18:48:04.722 INFO  sched: request 'chatcmpl-08caf295c351e516' starting prefill in slot 0 (37 prompt tokens)
2026-10-06 18:48:04.822 INFO  sched: request 'chatcmpl-08caf295c351e516' prefix cache miss — 1 cut(s), the cache is empty
2026-10-06 18:48:04.822 INFO  sched: request 'chatcmpl-08caf295c351e516' admitted to slot 0 (reserve 5 blocks; pool 5/4096 blocks in use) — first token 760
2026-10-06 18:48:08.134 INFO  stats: rank 1 | 10.0 s | decode 54.6 tok/s, 14.6 ms/tok, 25.8 ms/step (308 steps / 546 tok, 79 % of wall) | mtp 1.77 tok/step/req, accept p1 77 % | prefill 3 prompts / 138 tok, 14 tok/s, 2.43 ms/tok, 112 ms avg (3 % of wall), 0 tok cached (0/3 hits) | live 1, queued 0 | pool 5/4096 blocks (0 %) | prefix cache 0/1074 entries
2026-10-06 18:48:08.601 INFO  sched: request 'chatcmpl-08caf295c351e516' retired (steps): 256 tok in 3.9 s — prefill 37 tok (0 cached) in 100 ms; decode 255 tok / 146 passes in 3.8 s: 67.5 tok/s, 14.8 ms/tok, 26 ms/pass, 1.75 tok/pass, accept p1 75 %
2026-10-06 18:48:08.631 INFO  sched: request 'chatcmpl-08caf295c351e517' starting prefill in slot 0 (37 prompt tokens)
2026-10-06 18:48:08.730 INFO  sched: request 'chatcmpl-08caf295c351e517' prefix cache miss — 1 cut(s), the cache is empty
2026-10-06 18:48:08.730 INFO  sched: request 'chatcmpl-08caf295c351e517' admitted to slot 0 (reserve 5 blocks; pool 5/4096 blocks in use) — first token 760
2026-10-06 18:48:12.512 INFO  sched: request 'chatcmpl-08caf295c351e517' retired (steps): 256 tok in 3.9 s — prefill 37 tok (0 cached) in 99 ms; decode 255 tok / 146 passes in 3.8 s: 67.4 tok/s, 14.8 ms/tok, 26 ms/pass, 1.75 tok/pass, accept p1 75 %
2026-10-06 18:48:12.537 INFO  sched: request 'chatcmpl-08caf295c351e518' starting prefill in slot 0 (36 prompt tokens)
2026-10-06 18:48:12.537 INFO  sched: request 'chatcmpl-08caf295c351e519' starting prefill in slot 1 (36 prompt tokens)
2026-10-06 18:48:12.702 INFO  sched: request 'chatcmpl-08caf295c351e518' prefix cache miss — 2 cut(s), the cache is empty
2026-10-06 18:48:12.702 INFO  sched: request 'chatcmpl-08caf295c351e518' admitted to slot 0 (reserve 5 blocks; pool 6/4096 blocks in use) — first token 760
2026-10-06 18:48:12.702 INFO  sched: request 'chatcmpl-08caf295c351e519' prefix cache miss — 2 cut(s), the cache is empty
2026-10-06 18:48:12.702 INFO  sched: request 'chatcmpl-08caf295c351e519' admitted to slot 1 (reserve 5 blocks; pool 10/4096 blocks in use) — first token 760
2026-10-06 18:48:12.702 INFO  sched: 2 requests admitted together in one prefill (165 ms)
2026-10-06 18:48:18.010 INFO  sched: request 'chatcmpl-08caf295c351e519' retired (steps): 256 tok in 5.5 s — prefill 36 tok (0 cached) in 165 ms; decode 255 tok / 156 passes in 5.3 s: 48.0 tok/s, 20.8 ms/tok, 34 ms/pass, 1.63 tok/pass, accept p1 63 %
2026-10-06 18:48:18.037 INFO  sched: request 'chatcmpl-08caf295c351e518' retired (steps): 256 tok in 5.5 s — prefill 36 tok (0 cached) in 165 ms; decode 255 tok / 157 passes in 5.3 s: 47.8 tok/s, 20.9 ms/tok, 34 ms/pass, 1.62 tok/pass, accept p1 63 %
2026-10-06 18:48:18.045 INFO  sched: request 'chatcmpl-08caf295c351e51a' starting prefill in slot 0 (36 prompt tokens)
2026-10-06 18:48:18.046 INFO  sched: request 'chatcmpl-08caf295c351e51b' starting prefill in slot 1 (36 prompt tokens)
2026-10-06 18:48:18.206 INFO  sched: request 'chatcmpl-08caf295c351e51a' prefix cache miss — 2 cut(s), the cache is empty
2026-10-06 18:48:18.206 INFO  sched: request 'chatcmpl-08caf295c351e51a' admitted to slot 0 (reserve 5 blocks; pool 6/4096 blocks in use) — first token 760
2026-10-06 18:48:18.206 INFO  sched: request 'chatcmpl-08caf295c351e51b' prefix cache miss — 2 cut(s), the cache is empty
2026-10-06 18:48:18.206 INFO  sched: request 'chatcmpl-08caf295c351e51b' admitted to slot 1 (reserve 5 blocks; pool 10/4096 blocks in use) — first token 760
2026-10-06 18:48:18.206 INFO  sched: 2 requests admitted together in one prefill (160 ms)
2026-10-06 18:48:18.246 INFO  stats: rank 1 | 10.1 s | decode 79.3 tok/s, 11.9 ms/tok, 29.6 ms/step (322 steps / 802 tok, 94 % of wall) | mtp 1.67 tok/step/req, accept p1 67 % | prefill 5 prompts / 181 tok, 18 tok/s, 2.34 ms/tok, 85 ms avg (4 % of wall), 0 tok cached (0/5 hits) | live 2, queued 0 | pool 10/4096 blocks (0 %) | prefix cache 0/1074 entries
2026-10-06 18:48:23.467 INFO  sched: request 'chatcmpl-08caf295c351e51b' retired (steps): 256 tok in 5.4 s — prefill 36 tok (0 cached) in 160 ms; decode 255 tok / 155 passes in 5.3 s: 48.5 tok/s, 20.6 ms/tok, 34 ms/pass, 1.65 tok/pass, accept p1 65 %
2026-10-06 18:48:23.521 INFO  sched: request 'chatcmpl-08caf295c351e51a' retired (steps): 256 tok in 5.5 s — prefill 36 tok (0 cached) in 160 ms; decode 255 tok / 157 passes in 5.3 s: 48.0 tok/s, 20.8 ms/tok, 34 ms/pass, 1.62 tok/pass, accept p1 63 %
2026-10-06 18:48:23.535 INFO  sched: request 'chatcmpl-08caf295c351e51c' starting prefill in slot 0 (36 prompt tokens)
2026-10-06 18:48:23.535 INFO  sched: request 'chatcmpl-08caf295c351e51d' starting prefill in slot 1 (36 prompt tokens)
2026-10-06 18:48:23.691 INFO  sched: request 'chatcmpl-08caf295c351e51c' prefix cache miss — 2 cut(s), the cache is empty
2026-10-06 18:48:23.691 INFO  sched: request 'chatcmpl-08caf295c351e51c' admitted to slot 0 (reserve 5 blocks; pool 6/4096 blocks in use) — first token 760
2026-10-06 18:48:23.691 INFO  sched: request 'chatcmpl-08caf295c351e51d' prefix cache miss — 2 cut(s), the cache is empty
2026-10-06 18:48:23.691 INFO  sched: request 'chatcmpl-08caf295c351e51d' admitted to slot 1 (reserve 5 blocks; pool 10/4096 blocks in use) — first token 760
2026-10-06 18:48:23.691 INFO  sched: 2 requests admitted together in one prefill (156 ms)
2026-10-06 18:48:28.273 INFO  stats: rank 1 | 10.0 s | decode 94.8 tok/s, 10.3 ms/tok, 33.6 ms/step (291 steps / 951 tok, 98 % of wall) | mtp 1.64 tok/step/req, accept p1 64 % | prefill 2 prompts / 72 tok, 7 tok/s, 2.17 ms/tok, 78 ms avg (2 % of wall), 0 tok cached (0/2 hits) | live 2, queued 0 | pool 10/4096 blocks (0 %) | prefix cache 0/1074 entries
2026-10-06 18:48:28.956 INFO  sched: request 'chatcmpl-08caf295c351e51d' retired (steps): 256 tok in 5.4 s — prefill 36 tok (0 cached) in 156 ms; decode 255 tok / 155 passes in 5.3 s: 48.4 tok/s, 20.6 ms/tok, 34 ms/pass, 1.65 tok/pass, accept p1 65 %
2026-10-06 18:48:29.010 INFO  sched: request 'chatcmpl-08caf295c351e51c' retired (steps): 256 tok in 5.5 s — prefill 36 tok (0 cached) in 156 ms; decode 255 tok / 157 passes in 5.3 s: 47.9 tok/s, 20.9 ms/tok, 34 ms/pass, 1.62 tok/pass, accept p1 63 %
2026-10-06 18:48:29.030 INFO  sched: request 'chatcmpl-08caf295c351e51e' starting prefill in slot 0 (32 prompt tokens)
2026-10-06 18:48:29.030 INFO  sched: request 'chatcmpl-08caf295c351e51f' starting prefill in slot 1 (35 prompt tokens)
2026-10-06 18:48:29.030 INFO  sched: request 'chatcmpl-08caf295c351e520' starting prefill in slot 2 (32 prompt tokens)
2026-10-06 18:48:29.030 INFO  sched: request 'chatcmpl-08caf295c351e521' starting prefill in slot 3 (31 prompt tokens)
2026-10-06 18:48:29.376 INFO  sched: request 'chatcmpl-08caf295c351e51e' prefix cache miss — 2 cut(s), the cache is empty
2026-10-06 18:48:29.376 INFO  sched: request 'chatcmpl-08caf295c351e51e' admitted to slot 0 (reserve 5 blocks; pool 8/4096 blocks in use) — first token 760
2026-10-06 18:48:29.376 INFO  sched: request 'chatcmpl-08caf295c351e51f' prefix cache miss — 2 cut(s), the cache is empty
2026-10-06 18:48:29.376 INFO  sched: request 'chatcmpl-08caf295c351e51f' admitted to slot 1 (reserve 5 blocks; pool 12/4096 blocks in use) — first token 760
2026-10-06 18:48:29.376 INFO  sched: request 'chatcmpl-08caf295c351e520' prefix cache miss — 2 cut(s), the cache is empty
2026-10-06 18:48:29.376 INFO  sched: request 'chatcmpl-08caf295c351e520' admitted to slot 2 (reserve 5 blocks; pool 16/4096 blocks in use) — first token 760
2026-10-06 18:48:29.376 INFO  sched: request 'chatcmpl-08caf295c351e521' prefix cache miss — 2 cut(s), the cache is empty
2026-10-06 18:48:29.376 INFO  sched: request 'chatcmpl-08caf295c351e521' admitted to slot 3 (reserve 5 blocks; pool 20/4096 blocks in use) — first token 760
2026-10-06 18:48:29.376 INFO  sched: 4 requests admitted together in one prefill (346 ms)
2026-10-06 18:48:37.000 INFO  sched: request 'chatcmpl-08caf295c351e520' retired (steps): 256 tok in 8.0 s — prefill 32 tok (0 cached) in 346 ms; decode 255 tok / 144 passes in 7.6 s: 33.4 tok/s, 29.9 ms/tok, 53 ms/pass, 1.77 tok/pass, accept p1 77 %
2026-10-06 18:48:37.350 INFO  sched: request 'chatcmpl-08caf295c351e51e' retired (steps): 256 tok in 8.3 s — prefill 32 tok (0 cached) in 346 ms; decode 255 tok / 151 passes in 8.0 s: 32.0 tok/s, 31.3 ms/tok, 53 ms/pass, 1.69 tok/pass, accept p1 69 %
2026-10-06 18:48:37.581 INFO  sched: request 'chatcmpl-08caf295c351e521' retired (steps): 256 tok in 8.6 s — prefill 31 tok (0 cached) in 346 ms; decode 255 tok / 156 passes in 8.2 s: 31.1 tok/s, 32.2 ms/tok, 53 ms/pass, 1.63 tok/pass, accept p1 63 %
2026-10-06 18:48:37.608 INFO  sched: request 'chatcmpl-08caf295c351e51f' retired (steps): 256 tok in 8.6 s — prefill 35 tok (0 cached) in 346 ms; decode 255 tok / 157 passes in 8.2 s: 31.0 tok/s, 32.3 ms/tok, 52 ms/pass, 1.62 tok/pass, accept p1 63 %
2026-10-06 18:48:37.637 INFO  sched: request 'chatcmpl-08caf295c351e522' starting prefill in slot 0 (31 prompt tokens)
2026-10-06 18:48:37.638 INFO  sched: request 'chatcmpl-08caf295c351e523' starting prefill in slot 1 (32 prompt tokens)
2026-10-06 18:48:37.638 INFO  sched: request 'chatcmpl-08caf295c351e524' starting prefill in slot 2 (35 prompt tokens)
2026-10-06 18:48:37.638 INFO  sched: request 'chatcmpl-08caf295c351e525' starting prefill in slot 3 (32 prompt tokens)
2026-10-06 18:48:37.844 INFO  sched: request 'chatcmpl-08caf295c351e522' prefix cache miss — 2 cut(s), the cache is empty
2026-10-06 18:48:37.844 INFO  sched: request 'chatcmpl-08caf295c351e522' admitted to slot 0 (reserve 5 blocks; pool 8/4096 blocks in use) — first token 760
2026-10-06 18:48:37.844 INFO  sched: request 'chatcmpl-08caf295c351e523' prefix cache miss — 2 cut(s), the cache is empty
2026-10-06 18:48:37.844 INFO  sched: request 'chatcmpl-08caf295c351e523' admitted to slot 1 (reserve 5 blocks; pool 12/4096 blocks in use) — first token 760
2026-10-06 18:48:37.844 INFO  sched: request 'chatcmpl-08caf295c351e524' prefix cache miss — 2 cut(s), the cache is empty
2026-10-06 18:48:37.844 INFO  sched: request 'chatcmpl-08caf295c351e524' admitted to slot 2 (reserve 5 blocks; pool 16/4096 blocks in use) — first token 760
2026-10-06 18:48:37.844 INFO  sched: request 'chatcmpl-08caf295c351e525' prefix cache miss — 2 cut(s), the cache is empty
2026-10-06 18:48:37.844 INFO  sched: request 'chatcmpl-08caf295c351e525' admitted to slot 3 (reserve 5 blocks; pool 20/4096 blocks in use) — first token 760
2026-10-06 18:48:37.844 INFO  sched: 4 requests admitted together in one prefill (206 ms)
2026-10-06 18:48:38.291 INFO  stats: rank 1 | 10.0 s | decode 115.1 tok/s, 8.1 ms/tok, 49.7 ms/step (188 steps / 1153 tok, 93 % of wall) | mtp 1.68 tok/step/req, accept p1 67 % | prefill 8 prompts / 260 tok, 26 tok/s, 2.13 ms/tok, 69 ms avg (6 % of wall), 0 tok cached (0/8 hits) | live 4, queued 0 | pool 20/4096 blocks (0 %) | prefix cache 0/1074 entries
2026-10-06 18:48:45.140 INFO  sched: request 'chatcmpl-08caf295c351e525' retired (steps): 256 tok in 7.5 s — prefill 32 tok (0 cached) in 206 ms; decode 255 tok / 145 passes in 7.3 s: 35.0 tok/s, 28.6 ms/tok, 50 ms/pass, 1.76 tok/pass, accept p1 76 %
2026-10-06 18:48:45.533 INFO  sched: request 'chatcmpl-08caf295c351e522' retired (steps): 256 tok in 7.9 s — prefill 31 tok (0 cached) in 206 ms; decode 255 tok / 154 passes in 7.7 s: 33.2 tok/s, 30.2 ms/tok, 50 ms/pass, 1.66 tok/pass, accept p1 66 %
2026-10-06 18:48:45.533 INFO  sched: request 'chatcmpl-08caf295c351e523' retired (steps): 256 tok in 7.9 s — prefill 32 tok (0 cached) in 206 ms; decode 255 tok / 154 passes in 7.7 s: 33.2 tok/s, 30.2 ms/tok, 50 ms/pass, 1.66 tok/pass, accept p1 66 %
2026-10-06 18:48:45.640 INFO  sched: request 'chatcmpl-08caf295c351e524' retired (steps): 256 tok in 8.0 s — prefill 35 tok (0 cached) in 206 ms; decode 255 tok / 158 passes in 7.8 s: 32.7 tok/s, 30.6 ms/tok, 49 ms/pass, 1.61 tok/pass, accept p1 61 %
2026-10-06 18:48:45.654 INFO  sched: request 'chatcmpl-08caf295c351e526' starting prefill in slot 0 (32 prompt tokens)
2026-10-06 18:48:45.654 INFO  sched: request 'chatcmpl-08caf295c351e527' starting prefill in slot 1 (32 prompt tokens)
2026-10-06 18:48:45.654 INFO  sched: request 'chatcmpl-08caf295c351e528' starting prefill in slot 2 (35 prompt tokens)
2026-10-06 18:48:45.654 INFO  sched: request 'chatcmpl-08caf295c351e529' starting prefill in slot 3 (31 prompt tokens)
2026-10-06 18:48:45.862 INFO  sched: request 'chatcmpl-08caf295c351e526' prefix cache miss — 2 cut(s), the cache is empty
2026-10-06 18:48:45.862 INFO  sched: request 'chatcmpl-08caf295c351e526' admitted to slot 0 (reserve 5 blocks; pool 8/4096 blocks in use) — first token 760
2026-10-06 18:48:45.862 INFO  sched: request 'chatcmpl-08caf295c351e527' prefix cache miss — 2 cut(s), the cache is empty
2026-10-06 18:48:45.862 INFO  sched: request 'chatcmpl-08caf295c351e527' admitted to slot 1 (reserve 5 blocks; pool 12/4096 blocks in use) — first token 760
2026-10-06 18:48:45.862 INFO  sched: request 'chatcmpl-08caf295c351e528' prefix cache miss — 2 cut(s), the cache is empty
2026-10-06 18:48:45.862 INFO  sched: request 'chatcmpl-08caf295c351e528' admitted to slot 2 (reserve 5 blocks; pool 16/4096 blocks in use) — first token 760
2026-10-06 18:48:45.862 INFO  sched: request 'chatcmpl-08caf295c351e529' prefix cache miss — 2 cut(s), the cache is empty
2026-10-06 18:48:45.862 INFO  sched: request 'chatcmpl-08caf295c351e529' admitted to slot 3 (reserve 5 blocks; pool 20/4096 blocks in use) — first token 760
2026-10-06 18:48:45.862 INFO  sched: 4 requests admitted together in one prefill (208 ms)
2026-10-06 18:48:48.319 INFO  stats: rank 1 | 10.0 s | decode 128.1 tok/s, 7.6 ms/tok, 49.2 ms/step (198 steps / 1285 tok, 97 % of wall) | mtp 1.67 tok/step/req, accept p1 66 % | prefill 4 prompts / 130 tok, 13 tok/s, 1.60 ms/tok, 52 ms avg (2 % of wall), 0 tok cached (0/4 hits) | live 4, queued 0 | pool 20/4096 blocks (0 %) | prefix cache 0/1074 entries
2026-10-06 18:48:53.525 INFO  sched: request 'chatcmpl-08caf295c351e527' retired (steps): 256 tok in 7.9 s — prefill 32 tok (0 cached) in 208 ms; decode 255 tok / 152 passes in 7.7 s: 33.3 tok/s, 30.1 ms/tok, 50 ms/pass, 1.68 tok/pass, accept p1 68 %
2026-10-06 18:48:53.680 INFO  sched: request 'chatcmpl-08caf295c351e529' retired (steps): 256 tok in 8.0 s — prefill 31 tok (0 cached) in 208 ms; decode 255 tok / 155 passes in 7.8 s: 32.6 tok/s, 30.7 ms/tok, 50 ms/pass, 1.65 tok/pass, accept p1 65 %
2026-10-06 18:48:53.766 INFO  sched: request 'chatcmpl-08caf295c351e526' retired (steps): 256 tok in 8.1 s — prefill 32 tok (0 cached) in 208 ms; decode 255 tok / 157 passes in 7.9 s: 32.3 tok/s, 31.0 ms/tok, 50 ms/pass, 1.62 tok/pass, accept p1 62 %
2026-10-06 18:48:53.766 INFO  sched: request 'chatcmpl-08caf295c351e528' retired (steps): 256 tok in 8.1 s — prefill 35 tok (0 cached) in 208 ms; decode 255 tok / 157 passes in 7.9 s: 32.3 tok/s, 31.0 ms/tok, 50 ms/pass, 1.62 tok/pass, accept p1 63 %
2026-10-06 18:48:53.786 INFO  sched: request 'chatcmpl-08caf295c351e52a' starting prefill in slot 0 (31 prompt tokens)
2026-10-06 18:48:53.786 INFO  sched: request 'chatcmpl-08caf295c351e52b' starting prefill in slot 1 (32 prompt tokens)
2026-10-06 18:48:53.786 INFO  sched: request 'chatcmpl-08caf295c351e52c' starting prefill in slot 2 (31 prompt tokens)
2026-10-06 18:48:53.786 INFO  sched: request 'chatcmpl-08caf295c351e52d' starting prefill in slot 3 (31 prompt tokens)
2026-10-06 18:48:54.004 INFO  sched: request 'chatcmpl-08caf295c351e52a' prefix cache miss — 2 cut(s), the cache is empty
2026-10-06 18:48:54.004 INFO  sched: request 'chatcmpl-08caf295c351e52a' admitted to slot 0 (reserve 5 blocks; pool 8/4096 blocks in use) — first token 760
2026-10-06 18:48:54.004 INFO  sched: request 'chatcmpl-08caf295c351e52b' prefix cache miss — 2 cut(s), the cache is empty
2026-10-06 18:48:54.004 INFO  sched: request 'chatcmpl-08caf295c351e52b' admitted to slot 1 (reserve 5 blocks; pool 12/4096 blocks in use) — first token 760
2026-10-06 18:48:54.004 INFO  sched: request 'chatcmpl-08caf295c351e52c' prefix cache miss — 2 cut(s), the cache is empty
2026-10-06 18:48:54.004 INFO  sched: request 'chatcmpl-08caf295c351e52c' admitted to slot 2 (reserve 5 blocks; pool 16/4096 blocks in use) — first token 760
2026-10-06 18:48:54.004 INFO  sched: request 'chatcmpl-08caf295c351e52d' prefix cache miss — 2 cut(s), the cache is empty
2026-10-06 18:48:54.004 INFO  sched: request 'chatcmpl-08caf295c351e52d' admitted to slot 3 (reserve 5 blocks; pool 20/4096 blocks in use) — first token 760
2026-10-06 18:48:54.004 INFO  sched: 4 requests admitted together in one prefill (218 ms)
2026-10-06 18:48:54.055 INFO  sched: request 'chatcmpl-08caf295c351e52e' deferred (needs 5 blocks, 4076 free, 0 slot(s) open) — admits when a peer retires
2026-10-06 18:48:58.348 INFO  stats: rank 1 | 10.0 s | decode 128.4 tok/s, 7.5 ms/tok, 49.8 ms/step (195 steps / 1288 tok, 97 % of wall) | mtp 1.67 tok/step/req, accept p1 66 % | prefill 4 prompts / 125 tok, 12 tok/s, 1.75 ms/tok, 55 ms avg (2 % of wall), 0 tok cached (0/4 hits) | live 4, queued 4 | pool 20/4096 blocks (0 %) | prefix cache 0/1074 entries
2026-10-06 18:49:01.581 INFO  sched: request 'chatcmpl-08caf295c351e52d' retired (steps): 256 tok in 7.8 s — prefill 31 tok (0 cached) in 218 ms; decode 255 tok / 151 passes in 7.6 s: 33.7 tok/s, 29.7 ms/tok, 50 ms/pass, 1.69 tok/pass, accept p1 69 %
2026-10-06 18:49:01.581 INFO  sched: request 'chatcmpl-08caf295c351e52e' starting prefill in slot 3 (31 prompt tokens)
2026-10-06 18:49:01.677 INFO  sched: request 'chatcmpl-08caf295c351e52e' prefix cache miss — 2 cut(s), the cache is empty
2026-10-06 18:49:01.677 INFO  sched: request 'chatcmpl-08caf295c351e52e' admitted to slot 3 (reserve 5 blocks; pool 20/4096 blocks in use) — first token 760
2026-10-06 18:49:01.726 INFO  sched: request 'chatcmpl-08caf295c351e52f' deferred (needs 5 blocks, 4076 free, 0 slot(s) open) — admits when a peer retires
2026-10-06 18:49:01.882 INFO  sched: request 'chatcmpl-08caf295c351e52a' retired (steps): 256 tok in 8.1 s — prefill 31 tok (0 cached) in 218 ms; decode 255 tok / 155 passes in 7.9 s: 32.4 tok/s, 30.9 ms/tok, 51 ms/pass, 1.65 tok/pass, accept p1 65 %
2026-10-06 18:49:01.882 INFO  sched: request 'chatcmpl-08caf295c351e52f' starting prefill in slot 0 (31 prompt tokens)
2026-10-06 18:49:01.980 INFO  sched: request 'chatcmpl-08caf295c351e52f' prefix cache miss — 2 cut(s), the cache is empty
2026-10-06 18:49:01.980 INFO  sched: request 'chatcmpl-08caf295c351e52f' admitted to slot 0 (reserve 5 blocks; pool 20/4096 blocks in use) — first token 760
2026-10-06 18:49:02.029 INFO  sched: request 'chatcmpl-08caf295c351e530' deferred (needs 5 blocks, 4076 free, 0 slot(s) open) — admits when a peer retires
2026-10-06 18:49:02.082 INFO  sched: request 'chatcmpl-08caf295c351e52b' retired (steps): 256 tok in 8.3 s — prefill 32 tok (0 cached) in 218 ms; decode 255 tok / 157 passes in 8.1 s: 31.6 tok/s, 31.7 ms/tok, 51 ms/pass, 1.62 tok/pass, accept p1 62 %
2026-10-06 18:49:02.082 INFO  sched: request 'chatcmpl-08caf295c351e530' starting prefill in slot 1 (32 prompt tokens)
2026-10-06 18:49:02.178 INFO  sched: request 'chatcmpl-08caf295c351e530' prefix cache miss — 2 cut(s), the cache is empty
2026-10-06 18:49:02.178 INFO  sched: request 'chatcmpl-08caf295c351e530' admitted to slot 1 (reserve 5 blocks; pool 20/4096 blocks in use) — first token 760
2026-10-06 18:49:02.231 INFO  sched: request 'chatcmpl-08caf295c351e52c' retired (steps): 256 tok in 8.4 s — prefill 31 tok (0 cached) in 218 ms; decode 255 tok / 158 passes in 8.2 s: 31.0 tok/s, 32.3 ms/tok, 52 ms/pass, 1.61 tok/pass, accept p1 61 %
2026-10-06 18:49:02.231 INFO  sched: request 'chatcmpl-08caf295c351e531' starting prefill in slot 2 (32 prompt tokens)
2026-10-06 18:49:02.330 INFO  sched: request 'chatcmpl-08caf295c351e531' prefix cache miss — 2 cut(s), the cache is empty
2026-10-06 18:49:02.330 INFO  sched: request 'chatcmpl-08caf295c351e531' admitted to slot 2 (reserve 5 blocks; pool 20/4096 blocks in use) — first token 760
2026-10-06 18:49:08.368 INFO  stats: rank 1 | 10.0 s | decode 125.6 tok/s, 7.6 ms/tok, 49.8 ms/step (192 steps / 1259 tok, 95 % of wall) | mtp 1.64 tok/step/req, accept p1 63 % | prefill 4 prompts / 126 tok, 13 tok/s, 3.08 ms/tok, 97 ms avg (4 % of wall), 0 tok cached (0/4 hits) | live 4, queued 0 | pool 20/4096 blocks (0 %) | prefix cache 0/1074 entries
2026-10-06 18:49:09.726 INFO  sched: request 'chatcmpl-08caf295c351e52e' retired (steps): 256 tok in 8.1 s — prefill 31 tok (0 cached) in 95 ms; decode 255 tok / 155 passes in 8.0 s: 31.7 tok/s, 31.6 ms/tok, 52 ms/pass, 1.65 tok/pass, accept p1 65 %
2026-10-06 18:49:09.852 INFO  sched: request 'chatcmpl-08caf295c351e530' retired (steps): 256 tok in 7.8 s — prefill 32 tok (0 cached) in 96 ms; decode 255 tok / 152 passes in 7.7 s: 33.2 tok/s, 30.1 ms/tok, 50 ms/pass, 1.68 tok/pass, accept p1 68 %
2026-10-06 18:49:09.980 INFO  sched: request 'chatcmpl-08caf295c351e52f' retired (steps): 256 tok in 8.1 s — prefill 31 tok (0 cached) in 98 ms; decode 255 tok / 157 passes in 8.0 s: 31.9 tok/s, 31.4 ms/tok, 51 ms/pass, 1.62 tok/pass, accept p1 63 %
2026-10-06 18:49:10.145 INFO  sched: request 'chatcmpl-08caf295c351e531' retired (steps): 256 tok in 7.9 s — prefill 32 tok (0 cached) in 99 ms; decode 255 tok / 160 passes in 7.8 s: 32.6 tok/s, 30.6 ms/tok, 49 ms/pass, 1.59 tok/pass, accept p1 59 %
2026-10-06 18:49:10.174 INFO  sched: request 'chatcmpl-08caf295c351e532' starting prefill in slot 0 (31 prompt tokens)
2026-10-06 18:49:10.174 INFO  sched: request 'chatcmpl-08caf295c351e533' starting prefill in slot 1 (31 prompt tokens)
2026-10-06 18:49:10.174 INFO  sched: request 'chatcmpl-08caf295c351e534' starting prefill in slot 2 (32 prompt tokens)
2026-10-06 18:49:10.174 INFO  sched: request 'chatcmpl-08caf295c351e535' starting prefill in slot 3 (31 prompt tokens)
2026-10-06 18:49:10.393 INFO  sched: request 'chatcmpl-08caf295c351e532' prefix cache miss — 2 cut(s), the cache is empty
2026-10-06 18:49:10.393 INFO  sched: request 'chatcmpl-08caf295c351e532' admitted to slot 0 (reserve 5 blocks; pool 8/4096 blocks in use) — first token 760
2026-10-06 18:49:10.393 INFO  sched: request 'chatcmpl-08caf295c351e533' prefix cache miss — 2 cut(s), the cache is empty
2026-10-06 18:49:10.393 INFO  sched: request 'chatcmpl-08caf295c351e533' admitted to slot 1 (reserve 5 blocks; pool 12/4096 blocks in use) — first token 760
2026-10-06 18:49:10.393 INFO  sched: request 'chatcmpl-08caf295c351e534' prefix cache miss — 2 cut(s), the cache is empty
2026-10-06 18:49:10.393 INFO  sched: request 'chatcmpl-08caf295c351e534' admitted to slot 2 (reserve 5 blocks; pool 16/4096 blocks in use) — first token 760
2026-10-06 18:49:10.393 INFO  sched: request 'chatcmpl-08caf295c351e535' prefix cache miss — 2 cut(s), the cache is empty
2026-10-06 18:49:10.393 INFO  sched: request 'chatcmpl-08caf295c351e535' admitted to slot 3 (reserve 5 blocks; pool 20/4096 blocks in use) — first token 760
2026-10-06 18:49:10.393 INFO  sched: 4 requests admitted together in one prefill (219 ms)
2026-10-06 18:49:10.434 INFO  sched: request 'chatcmpl-08caf295c351e536' deferred (needs 5 blocks, 4076 free, 0 slot(s) open) — admits when a peer retires
2026-10-06 18:49:18.001 INFO  sched: request 'chatcmpl-08caf295c351e535' retired (steps): 256 tok in 7.8 s — prefill 31 tok (0 cached) in 219 ms; decode 255 tok / 151 passes in 7.6 s: 33.5 tok/s, 29.8 ms/tok, 50 ms/pass, 1.69 tok/pass, accept p1 69 %
2026-10-06 18:49:18.001 INFO  sched: request 'chatcmpl-08caf295c351e536' starting prefill in slot 3 (31 prompt tokens)
2026-10-06 18:49:18.097 INFO  sched: request 'chatcmpl-08caf295c351e536' prefix cache miss — 2 cut(s), the cache is empty
2026-10-06 18:49:18.097 INFO  sched: request 'chatcmpl-08caf295c351e536' admitted to slot 3 (reserve 5 blocks; pool 20/4096 blocks in use) — first token 760
2026-10-06 18:49:18.146 INFO  sched: request 'chatcmpl-08caf295c351e537' deferred (needs 5 blocks, 4076 free, 0 slot(s) open) — admits when a peer retires
2026-10-06 18:49:18.252 INFO  sched: request 'chatcmpl-08caf295c351e532' retired (steps): 256 tok in 8.1 s — prefill 31 tok (0 cached) in 219 ms; decode 255 tok / 154 passes in 7.9 s: 32.4 tok/s, 30.8 ms/tok, 51 ms/pass, 1.66 tok/pass, accept p1 66 %
2026-10-06 18:49:18.252 INFO  sched: request 'chatcmpl-08caf295c351e537' starting prefill in slot 0 (32 prompt tokens)
2026-10-06 18:49:18.349 INFO  sched: request 'chatcmpl-08caf295c351e537' prefix cache miss — 2 cut(s), the cache is empty
2026-10-06 18:49:18.349 INFO  sched: request 'chatcmpl-08caf295c351e537' admitted to slot 0 (reserve 5 blocks; pool 20/4096 blocks in use) — first token 760
2026-10-06 18:49:18.396 INFO  stats: rank 1 | 10.0 s | decode 122.7 tok/s, 7.8 ms/tok, 49.2 ms/step (194 steps / 1230 tok, 95 % of wall) | mtp 1.64 tok/step/req, accept p1 64 % | prefill 6 prompts / 188 tok, 19 tok/s, 2.19 ms/tok, 69 ms avg (4 % of wall), 0 tok cached (0/6 hits) | live 4, queued 2 | pool 20/4096 blocks (0 %) | prefix cache 0/1074 entries
2026-10-06 18:49:18.396 INFO  sched: request 'chatcmpl-08caf295c351e538' deferred (needs 5 blocks, 4076 free, 0 slot(s) open) — admits when a peer retires
2026-10-06 18:49:18.503 INFO  sched: request 'chatcmpl-08caf295c351e534' retired (steps): 256 tok in 8.3 s — prefill 32 tok (0 cached) in 219 ms; decode 255 tok / 157 passes in 8.1 s: 31.4 tok/s, 31.8 ms/tok, 52 ms/pass, 1.62 tok/pass, accept p1 62 %
2026-10-06 18:49:18.503 INFO  sched: request 'chatcmpl-08caf295c351e538' starting prefill in slot 2 (32 prompt tokens)
2026-10-06 18:49:18.602 INFO  sched: request 'chatcmpl-08caf295c351e538' prefix cache miss — 2 cut(s), the cache is empty
2026-10-06 18:49:18.602 INFO  sched: request 'chatcmpl-08caf295c351e538' admitted to slot 2 (reserve 5 blocks; pool 20/4096 blocks in use) — first token 760
2026-10-06 18:49:18.651 INFO  sched: request 'chatcmpl-08caf295c351e533' retired (steps): 256 tok in 8.5 s — prefill 31 tok (0 cached) in 219 ms; decode 255 tok / 158 passes in 8.3 s: 30.9 tok/s, 32.4 ms/tok, 52 ms/pass, 1.61 tok/pass, accept p1 61 %
2026-10-06 18:49:18.652 INFO  sched: request 'chatcmpl-08caf295c351e539' starting prefill in slot 1 (31 prompt tokens)
2026-10-06 18:49:18.749 INFO  sched: request 'chatcmpl-08caf295c351e539' prefix cache miss — 2 cut(s), the cache is empty
2026-10-06 18:49:18.749 INFO  sched: request 'chatcmpl-08caf295c351e539' admitted to slot 1 (reserve 5 blocks; pool 20/4096 blocks in use) — first token 760
2026-10-06 18:49:26.125 INFO  sched: request 'chatcmpl-08caf295c351e536' retired (steps): 256 tok in 8.1 s — prefill 31 tok (0 cached) in 96 ms; decode 255 tok / 155 passes in 8.0 s: 31.8 tok/s, 31.5 ms/tok, 52 ms/pass, 1.65 tok/pass, accept p1 65 %
2026-10-06 18:49:26.125 INFO  sched: request 'chatcmpl-08caf295c351e537' retired (steps): 256 tok in 7.9 s — prefill 32 tok (0 cached) in 96 ms; decode 255 tok / 152 passes in 7.8 s: 32.8 tok/s, 30.5 ms/tok, 51 ms/pass, 1.68 tok/pass, accept p1 68 %
2026-10-06 18:49:26.508 INFO  sched: request 'chatcmpl-08caf295c351e539' retired (steps): 256 tok in 7.9 s — prefill 31 tok (0 cached) in 97 ms; decode 255 tok / 157 passes in 7.8 s: 32.9 tok/s, 30.4 ms/tok, 49 ms/pass, 1.62 tok/pass, accept p1 63 %
2026-10-06 18:49:26.561 INFO  sched: request 'chatcmpl-08caf295c351e538' retired (steps): 256 tok in 8.1 s — prefill 32 tok (0 cached) in 98 ms; decode 255 tok / 160 passes in 8.0 s: 32.0 tok/s, 31.2 ms/tok, 50 ms/pass, 1.59 tok/pass, accept p1 59 %
2026-10-06 18:49:26.570 INFO  sched: request 'chatcmpl-08caf295c351e53a' starting prefill in slot 0 (31 prompt tokens)
2026-10-06 18:49:26.570 INFO  sched: request 'chatcmpl-08caf295c351e53b' starting prefill in slot 1 (31 prompt tokens)
2026-10-06 18:49:26.570 INFO  sched: request 'chatcmpl-08caf295c351e53c' starting prefill in slot 2 (32 prompt tokens)
2026-10-06 18:49:26.570 INFO  sched: request 'chatcmpl-08caf295c351e53d' starting prefill in slot 3 (31 prompt tokens)
2026-10-06 18:49:26.789 INFO  sched: request 'chatcmpl-08caf295c351e53a' prefix cache miss — 2 cut(s), the cache is empty
2026-10-06 18:49:26.789 INFO  sched: request 'chatcmpl-08caf295c351e53a' admitted to slot 0 (reserve 5 blocks; pool 8/4096 blocks in use) — first token 760
2026-10-06 18:49:26.789 INFO  sched: request 'chatcmpl-08caf295c351e53b' prefix cache miss — 2 cut(s), the cache is empty
2026-10-06 18:49:26.789 INFO  sched: request 'chatcmpl-08caf295c351e53b' admitted to slot 1 (reserve 5 blocks; pool 12/4096 blocks in use) — first token 760
2026-10-06 18:49:26.789 INFO  sched: request 'chatcmpl-08caf295c351e53c' prefix cache miss — 2 cut(s), the cache is empty
2026-10-06 18:49:26.789 INFO  sched: request 'chatcmpl-08caf295c351e53c' admitted to slot 2 (reserve 5 blocks; pool 16/4096 blocks in use) — first token 760
2026-10-06 18:49:26.789 INFO  sched: request 'chatcmpl-08caf295c351e53d' prefix cache miss — 2 cut(s), the cache is empty
2026-10-06 18:49:26.789 INFO  sched: request 'chatcmpl-08caf295c351e53d' admitted to slot 3 (reserve 5 blocks; pool 20/4096 blocks in use) — first token 760
2026-10-06 18:49:26.789 INFO  sched: 4 requests admitted together in one prefill (219 ms)
2026-10-06 18:49:26.831 INFO  sched: request 'chatcmpl-08caf295c351e53e' deferred (needs 5 blocks, 4076 free, 0 slot(s) open) — admits when a peer retires
2026-10-06 18:49:28.408 INFO  stats: rank 1 | 10.0 s | decode 124.3 tok/s, 7.6 ms/tok, 48.8 ms/step (195 steps / 1245 tok, 95 % of wall) | mtp 1.65 tok/step/req, accept p1 64 % | prefill 6 prompts / 188 tok, 19 tok/s, 2.21 ms/tok, 69 ms avg (4 % of wall), 0 tok cached (0/6 hits) | live 4, queued 4 | pool 20/4096 blocks (0 %) | prefix cache 0/1074 entries
2026-10-06 18:49:34.325 INFO  sched: request 'chatcmpl-08caf295c351e53b' retired (steps): 256 tok in 7.8 s — prefill 31 tok (0 cached) in 219 ms; decode 255 tok / 150 passes in 7.5 s: 33.8 tok/s, 29.6 ms/tok, 50 ms/pass, 1.70 tok/pass, accept p1 70 %
2026-10-06 18:49:34.325 INFO  sched: request 'chatcmpl-08caf295c351e53e' starting prefill in slot 1 (32 prompt tokens)
2026-10-06 18:49:34.422 INFO  sched: request 'chatcmpl-08caf295c351e53e' prefix cache miss — 2 cut(s), the cache is empty
2026-10-06 18:49:34.422 INFO  sched: request 'chatcmpl-08caf295c351e53e' admitted to slot 1 (reserve 5 blocks; pool 20/4096 blocks in use) — first token 760
2026-10-06 18:49:34.470 INFO  sched: request 'chatcmpl-08caf295c351e53f' deferred (needs 5 blocks, 4076 free, 0 slot(s) open) — admits when a peer retires
2026-10-06 18:49:34.627 INFO  sched: request 'chatcmpl-08caf295c351e53a' retired (steps): 256 tok in 8.1 s — prefill 31 tok (0 cached) in 219 ms; decode 255 tok / 154 passes in 7.8 s: 32.5 tok/s, 30.7 ms/tok, 51 ms/pass, 1.66 tok/pass, accept p1 66 %
2026-10-06 18:49:34.627 INFO  sched: request 'chatcmpl-08caf295c351e53f' starting prefill in slot 0 (31 prompt tokens)
2026-10-06 18:49:34.725 INFO  sched: request 'chatcmpl-08caf295c351e53f' prefix cache miss — 2 cut(s), the cache is empty
2026-10-06 18:49:34.726 INFO  sched: request 'chatcmpl-08caf295c351e53f' admitted to slot 0 (reserve 5 blocks; pool 20/4096 blocks in use) — first token 760
2026-10-06 18:49:34.773 INFO  sched: request 'chatcmpl-08caf295c351e540' deferred (needs 5 blocks, 4076 free, 0 slot(s) open) — admits when a peer retires
2026-10-06 18:49:34.880 INFO  sched: request 'chatcmpl-08caf295c351e53c' retired (steps): 256 tok in 8.3 s — prefill 32 tok (0 cached) in 219 ms; decode 255 tok / 157 passes in 8.1 s: 31.5 tok/s, 31.7 ms/tok, 52 ms/pass, 1.62 tok/pass, accept p1 62 %
2026-10-06 18:49:34.880 INFO  sched: request 'chatcmpl-08caf295c351e53d' retired (steps): 256 tok in 8.3 s — prefill 31 tok (0 cached) in 219 ms; decode 255 tok / 157 passes in 8.1 s: 31.5 tok/s, 31.7 ms/tok, 52 ms/pass, 1.62 tok/pass, accept p1 62 %
2026-10-06 18:49:34.881 INFO  sched: request 'chatcmpl-08caf295c351e540' starting prefill in slot 2 (32 prompt tokens)
2026-10-06 18:49:34.881 INFO  sched: request 'chatcmpl-08caf295c351e541' starting prefill in slot 3 (31 prompt tokens)
2026-10-06 18:49:35.014 INFO  sched: request 'chatcmpl-08caf295c351e540' prefix cache miss — 2 cut(s), the cache is empty
2026-10-06 18:49:35.014 INFO  sched: request 'chatcmpl-08caf295c351e540' admitted to slot 2 (reserve 5 blocks; pool 16/4096 blocks in use) — first token 760
2026-10-06 18:49:35.014 INFO  sched: request 'chatcmpl-08caf295c351e541' prefix cache miss — 2 cut(s), the cache is empty
2026-10-06 18:49:35.014 INFO  sched: request 'chatcmpl-08caf295c351e541' admitted to slot 3 (reserve 5 blocks; pool 20/4096 blocks in use) — first token 760
2026-10-06 18:49:35.014 INFO  sched: 2 requests admitted together in one prefill (133 ms)
2026-10-06 18:49:38.428 INFO  stats: rank 1 | 10.0 s | decode 126.3 tok/s, 7.6 ms/tok, 50.0 ms/step (192 steps / 1266 tok, 96 % of wall) | mtp 1.65 tok/step/req, accept p1 64 % | prefill 4 prompts / 126 tok, 13 tok/s, 2.60 ms/tok, 82 ms avg (3 % of wall), 0 tok cached (0/4 hits) | live 4, queued 0 | pool 20/4096 blocks (0 %) | prefix cache 0/1074 entries
2026-10-06 18:49:42.301 INFO  sched: request 'chatcmpl-08caf295c351e53e' retired (steps): 256 tok in 8.0 s — prefill 32 tok (0 cached) in 96 ms; decode 255 tok / 152 passes in 7.9 s: 32.4 tok/s, 30.9 ms/tok, 52 ms/pass, 1.68 tok/pass, accept p1 68 %
2026-10-06 18:49:42.746 INFO  sched: request 'chatcmpl-08caf295c351e53f' retired (steps): 256 tok in 8.1 s — prefill 31 tok (0 cached) in 98 ms; decode 255 tok / 157 passes in 8.0 s: 31.8 tok/s, 31.5 ms/tok, 51 ms/pass, 1.62 tok/pass, accept p1 63 %
2026-10-06 18:49:42.807 INFO  sched: request 'chatcmpl-08caf295c351e541' retired (steps): 256 tok in 7.9 s — prefill 31 tok (0 cached) in 133 ms; decode 255 tok / 155 passes in 7.8 s: 32.7 tok/s, 30.6 ms/tok, 50 ms/pass, 1.65 tok/pass, accept p1 65 %
2026-10-06 18:49:42.967 INFO  sched: request 'chatcmpl-08caf295c351e540' retired (steps): 256 tok in 8.1 s — prefill 32 tok (0 cached) in 133 ms; decode 255 tok / 161 passes in 8.0 s: 32.1 tok/s, 31.2 ms/tok, 49 ms/pass, 1.58 tok/pass, accept p1 58 %
2026-10-06 18:49:42.991 INFO  sched: request 'chatcmpl-08caf295c351e542' starting prefill in slot 0 (51 prompt tokens)
2026-10-06 18:49:43.108 INFO  sched: request 'chatcmpl-08caf295c351e542' prefix cache miss — 2 cut(s), the cache is empty
2026-10-06 18:49:43.108 INFO  sched: request 'chatcmpl-08caf295c351e542' admitted to slot 0 (reserve 5 blocks; pool 5/4096 blocks in use) — first token 71093
2026-10-06 18:49:46.620 INFO  sched: request 'chatcmpl-08caf295c351e542' retired (steps): 256 tok in 3.6 s — prefill 51 tok (0 cached) in 117 ms; decode 255 tok / 132 passes in 3.5 s: 72.6 tok/s, 13.8 ms/tok, 27 ms/pass, 1.93 tok/pass, accept p1 93 %
2026-10-06 18:49:46.650 INFO  sched: request 'chatcmpl-08caf295c351e543' starting prefill in slot 0 (51 prompt tokens)
2026-10-06 18:49:46.760 INFO  sched: request 'chatcmpl-08caf295c351e543' prefix cache miss — 2 cut(s), the cache is empty
2026-10-06 18:49:46.760 INFO  sched: request 'chatcmpl-08caf295c351e543' admitted to slot 0 (reserve 5 blocks; pool 5/4096 blocks in use) — first token 71093
2026-10-06 18:49:48.454 INFO  stats: rank 1 | 10.0 s | decode 94.0 tok/s, 10.1 ms/tok, 32.9 ms/step (290 steps / 942 tok, 95 % of wall) | mtp 1.74 tok/step/req, accept p1 74 % | prefill 2 prompts / 102 tok, 10 tok/s, 2.23 ms/tok, 114 ms avg (2 % of wall), 0 tok cached (0/2 hits) | live 1, queued 0 | pool 5/4096 blocks (0 %) | prefix cache 0/1074 entries
2026-10-06 18:49:50.222 INFO  sched: request 'chatcmpl-08caf295c351e543' retired (steps): 256 tok in 3.6 s — prefill 51 tok (0 cached) in 111 ms; decode 255 tok / 132 passes in 3.5 s: 73.7 tok/s, 13.6 ms/tok, 26 ms/pass, 1.93 tok/pass, accept p1 93 %
2026-10-06 18:49:50.236 INFO  sched: request 'chatcmpl-08caf295c351e544' starting prefill in slot 0 (51 prompt tokens)
2026-10-06 18:49:50.345 INFO  sched: request 'chatcmpl-08caf295c351e544' prefix cache miss — 2 cut(s), the cache is empty
2026-10-06 18:49:50.345 INFO  sched: request 'chatcmpl-08caf295c351e544' admitted to slot 0 (reserve 5 blocks; pool 5/4096 blocks in use) — first token 71093
2026-10-06 18:49:53.814 INFO  sched: request 'chatcmpl-08caf295c351e544' retired (steps): 256 tok in 3.6 s — prefill 51 tok (0 cached) in 109 ms; decode 255 tok / 132 passes in 3.5 s: 73.5 tok/s, 13.6 ms/tok, 26 ms/pass, 1.93 tok/pass, accept p1 93 %
2026-10-06 18:49:53.854 INFO  sched: request 'chatcmpl-08caf295c351e545' starting prefill in slot 0 (47 prompt tokens)
2026-10-06 18:49:53.854 INFO  sched: request 'chatcmpl-08caf295c351e546' starting prefill in slot 1 (51 prompt tokens)
2026-10-06 18:49:54.029 INFO  sched: request 'chatcmpl-08caf295c351e545' prefix cache miss — 2 cut(s), the cache is empty
2026-10-06 18:49:54.029 INFO  sched: request 'chatcmpl-08caf295c351e545' admitted to slot 0 (reserve 5 blocks; pool 6/4096 blocks in use) — first token 71093
2026-10-06 18:49:54.029 INFO  sched: request 'chatcmpl-08caf295c351e546' prefix cache miss — 2 cut(s), the cache is empty
2026-10-06 18:49:54.029 INFO  sched: request 'chatcmpl-08caf295c351e546' admitted to slot 1 (reserve 5 blocks; pool 10/4096 blocks in use) — first token 71093
2026-10-06 18:49:54.029 INFO  sched: 2 requests admitted together in one prefill (175 ms)
2026-10-06 18:49:58.475 INFO  stats: rank 1 | 10.0 s | decode 87.4 tok/s, 10.9 ms/tok, 29.1 ms/step (328 steps / 876 tok, 95 % of wall) | mtp 1.92 tok/step/req, accept p1 91 % | prefill 3 prompts / 149 tok, 15 tok/s, 1.91 ms/tok, 95 ms avg (3 % of wall), 0 tok cached (0/3 hits) | live 2, queued 0 | pool 10/4096 blocks (0 %) | prefix cache 0/1074 entries
2026-10-06 18:49:58.686 INFO  sched: request 'chatcmpl-08caf295c351e545' retired (steps): 256 tok in 4.8 s — prefill 47 tok (0 cached) in 175 ms; decode 255 tok / 135 passes in 4.7 s: 54.8 tok/s, 18.3 ms/tok, 34 ms/pass, 1.89 tok/pass, accept p1 90 %
2026-10-06 18:49:58.687 INFO  sched: request 'chatcmpl-08caf295c351e546' retired (steps): 256 tok in 4.8 s — prefill 51 tok (0 cached) in 175 ms; decode 255 tok / 135 passes in 4.7 s: 54.8 tok/s, 18.3 ms/tok, 34 ms/pass, 1.89 tok/pass, accept p1 90 %
2026-10-06 18:49:58.711 INFO  sched: request 'chatcmpl-08caf295c351e547' starting prefill in slot 0 (47 prompt tokens)
2026-10-06 18:49:58.711 INFO  sched: request 'chatcmpl-08caf295c351e548' starting prefill in slot 1 (51 prompt tokens)
2026-10-06 18:49:58.891 INFO  sched: request 'chatcmpl-08caf295c351e547' prefix cache miss — 2 cut(s), the cache is empty
2026-10-06 18:49:58.891 INFO  sched: request 'chatcmpl-08caf295c351e547' admitted to slot 0 (reserve 5 blocks; pool 6/4096 blocks in use) — first token 71093
2026-10-06 18:49:58.891 INFO  sched: request 'chatcmpl-08caf295c351e548' prefix cache miss — 2 cut(s), the cache is empty
2026-10-06 18:49:58.891 INFO  sched: request 'chatcmpl-08caf295c351e548' admitted to slot 1 (reserve 5 blocks; pool 10/4096 blocks in use) — first token 71093
2026-10-06 18:49:58.891 INFO  sched: 2 requests admitted together in one prefill (180 ms)
2026-10-06 18:50:03.536 INFO  sched: request 'chatcmpl-08caf295c351e547' retired (steps): 256 tok in 4.8 s — prefill 47 tok (0 cached) in 180 ms; decode 255 tok / 135 passes in 4.6 s: 54.9 tok/s, 18.2 ms/tok, 34 ms/pass, 1.89 tok/pass, accept p1 90 %
2026-10-06 18:50:03.536 INFO  sched: request 'chatcmpl-08caf295c351e548' retired (steps): 256 tok in 4.8 s — prefill 51 tok (0 cached) in 180 ms; decode 255 tok / 135 passes in 4.6 s: 54.9 tok/s, 18.2 ms/tok, 34 ms/pass, 1.89 tok/pass, accept p1 90 %
2026-10-06 18:50:03.566 INFO  sched: request 'chatcmpl-08caf295c351e549' starting prefill in slot 0 (47 prompt tokens)
2026-10-06 18:50:03.566 INFO  sched: request 'chatcmpl-08caf295c351e54a' starting prefill in slot 1 (51 prompt tokens)
2026-10-06 18:50:03.741 INFO  sched: request 'chatcmpl-08caf295c351e549' prefix cache miss — 2 cut(s), the cache is empty
2026-10-06 18:50:03.741 INFO  sched: request 'chatcmpl-08caf295c351e549' admitted to slot 0 (reserve 5 blocks; pool 6/4096 blocks in use) — first token 71093
2026-10-06 18:50:03.741 INFO  sched: request 'chatcmpl-08caf295c351e54a' prefix cache miss — 2 cut(s), the cache is empty
2026-10-06 18:50:03.741 INFO  sched: request 'chatcmpl-08caf295c351e54a' admitted to slot 1 (reserve 5 blocks; pool 10/4096 blocks in use) — first token 71093
2026-10-06 18:50:03.741 INFO  sched: 2 requests admitted together in one prefill (175 ms)
2026-10-06 18:50:08.391 INFO  sched: request 'chatcmpl-08caf295c351e549' retired (steps): 256 tok in 4.8 s — prefill 47 tok (0 cached) in 175 ms; decode 255 tok / 135 passes in 4.7 s: 54.8 tok/s, 18.2 ms/tok, 34 ms/pass, 1.89 tok/pass, accept p1 90 %
2026-10-06 18:50:08.391 INFO  sched: request 'chatcmpl-08caf295c351e54a' retired (steps): 256 tok in 4.8 s — prefill 51 tok (0 cached) in 175 ms; decode 255 tok / 135 passes in 4.7 s: 54.8 tok/s, 18.2 ms/tok, 34 ms/pass, 1.89 tok/pass, accept p1 90 %
2026-10-06 18:50:08.422 INFO  sched: request 'chatcmpl-08caf295c351e54b' starting prefill in slot 0 (44 prompt tokens)
2026-10-06 18:50:08.422 INFO  sched: request 'chatcmpl-08caf295c351e54c' starting prefill in slot 1 (33 prompt tokens)
2026-10-06 18:50:08.422 INFO  sched: request 'chatcmpl-08caf295c351e54d' starting prefill in slot 2 (33 prompt tokens)
2026-10-06 18:50:08.422 INFO  sched: request 'chatcmpl-08caf295c351e54e' starting prefill in slot 3 (34 prompt tokens)
2026-10-06 18:50:08.636 INFO  sched: request 'chatcmpl-08caf295c351e54b' prefix cache miss — 2 cut(s), the cache is empty
2026-10-06 18:50:08.636 INFO  sched: request 'chatcmpl-08caf295c351e54b' admitted to slot 0 (reserve 5 blocks; pool 8/4096 blocks in use) — first token 71093
2026-10-06 18:50:08.636 INFO  sched: request 'chatcmpl-08caf295c351e54c' prefix cache miss — 1 cut(s), the cache is empty
2026-10-06 18:50:08.636 INFO  sched: request 'chatcmpl-08caf295c351e54c' admitted to slot 1 (reserve 5 blocks; pool 12/4096 blocks in use) — first token 71093
2026-10-06 18:50:08.636 INFO  sched: request 'chatcmpl-08caf295c351e54d' prefix cache miss — 1 cut(s), the cache is empty
2026-10-06 18:50:08.636 INFO  sched: request 'chatcmpl-08caf295c351e54d' admitted to slot 2 (reserve 5 blocks; pool 16/4096 blocks in use) — first token 71093
2026-10-06 18:50:08.636 INFO  sched: request 'chatcmpl-08caf295c351e54e' prefix cache miss — 1 cut(s), the cache is empty
2026-10-06 18:50:08.636 INFO  sched: request 'chatcmpl-08caf295c351e54e' admitted to slot 3 (reserve 5 blocks; pool 20/4096 blocks in use) — first token 71093
2026-10-06 18:50:08.636 INFO  sched: 4 requests admitted together in one prefill (214 ms)
2026-10-06 18:50:08.684 INFO  stats: rank 1 | 10.2 s | decode 103.3 tok/s, 9.0 ms/tok, 34.2 ms/step (277 steps / 1055 tok, 93 % of wall) | mtp 1.90 tok/step/req, accept p1 89 % | prefill 8 prompts / 340 tok, 33 tok/s, 1.67 ms/tok, 71 ms avg (6 % of wall), 0 tok cached (0/8 hits) | live 4, queued 0 | pool 20/4096 blocks (0 %) | prefix cache 0/1074 entries
2026-10-06 18:50:15.266 INFO  sched: request 'chatcmpl-08caf295c351e54d' retired (steps): 256 tok in 6.8 s — prefill 33 tok (0 cached) in 214 ms; decode 255 tok / 132 passes in 6.6 s: 38.5 tok/s, 26.0 ms/tok, 50 ms/pass, 1.93 tok/pass, accept p1 93 %
2026-10-06 18:50:15.415 INFO  sched: request 'chatcmpl-08caf295c351e54b' retired (steps): 256 tok in 7.0 s — prefill 44 tok (0 cached) in 214 ms; decode 255 tok / 135 passes in 6.8 s: 37.6 tok/s, 26.6 ms/tok, 50 ms/pass, 1.89 tok/pass, accept p1 90 %
2026-10-06 18:50:15.415 INFO  sched: request 'chatcmpl-08caf295c351e54c' retired (steps): 256 tok in 7.0 s — prefill 33 tok (0 cached) in 214 ms; decode 255 tok / 135 passes in 6.8 s: 37.6 tok/s, 26.6 ms/tok, 50 ms/pass, 1.89 tok/pass, accept p1 89 %
2026-10-06 18:50:15.469 INFO  sched: request 'chatcmpl-08caf295c351e54e' retired (steps): 256 tok in 7.0 s — prefill 34 tok (0 cached) in 214 ms; decode 255 tok / 137 passes in 6.8 s: 37.3 tok/s, 26.8 ms/tok, 50 ms/pass, 1.86 tok/pass, accept p1 86 %
2026-10-06 18:50:15.499 INFO  sched: request 'chatcmpl-08caf295c351e54f' starting prefill in slot 0 (34 prompt tokens)
2026-10-06 18:50:15.499 INFO  sched: request 'chatcmpl-08caf295c351e550' starting prefill in slot 1 (44 prompt tokens)
2026-10-06 18:50:15.499 INFO  sched: request 'chatcmpl-08caf295c351e551' starting prefill in slot 2 (33 prompt tokens)
2026-10-06 18:50:15.499 INFO  sched: request 'chatcmpl-08caf295c351e552' starting prefill in slot 3 (33 prompt tokens)
2026-10-06 18:50:15.709 INFO  sched: request 'chatcmpl-08caf295c351e54f' prefix cache miss — 1 cut(s), the cache is empty
2026-10-06 18:50:15.709 INFO  sched: request 'chatcmpl-08caf295c351e54f' admitted to slot 0 (reserve 5 blocks; pool 8/4096 blocks in use) — first token 71093
2026-10-06 18:50:15.709 INFO  sched: request 'chatcmpl-08caf295c351e550' prefix cache miss — 2 cut(s), the cache is empty
2026-10-06 18:50:15.709 INFO  sched: request 'chatcmpl-08caf295c351e550' admitted to slot 1 (reserve 5 blocks; pool 12/4096 blocks in use) — first token 71093
2026-10-06 18:50:15.709 INFO  sched: request 'chatcmpl-08caf295c351e551' prefix cache miss — 1 cut(s), the cache is empty
2026-10-06 18:50:15.709 INFO  sched: request 'chatcmpl-08caf295c351e551' admitted to slot 2 (reserve 5 blocks; pool 16/4096 blocks in use) — first token 71093
2026-10-06 18:50:15.709 INFO  sched: request 'chatcmpl-08caf295c351e552' prefix cache miss — 1 cut(s), the cache is empty
2026-10-06 18:50:15.709 INFO  sched: request 'chatcmpl-08caf295c351e552' admitted to slot 3 (reserve 5 blocks; pool 20/4096 blocks in use) — first token 71093
2026-10-06 18:50:15.709 INFO  sched: 4 requests admitted together in one prefill (210 ms)
2026-10-06 18:50:18.712 INFO  stats: rank 1 | 10.0 s | decode 145.3 tok/s, 6.6 ms/tok, 49.2 ms/step (196 steps / 1457 tok, 96 % of wall) | mtp 1.88 tok/step/req, accept p1 88 % | prefill 4 prompts / 144 tok, 14 tok/s, 1.46 ms/tok, 53 ms avg (2 % of wall), 0 tok cached (0/4 hits) | live 4, queued 0 | pool 20/4096 blocks (0 %) | prefix cache 0/1074 entries
2026-10-06 18:50:22.416 INFO  sched: request 'chatcmpl-08caf295c351e552' retired (steps): 256 tok in 6.9 s — prefill 33 tok (0 cached) in 210 ms; decode 255 tok / 131 passes in 6.7 s: 38.0 tok/s, 26.3 ms/tok, 51 ms/pass, 1.95 tok/pass, accept p1 95 %
2026-10-06 18:50:22.549 INFO  sched: request 'chatcmpl-08caf295c351e550' retired (steps): 256 tok in 7.0 s — prefill 44 tok (0 cached) in 210 ms; decode 255 tok / 134 passes in 6.8 s: 37.3 tok/s, 26.8 ms/tok, 51 ms/pass, 1.90 tok/pass, accept p1 91 %
2026-10-06 18:50:22.728 INFO  sched: request 'chatcmpl-08caf295c351e551' retired (steps): 256 tok in 7.2 s — prefill 33 tok (0 cached) in 210 ms; decode 255 tok / 138 passes in 7.0 s: 36.3 tok/s, 27.5 ms/tok, 51 ms/pass, 1.85 tok/pass, accept p1 85 %
2026-10-06 18:50:22.756 INFO  sched: request 'chatcmpl-08caf295c351e54f' retired (steps): 256 tok in 7.3 s — prefill 34 tok (0 cached) in 210 ms; decode 255 tok / 139 passes in 7.0 s: 36.2 tok/s, 27.6 ms/tok, 51 ms/pass, 1.83 tok/pass, accept p1 83 %
2026-10-06 18:50:22.776 INFO  sched: request 'chatcmpl-08caf295c351e553' starting prefill in slot 0 (44 prompt tokens)
2026-10-06 18:50:22.776 INFO  sched: request 'chatcmpl-08caf295c351e554' starting prefill in slot 1 (33 prompt tokens)
2026-10-06 18:50:22.776 INFO  sched: request 'chatcmpl-08caf295c351e555' starting prefill in slot 2 (34 prompt tokens)
2026-10-06 18:50:22.776 INFO  sched: request 'chatcmpl-08caf295c351e556' starting prefill in slot 3 (33 prompt tokens)
2026-10-06 18:50:22.982 INFO  sched: request 'chatcmpl-08caf295c351e553' prefix cache miss — 2 cut(s), the cache is empty
2026-10-06 18:50:22.982 INFO  sched: request 'chatcmpl-08caf295c351e553' admitted to slot 0 (reserve 5 blocks; pool 8/4096 blocks in use) — first token 71093
2026-10-06 18:50:22.982 INFO  sched: request 'chatcmpl-08caf295c351e554' prefix cache miss — 1 cut(s), the cache is empty
2026-10-06 18:50:22.982 INFO  sched: request 'chatcmpl-08caf295c351e554' admitted to slot 1 (reserve 5 blocks; pool 12/4096 blocks in use) — first token 71093
2026-10-06 18:50:22.982 INFO  sched: request 'chatcmpl-08caf295c351e555' prefix cache miss — 1 cut(s), the cache is empty
2026-10-06 18:50:22.982 INFO  sched: request 'chatcmpl-08caf295c351e555' admitted to slot 2 (reserve 5 blocks; pool 16/4096 blocks in use) — first token 71093
2026-10-06 18:50:22.982 INFO  sched: request 'chatcmpl-08caf295c351e556' prefix cache miss — 1 cut(s), the cache is empty
2026-10-06 18:50:22.982 INFO  sched: request 'chatcmpl-08caf295c351e556' admitted to slot 3 (reserve 5 blocks; pool 20/4096 blocks in use) — first token 71093
2026-10-06 18:50:22.982 INFO  sched: 4 requests admitted together in one prefill (206 ms)
2026-10-06 18:50:28.736 INFO  stats: rank 1 | 10.0 s | decode 144.1 tok/s, 6.7 ms/tok, 50.0 ms/step (193 steps / 1444 tok, 96 % of wall) | mtp 1.91 tok/step/req, accept p1 90 % | prefill 4 prompts / 144 tok, 14 tok/s, 1.43 ms/tok, 52 ms avg (2 % of wall), 0 tok cached (0/4 hits) | live 4, queued 0 | pool 20/4096 blocks (0 %) | prefix cache 0/1074 entries
2026-10-06 18:50:29.666 INFO  sched: request 'chatcmpl-08caf295c351e556' retired (steps): 256 tok in 6.9 s — prefill 33 tok (0 cached) in 206 ms; decode 255 tok / 132 passes in 6.7 s: 38.2 tok/s, 26.2 ms/tok, 51 ms/pass, 1.93 tok/pass, accept p1 93 %
2026-10-06 18:50:29.796 INFO  sched: request 'chatcmpl-08caf295c351e553' retired (steps): 256 tok in 7.0 s — prefill 44 tok (0 cached) in 206 ms; decode 255 tok / 135 passes in 6.8 s: 37.4 tok/s, 26.7 ms/tok, 50 ms/pass, 1.89 tok/pass, accept p1 90 %
2026-10-06 18:50:29.797 INFO  sched: request 'chatcmpl-08caf295c351e554' retired (steps): 256 tok in 7.0 s — prefill 33 tok (0 cached) in 206 ms; decode 255 tok / 135 passes in 6.8 s: 37.4 tok/s, 26.7 ms/tok, 50 ms/pass, 1.89 tok/pass, accept p1 89 %
2026-10-06 18:50:29.852 INFO  sched: request 'chatcmpl-08caf295c351e555' retired (steps): 256 tok in 7.1 s — prefill 34 tok (0 cached) in 206 ms; decode 255 tok / 137 passes in 6.9 s: 37.1 tok/s, 26.9 ms/tok, 50 ms/pass, 1.86 tok/pass, accept p1 86 %
2026-10-06 18:50:29.919 INFO  sched: request 'chatcmpl-08caf295c351e557' starting prefill in slot 0 (37 prompt tokens)
2026-10-06 18:50:29.919 INFO  sched: request 'chatcmpl-08caf295c351e558' starting prefill in slot 1 (35 prompt tokens)
2026-10-06 18:50:29.919 INFO  sched: request 'chatcmpl-08caf295c351e559' starting prefill in slot 2 (33 prompt tokens)
2026-10-06 18:50:29.919 INFO  sched: request 'chatcmpl-08caf295c351e55a' starting prefill in slot 3 (33 prompt tokens)
2026-10-06 18:50:30.127 INFO  sched: request 'chatcmpl-08caf295c351e557' prefix cache miss — 1 cut(s), the cache is empty
2026-10-06 18:50:30.127 INFO  sched: request 'chatcmpl-08caf295c351e557' admitted to slot 0 (reserve 5 blocks; pool 8/4096 blocks in use) — first token 71093
2026-10-06 18:50:30.127 INFO  sched: request 'chatcmpl-08caf295c351e558' prefix cache miss — 2 cut(s), the cache is empty
2026-10-06 18:50:30.127 INFO  sched: request 'chatcmpl-08caf295c351e558' admitted to slot 1 (reserve 5 blocks; pool 12/4096 blocks in use) — first token 71093
2026-10-06 18:50:30.127 INFO  sched: request 'chatcmpl-08caf295c351e559' prefix cache miss — 1 cut(s), the cache is empty
2026-10-06 18:50:30.127 INFO  sched: request 'chatcmpl-08caf295c351e559' admitted to slot 2 (reserve 5 blocks; pool 16/4096 blocks in use) — first token 71093
2026-10-06 18:50:30.127 INFO  sched: request 'chatcmpl-08caf295c351e55a' prefix cache miss — 1 cut(s), the cache is empty
2026-10-06 18:50:30.127 INFO  sched: request 'chatcmpl-08caf295c351e55a' admitted to slot 3 (reserve 5 blocks; pool 20/4096 blocks in use) — first token 71093
2026-10-06 18:50:30.127 INFO  sched: 4 requests admitted together in one prefill (208 ms)
2026-10-06 18:50:30.177 INFO  sched: request 'chatcmpl-08caf295c351e55b' deferred (needs 5 blocks, 4076 free, 0 slot(s) open) — admits when a peer retires
2026-10-06 18:50:36.773 INFO  sched: request 'chatcmpl-08caf295c351e55a' retired (steps): 256 tok in 6.9 s — prefill 33 tok (0 cached) in 208 ms; decode 255 tok / 132 passes in 6.6 s: 38.4 tok/s, 26.1 ms/tok, 50 ms/pass, 1.93 tok/pass, accept p1 93 %
2026-10-06 18:50:36.773 INFO  sched: request 'chatcmpl-08caf295c351e55b' starting prefill in slot 3 (32 prompt tokens)
2026-10-06 18:50:36.866 INFO  sched: request 'chatcmpl-08caf295c351e55b' prefix cache miss — 2 cut(s), the cache is empty
2026-10-06 18:50:36.866 INFO  sched: request 'chatcmpl-08caf295c351e55b' admitted to slot 3 (reserve 5 blocks; pool 20/4096 blocks in use) — first token 71093
2026-10-06 18:50:36.915 INFO  sched: request 'chatcmpl-08caf295c351e55c' deferred (needs 5 blocks, 4076 free, 0 slot(s) open) — admits when a peer retires
2026-10-06 18:50:37.021 INFO  sched: request 'chatcmpl-08caf295c351e557' retired (steps): 256 tok in 7.1 s — prefill 37 tok (0 cached) in 208 ms; decode 255 tok / 135 passes in 6.9 s: 37.0 tok/s, 27.0 ms/tok, 51 ms/pass, 1.89 tok/pass, accept p1 90 %
2026-10-06 18:50:37.021 INFO  sched: request 'chatcmpl-08caf295c351e559' retired (steps): 256 tok in 7.1 s — prefill 33 tok (0 cached) in 208 ms; decode 255 tok / 135 passes in 6.9 s: 37.0 tok/s, 27.0 ms/tok, 51 ms/pass, 1.89 tok/pass, accept p1 90 %
2026-10-06 18:50:37.022 INFO  sched: request 'chatcmpl-08caf295c351e55c' starting prefill in slot 0 (33 prompt tokens)
2026-10-06 18:50:37.022 INFO  sched: request 'chatcmpl-08caf295c351e55d' starting prefill in slot 2 (33 prompt tokens)
2026-10-06 18:50:37.169 INFO  sched: request 'chatcmpl-08caf295c351e55c' prefix cache miss — 1 cut(s), the cache is empty
2026-10-06 18:50:37.169 INFO  sched: request 'chatcmpl-08caf295c351e55c' admitted to slot 0 (reserve 5 blocks; pool 16/4096 blocks in use) — first token 71093
2026-10-06 18:50:37.169 INFO  sched: request 'chatcmpl-08caf295c351e55d' prefix cache miss — 1 cut(s), the cache is empty
2026-10-06 18:50:37.169 INFO  sched: request 'chatcmpl-08caf295c351e55d' admitted to slot 2 (reserve 5 blocks; pool 20/4096 blocks in use) — first token 71093
2026-10-06 18:50:37.169 INFO  sched: 2 requests admitted together in one prefill (147 ms)
2026-10-06 18:50:37.225 INFO  sched: request 'chatcmpl-08caf295c351e55e' deferred (needs 5 blocks, 4076 free, 0 slot(s) open) — admits when a peer retires
2026-10-06 18:50:37.371 INFO  sched: request 'chatcmpl-08caf295c351e558' retired (steps): 256 tok in 7.5 s — prefill 35 tok (0 cached) in 208 ms; decode 255 tok / 139 passes in 7.2 s: 35.2 tok/s, 28.4 ms/tok, 52 ms/pass, 1.83 tok/pass, accept p1 83 %
2026-10-06 18:50:37.371 INFO  sched: request 'chatcmpl-08caf295c351e55e' starting prefill in slot 1 (35 prompt tokens)
2026-10-06 18:50:37.463 INFO  sched: request 'chatcmpl-08caf295c351e55e' prefix cache miss — 2 cut(s), the cache is empty
2026-10-06 18:50:37.463 INFO  sched: request 'chatcmpl-08caf295c351e55e' admitted to slot 1 (reserve 5 blocks; pool 20/4096 blocks in use) — first token 71093
2026-10-06 18:50:38.757 INFO  stats: rank 1 | 10.0 s | decode 141.8 tok/s, 6.5 ms/tok, 49.2 ms/step (189 steps / 1421 tok, 93 % of wall) | mtp 1.90 tok/step/req, accept p1 90 % | prefill 8 prompts / 271 tok, 27 tok/s, 1.99 ms/tok, 67 ms avg (5 % of wall), 0 tok cached (0/8 hits) | live 4, queued 0 | pool 20/4096 blocks (0 %) | prefix cache 0/1074 entries
2026-10-06 18:50:43.720 INFO  sched: request 'chatcmpl-08caf295c351e55b' retired (steps): 256 tok in 6.9 s — prefill 32 tok (0 cached) in 93 ms; decode 255 tok / 131 passes in 6.9 s: 37.2 tok/s, 26.9 ms/tok, 52 ms/pass, 1.95 tok/pass, accept p1 95 %
2026-10-06 18:50:44.037 INFO  sched: request 'chatcmpl-08caf295c351e55d' retired (steps): 256 tok in 7.0 s — prefill 33 tok (0 cached) in 147 ms; decode 255 tok / 135 passes in 6.9 s: 37.1 tok/s, 26.9 ms/tok, 51 ms/pass, 1.89 tok/pass, accept p1 89 %
2026-10-06 18:50:44.175 INFO  sched: request 'chatcmpl-08caf295c351e55e' retired (steps): 256 tok in 6.8 s — prefill 35 tok (0 cached) in 92 ms; decode 255 tok / 135 passes in 6.7 s: 38.0 tok/s, 26.3 ms/tok, 50 ms/pass, 1.89 tok/pass, accept p1 89 %
2026-10-06 18:50:44.206 INFO  sched: request 'chatcmpl-08caf295c351e55c' retired (steps): 256 tok in 7.2 s — prefill 33 tok (0 cached) in 147 ms; decode 255 tok / 140 passes in 7.0 s: 36.2 tok/s, 27.6 ms/tok, 50 ms/pass, 1.82 tok/pass, accept p1 83 %
2026-10-06 18:50:44.236 INFO  sched: request 'chatcmpl-08caf295c351e55f' starting prefill in slot 0 (37 prompt tokens)
2026-10-06 18:50:44.236 INFO  sched: request 'chatcmpl-08caf295c351e560' starting prefill in slot 1 (33 prompt tokens)
2026-10-06 18:50:44.236 INFO  sched: request 'chatcmpl-08caf295c351e561' starting prefill in slot 2 (33 prompt tokens)
2026-10-06 18:50:44.236 INFO  sched: request 'chatcmpl-08caf295c351e562' starting prefill in slot 3 (35 prompt tokens)
2026-10-06 18:50:44.437 INFO  sched: request 'chatcmpl-08caf295c351e55f' prefix cache miss — 1 cut(s), the cache is empty
2026-10-06 18:50:44.437 INFO  sched: request 'chatcmpl-08caf295c351e55f' admitted to slot 0 (reserve 5 blocks; pool 8/4096 blocks in use) — first token 71093
2026-10-06 18:50:44.437 INFO  sched: request 'chatcmpl-08caf295c351e560' prefix cache miss — 1 cut(s), the cache is empty
2026-10-06 18:50:44.437 INFO  sched: request 'chatcmpl-08caf295c351e560' admitted to slot 1 (reserve 5 blocks; pool 12/4096 blocks in use) — first token 71093
2026-10-06 18:50:44.437 INFO  sched: request 'chatcmpl-08caf295c351e561' prefix cache miss — 1 cut(s), the cache is empty
2026-10-06 18:50:44.437 INFO  sched: request 'chatcmpl-08caf295c351e561' admitted to slot 2 (reserve 5 blocks; pool 16/4096 blocks in use) — first token 71093
2026-10-06 18:50:44.437 INFO  sched: request 'chatcmpl-08caf295c351e562' prefix cache miss — 2 cut(s), the cache is empty
2026-10-06 18:50:44.437 INFO  sched: request 'chatcmpl-08caf295c351e562' admitted to slot 3 (reserve 5 blocks; pool 20/4096 blocks in use) — first token 71093
2026-10-06 18:50:44.437 INFO  sched: 4 requests admitted together in one prefill (201 ms)
2026-10-06 18:50:44.478 INFO  sched: request 'chatcmpl-08caf295c351e563' deferred (needs 5 blocks, 4076 free, 0 slot(s) open) — admits when a peer retires
2026-10-06 18:50:48.758 INFO  stats: rank 1 | 10.0 s | decode 143.7 tok/s, 6.8 ms/tok, 49.6 ms/step (196 steps / 1437 tok, 97 % of wall) | mtp 1.88 tok/step/req, accept p1 87 % | prefill 4 prompts / 138 tok, 14 tok/s, 1.45 ms/tok, 50 ms avg (2 % of wall), 0 tok cached (0/4 hits) | live 4, queued 4 | pool 20/4096 blocks (0 %) | prefix cache 0/1074 entries
2026-10-06 18:50:51.271 INFO  sched: request 'chatcmpl-08caf295c351e55f' retired (steps): 256 tok in 7.0 s — prefill 37 tok (0 cached) in 201 ms; decode 255 tok / 135 passes in 6.8 s: 37.3 tok/s, 26.8 ms/tok, 51 ms/pass, 1.89 tok/pass, accept p1 90 %
2026-10-06 18:50:51.271 INFO  sched: request 'chatcmpl-08caf295c351e560' retired (steps): 256 tok in 7.0 s — prefill 33 tok (0 cached) in 201 ms; decode 255 tok / 135 passes in 6.8 s: 37.3 tok/s, 26.8 ms/tok, 51 ms/pass, 1.89 tok/pass, accept p1 89 %
2026-10-06 18:50:51.272 INFO  sched: request 'chatcmpl-08caf295c351e561' retired (steps): 256 tok in 7.0 s — prefill 33 tok (0 cached) in 201 ms; decode 255 tok / 135 passes in 6.8 s: 37.3 tok/s, 26.8 ms/tok, 51 ms/pass, 1.89 tok/pass, accept p1 90 %
2026-10-06 18:50:51.272 INFO  sched: request 'chatcmpl-08caf295c351e563' starting prefill in slot 0 (35 prompt tokens)
2026-10-06 18:50:51.272 INFO  sched: request 'chatcmpl-08caf295c351e564' starting prefill in slot 1 (33 prompt tokens)
2026-10-06 18:50:51.272 INFO  sched: request 'chatcmpl-08caf295c351e565' starting prefill in slot 2 (32 prompt tokens)
2026-10-06 18:50:51.455 INFO  sched: request 'chatcmpl-08caf295c351e563' prefix cache miss — 2 cut(s), the cache is empty
2026-10-06 18:50:51.455 INFO  sched: request 'chatcmpl-08caf295c351e563' admitted to slot 0 (reserve 5 blocks; pool 12/4096 blocks in use) — first token 71093
2026-10-06 18:50:51.455 INFO  sched: request 'chatcmpl-08caf295c351e564' prefix cache miss — 1 cut(s), the cache is empty
2026-10-06 18:50:51.455 INFO  sched: request 'chatcmpl-08caf295c351e564' admitted to slot 1 (reserve 5 blocks; pool 16/4096 blocks in use) — first token 71093
2026-10-06 18:50:51.455 INFO  sched: request 'chatcmpl-08caf295c351e565' prefix cache miss — 2 cut(s), the cache is empty
2026-10-06 18:50:51.455 INFO  sched: request 'chatcmpl-08caf295c351e565' admitted to slot 2 (reserve 5 blocks; pool 20/4096 blocks in use) — first token 71093
2026-10-06 18:50:51.455 INFO  sched: 3 requests admitted together in one prefill (183 ms)
2026-10-06 18:50:51.497 INFO  sched: request 'chatcmpl-08caf295c351e566' deferred (needs 5 blocks, 4076 free, 0 slot(s) open) — admits when a peer retires
2026-10-06 18:50:51.592 INFO  sched: request 'chatcmpl-08caf295c351e562' retired (steps): 256 tok in 7.4 s — prefill 35 tok (0 cached) in 201 ms; decode 255 tok / 138 passes in 7.2 s: 35.6 tok/s, 28.1 ms/tok, 52 ms/pass, 1.85 tok/pass, accept p1 85 %
2026-10-06 18:50:51.592 INFO  sched: request 'chatcmpl-08caf295c351e566' starting prefill in slot 3 (33 prompt tokens)
2026-10-06 18:50:51.683 INFO  sched: request 'chatcmpl-08caf295c351e566' prefix cache miss — 1 cut(s), the cache is empty
2026-10-06 18:50:51.683 INFO  sched: request 'chatcmpl-08caf295c351e566' admitted to slot 3 (reserve 5 blocks; pool 20/4096 blocks in use) — first token 71093
2026-10-06 18:50:58.115 INFO  sched: request 'chatcmpl-08caf295c351e564' retired (steps): 256 tok in 6.8 s — prefill 33 tok (0 cached) in 183 ms; decode 255 tok / 130 passes in 6.7 s: 38.3 tok/s, 26.1 ms/tok, 51 ms/pass, 1.96 tok/pass, accept p1 96 %
2026-10-06 18:50:58.215 INFO  sched: request 'chatcmpl-08caf295c351e565' retired (steps): 256 tok in 6.9 s — prefill 32 tok (0 cached) in 183 ms; decode 255 tok / 132 passes in 6.8 s: 37.7 tok/s, 26.5 ms/tok, 51 ms/pass, 1.93 tok/pass, accept p1 93 %
2026-10-06 18:50:58.404 INFO  sched: request 'chatcmpl-08caf295c351e563' retired (steps): 256 tok in 7.1 s — prefill 35 tok (0 cached) in 183 ms; decode 255 tok / 136 passes in 6.9 s: 36.7 tok/s, 27.3 ms/tok, 51 ms/pass, 1.88 tok/pass, accept p1 88 %
2026-10-06 18:50:58.563 INFO  sched: request 'chatcmpl-08caf295c351e566' retired (steps): 256 tok in 7.0 s — prefill 33 tok (0 cached) in 91 ms; decode 255 tok / 139 passes in 6.9 s: 37.1 tok/s, 27.0 ms/tok, 49 ms/pass, 1.83 tok/pass, accept p1 84 %
2026-10-06 18:50:58.577 INFO  sched: request 'chatcmpl-08caf295c351e567' starting prefill in slot 0 (37 prompt tokens)
2026-10-06 18:50:58.577 INFO  sched: request 'chatcmpl-08caf295c351e568' starting prefill in slot 1 (33 prompt tokens)
2026-10-06 18:50:58.577 INFO  sched: request 'chatcmpl-08caf295c351e569' starting prefill in slot 2 (35 prompt tokens)
2026-10-06 18:50:58.577 INFO  sched: request 'chatcmpl-08caf295c351e56a' starting prefill in slot 3 (33 prompt tokens)
2026-10-06 18:50:58.778 INFO  sched: request 'chatcmpl-08caf295c351e567' prefix cache miss — 1 cut(s), the cache is empty
2026-10-06 18:50:58.778 INFO  sched: request 'chatcmpl-08caf295c351e567' admitted to slot 0 (reserve 5 blocks; pool 8/4096 blocks in use) — first token 71093
2026-10-06 18:50:58.778 INFO  sched: request 'chatcmpl-08caf295c351e568' prefix cache miss — 1 cut(s), the cache is empty
2026-10-06 18:50:58.778 INFO  sched: request 'chatcmpl-08caf295c351e568' admitted to slot 1 (reserve 5 blocks; pool 12/4096 blocks in use) — first token 71093
2026-10-06 18:50:58.778 INFO  sched: request 'chatcmpl-08caf295c351e569' prefix cache miss — 2 cut(s), the cache is empty
2026-10-06 18:50:58.778 INFO  sched: request 'chatcmpl-08caf295c351e569' admitted to slot 2 (reserve 5 blocks; pool 16/4096 blocks in use) — first token 71093
2026-10-06 18:50:58.778 INFO  sched: request 'chatcmpl-08caf295c351e56a' prefix cache miss — 1 cut(s), the cache is empty
2026-10-06 18:50:58.778 INFO  sched: request 'chatcmpl-08caf295c351e56a' admitted to slot 3 (reserve 5 blocks; pool 20/4096 blocks in use) — first token 71093
2026-10-06 18:50:58.778 INFO  sched: 4 requests admitted together in one prefill (201 ms)
2026-10-06 18:50:58.819 INFO  stats: rank 1 | 10.1 s | decode 139.9 tok/s, 6.8 ms/tok, 49.8 ms/step (191 steps / 1408 tok, 95 % of wall) | mtp 1.91 tok/step/req, accept p1 91 % | prefill 8 prompts / 271 tok, 27 tok/s, 1.75 ms/tok, 59 ms avg (5 % of wall), 0 tok cached (0/8 hits) | live 4, queued 4 | pool 20/4096 blocks (0 %) | prefix cache 0/1074 entries
2026-10-06 18:50:58.819 INFO  sched: request 'chatcmpl-08caf295c351e56b' deferred (needs 5 blocks, 4076 free, 0 slot(s) open) — admits when a peer retires
2026-10-06 18:51:05.585 INFO  sched: request 'chatcmpl-08caf295c351e567' retired (steps): 256 tok in 7.0 s — prefill 37 tok (0 cached) in 201 ms; decode 255 tok / 135 passes in 6.8 s: 37.5 tok/s, 26.7 ms/tok, 50 ms/pass, 1.89 tok/pass, accept p1 90 %
2026-10-06 18:51:05.586 INFO  sched: request 'chatcmpl-08caf295c351e56a' retired (steps): 256 tok in 7.0 s — prefill 33 tok (0 cached) in 201 ms; decode 255 tok / 135 passes in 6.8 s: 37.5 tok/s, 26.7 ms/tok, 50 ms/pass, 1.89 tok/pass, accept p1 89 %
2026-10-06 18:51:05.586 INFO  sched: request 'chatcmpl-08caf295c351e56b' starting prefill in slot 0 (32 prompt tokens)
2026-10-06 18:51:05.586 INFO  sched: request 'chatcmpl-08caf295c351e56c' starting prefill in slot 3 (35 prompt tokens)
2026-10-06 18:51:05.736 INFO  sched: request 'chatcmpl-08caf295c351e56b' prefix cache miss — 2 cut(s), the cache is empty
2026-10-06 18:51:05.736 INFO  sched: request 'chatcmpl-08caf295c351e56b' admitted to slot 0 (reserve 5 blocks; pool 16/4096 blocks in use) — first token 71093
2026-10-06 18:51:05.736 INFO  sched: request 'chatcmpl-08caf295c351e56c' prefix cache miss — 2 cut(s), the cache is empty
2026-10-06 18:51:05.736 INFO  sched: request 'chatcmpl-08caf295c351e56c' admitted to slot 3 (reserve 5 blocks; pool 20/4096 blocks in use) — first token 71093
2026-10-06 18:51:05.736 INFO  sched: 2 requests admitted together in one prefill (149 ms)
2026-10-06 18:51:05.784 INFO  sched: request 'chatcmpl-08caf295c351e568' retired (steps): 256 tok in 7.2 s — prefill 33 tok (0 cached) in 201 ms; decode 255 tok / 136 passes in 7.0 s: 36.4 tok/s, 27.5 ms/tok, 52 ms/pass, 1.88 tok/pass, accept p1 88 %
2026-10-06 18:51:05.784 INFO  sched: request 'chatcmpl-08caf295c351e56d' starting prefill in slot 1 (33 prompt tokens)
2026-10-06 18:51:05.875 INFO  sched: request 'chatcmpl-08caf295c351e56d' prefix cache miss — 1 cut(s), the cache is empty
2026-10-06 18:51:05.875 INFO  sched: request 'chatcmpl-08caf295c351e56d' admitted to slot 1 (reserve 5 blocks; pool 20/4096 blocks in use) — first token 71093
2026-10-06 18:51:05.918 INFO  sched: request 'chatcmpl-08caf295c351e56e' deferred (needs 5 blocks, 4076 free, 0 slot(s) open) — admits when a peer retires
2026-10-06 18:51:05.967 INFO  sched: request 'chatcmpl-08caf295c351e569' retired (steps): 256 tok in 7.4 s — prefill 35 tok (0 cached) in 201 ms; decode 255 tok / 138 passes in 7.2 s: 35.5 tok/s, 28.2 ms/tok, 52 ms/pass, 1.85 tok/pass, accept p1 85 %
2026-10-06 18:51:05.967 INFO  sched: request 'chatcmpl-08caf295c351e56e' starting prefill in slot 2 (33 prompt tokens)
2026-10-06 18:51:06.063 INFO  sched: request 'chatcmpl-08caf295c351e56e' prefix cache miss — 1 cut(s), the cache is empty
2026-10-06 18:51:06.063 INFO  sched: request 'chatcmpl-08caf295c351e56e' admitted to slot 2 (reserve 5 blocks; pool 20/4096 blocks in use) — first token 71093
2026-10-06 18:51:08.859 INFO  stats: rank 1 | 10.0 s | decode 144.2 tok/s, 6.7 ms/tok, 50.0 ms/step (193 steps / 1448 tok, 96 % of wall) | mtp 1.88 tok/step/req, accept p1 87 % | prefill 4 prompts / 133 tok, 13 tok/s, 2.53 ms/tok, 84 ms avg (3 % of wall), 0 tok cached (0/4 hits) | live 4, queued 0 | pool 20/4096 blocks (0 %) | prefix cache 0/1074 entries
2026-10-06 18:51:12.605 INFO  sched: request 'chatcmpl-08caf295c351e56b' retired (steps): 256 tok in 7.0 s — prefill 32 tok (0 cached) in 149 ms; decode 255 tok / 132 passes in 6.9 s: 37.1 tok/s, 26.9 ms/tok, 52 ms/pass, 1.93 tok/pass, accept p1 93 %
2026-10-06 18:51:12.658 INFO  sched: request 'chatcmpl-08caf295c351e56d' retired (steps): 256 tok in 6.9 s — prefill 33 tok (0 cached) in 91 ms; decode 255 tok / 132 passes in 6.8 s: 37.6 tok/s, 26.6 ms/tok, 51 ms/pass, 1.93 tok/pass, accept p1 94 %
2026-10-06 18:51:12.798 INFO  sched: request 'chatcmpl-08caf295c351e56c' retired (steps): 256 tok in 7.2 s — prefill 35 tok (0 cached) in 149 ms; decode 255 tok / 136 passes in 7.1 s: 36.1 tok/s, 27.7 ms/tok, 52 ms/pass, 1.88 tok/pass, accept p1 88 %
2026-10-06 18:51:12.958 INFO  sched: request 'chatcmpl-08caf295c351e56e' retired (steps): 256 tok in 7.0 s — prefill 33 tok (0 cached) in 96 ms; decode 255 tok / 139 passes in 6.9 s: 37.0 tok/s, 27.0 ms/tok, 50 ms/pass, 1.83 tok/pass, accept p1 84 %
2026-10-06 18:51:13.004 INFO  sched: request 'chatcmpl-08caf295c351e56f' starting prefill in slot 0 (48 prompt tokens)
2026-10-06 18:51:13.125 INFO  sched: request 'chatcmpl-08caf295c351e56f' prefix cache miss — 2 cut(s), the cache is empty
2026-10-06 18:51:13.125 INFO  sched: request 'chatcmpl-08caf295c351e56f' admitted to slot 0 (reserve 5 blocks; pool 5/4096 blocks in use) — first token 58
2026-10-06 18:51:16.666 INFO  sched: request 'chatcmpl-08caf295c351e56f' retired (steps): 256 tok in 3.7 s — prefill 48 tok (0 cached) in 121 ms; decode 255 tok / 130 passes in 3.5 s: 72.0 tok/s, 13.9 ms/tok, 27 ms/pass, 1.96 tok/pass, accept p1 97 %
2026-10-06 18:51:16.680 INFO  sched: request 'chatcmpl-08caf295c351e570' starting prefill in slot 0 (48 prompt tokens)
2026-10-06 18:51:16.791 INFO  sched: request 'chatcmpl-08caf295c351e570' prefix cache miss — 2 cut(s), the cache is empty
2026-10-06 18:51:16.791 INFO  sched: request 'chatcmpl-08caf295c351e570' admitted to slot 0 (reserve 5 blocks; pool 5/4096 blocks in use) — first token 58
2026-10-06 18:51:18.882 INFO  stats: rank 1 | 10.0 s | decode 100.3 tok/s, 9.5 ms/tok, 32.6 ms/step (293 steps / 1005 tok, 95 % of wall) | mtp 1.94 tok/step/req, accept p1 95 % | prefill 2 prompts / 96 tok, 10 tok/s, 2.42 ms/tok, 116 ms avg (2 % of wall), 0 tok cached (0/2 hits) | live 1, queued 0 | pool 5/4096 blocks (0 %) | prefix cache 0/1074 entries
2026-10-06 18:51:20.200 INFO  sched: request 'chatcmpl-08caf295c351e570' retired (steps): 256 tok in 3.5 s — prefill 48 tok (0 cached) in 111 ms; decode 255 tok / 130 passes in 3.4 s: 74.8 tok/s, 13.4 ms/tok, 26 ms/pass, 1.96 tok/pass, accept p1 97 %
2026-10-06 18:51:20.210 INFO  sched: request 'chatcmpl-08caf295c351e571' starting prefill in slot 0 (48 prompt tokens)
2026-10-06 18:51:20.321 INFO  sched: request 'chatcmpl-08caf295c351e571' prefix cache miss — 2 cut(s), the cache is empty
2026-10-06 18:51:20.321 INFO  sched: request 'chatcmpl-08caf295c351e571' admitted to slot 0 (reserve 5 blocks; pool 5/4096 blocks in use) — first token 58
2026-10-06 18:51:23.729 INFO  sched: request 'chatcmpl-08caf295c351e571' retired (steps): 256 tok in 3.5 s — prefill 48 tok (0 cached) in 111 ms; decode 255 tok / 130 passes in 3.4 s: 74.8 tok/s, 13.4 ms/tok, 26 ms/pass, 1.96 tok/pass, accept p1 97 %
2026-10-06 18:51:23.759 INFO  sched: request 'chatcmpl-08caf295c351e572' starting prefill in slot 0 (49 prompt tokens)
2026-10-06 18:51:23.759 INFO  sched: request 'chatcmpl-08caf295c351e573' starting prefill in slot 1 (48 prompt tokens)
2026-10-06 18:51:23.946 INFO  sched: request 'chatcmpl-08caf295c351e572' prefix cache miss — 1 cut(s), the cache is empty
2026-10-06 18:51:23.946 INFO  sched: request 'chatcmpl-08caf295c351e572' admitted to slot 0 (reserve 5 blocks; pool 6/4096 blocks in use) — first token 58
2026-10-06 18:51:23.946 INFO  sched: request 'chatcmpl-08caf295c351e573' prefix cache miss — 2 cut(s), the cache is empty
2026-10-06 18:51:23.946 INFO  sched: request 'chatcmpl-08caf295c351e573' admitted to slot 1 (reserve 5 blocks; pool 10/4096 blocks in use) — first token 58
2026-10-06 18:51:23.946 INFO  sched: 2 requests admitted together in one prefill (186 ms)
2026-10-06 18:51:28.524 INFO  sched: request 'chatcmpl-08caf295c351e573' retired (steps): 256 tok in 4.8 s — prefill 48 tok (0 cached) in 186 ms; decode 255 tok / 128 passes in 4.6 s: 55.7 tok/s, 18.0 ms/tok, 36 ms/pass, 1.99 tok/pass, accept p1 100 %
2026-10-06 18:51:28.552 INFO  sched: request 'chatcmpl-08caf295c351e572' retired (steps): 256 tok in 4.8 s — prefill 49 tok (0 cached) in 186 ms; decode 255 tok / 129 passes in 4.6 s: 55.4 tok/s, 18.1 ms/tok, 36 ms/pass, 1.98 tok/pass, accept p1 98 %
2026-10-06 18:51:28.582 INFO  sched: request 'chatcmpl-08caf295c351e574' starting prefill in slot 0 (49 prompt tokens)
2026-10-06 18:51:28.582 INFO  sched: request 'chatcmpl-08caf295c351e575' starting prefill in slot 1 (48 prompt tokens)
2026-10-06 18:51:28.764 INFO  sched: request 'chatcmpl-08caf295c351e574' prefix cache miss — 1 cut(s), the cache is empty
2026-10-06 18:51:28.764 INFO  sched: request 'chatcmpl-08caf295c351e574' admitted to slot 0 (reserve 5 blocks; pool 6/4096 blocks in use) — first token 58
2026-10-06 18:51:28.764 INFO  sched: request 'chatcmpl-08caf295c351e575' prefix cache miss — 2 cut(s), the cache is empty
2026-10-06 18:51:28.764 INFO  sched: request 'chatcmpl-08caf295c351e575' admitted to slot 1 (reserve 5 blocks; pool 10/4096 blocks in use) — first token 58
2026-10-06 18:51:28.764 INFO  sched: 2 requests admitted together in one prefill (183 ms)
2026-10-06 18:51:28.901 INFO  stats: rank 1 | 10.0 s | decode 88.1 tok/s, 10.5 ms/tok, 29.6 ms/step (313 steps / 883 tok, 93 % of wall) | mtp 1.98 tok/step/req, accept p1 98 % | prefill 5 prompts / 242 tok, 24 tok/s, 1.98 ms/tok, 96 ms avg (5 % of wall), 0 tok cached (0/5 hits) | live 2, queued 0 | pool 10/4096 blocks (0 %) | prefix cache 0/1074 entries
2026-10-06 18:51:33.215 INFO  sched: request 'chatcmpl-08caf295c351e575' retired (steps): 256 tok in 4.6 s — prefill 48 tok (0 cached) in 183 ms; decode 255 tok / 128 passes in 4.5 s: 57.3 tok/s, 17.5 ms/tok, 35 ms/pass, 1.99 tok/pass, accept p1 100 %
2026-10-06 18:51:33.242 INFO  sched: request 'chatcmpl-08caf295c351e574' retired (steps): 256 tok in 4.7 s — prefill 49 tok (0 cached) in 183 ms; decode 255 tok / 129 passes in 4.5 s: 57.0 tok/s, 17.6 ms/tok, 35 ms/pass, 1.98 tok/pass, accept p1 98 %
2026-10-06 18:51:33.262 INFO  sched: request 'chatcmpl-08caf295c351e576' starting prefill in slot 0 (49 prompt tokens)
2026-10-06 18:51:33.262 INFO  sched: request 'chatcmpl-08caf295c351e577' starting prefill in slot 1 (48 prompt tokens)
2026-10-06 18:51:33.439 INFO  sched: request 'chatcmpl-08caf295c351e576' prefix cache miss — 1 cut(s), the cache is empty
2026-10-06 18:51:33.439 INFO  sched: request 'chatcmpl-08caf295c351e576' admitted to slot 0 (reserve 5 blocks; pool 6/4096 blocks in use) — first token 58
2026-10-06 18:51:33.439 INFO  sched: request 'chatcmpl-08caf295c351e577' prefix cache miss — 2 cut(s), the cache is empty
2026-10-06 18:51:33.439 INFO  sched: request 'chatcmpl-08caf295c351e577' admitted to slot 1 (reserve 5 blocks; pool 10/4096 blocks in use) — first token 58
2026-10-06 18:51:33.439 INFO  sched: 2 requests admitted together in one prefill (177 ms)
2026-10-06 18:51:37.875 INFO  sched: request 'chatcmpl-08caf295c351e577' retired (steps): 256 tok in 4.6 s — prefill 48 tok (0 cached) in 177 ms; decode 255 tok / 128 passes in 4.4 s: 57.5 tok/s, 17.4 ms/tok, 35 ms/pass, 1.99 tok/pass, accept p1 100 %
2026-10-06 18:51:37.902 INFO  sched: request 'chatcmpl-08caf295c351e576' retired (steps): 256 tok in 4.6 s — prefill 49 tok (0 cached) in 177 ms; decode 255 tok / 129 passes in 4.5 s: 57.1 tok/s, 17.5 ms/tok, 35 ms/pass, 1.98 tok/pass, accept p1 98 %
2026-10-06 18:51:37.933 INFO  sched: request 'chatcmpl-08caf295c351e578' starting prefill in slot 0 (47 prompt tokens)
2026-10-06 18:51:37.933 INFO  sched: request 'chatcmpl-08caf295c351e579' starting prefill in slot 1 (35 prompt tokens)
2026-10-06 18:51:37.933 INFO  sched: request 'chatcmpl-08caf295c351e57a' starting prefill in slot 2 (37 prompt tokens)
2026-10-06 18:51:37.933 INFO  sched: request 'chatcmpl-08caf295c351e57b' starting prefill in slot 3 (34 prompt tokens)
2026-10-06 18:51:38.158 INFO  sched: request 'chatcmpl-08caf295c351e578' prefix cache miss — 2 cut(s), the cache is empty
2026-10-06 18:51:38.158 INFO  sched: request 'chatcmpl-08caf295c351e578' admitted to slot 0 (reserve 5 blocks; pool 8/4096 blocks in use) — first token 58
2026-10-06 18:51:38.158 INFO  sched: request 'chatcmpl-08caf295c351e579' prefix cache miss — 2 cut(s), the cache is empty
2026-10-06 18:51:38.158 INFO  sched: request 'chatcmpl-08caf295c351e579' admitted to slot 1 (reserve 5 blocks; pool 12/4096 blocks in use) — first token 58
2026-10-06 18:51:38.158 INFO  sched: request 'chatcmpl-08caf295c351e57a' prefix cache miss — 1 cut(s), the cache is empty
2026-10-06 18:51:38.158 INFO  sched: request 'chatcmpl-08caf295c351e57a' admitted to slot 2 (reserve 5 blocks; pool 16/4096 blocks in use) — first token 58
2026-10-06 18:51:38.158 INFO  sched: request 'chatcmpl-08caf295c351e57b' prefix cache miss — 1 cut(s), the cache is empty
2026-10-06 18:51:38.158 INFO  sched: request 'chatcmpl-08caf295c351e57b' admitted to slot 3 (reserve 5 blocks; pool 20/4096 blocks in use) — first token 58
2026-10-06 18:51:38.158 INFO  sched: 4 requests admitted together in one prefill (226 ms)
2026-10-06 18:51:38.944 INFO  stats: rank 1 | 10.0 s | decode 112.9 tok/s, 8.3 ms/tok, 34.9 ms/step (270 steps / 1134 tok, 94 % of wall) | mtp 1.99 tok/step/req, accept p1 99 % | prefill 6 prompts / 250 tok, 25 tok/s, 1.61 ms/tok, 67 ms avg (4 % of wall), 0 tok cached (0/6 hits) | live 4, queued 0 | pool 20/4096 blocks (0 %) | prefix cache 0/1074 entries
2026-10-06 18:51:44.788 INFO  sched: request 'chatcmpl-08caf295c351e57a' retired (steps): 256 tok in 6.9 s — prefill 37 tok (0 cached) in 226 ms; decode 255 tok / 128 passes in 6.6 s: 38.5 tok/s, 26.0 ms/tok, 52 ms/pass, 1.99 tok/pass, accept p1 99 %
2026-10-06 18:51:44.841 INFO  sched: request 'chatcmpl-08caf295c351e578' retired (steps): 256 tok in 6.9 s — prefill 47 tok (0 cached) in 226 ms; decode 255 tok / 129 passes in 6.7 s: 38.2 tok/s, 26.2 ms/tok, 52 ms/pass, 1.98 tok/pass, accept p1 98 %
2026-10-06 18:51:44.893 INFO  sched: request 'chatcmpl-08caf295c351e579' retired (steps): 256 tok in 7.0 s — prefill 35 tok (0 cached) in 226 ms; decode 255 tok / 130 passes in 6.7 s: 37.9 tok/s, 26.4 ms/tok, 52 ms/pass, 1.96 tok/pass, accept p1 97 %
2026-10-06 18:51:45.012 INFO  sched: request 'chatcmpl-08caf295c351e57b' retired (steps): 256 tok in 7.1 s — prefill 34 tok (0 cached) in 226 ms; decode 255 tok / 134 passes in 6.9 s: 37.2 tok/s, 26.9 ms/tok, 51 ms/pass, 1.90 tok/pass, accept p1 91 %
2026-10-06 18:51:45.031 INFO  sched: request 'chatcmpl-08caf295c351e57c' starting prefill in slot 0 (47 prompt tokens)
2026-10-06 18:51:45.031 INFO  sched: request 'chatcmpl-08caf295c351e57d' starting prefill in slot 1 (37 prompt tokens)
2026-10-06 18:51:45.031 INFO  sched: request 'chatcmpl-08caf295c351e57e' starting prefill in slot 2 (35 prompt tokens)
2026-10-06 18:51:45.031 INFO  sched: request 'chatcmpl-08caf295c351e57f' starting prefill in slot 3 (34 prompt tokens)
2026-10-06 18:51:45.251 INFO  sched: request 'chatcmpl-08caf295c351e57c' prefix cache miss — 2 cut(s), the cache is empty
2026-10-06 18:51:45.252 INFO  sched: request 'chatcmpl-08caf295c351e57c' admitted to slot 0 (reserve 5 blocks; pool 8/4096 blocks in use) — first token 58
2026-10-06 18:51:45.252 INFO  sched: request 'chatcmpl-08caf295c351e57d' prefix cache miss — 1 cut(s), the cache is empty
2026-10-06 18:51:45.252 INFO  sched: request 'chatcmpl-08caf295c351e57d' admitted to slot 1 (reserve 5 blocks; pool 12/4096 blocks in use) — first token 58
2026-10-06 18:51:45.252 INFO  sched: request 'chatcmpl-08caf295c351e57e' prefix cache miss — 2 cut(s), the cache is empty
2026-10-06 18:51:45.252 INFO  sched: request 'chatcmpl-08caf295c351e57e' admitted to slot 2 (reserve 5 blocks; pool 16/4096 blocks in use) — first token 58
2026-10-06 18:51:45.252 INFO  sched: request 'chatcmpl-08caf295c351e57f' prefix cache miss — 1 cut(s), the cache is empty
2026-10-06 18:51:45.252 INFO  sched: request 'chatcmpl-08caf295c351e57f' admitted to slot 3 (reserve 5 blocks; pool 20/4096 blocks in use) — first token 58
2026-10-06 18:51:45.252 INFO  sched: 4 requests admitted together in one prefill (220 ms)
2026-10-06 18:51:48.967 INFO  stats: rank 1 | 10.0 s | decode 147.1 tok/s, 6.6 ms/tok, 50.8 ms/step (191 steps / 1474 tok, 97 % of wall) | mtp 1.97 tok/step/req, accept p1 97 % | prefill 4 prompts / 153 tok, 15 tok/s, 1.44 ms/tok, 55 ms avg (2 % of wall), 0 tok cached (0/4 hits) | live 4, queued 0 | pool 20/4096 blocks (0 %) | prefix cache 0/1074 entries
2026-10-06 18:51:51.813 INFO  sched: request 'chatcmpl-08caf295c351e57d' retired (steps): 256 tok in 6.8 s — prefill 37 tok (0 cached) in 220 ms; decode 255 tok / 128 passes in 6.6 s: 38.9 tok/s, 25.7 ms/tok, 51 ms/pass, 1.99 tok/pass, accept p1 99 %
2026-10-06 18:51:51.866 INFO  sched: request 'chatcmpl-08caf295c351e57c' retired (steps): 256 tok in 6.8 s — prefill 47 tok (0 cached) in 220 ms; decode 255 tok / 129 passes in 6.6 s: 38.6 tok/s, 25.9 ms/tok, 51 ms/pass, 1.98 tok/pass, accept p1 98 %
2026-10-06 18:51:51.918 INFO  sched: request 'chatcmpl-08caf295c351e57e' retired (steps): 256 tok in 6.9 s — prefill 35 tok (0 cached) in 220 ms; decode 255 tok / 130 passes in 6.7 s: 38.3 tok/s, 26.1 ms/tok, 51 ms/pass, 1.96 tok/pass, accept p1 97 %
2026-10-06 18:51:52.027 INFO  sched: request 'chatcmpl-08caf295c351e57f' retired (steps): 256 tok in 7.0 s — prefill 34 tok (0 cached) in 220 ms; decode 255 tok / 134 passes in 6.8 s: 37.6 tok/s, 26.6 ms/tok, 51 ms/pass, 1.90 tok/pass, accept p1 91 %
2026-10-06 18:51:52.041 INFO  sched: request 'chatcmpl-08caf295c351e580' starting prefill in slot 0 (47 prompt tokens)
2026-10-06 18:51:52.041 INFO  sched: request 'chatcmpl-08caf295c351e581' starting prefill in slot 1 (35 prompt tokens)
2026-10-06 18:51:52.041 INFO  sched: request 'chatcmpl-08caf295c351e582' starting prefill in slot 2 (37 prompt tokens)
2026-10-06 18:51:52.041 INFO  sched: request 'chatcmpl-08caf295c351e583' starting prefill in slot 3 (34 prompt tokens)
2026-10-06 18:51:52.261 INFO  sched: request 'chatcmpl-08caf295c351e580' prefix cache miss — 2 cut(s), the cache is empty
2026-10-06 18:51:52.261 INFO  sched: request 'chatcmpl-08caf295c351e580' admitted to slot 0 (reserve 5 blocks; pool 8/4096 blocks in use) — first token 58
2026-10-06 18:51:52.261 INFO  sched: request 'chatcmpl-08caf295c351e581' prefix cache miss — 2 cut(s), the cache is empty
2026-10-06 18:51:52.261 INFO  sched: request 'chatcmpl-08caf295c351e581' admitted to slot 1 (reserve 5 blocks; pool 12/4096 blocks in use) — first token 58
2026-10-06 18:51:52.261 INFO  sched: request 'chatcmpl-08caf295c351e582' prefix cache miss — 1 cut(s), the cache is empty
2026-10-06 18:51:52.261 INFO  sched: request 'chatcmpl-08caf295c351e582' admitted to slot 2 (reserve 5 blocks; pool 16/4096 blocks in use) — first token 58
2026-10-06 18:51:52.261 INFO  sched: request 'chatcmpl-08caf295c351e583' prefix cache miss — 1 cut(s), the cache is empty
2026-10-06 18:51:52.261 INFO  sched: request 'chatcmpl-08caf295c351e583' admitted to slot 3 (reserve 5 blocks; pool 20/4096 blocks in use) — first token 58
2026-10-06 18:51:52.261 INFO  sched: 4 requests admitted together in one prefill (220 ms)
2026-10-06 18:51:58.800 INFO  sched: request 'chatcmpl-08caf295c351e582' retired (steps): 256 tok in 6.8 s — prefill 37 tok (0 cached) in 220 ms; decode 255 tok / 128 passes in 6.5 s: 39.0 tok/s, 25.6 ms/tok, 51 ms/pass, 1.99 tok/pass, accept p1 99 %
2026-10-06 18:51:58.853 INFO  sched: request 'chatcmpl-08caf295c351e580' retired (steps): 256 tok in 6.8 s — prefill 47 tok (0 cached) in 220 ms; decode 255 tok / 129 passes in 6.6 s: 38.7 tok/s, 25.9 ms/tok, 51 ms/pass, 1.98 tok/pass, accept p1 98 %
2026-10-06 18:51:58.907 INFO  sched: request 'chatcmpl-08caf295c351e581' retired (steps): 256 tok in 6.9 s — prefill 35 tok (0 cached) in 220 ms; decode 255 tok / 130 passes in 6.6 s: 38.4 tok/s, 26.1 ms/tok, 51 ms/pass, 1.96 tok/pass, accept p1 97 %
2026-10-06 18:51:58.987 INFO  stats: rank 1 | 10.0 s | decode 146.7 tok/s, 6.6 ms/tok, 50.1 ms/step (194 steps / 1470 tok, 97 % of wall) | mtp 1.96 tok/step/req, accept p1 96 % | prefill 4 prompts / 153 tok, 15 tok/s, 1.44 ms/tok, 55 ms avg (2 % of wall), 0 tok cached (0/4 hits) | live 1, queued 0 | pool 5/4096 blocks (0 %) | prefix cache 0/1074 entries
2026-10-06 18:51:59.016 INFO  sched: request 'chatcmpl-08caf295c351e583' retired (steps): 256 tok in 7.0 s — prefill 34 tok (0 cached) in 220 ms; decode 255 tok / 134 passes in 6.8 s: 37.7 tok/s, 26.5 ms/tok, 50 ms/pass, 1.90 tok/pass, accept p1 91 %
2026-10-06 18:51:59.077 INFO  sched: request 'chatcmpl-08caf295c351e584' starting prefill in slot 0 (35 prompt tokens)
2026-10-06 18:51:59.077 INFO  sched: request 'chatcmpl-08caf295c351e585' starting prefill in slot 1 (34 prompt tokens)
2026-10-06 18:51:59.077 INFO  sched: request 'chatcmpl-08caf295c351e586' starting prefill in slot 2 (35 prompt tokens)
2026-10-06 18:51:59.077 INFO  sched: request 'chatcmpl-08caf295c351e587' starting prefill in slot 3 (34 prompt tokens)
2026-10-06 18:51:59.288 INFO  sched: request 'chatcmpl-08caf295c351e584' prefix cache miss — 2 cut(s), the cache is empty
2026-10-06 18:51:59.288 INFO  sched: request 'chatcmpl-08caf295c351e584' admitted to slot 0 (reserve 5 blocks; pool 8/4096 blocks in use) — first token 58
2026-10-06 18:51:59.288 INFO  sched: request 'chatcmpl-08caf295c351e585' prefix cache miss — 1 cut(s), the cache is empty
2026-10-06 18:51:59.288 INFO  sched: request 'chatcmpl-08caf295c351e585' admitted to slot 1 (reserve 5 blocks; pool 12/4096 blocks in use) — first token 58
2026-10-06 18:51:59.288 INFO  sched: request 'chatcmpl-08caf295c351e586' prefix cache miss — 2 cut(s), the cache is empty
2026-10-06 18:51:59.288 INFO  sched: request 'chatcmpl-08caf295c351e586' admitted to slot 2 (reserve 5 blocks; pool 16/4096 blocks in use) — first token 58
2026-10-06 18:51:59.288 INFO  sched: request 'chatcmpl-08caf295c351e587' prefix cache miss — 1 cut(s), the cache is empty
2026-10-06 18:51:59.288 INFO  sched: request 'chatcmpl-08caf295c351e587' admitted to slot 3 (reserve 5 blocks; pool 20/4096 blocks in use) — first token 58
2026-10-06 18:51:59.289 INFO  sched: 4 requests admitted together in one prefill (211 ms)
2026-10-06 18:51:59.340 INFO  sched: request 'chatcmpl-08caf295c351e588' deferred (needs 5 blocks, 4076 free, 0 slot(s) open) — admits when a peer retires
2026-10-06 18:52:05.733 INFO  sched: request 'chatcmpl-08caf295c351e587' retired (steps): 256 tok in 6.7 s — prefill 34 tok (0 cached) in 211 ms; decode 255 tok / 129 passes in 6.4 s: 39.6 tok/s, 25.3 ms/tok, 50 ms/pass, 1.98 tok/pass, accept p1 98 %
2026-10-06 18:52:05.733 INFO  sched: request 'chatcmpl-08caf295c351e588' starting prefill in slot 3 (35 prompt tokens)
2026-10-06 18:52:05.841 INFO  sched: request 'chatcmpl-08caf295c351e588' prefix cache miss — 2 cut(s), the cache is empty
2026-10-06 18:52:05.841 INFO  sched: request 'chatcmpl-08caf295c351e588' admitted to slot 3 (reserve 5 blocks; pool 20/4096 blocks in use) — first token 58
2026-10-06 18:52:05.892 INFO  sched: request 'chatcmpl-08caf295c351e584' retired (steps): 256 tok in 6.8 s — prefill 35 tok (0 cached) in 211 ms; decode 255 tok / 130 passes in 6.6 s: 38.6 tok/s, 25.9 ms/tok, 51 ms/pass, 1.96 tok/pass, accept p1 97 %
2026-10-06 18:52:05.893 INFO  sched: request 'chatcmpl-08caf295c351e586' retired (steps): 256 tok in 6.8 s — prefill 35 tok (0 cached) in 211 ms; decode 255 tok / 130 passes in 6.6 s: 38.6 tok/s, 25.9 ms/tok, 51 ms/pass, 1.96 tok/pass, accept p1 97 %
2026-10-06 18:52:05.893 INFO  sched: request 'chatcmpl-08caf295c351e589' starting prefill in slot 0 (34 prompt tokens)
2026-10-06 18:52:05.893 INFO  sched: request 'chatcmpl-08caf295c351e58a' starting prefill in slot 2 (35 prompt tokens)
2026-10-06 18:52:06.051 INFO  sched: request 'chatcmpl-08caf295c351e589' prefix cache miss — 1 cut(s), the cache is empty
2026-10-06 18:52:06.051 INFO  sched: request 'chatcmpl-08caf295c351e589' admitted to slot 0 (reserve 5 blocks; pool 16/4096 blocks in use) — first token 58
2026-10-06 18:52:06.051 INFO  sched: request 'chatcmpl-08caf295c351e58a' prefix cache miss — 2 cut(s), the cache is empty
2026-10-06 18:52:06.051 INFO  sched: request 'chatcmpl-08caf295c351e58a' admitted to slot 2 (reserve 5 blocks; pool 20/4096 blocks in use) — first token 58
2026-10-06 18:52:06.052 INFO  sched: 2 requests admitted together in one prefill (158 ms)
2026-10-06 18:52:06.096 INFO  sched: request 'chatcmpl-08caf295c351e58b' deferred (needs 5 blocks, 4076 free, 0 slot(s) open) — admits when a peer retires
2026-10-06 18:52:06.147 INFO  sched: request 'chatcmpl-08caf295c351e585' retired (steps): 256 tok in 7.1 s — prefill 34 tok (0 cached) in 211 ms; decode 255 tok / 132 passes in 6.9 s: 37.2 tok/s, 26.9 ms/tok, 52 ms/pass, 1.93 tok/pass, accept p1 93 %
2026-10-06 18:52:06.147 INFO  sched: request 'chatcmpl-08caf295c351e58b' starting prefill in slot 1 (35 prompt tokens)
2026-10-06 18:52:06.255 INFO  sched: request 'chatcmpl-08caf295c351e58b' prefix cache miss — 2 cut(s), the cache is empty
2026-10-06 18:52:06.255 INFO  sched: request 'chatcmpl-08caf295c351e58b' admitted to slot 1 (reserve 5 blocks; pool 20/4096 blocks in use) — first token 58
2026-10-06 18:52:09.012 INFO  stats: rank 1 | 10.0 s | decode 145.8 tok/s, 6.4 ms/tok, 50.1 ms/step (186 steps / 1462 tok, 93 % of wall) | mtp 1.97 tok/step/req, accept p1 97 % | prefill 8 prompts / 277 tok, 28 tok/s, 2.11 ms/tok, 73 ms avg (6 % of wall), 0 tok cached (0/8 hits) | live 4, queued 0 | pool 20/4096 blocks (0 %) | prefix cache 0/1074 entries
2026-10-06 18:52:12.901 INFO  sched: request 'chatcmpl-08caf295c351e589' retired (steps): 256 tok in 7.0 s — prefill 34 tok (0 cached) in 158 ms; decode 255 tok / 129 passes in 6.8 s: 37.2 tok/s, 26.9 ms/tok, 53 ms/pass, 1.98 tok/pass, accept p1 98 %
2026-10-06 18:52:12.901 INFO  sched: request 'chatcmpl-08caf295c351e58a' retired (steps): 256 tok in 7.0 s — prefill 35 tok (0 cached) in 158 ms; decode 255 tok / 129 passes in 6.8 s: 37.2 tok/s, 26.9 ms/tok, 53 ms/pass, 1.98 tok/pass, accept p1 98 %
2026-10-06 18:52:12.953 INFO  sched: request 'chatcmpl-08caf295c351e588' retired (steps): 256 tok in 7.2 s — prefill 35 tok (0 cached) in 108 ms; decode 255 tok / 131 passes in 7.1 s: 35.9 tok/s, 27.9 ms/tok, 54 ms/pass, 1.95 tok/pass, accept p1 95 %
2026-10-06 18:52:12.953 INFO  sched: request 'chatcmpl-08caf295c351e58b' retired (steps): 256 tok in 6.8 s — prefill 35 tok (0 cached) in 108 ms; decode 255 tok / 128 passes in 6.7 s: 38.1 tok/s, 26.3 ms/tok, 52 ms/pass, 1.99 tok/pass, accept p1 100 %
2026-10-06 18:52:12.983 INFO  sched: request 'chatcmpl-08caf295c351e58c' starting prefill in slot 0 (35 prompt tokens)
2026-10-06 18:52:12.984 INFO  sched: request 'chatcmpl-08caf295c351e58d' starting prefill in slot 1 (35 prompt tokens)
2026-10-06 18:52:12.984 INFO  sched: request 'chatcmpl-08caf295c351e58e' starting prefill in slot 2 (35 prompt tokens)
2026-10-06 18:52:12.984 INFO  sched: request 'chatcmpl-08caf295c351e58f' starting prefill in slot 3 (35 prompt tokens)
2026-10-06 18:52:13.192 INFO  sched: request 'chatcmpl-08caf295c351e58c' prefix cache miss — 2 cut(s), the cache is empty
2026-10-06 18:52:13.192 INFO  sched: request 'chatcmpl-08caf295c351e58c' admitted to slot 0 (reserve 5 blocks; pool 8/4096 blocks in use) — first token 58
2026-10-06 18:52:13.192 INFO  sched: request 'chatcmpl-08caf295c351e58d' prefix cache miss — 2 cut(s), the cache is empty
2026-10-06 18:52:13.192 INFO  sched: request 'chatcmpl-08caf295c351e58d' admitted to slot 1 (reserve 5 blocks; pool 12/4096 blocks in use) — first token 58
2026-10-06 18:52:13.192 INFO  sched: request 'chatcmpl-08caf295c351e58e' prefix cache miss — 2 cut(s), the cache is empty
2026-10-06 18:52:13.192 INFO  sched: request 'chatcmpl-08caf295c351e58e' admitted to slot 2 (reserve 5 blocks; pool 16/4096 blocks in use) — first token 58
2026-10-06 18:52:13.192 INFO  sched: request 'chatcmpl-08caf295c351e58f' prefix cache miss — 2 cut(s), the cache is empty
2026-10-06 18:52:13.192 INFO  sched: request 'chatcmpl-08caf295c351e58f' admitted to slot 3 (reserve 5 blocks; pool 20/4096 blocks in use) — first token 58
2026-10-06 18:52:13.192 INFO  sched: 4 requests admitted together in one prefill (208 ms)
2026-10-06 18:52:13.233 INFO  sched: request 'chatcmpl-08caf295c351e590' deferred (needs 5 blocks, 4076 free, 0 slot(s) open) — admits when a peer retires
2026-10-06 18:52:19.063 INFO  stats: rank 1 | 10.1 s | decode 150.9 tok/s, 6.4 ms/tok, 50.6 ms/step (192 steps / 1517 tok, 97 % of wall) | mtp 1.98 tok/step/req, accept p1 98 % | prefill 4 prompts / 140 tok, 14 tok/s, 1.49 ms/tok, 52 ms avg (2 % of wall), 0 tok cached (0/4 hits) | live 4, queued 4 | pool 20/4096 blocks (0 %) | prefix cache 0/1074 entries
2026-10-06 18:52:19.634 INFO  sched: request 'chatcmpl-08caf295c351e58d' retired (steps): 256 tok in 6.6 s — prefill 35 tok (0 cached) in 208 ms; decode 255 tok / 128 passes in 6.4 s: 39.6 tok/s, 25.3 ms/tok, 50 ms/pass, 1.99 tok/pass, accept p1 100 %
2026-10-06 18:52:19.634 INFO  sched: request 'chatcmpl-08caf295c351e590' starting prefill in slot 1 (34 prompt tokens)
2026-10-06 18:52:19.731 INFO  sched: request 'chatcmpl-08caf295c351e590' prefix cache miss — 1 cut(s), the cache is empty
2026-10-06 18:52:19.731 INFO  sched: request 'chatcmpl-08caf295c351e590' admitted to slot 1 (reserve 5 blocks; pool 20/4096 blocks in use) — first token 58
2026-10-06 18:52:19.783 INFO  sched: request 'chatcmpl-08caf295c351e58e' retired (steps): 256 tok in 6.8 s — prefill 35 tok (0 cached) in 208 ms; decode 255 tok / 129 passes in 6.6 s: 38.7 tok/s, 25.8 ms/tok, 51 ms/pass, 1.98 tok/pass, accept p1 98 %
2026-10-06 18:52:19.784 INFO  sched: request 'chatcmpl-08caf295c351e591' starting prefill in slot 2 (34 prompt tokens)
2026-10-06 18:52:19.886 INFO  sched: request 'chatcmpl-08caf295c351e591' prefix cache miss — 1 cut(s), the cache is empty
2026-10-06 18:52:19.886 INFO  sched: request 'chatcmpl-08caf295c351e591' admitted to slot 2 (reserve 5 blocks; pool 20/4096 blocks in use) — first token 58
2026-10-06 18:52:19.937 INFO  sched: request 'chatcmpl-08caf295c351e58c' retired (steps): 256 tok in 7.0 s — prefill 35 tok (0 cached) in 208 ms; decode 255 tok / 130 passes in 6.7 s: 37.8 tok/s, 26.5 ms/tok, 52 ms/pass, 1.96 tok/pass, accept p1 97 %
2026-10-06 18:52:19.937 INFO  sched: request 'chatcmpl-08caf295c351e58f' retired (steps): 256 tok in 7.0 s — prefill 35 tok (0 cached) in 208 ms; decode 255 tok / 130 passes in 6.7 s: 37.8 tok/s, 26.5 ms/tok, 52 ms/pass, 1.96 tok/pass, accept p1 97 %
2026-10-06 18:52:19.938 INFO  sched: request 'chatcmpl-08caf295c351e592' starting prefill in slot 0 (34 prompt tokens)
2026-10-06 18:52:19.938 INFO  sched: request 'chatcmpl-08caf295c351e593' starting prefill in slot 3 (35 prompt tokens)
2026-10-06 18:52:20.099 INFO  sched: request 'chatcmpl-08caf295c351e592' prefix cache miss — 1 cut(s), the cache is empty
2026-10-06 18:52:20.099 INFO  sched: request 'chatcmpl-08caf295c351e592' admitted to slot 0 (reserve 5 blocks; pool 16/4096 blocks in use) — first token 58
2026-10-06 18:52:20.099 INFO  sched: request 'chatcmpl-08caf295c351e593' prefix cache miss — 2 cut(s), the cache is empty
2026-10-06 18:52:20.099 INFO  sched: request 'chatcmpl-08caf295c351e593' admitted to slot 3 (reserve 5 blocks; pool 20/4096 blocks in use) — first token 58
2026-10-06 18:52:20.099 INFO  sched: 2 requests admitted together in one prefill (161 ms)
2026-10-06 18:52:26.732 INFO  sched: request 'chatcmpl-08caf295c351e591' retired (steps): 256 tok in 6.9 s — prefill 34 tok (0 cached) in 101 ms; decode 255 tok / 129 passes in 6.8 s: 37.2 tok/s, 26.8 ms/tok, 53 ms/pass, 1.98 tok/pass, accept p1 98 %
2026-10-06 18:52:26.797 INFO  sched: request 'chatcmpl-08caf295c351e592' retired (steps): 256 tok in 6.9 s — prefill 34 tok (0 cached) in 161 ms; decode 255 tok / 129 passes in 6.7 s: 38.1 tok/s, 26.3 ms/tok, 52 ms/pass, 1.98 tok/pass, accept p1 98 %
2026-10-06 18:52:26.849 INFO  sched: request 'chatcmpl-08caf295c351e590' retired (steps): 256 tok in 7.2 s — prefill 34 tok (0 cached) in 97 ms; decode 255 tok / 132 passes in 7.1 s: 35.8 tok/s, 27.9 ms/tok, 54 ms/pass, 1.93 tok/pass, accept p1 93 %
2026-10-06 18:52:26.849 INFO  sched: request 'chatcmpl-08caf295c351e593' retired (steps): 256 tok in 6.9 s — prefill 35 tok (0 cached) in 161 ms; decode 255 tok / 130 passes in 6.7 s: 37.8 tok/s, 26.5 ms/tok, 52 ms/pass, 1.96 tok/pass, accept p1 96 %
2026-10-06 18:52:26.869 INFO  sched: request 'chatcmpl-08caf295c351e594' starting prefill in slot 0 (35 prompt tokens)
2026-10-06 18:52:26.869 INFO  sched: request 'chatcmpl-08caf295c351e595' starting prefill in slot 1 (34 prompt tokens)
2026-10-06 18:52:26.869 INFO  sched: request 'chatcmpl-08caf295c351e596' starting prefill in slot 2 (34 prompt tokens)
2026-10-06 18:52:26.869 INFO  sched: request 'chatcmpl-08caf295c351e597' starting prefill in slot 3 (35 prompt tokens)
2026-10-06 18:52:27.075 INFO  sched: request 'chatcmpl-08caf295c351e594' prefix cache miss — 2 cut(s), the cache is empty
2026-10-06 18:52:27.075 INFO  sched: request 'chatcmpl-08caf295c351e594' admitted to slot 0 (reserve 5 blocks; pool 8/4096 blocks in use) — first token 58
2026-10-06 18:52:27.075 INFO  sched: request 'chatcmpl-08caf295c351e595' prefix cache miss — 1 cut(s), the cache is empty
2026-10-06 18:52:27.075 INFO  sched: request 'chatcmpl-08caf295c351e595' admitted to slot 1 (reserve 5 blocks; pool 12/4096 blocks in use) — first token 58
2026-10-06 18:52:27.075 INFO  sched: request 'chatcmpl-08caf295c351e596' prefix cache miss — 1 cut(s), the cache is empty
2026-10-06 18:52:27.075 INFO  sched: request 'chatcmpl-08caf295c351e596' admitted to slot 2 (reserve 5 blocks; pool 16/4096 blocks in use) — first token 58
2026-10-06 18:52:27.075 INFO  sched: request 'chatcmpl-08caf295c351e597' prefix cache miss — 2 cut(s), the cache is empty
2026-10-06 18:52:27.075 INFO  sched: request 'chatcmpl-08caf295c351e597' admitted to slot 3 (reserve 5 blocks; pool 20/4096 blocks in use) — first token 58
2026-10-06 18:52:27.075 INFO  sched: 4 requests admitted together in one prefill (206 ms)
2026-10-06 18:52:27.118 INFO  sched: request 'chatcmpl-08caf295c351e598' deferred (needs 5 blocks, 4076 free, 0 slot(s) open) — admits when a peer retires
2026-10-06 18:52:29.088 INFO  stats: rank 1 | 10.0 s | decode 143.9 tok/s, 6.4 ms/tok, 50.6 ms/step (184 steps / 1443 tok, 93 % of wall) | mtp 1.97 tok/step/req, accept p1 96 % | prefill 8 prompts / 275 tok, 27 tok/s, 2.06 ms/tok, 71 ms avg (6 % of wall), 0 tok cached (0/8 hits) | live 4, queued 4 | pool 20/4096 blocks (0 %) | prefix cache 0/1074 entries
2026-10-06 18:52:33.551 INFO  sched: request 'chatcmpl-08caf295c351e597' retired (steps): 256 tok in 6.7 s — prefill 35 tok (0 cached) in 206 ms; decode 255 tok / 129 passes in 6.5 s: 39.4 tok/s, 25.4 ms/tok, 50 ms/pass, 1.98 tok/pass, accept p1 98 %
2026-10-06 18:52:33.552 INFO  sched: request 'chatcmpl-08caf295c351e598' starting prefill in slot 3 (35 prompt tokens)
2026-10-06 18:52:33.651 INFO  sched: request 'chatcmpl-08caf295c351e598' prefix cache miss — 2 cut(s), the cache is empty
2026-10-06 18:52:33.651 INFO  sched: request 'chatcmpl-08caf295c351e598' admitted to slot 3 (reserve 5 blocks; pool 20/4096 blocks in use) — first token 58
2026-10-06 18:52:33.701 INFO  sched: request 'chatcmpl-08caf295c351e594' retired (steps): 256 tok in 6.8 s — prefill 35 tok (0 cached) in 206 ms; decode 255 tok / 130 passes in 6.6 s: 38.5 tok/s, 26.0 ms/tok, 51 ms/pass, 1.96 tok/pass, accept p1 97 %
2026-10-06 18:52:33.702 INFO  sched: request 'chatcmpl-08caf295c351e595' retired (steps): 256 tok in 6.8 s — prefill 34 tok (0 cached) in 206 ms; decode 255 tok / 130 passes in 6.6 s: 38.5 tok/s, 26.0 ms/tok, 51 ms/pass, 1.96 tok/pass, accept p1 97 %
2026-10-06 18:52:33.702 INFO  sched: request 'chatcmpl-08caf295c351e599' starting prefill in slot 0 (35 prompt tokens)
2026-10-06 18:52:33.702 INFO  sched: request 'chatcmpl-08caf295c351e59a' starting prefill in slot 1 (34 prompt tokens)
2026-10-06 18:52:33.858 INFO  sched: request 'chatcmpl-08caf295c351e599' prefix cache miss — 2 cut(s), the cache is empty
2026-10-06 18:52:33.858 INFO  sched: request 'chatcmpl-08caf295c351e599' admitted to slot 0 (reserve 5 blocks; pool 16/4096 blocks in use) — first token 58
2026-10-06 18:52:33.858 INFO  sched: request 'chatcmpl-08caf295c351e59a' prefix cache miss — 1 cut(s), the cache is empty
2026-10-06 18:52:33.858 INFO  sched: request 'chatcmpl-08caf295c351e59a' admitted to slot 1 (reserve 5 blocks; pool 20/4096 blocks in use) — first token 58
2026-10-06 18:52:33.858 INFO  sched: 2 requests admitted together in one prefill (156 ms)
2026-10-06 18:52:33.903 INFO  sched: request 'chatcmpl-08caf295c351e59b' deferred (needs 5 blocks, 4076 free, 0 slot(s) open) — admits when a peer retires
2026-10-06 18:52:34.013 INFO  sched: request 'chatcmpl-08caf295c351e596' retired (steps): 256 tok in 7.1 s — prefill 34 tok (0 cached) in 206 ms; decode 255 tok / 133 passes in 6.9 s: 36.8 tok/s, 27.2 ms/tok, 52 ms/pass, 1.92 tok/pass, accept p1 92 %
2026-10-06 18:52:34.013 INFO  sched: request 'chatcmpl-08caf295c351e59b' starting prefill in slot 2 (35 prompt tokens)
2026-10-06 18:52:34.112 INFO  sched: request 'chatcmpl-08caf295c351e59b' prefix cache miss — 2 cut(s), the cache is empty
2026-10-06 18:52:34.112 INFO  sched: request 'chatcmpl-08caf295c351e59b' admitted to slot 2 (reserve 5 blocks; pool 20/4096 blocks in use) — first token 58
2026-10-06 18:52:39.109 INFO  stats: rank 1 | 10.0 s | decode 148.3 tok/s, 6.4 ms/tok, 50.5 ms/step (189 steps / 1486 tok, 95 % of wall) | mtp 1.97 tok/step/req, accept p1 96 % | prefill 4 prompts / 139 tok, 14 tok/s, 2.54 ms/tok, 88 ms avg (4 % of wall), 0 tok cached (0/4 hits) | live 4, queued 0 | pool 20/4096 blocks (0 %) | prefix cache 0/1074 entries
2026-10-06 18:52:40.516 INFO  sched: request 'chatcmpl-08caf295c351e598' retired (steps): 256 tok in 7.0 s — prefill 35 tok (0 cached) in 98 ms; decode 255 tok / 128 passes in 6.9 s: 37.1 tok/s, 26.9 ms/tok, 54 ms/pass, 1.99 tok/pass, accept p1 100 %
2026-10-06 18:52:40.605 INFO  sched: request 'chatcmpl-08caf295c351e59a' retired (steps): 256 tok in 6.9 s — prefill 34 tok (0 cached) in 156 ms; decode 255 tok / 129 passes in 6.7 s: 37.8 tok/s, 26.5 ms/tok, 52 ms/pass, 1.98 tok/pass, accept p1 98 %
2026-10-06 18:52:40.695 INFO  sched: request 'chatcmpl-08caf295c351e599' retired (steps): 256 tok in 7.0 s — prefill 35 tok (0 cached) in 156 ms; decode 255 tok / 131 passes in 6.8 s: 37.3 tok/s, 26.8 ms/tok, 52 ms/pass, 1.95 tok/pass, accept p1 95 %
2026-10-06 18:52:40.775 INFO  sched: request 'chatcmpl-08caf295c351e59b' retired (steps): 256 tok in 6.8 s — prefill 35 tok (0 cached) in 99 ms; decode 255 tok / 131 passes in 6.7 s: 38.3 tok/s, 26.1 ms/tok, 51 ms/pass, 1.95 tok/pass, accept p1 95 %
2026-10-06 18:52:40.846 INFO  sched: request 'chatcmpl-08caf295c351e59c' starting prefill in slot 0 (73 prompt tokens)
2026-10-06 18:52:41.009 INFO  sched: request 'chatcmpl-08caf295c351e59c' prefix cache miss — 1 cut(s), the cache is empty
2026-10-06 18:52:41.009 INFO  sched: request 'chatcmpl-08caf295c351e59c' admitted to slot 0 (reserve 6 blocks; pool 6/4096 blocks in use) — first token 8160
2026-10-06 18:52:44.593 INFO  sched: request 'chatcmpl-08caf295c351e59c' retired (steps): 256 tok in 3.7 s — prefill 73 tok (0 cached) in 163 ms; decode 255 tok / 134 passes in 3.6 s: 71.2 tok/s, 14.1 ms/tok, 27 ms/pass, 1.90 tok/pass, accept p1 91 %
2026-10-06 18:52:44.607 INFO  sched: request 'chatcmpl-08caf295c351e59d' starting prefill in slot 0 (73 prompt tokens)
2026-10-06 18:52:44.760 INFO  sched: request 'chatcmpl-08caf295c351e59d' prefix cache miss — 1 cut(s), the cache is empty
2026-10-06 18:52:44.760 INFO  sched: request 'chatcmpl-08caf295c351e59d' admitted to slot 0 (reserve 6 blocks; pool 6/4096 blocks in use) — first token 8160
2026-10-06 18:52:48.290 INFO  sched: request 'chatcmpl-08caf295c351e59d' retired (steps): 256 tok in 3.7 s — prefill 73 tok (0 cached) in 153 ms; decode 255 tok / 134 passes in 3.5 s: 72.2 tok/s, 13.8 ms/tok, 26 ms/pass, 1.90 tok/pass, accept p1 91 %
2026-10-06 18:52:48.320 INFO  sched: request 'chatcmpl-08caf295c351e59e' starting prefill in slot 0 (73 prompt tokens)
2026-10-06 18:52:48.475 INFO  sched: request 'chatcmpl-08caf295c351e59e' prefix cache miss — 1 cut(s), the cache is empty
2026-10-06 18:52:48.475 INFO  sched: request 'chatcmpl-08caf295c351e59e' admitted to slot 0 (reserve 6 blocks; pool 6/4096 blocks in use) — first token 8160
2026-10-06 18:52:49.122 INFO  stats: rank 1 | 10.0 s | decode 79.8 tok/s, 11.7 ms/tok, 28.6 ms/step (327 steps / 799 tok, 93 % of wall) | mtp 1.93 tok/step/req, accept p1 93 % | prefill 3 prompts / 219 tok, 22 tok/s, 2.15 ms/tok, 157 ms avg (5 % of wall), 0 tok cached (0/3 hits) | live 1, queued 0 | pool 6/4096 blocks (0 %) | prefix cache 0/1074 entries
2026-10-06 18:52:52.006 INFO  sched: request 'chatcmpl-08caf295c351e59e' retired (steps): 256 tok in 3.7 s — prefill 73 tok (0 cached) in 155 ms; decode 255 tok / 134 passes in 3.5 s: 72.2 tok/s, 13.8 ms/tok, 26 ms/pass, 1.90 tok/pass, accept p1 91 %
2026-10-06 18:52:52.051 INFO  sched: request 'chatcmpl-08caf295c351e59f' starting prefill in slot 0 (54 prompt tokens)
2026-10-06 18:52:52.051 INFO  sched: request 'chatcmpl-08caf295c351e5a0' starting prefill in slot 1 (64 prompt tokens)
2026-10-06 18:52:52.251 INFO  sched: request 'chatcmpl-08caf295c351e59f' prefix cache miss — 1 cut(s), the cache is empty
2026-10-06 18:52:52.251 INFO  sched: request 'chatcmpl-08caf295c351e59f' admitted to slot 0 (reserve 5 blocks; pool 6/4096 blocks in use) — first token 8160
2026-10-06 18:52:52.251 INFO  sched: request 'chatcmpl-08caf295c351e5a0' prefix cache miss — 2 cut(s), the cache is empty
2026-10-06 18:52:52.251 INFO  sched: request 'chatcmpl-08caf295c351e5a0' admitted to slot 1 (reserve 5 blocks; pool 10/4096 blocks in use) — first token 8160
2026-10-06 18:52:52.251 INFO  sched: 2 requests admitted together in one prefill (200 ms)
2026-10-06 18:52:56.853 INFO  sched: request 'chatcmpl-08caf295c351e5a0' retired (steps): 256 tok in 4.8 s — prefill 64 tok (0 cached) in 200 ms; decode 255 tok / 131 passes in 4.6 s: 55.4 tok/s, 18.0 ms/tok, 35 ms/pass, 1.95 tok/pass, accept p1 95 %
2026-10-06 18:52:56.933 INFO  sched: request 'chatcmpl-08caf295c351e59f' retired (steps): 256 tok in 4.9 s — prefill 54 tok (0 cached) in 200 ms; decode 255 tok / 134 passes in 4.7 s: 54.5 tok/s, 18.4 ms/tok, 35 ms/pass, 1.90 tok/pass, accept p1 91 %
2026-10-06 18:52:56.947 INFO  sched: request 'chatcmpl-08caf295c351e5a1' starting prefill in slot 0 (64 prompt tokens)
2026-10-06 18:52:56.947 INFO  sched: request 'chatcmpl-08caf295c351e5a2' starting prefill in slot 1 (54 prompt tokens)
2026-10-06 18:52:57.145 INFO  sched: request 'chatcmpl-08caf295c351e5a1' prefix cache miss — 2 cut(s), the cache is empty
2026-10-06 18:52:57.145 INFO  sched: request 'chatcmpl-08caf295c351e5a1' admitted to slot 0 (reserve 5 blocks; pool 6/4096 blocks in use) — first token 8160
2026-10-06 18:52:57.145 INFO  sched: request 'chatcmpl-08caf295c351e5a2' prefix cache miss — 1 cut(s), the cache is empty
2026-10-06 18:52:57.145 INFO  sched: request 'chatcmpl-08caf295c351e5a2' admitted to slot 1 (reserve 5 blocks; pool 10/4096 blocks in use) — first token 8160
2026-10-06 18:52:57.145 INFO  sched: 2 requests admitted together in one prefill (198 ms)
2026-10-06 18:52:59.131 INFO  stats: rank 1 | 10.0 s | decode 93.8 tok/s, 10.1 ms/tok, 31.5 ms/step (301 steps / 939 tok, 95 % of wall) | mtp 1.92 tok/step/req, accept p1 91 % | prefill 4 prompts / 236 tok, 24 tok/s, 1.68 ms/tok, 99 ms avg (4 % of wall), 0 tok cached (0/4 hits) | live 2, queued 0 | pool 10/4096 blocks (0 %) | prefix cache 0/1074 entries
2026-10-06 18:53:01.713 INFO  sched: request 'chatcmpl-08caf295c351e5a1' retired (steps): 256 tok in 4.8 s — prefill 64 tok (0 cached) in 198 ms; decode 255 tok / 131 passes in 4.6 s: 55.8 tok/s, 17.9 ms/tok, 35 ms/pass, 1.95 tok/pass, accept p1 95 %
2026-10-06 18:53:01.796 INFO  sched: request 'chatcmpl-08caf295c351e5a2' retired (steps): 256 tok in 4.8 s — prefill 54 tok (0 cached) in 198 ms; decode 255 tok / 134 passes in 4.7 s: 54.8 tok/s, 18.2 ms/tok, 35 ms/pass, 1.90 tok/pass, accept p1 91 %
2026-10-06 18:53:01.821 INFO  sched: request 'chatcmpl-08caf295c351e5a3' starting prefill in slot 0 (64 prompt tokens)
2026-10-06 18:53:01.821 INFO  sched: request 'chatcmpl-08caf295c351e5a4' starting prefill in slot 1 (54 prompt tokens)
2026-10-06 18:53:02.016 INFO  sched: request 'chatcmpl-08caf295c351e5a3' prefix cache miss — 2 cut(s), the cache is empty
2026-10-06 18:53:02.016 INFO  sched: request 'chatcmpl-08caf295c351e5a3' admitted to slot 0 (reserve 5 blocks; pool 6/4096 blocks in use) — first token 8160
2026-10-06 18:53:02.016 INFO  sched: request 'chatcmpl-08caf295c351e5a4' prefix cache miss — 1 cut(s), the cache is empty
2026-10-06 18:53:02.016 INFO  sched: request 'chatcmpl-08caf295c351e5a4' admitted to slot 1 (reserve 5 blocks; pool 10/4096 blocks in use) — first token 8160
2026-10-06 18:53:02.016 INFO  sched: 2 requests admitted together in one prefill (195 ms)
2026-10-06 18:53:06.617 INFO  sched: request 'chatcmpl-08caf295c351e5a3' retired (steps): 256 tok in 4.8 s — prefill 64 tok (0 cached) in 195 ms; decode 255 tok / 132 passes in 4.6 s: 55.4 tok/s, 18.0 ms/tok, 35 ms/pass, 1.93 tok/pass, accept p1 93 %
2026-10-06 18:53:06.670 INFO  sched: request 'chatcmpl-08caf295c351e5a4' retired (steps): 256 tok in 4.8 s — prefill 54 tok (0 cached) in 195 ms; decode 255 tok / 134 passes in 4.7 s: 54.8 tok/s, 18.3 ms/tok, 35 ms/pass, 1.90 tok/pass, accept p1 91 %
2026-10-06 18:53:06.726 INFO  sched: request 'chatcmpl-08caf295c351e5a5' starting prefill in slot 0 (37 prompt tokens)
2026-10-06 18:53:06.726 INFO  sched: request 'chatcmpl-08caf295c351e5a6' starting prefill in slot 1 (39 prompt tokens)
2026-10-06 18:53:06.726 INFO  sched: request 'chatcmpl-08caf295c351e5a7' starting prefill in slot 2 (35 prompt tokens)
2026-10-06 18:53:06.726 INFO  sched: request 'chatcmpl-08caf295c351e5a8' starting prefill in slot 3 (54 prompt tokens)
2026-10-06 18:53:06.964 INFO  sched: request 'chatcmpl-08caf295c351e5a5' prefix cache miss — 1 cut(s), the cache is empty
2026-10-06 18:53:06.964 INFO  sched: request 'chatcmpl-08caf295c351e5a5' admitted to slot 0 (reserve 5 blocks; pool 8/4096 blocks in use) — first token 13962
2026-10-06 18:53:06.964 INFO  sched: request 'chatcmpl-08caf295c351e5a6' prefix cache miss — 2 cut(s), the cache is empty
2026-10-06 18:53:06.964 INFO  sched: request 'chatcmpl-08caf295c351e5a6' admitted to slot 1 (reserve 5 blocks; pool 12/4096 blocks in use) — first token 8160
2026-10-06 18:53:06.964 INFO  sched: request 'chatcmpl-08caf295c351e5a7' prefix cache miss — 2 cut(s), the cache is empty
2026-10-06 18:53:06.964 INFO  sched: request 'chatcmpl-08caf295c351e5a7' admitted to slot 2 (reserve 5 blocks; pool 16/4096 blocks in use) — first token 8160
2026-10-06 18:53:06.964 INFO  sched: request 'chatcmpl-08caf295c351e5a8' prefix cache miss — 1 cut(s), the cache is empty
2026-10-06 18:53:06.964 INFO  sched: request 'chatcmpl-08caf295c351e5a8' admitted to slot 3 (reserve 5 blocks; pool 20/4096 blocks in use) — first token 8160
2026-10-06 18:53:06.964 INFO  sched: 4 requests admitted together in one prefill (237 ms)
2026-10-06 18:53:09.149 INFO  stats: rank 1 | 10.0 s | decode 112.9 tok/s, 8.3 ms/tok, 37.1 ms/step (254 steps / 1131 tok, 94 % of wall) | mtp 1.91 tok/step/req, accept p1 91 % | prefill 6 prompts / 283 tok, 28 tok/s, 1.53 ms/tok, 72 ms avg (4 % of wall), 0 tok cached (0/6 hits) | live 4, queued 0 | pool 20/4096 blocks (0 %) | prefix cache 0/1074 entries
2026-10-06 18:53:13.732 INFO  sched: request 'chatcmpl-08caf295c351e5a8' retired (steps): 256 tok in 7.0 s — prefill 54 tok (0 cached) in 237 ms; decode 255 tok / 134 passes in 6.8 s: 37.7 tok/s, 26.5 ms/tok, 51 ms/pass, 1.90 tok/pass, accept p1 91 %
2026-10-06 18:53:13.775 INFO  sched: request 'chatcmpl-08caf295c351e5a5' retired (steps): 256 tok in 7.0 s — prefill 37 tok (0 cached) in 237 ms; decode 255 tok / 135 passes in 6.8 s: 37.4 tok/s, 26.7 ms/tok, 50 ms/pass, 1.89 tok/pass, accept p1 89 %
2026-10-06 18:53:13.775 INFO  sched: request 'chatcmpl-08caf295c351e5a6' retired (steps): 256 tok in 7.0 s — prefill 39 tok (0 cached) in 237 ms; decode 255 tok / 135 passes in 6.8 s: 37.4 tok/s, 26.7 ms/tok, 50 ms/pass, 1.89 tok/pass, accept p1 89 %
2026-10-06 18:53:13.830 INFO  sched: request 'chatcmpl-08caf295c351e5a7' retired (steps): 256 tok in 7.1 s — prefill 35 tok (0 cached) in 237 ms; decode 255 tok / 137 passes in 6.9 s: 37.1 tok/s, 26.9 ms/tok, 50 ms/pass, 1.86 tok/pass, accept p1 86 %
2026-10-06 18:53:13.839 INFO  sched: request 'chatcmpl-08caf295c351e5a9' starting prefill in slot 0 (35 prompt tokens)
2026-10-06 18:53:13.840 INFO  sched: request 'chatcmpl-08caf295c351e5aa' starting prefill in slot 1 (54 prompt tokens)
2026-10-06 18:53:13.840 INFO  sched: request 'chatcmpl-08caf295c351e5ab' starting prefill in slot 2 (37 prompt tokens)
2026-10-06 18:53:13.840 INFO  sched: request 'chatcmpl-08caf295c351e5ac' starting prefill in slot 3 (39 prompt tokens)
2026-10-06 18:53:14.068 INFO  sched: request 'chatcmpl-08caf295c351e5a9' prefix cache miss — 2 cut(s), the cache is empty
2026-10-06 18:53:14.068 INFO  sched: request 'chatcmpl-08caf295c351e5a9' admitted to slot 0 (reserve 5 blocks; pool 8/4096 blocks in use) — first token 8160
2026-10-06 18:53:14.068 INFO  sched: request 'chatcmpl-08caf295c351e5aa' prefix cache miss — 1 cut(s), the cache is empty
2026-10-06 18:53:14.068 INFO  sched: request 'chatcmpl-08caf295c351e5aa' admitted to slot 1 (reserve 5 blocks; pool 12/4096 blocks in use) — first token 8160
2026-10-06 18:53:14.068 INFO  sched: request 'chatcmpl-08caf295c351e5ab' prefix cache miss — 1 cut(s), the cache is empty
2026-10-06 18:53:14.068 INFO  sched: request 'chatcmpl-08caf295c351e5ab' admitted to slot 2 (reserve 5 blocks; pool 16/4096 blocks in use) — first token 13962
2026-10-06 18:53:14.068 INFO  sched: request 'chatcmpl-08caf295c351e5ac' prefix cache miss — 2 cut(s), the cache is empty
2026-10-06 18:53:14.068 INFO  sched: request 'chatcmpl-08caf295c351e5ac' admitted to slot 3 (reserve 5 blocks; pool 20/4096 blocks in use) — first token 8160
2026-10-06 18:53:14.068 INFO  sched: 4 requests admitted together in one prefill (229 ms)
2026-10-06 18:53:19.187 INFO  stats: rank 1 | 10.0 s | decode 144.7 tok/s, 6.7 ms/tok, 50.1 ms/step (194 steps / 1453 tok, 97 % of wall) | mtp 1.89 tok/step/req, accept p1 89 % | prefill 4 prompts / 165 tok, 16 tok/s, 1.39 ms/tok, 57 ms avg (2 % of wall), 0 tok cached (0/4 hits) | live 4, queued 0 | pool 20/4096 blocks (0 %) | prefix cache 0/1074 entries
2026-10-06 18:53:20.839 INFO  sched: request 'chatcmpl-08caf295c351e5aa' retired (steps): 256 tok in 7.0 s — prefill 54 tok (0 cached) in 229 ms; decode 255 tok / 133 passes in 6.8 s: 37.7 tok/s, 26.6 ms/tok, 51 ms/pass, 1.92 tok/pass, accept p1 92 %
2026-10-06 18:53:21.004 INFO  sched: request 'chatcmpl-08caf295c351e5a9' retired (steps): 256 tok in 7.2 s — prefill 35 tok (0 cached) in 229 ms; decode 255 tok / 136 passes in 6.9 s: 36.8 tok/s, 27.2 ms/tok, 51 ms/pass, 1.88 tok/pass, accept p1 88 %
2026-10-06 18:53:21.005 INFO  sched: request 'chatcmpl-08caf295c351e5ac' retired (steps): 256 tok in 7.2 s — prefill 39 tok (0 cached) in 229 ms; decode 255 tok / 136 passes in 6.9 s: 36.8 tok/s, 27.2 ms/tok, 51 ms/pass, 1.88 tok/pass, accept p1 88 %
2026-10-06 18:53:21.087 INFO  sched: request 'chatcmpl-08caf295c351e5ab' retired (steps): 256 tok in 7.2 s — prefill 37 tok (0 cached) in 229 ms; decode 255 tok / 139 passes in 7.0 s: 36.3 tok/s, 27.5 ms/tok, 50 ms/pass, 1.83 tok/pass, accept p1 84 %
2026-10-06 18:53:21.116 INFO  sched: request 'chatcmpl-08caf295c351e5ad' starting prefill in slot 0 (39 prompt tokens)
2026-10-06 18:53:21.117 INFO  sched: request 'chatcmpl-08caf295c351e5ae' starting prefill in slot 1 (35 prompt tokens)
2026-10-06 18:53:21.117 INFO  sched: request 'chatcmpl-08caf295c351e5af' starting prefill in slot 2 (37 prompt tokens)
2026-10-06 18:53:21.117 INFO  sched: request 'chatcmpl-08caf295c351e5b0' starting prefill in slot 3 (54 prompt tokens)
2026-10-06 18:53:21.344 INFO  sched: request 'chatcmpl-08caf295c351e5ad' prefix cache miss — 2 cut(s), the cache is empty
2026-10-06 18:53:21.344 INFO  sched: request 'chatcmpl-08caf295c351e5ad' admitted to slot 0 (reserve 5 blocks; pool 8/4096 blocks in use) — first token 8160
2026-10-06 18:53:21.344 INFO  sched: request 'chatcmpl-08caf295c351e5ae' prefix cache miss — 2 cut(s), the cache is empty
2026-10-06 18:53:21.344 INFO  sched: request 'chatcmpl-08caf295c351e5ae' admitted to slot 1 (reserve 5 blocks; pool 12/4096 blocks in use) — first token 8160
2026-10-06 18:53:21.344 INFO  sched: request 'chatcmpl-08caf295c351e5af' prefix cache miss — 1 cut(s), the cache is empty
2026-10-06 18:53:21.344 INFO  sched: request 'chatcmpl-08caf295c351e5af' admitted to slot 2 (reserve 5 blocks; pool 16/4096 blocks in use) — first token 13962
2026-10-06 18:53:21.344 INFO  sched: request 'chatcmpl-08caf295c351e5b0' prefix cache miss — 1 cut(s), the cache is empty
2026-10-06 18:53:21.344 INFO  sched: request 'chatcmpl-08caf295c351e5b0' admitted to slot 3 (reserve 5 blocks; pool 20/4096 blocks in use) — first token 8160
2026-10-06 18:53:21.344 INFO  sched: 4 requests admitted together in one prefill (227 ms)
2026-10-06 18:53:28.022 INFO  sched: request 'chatcmpl-08caf295c351e5b0' retired (steps): 256 tok in 6.9 s — prefill 54 tok (0 cached) in 227 ms; decode 255 tok / 132 passes in 6.7 s: 38.2 tok/s, 26.2 ms/tok, 51 ms/pass, 1.93 tok/pass, accept p1 93 %
2026-10-06 18:53:28.199 INFO  sched: request 'chatcmpl-08caf295c351e5ad' retired (steps): 256 tok in 7.1 s — prefill 39 tok (0 cached) in 227 ms; decode 255 tok / 136 passes in 6.9 s: 37.2 tok/s, 26.9 ms/tok, 50 ms/pass, 1.88 tok/pass, accept p1 88 %
2026-10-06 18:53:28.299 INFO  sched: request 'chatcmpl-08caf295c351e5ae' retired (steps): 256 tok in 7.2 s — prefill 35 tok (0 cached) in 227 ms; decode 255 tok / 138 passes in 7.0 s: 36.7 tok/s, 27.3 ms/tok, 50 ms/pass, 1.85 tok/pass, accept p1 85 %
2026-10-06 18:53:28.299 INFO  sched: request 'chatcmpl-08caf295c351e5af' retired (steps): 256 tok in 7.2 s — prefill 37 tok (0 cached) in 227 ms; decode 255 tok / 138 passes in 7.0 s: 36.7 tok/s, 27.3 ms/tok, 50 ms/pass, 1.85 tok/pass, accept p1 86 %
2026-10-06 18:53:28.407 INFO  sched: request 'chatcmpl-08caf295c351e5b1' starting prefill in slot 0 (36 prompt tokens)
2026-10-06 18:53:28.407 INFO  sched: request 'chatcmpl-08caf295c351e5b2' starting prefill in slot 1 (50 prompt tokens)
2026-10-06 18:53:28.408 INFO  sched: request 'chatcmpl-08caf295c351e5b3' starting prefill in slot 2 (45 prompt tokens)
2026-10-06 18:53:28.408 INFO  sched: request 'chatcmpl-08caf295c351e5b4' starting prefill in slot 3 (39 prompt tokens)
2026-10-06 18:53:28.643 INFO  sched: request 'chatcmpl-08caf295c351e5b1' prefix cache miss — 2 cut(s), the cache is empty
2026-10-06 18:53:28.643 INFO  sched: request 'chatcmpl-08caf295c351e5b1' admitted to slot 0 (reserve 5 blocks; pool 8/4096 blocks in use) — first token 1206
2026-10-06 18:53:28.643 INFO  sched: request 'chatcmpl-08caf295c351e5b2' prefix cache miss — 1 cut(s), the cache is empty
2026-10-06 18:53:28.643 INFO  sched: request 'chatcmpl-08caf295c351e5b2' admitted to slot 1 (reserve 5 blocks; pool 12/4096 blocks in use) — first token 8160
2026-10-06 18:53:28.643 INFO  sched: request 'chatcmpl-08caf295c351e5b3' prefix cache miss — 1 cut(s), the cache is empty
2026-10-06 18:53:28.643 INFO  sched: request 'chatcmpl-08caf295c351e5b3' admitted to slot 2 (reserve 5 blocks; pool 16/4096 blocks in use) — first token 8160
2026-10-06 18:53:28.643 INFO  sched: request 'chatcmpl-08caf295c351e5b4' prefix cache miss — 2 cut(s), the cache is empty
2026-10-06 18:53:28.643 INFO  sched: request 'chatcmpl-08caf295c351e5b4' admitted to slot 3 (reserve 5 blocks; pool 20/4096 blocks in use) — first token 8160
2026-10-06 18:53:28.643 INFO  sched: 4 requests admitted together in one prefill (235 ms)
2026-10-06 18:53:28.692 INFO  sched: request 'chatcmpl-08caf295c351e5b5' deferred (needs 5 blocks, 4076 free, 0 slot(s) open) — admits when a peer retires
2026-10-06 18:53:29.228 INFO  stats: rank 1 | 10.0 s | decode 138.0 tok/s, 6.7 ms/tok, 49.7 ms/step (188 steps / 1386 tok, 93 % of wall) | mtp 1.89 tok/step/req, accept p1 89 % | prefill 8 prompts / 335 tok, 33 tok/s, 1.38 ms/tok, 58 ms avg (5 % of wall), 0 tok cached (0/8 hits) | live 4, queued 4 | pool 20/4096 blocks (0 %) | prefix cache 0/1074 entries
2026-10-06 18:53:35.213 INFO  sched: request 'chatcmpl-08caf295c351e5b2' retired (steps): 256 tok in 6.8 s — prefill 50 tok (0 cached) in 235 ms; decode 255 tok / 130 passes in 6.6 s: 38.8 tok/s, 25.8 ms/tok, 51 ms/pass, 1.96 tok/pass, accept p1 96 %
2026-10-06 18:53:35.214 INFO  sched: request 'chatcmpl-08caf295c351e5b5' starting prefill in slot 1 (37 prompt tokens)
2026-10-06 18:53:35.310 INFO  sched: request 'chatcmpl-08caf295c351e5b5' prefix cache miss — 1 cut(s), the cache is empty
2026-10-06 18:53:35.310 INFO  sched: request 'chatcmpl-08caf295c351e5b5' admitted to slot 1 (reserve 5 blocks; pool 20/4096 blocks in use) — first token 8160
2026-10-06 18:53:35.363 INFO  sched: request 'chatcmpl-08caf295c351e5b3' retired (steps): 256 tok in 7.0 s — prefill 45 tok (0 cached) in 235 ms; decode 255 tok / 131 passes in 6.7 s: 37.9 tok/s, 26.4 ms/tok, 51 ms/pass, 1.95 tok/pass, accept p1 95 %
2026-10-06 18:53:35.364 INFO  sched: request 'chatcmpl-08caf295c351e5b6' starting prefill in slot 2 (38 prompt tokens)
2026-10-06 18:53:35.461 INFO  sched: request 'chatcmpl-08caf295c351e5b6' prefix cache miss — 1 cut(s), the cache is empty
2026-10-06 18:53:35.461 INFO  sched: request 'chatcmpl-08caf295c351e5b6' admitted to slot 2 (reserve 5 blocks; pool 20/4096 blocks in use) — first token 8160
2026-10-06 18:53:35.513 INFO  sched: request 'chatcmpl-08caf295c351e5b1' retired (steps): 256 tok in 7.1 s — prefill 36 tok (0 cached) in 235 ms; decode 255 tok / 132 passes in 6.9 s: 37.1 tok/s, 26.9 ms/tok, 52 ms/pass, 1.93 tok/pass, accept p1 93 %
2026-10-06 18:53:35.513 INFO  sched: request 'chatcmpl-08caf295c351e5b7' starting prefill in slot 0 (40 prompt tokens)
2026-10-06 18:53:35.612 INFO  sched: request 'chatcmpl-08caf295c351e5b7' prefix cache miss — 2 cut(s), the cache is empty
2026-10-06 18:53:35.612 INFO  sched: request 'chatcmpl-08caf295c351e5b7' admitted to slot 0 (reserve 5 blocks; pool 20/4096 blocks in use) — first token 13962
2026-10-06 18:53:35.660 INFO  sched: request 'chatcmpl-08caf295c351e5b8' deferred (needs 5 blocks, 4076 free, 0 slot(s) open) — admits when a peer retires
2026-10-06 18:53:35.725 INFO  sched: request 'chatcmpl-08caf295c351e5b4' retired (steps): 256 tok in 7.3 s — prefill 39 tok (0 cached) in 235 ms; decode 255 tok / 134 passes in 7.1 s: 36.0 tok/s, 27.8 ms/tok, 53 ms/pass, 1.90 tok/pass, accept p1 91 %
2026-10-06 18:53:35.725 INFO  sched: request 'chatcmpl-08caf295c351e5b8' starting prefill in slot 3 (43 prompt tokens)
2026-10-06 18:53:35.830 INFO  sched: request 'chatcmpl-08caf295c351e5b8' prefix cache miss — 2 cut(s), the cache is empty
2026-10-06 18:53:35.830 INFO  sched: request 'chatcmpl-08caf295c351e5b8' admitted to slot 3 (reserve 5 blocks; pool 20/4096 blocks in use) — first token 8160
2026-10-06 18:53:39.264 INFO  stats: rank 1 | 10.0 s | decode 145.0 tok/s, 6.6 ms/tok, 50.3 ms/step (190 steps / 1455 tok, 95 % of wall) | mtp 1.91 tok/step/req, accept p1 91 % | prefill 4 prompts / 158 tok, 16 tok/s, 2.52 ms/tok, 99 ms avg (4 % of wall), 0 tok cached (0/4 hits) | live 4, queued 0 | pool 20/4096 blocks (0 %) | prefix cache 0/1074 entries
2026-10-06 18:53:42.391 INFO  sched: request 'chatcmpl-08caf295c351e5b6' retired (steps): 256 tok in 7.0 s — prefill 38 tok (0 cached) in 97 ms; decode 255 tok / 132 passes in 6.9 s: 36.8 tok/s, 27.2 ms/tok, 53 ms/pass, 1.93 tok/pass, accept p1 94 %
2026-10-06 18:53:42.495 INFO  sched: request 'chatcmpl-08caf295c351e5b5' retired (steps): 256 tok in 7.3 s — prefill 37 tok (0 cached) in 97 ms; decode 255 tok / 135 passes in 7.2 s: 35.5 tok/s, 28.2 ms/tok, 53 ms/pass, 1.89 tok/pass, accept p1 89 %
2026-10-06 18:53:42.729 INFO  sched: request 'chatcmpl-08caf295c351e5b8' retired (steps): 256 tok in 7.0 s — prefill 43 tok (0 cached) in 105 ms; decode 255 tok / 136 passes in 6.9 s: 37.0 tok/s, 27.1 ms/tok, 51 ms/pass, 1.88 tok/pass, accept p1 88 %
2026-10-06 18:53:42.940 INFO  sched: request 'chatcmpl-08caf295c351e5b7' retired (steps): 256 tok in 7.4 s — prefill 40 tok (0 cached) in 100 ms; decode 255 tok / 146 passes in 7.3 s: 34.8 tok/s, 28.7 ms/tok, 50 ms/pass, 1.75 tok/pass, accept p1 75 %
2026-10-06 18:53:42.959 INFO  sched: request 'chatcmpl-08caf295c351e5b9' starting prefill in slot 0 (39 prompt tokens)
2026-10-06 18:53:42.959 INFO  sched: request 'chatcmpl-08caf295c351e5ba' starting prefill in slot 1 (37 prompt tokens)
2026-10-06 18:53:42.959 INFO  sched: request 'chatcmpl-08caf295c351e5bb' starting prefill in slot 2 (45 prompt tokens)
2026-10-06 18:53:42.959 INFO  sched: request 'chatcmpl-08caf295c351e5bc' starting prefill in slot 3 (36 prompt tokens)
2026-10-06 18:53:43.180 INFO  sched: request 'chatcmpl-08caf295c351e5b9' prefix cache miss — 2 cut(s), the cache is empty
2026-10-06 18:53:43.180 INFO  sched: request 'chatcmpl-08caf295c351e5b9' admitted to slot 0 (reserve 5 blocks; pool 8/4096 blocks in use) — first token 8160
2026-10-06 18:53:43.180 INFO  sched: request 'chatcmpl-08caf295c351e5ba' prefix cache miss — 1 cut(s), the cache is empty
2026-10-06 18:53:43.180 INFO  sched: request 'chatcmpl-08caf295c351e5ba' admitted to slot 1 (reserve 5 blocks; pool 12/4096 blocks in use) — first token 8160
2026-10-06 18:53:43.180 INFO  sched: request 'chatcmpl-08caf295c351e5bb' prefix cache miss — 1 cut(s), the cache is empty
2026-10-06 18:53:43.180 INFO  sched: request 'chatcmpl-08caf295c351e5bb' admitted to slot 2 (reserve 5 blocks; pool 16/4096 blocks in use) — first token 13962
2026-10-06 18:53:43.180 INFO  sched: request 'chatcmpl-08caf295c351e5bc' prefix cache miss — 2 cut(s), the cache is empty
2026-10-06 18:53:43.180 INFO  sched: request 'chatcmpl-08caf295c351e5bc' admitted to slot 3 (reserve 5 blocks; pool 20/4096 blocks in use) — first token 1206
2026-10-06 18:53:43.180 INFO  sched: 4 requests admitted together in one prefill (221 ms)
2026-10-06 18:53:43.232 INFO  sched: request 'chatcmpl-08caf295c351e5bd' deferred (needs 5 blocks, 4076 free, 0 slot(s) open) — admits when a peer retires
2026-10-06 18:53:49.268 INFO  stats: rank 1 | 10.0 s | decode 134.4 tok/s, 7.2 ms/tok, 51.7 ms/step (187 steps / 1345 tok, 97 % of wall) | mtp 1.89 tok/step/req, accept p1 89 % | prefill 4 prompts / 157 tok, 16 tok/s, 1.40 ms/tok, 55 ms avg (2 % of wall), 0 tok cached (0/4 hits) | live 4, queued 4 | pool 20/4096 blocks (0 %) | prefix cache 0/1074 entries
2026-10-06 18:53:50.342 INFO  sched: request 'chatcmpl-08caf295c351e5bc' retired (steps): 256 tok in 7.4 s — prefill 36 tok (0 cached) in 221 ms; decode 255 tok / 132 passes in 7.2 s: 35.6 tok/s, 28.1 ms/tok, 54 ms/pass, 1.93 tok/pass, accept p1 93 %
2026-10-06 18:53:50.343 INFO  sched: request 'chatcmpl-08caf295c351e5bd' starting prefill in slot 3 (43 prompt tokens)
2026-10-06 18:53:50.447 INFO  sched: request 'chatcmpl-08caf295c351e5bd' prefix cache miss — 2 cut(s), the cache is empty
2026-10-06 18:53:50.447 INFO  sched: request 'chatcmpl-08caf295c351e5bd' admitted to slot 3 (reserve 5 blocks; pool 20/4096 blocks in use) — first token 8160
2026-10-06 18:53:50.508 INFO  sched: request 'chatcmpl-08caf295c351e5bb' retired (steps): 256 tok in 7.5 s — prefill 45 tok (0 cached) in 221 ms; decode 255 tok / 133 passes in 7.3 s: 34.8 tok/s, 28.7 ms/tok, 55 ms/pass, 1.92 tok/pass, accept p1 92 %
2026-10-06 18:53:50.509 INFO  sched: request 'chatcmpl-08caf295c351e5be' starting prefill in slot 2 (50 prompt tokens)
2026-10-06 18:53:50.621 INFO  sched: request 'chatcmpl-08caf295c351e5be' prefix cache miss — 1 cut(s), the cache is empty
2026-10-06 18:53:50.621 INFO  sched: request 'chatcmpl-08caf295c351e5be' admitted to slot 2 (reserve 5 blocks; pool 20/4096 blocks in use) — first token 8160
2026-10-06 18:53:50.679 INFO  sched: request 'chatcmpl-08caf295c351e5bf' deferred (needs 5 blocks, 4076 free, 0 slot(s) open) — admits when a peer retires
2026-10-06 18:53:50.732 INFO  sched: request 'chatcmpl-08caf295c351e5b9' retired (steps): 256 tok in 7.8 s — prefill 39 tok (0 cached) in 221 ms; decode 255 tok / 135 passes in 7.6 s: 33.8 tok/s, 29.6 ms/tok, 56 ms/pass, 1.89 tok/pass, accept p1 89 %
2026-10-06 18:53:50.732 INFO  sched: request 'chatcmpl-08caf295c351e5bf' starting prefill in slot 0 (40 prompt tokens)
2026-10-06 18:53:50.836 INFO  sched: request 'chatcmpl-08caf295c351e5bf' prefix cache miss — 2 cut(s), the cache is empty
2026-10-06 18:53:50.836 INFO  sched: request 'chatcmpl-08caf295c351e5bf' admitted to slot 0 (reserve 5 blocks; pool 20/4096 blocks in use) — first token 13962
2026-10-06 18:53:50.891 INFO  sched: request 'chatcmpl-08caf295c351e5ba' retired (steps): 256 tok in 7.9 s — prefill 37 tok (0 cached) in 221 ms; decode 255 tok / 136 passes in 7.7 s: 33.1 tok/s, 30.2 ms/tok, 57 ms/pass, 1.88 tok/pass, accept p1 88 %
2026-10-06 18:53:50.891 INFO  sched: request 'chatcmpl-08caf295c351e5c0' starting prefill in slot 1 (38 prompt tokens)
2026-10-06 18:53:50.988 INFO  sched: request 'chatcmpl-08caf295c351e5c0' prefix cache miss — 1 cut(s), the cache is empty
2026-10-06 18:53:50.988 INFO  sched: request 'chatcmpl-08caf295c351e5c0' admitted to slot 1 (reserve 5 blocks; pool 20/4096 blocks in use) — first token 8160
2026-10-06 18:53:57.651 INFO  sched: request 'chatcmpl-08caf295c351e5be' retired (steps): 256 tok in 7.1 s — prefill 50 tok (0 cached) in 112 ms; decode 255 tok / 131 passes in 7.0 s: 36.3 tok/s, 27.6 ms/tok, 54 ms/pass, 1.95 tok/pass, accept p1 95 %
2026-10-06 18:53:57.854 INFO  sched: request 'chatcmpl-08caf295c351e5bd' retired (steps): 256 tok in 7.5 s — prefill 43 tok (0 cached) in 104 ms; decode 255 tok / 136 passes in 7.4 s: 34.4 tok/s, 29.0 ms/tok, 54 ms/pass, 1.88 tok/pass, accept p1 88 %
2026-10-06 18:53:57.854 INFO  sched: request 'chatcmpl-08caf295c351e5c0' retired (steps): 256 tok in 7.0 s — prefill 38 tok (0 cached) in 97 ms; decode 255 tok / 132 passes in 6.9 s: 37.1 tok/s, 26.9 ms/tok, 52 ms/pass, 1.93 tok/pass, accept p1 94 %
2026-10-06 18:53:58.195 INFO  sched: request 'chatcmpl-08caf295c351e5bf' retired (steps): 256 tok in 7.5 s — prefill 40 tok (0 cached) in 104 ms; decode 255 tok / 146 passes in 7.4 s: 34.7 tok/s, 28.9 ms/tok, 50 ms/pass, 1.75 tok/pass, accept p1 75 %
2026-10-06 18:53:58.215 INFO  sched: request 'chatcmpl-08caf295c351e5c1' starting prefill in slot 0 (39 prompt tokens)
2026-10-06 18:53:58.215 INFO  sched: request 'chatcmpl-08caf295c351e5c2' starting prefill in slot 1 (43 prompt tokens)
2026-10-06 18:53:58.215 INFO  sched: request 'chatcmpl-08caf295c351e5c3' starting prefill in slot 2 (45 prompt tokens)
2026-10-06 18:53:58.215 INFO  sched: request 'chatcmpl-08caf295c351e5c4' starting prefill in slot 3 (37 prompt tokens)
2026-10-06 18:53:58.439 INFO  sched: request 'chatcmpl-08caf295c351e5c1' prefix cache miss — 2 cut(s), the cache is empty
2026-10-06 18:53:58.439 INFO  sched: request 'chatcmpl-08caf295c351e5c1' admitted to slot 0 (reserve 5 blocks; pool 8/4096 blocks in use) — first token 8160
2026-10-06 18:53:58.439 INFO  sched: request 'chatcmpl-08caf295c351e5c2' prefix cache miss — 2 cut(s), the cache is empty
2026-10-06 18:53:58.439 INFO  sched: request 'chatcmpl-08caf295c351e5c2' admitted to slot 1 (reserve 5 blocks; pool 12/4096 blocks in use) — first token 8160
2026-10-06 18:53:58.439 INFO  sched: request 'chatcmpl-08caf295c351e5c3' prefix cache miss — 1 cut(s), the cache is empty
2026-10-06 18:53:58.439 INFO  sched: request 'chatcmpl-08caf295c351e5c3' admitted to slot 2 (reserve 5 blocks; pool 16/4096 blocks in use) — first token 13962
2026-10-06 18:53:58.439 INFO  sched: request 'chatcmpl-08caf295c351e5c4' prefix cache miss — 1 cut(s), the cache is empty
2026-10-06 18:53:58.439 INFO  sched: request 'chatcmpl-08caf295c351e5c4' admitted to slot 3 (reserve 5 blocks; pool 20/4096 blocks in use) — first token 8160
2026-10-06 18:53:58.439 INFO  sched: 4 requests admitted together in one prefill (224 ms)
2026-10-06 18:53:58.481 INFO  sched: request 'chatcmpl-08caf295c351e5c5' deferred (needs 5 blocks, 4076 free, 0 slot(s) open) — admits when a peer retires
2026-10-06 18:53:59.316 INFO  stats: rank 1 | 10.0 s | decode 133.4 tok/s, 6.9 ms/tok, 49.1 ms/step (188 steps / 1340 tok, 92 % of wall) | mtp 1.89 tok/step/req, accept p1 88 % | prefill 8 prompts / 335 tok, 33 tok/s, 1.91 ms/tok, 80 ms avg (6 % of wall), 0 tok cached (0/8 hits) | live 4, queued 4 | pool 20/4096 blocks (0 %) | prefix cache 0/1074 entries
2026-10-06 18:54:05.157 INFO  sched: request 'chatcmpl-08caf295c351e5c2' retired (steps): 256 tok in 6.9 s — prefill 43 tok (0 cached) in 224 ms; decode 255 tok / 132 passes in 6.7 s: 38.0 tok/s, 26.3 ms/tok, 51 ms/pass, 1.93 tok/pass, accept p1 93 %
2026-10-06 18:54:05.158 INFO  sched: request 'chatcmpl-08caf295c351e5c5' starting prefill in slot 1 (36 prompt tokens)
2026-10-06 18:54:05.256 INFO  sched: request 'chatcmpl-08caf295c351e5c5' prefix cache miss — 2 cut(s), the cache is empty
2026-10-06 18:54:05.256 INFO  sched: request 'chatcmpl-08caf295c351e5c5' admitted to slot 1 (reserve 5 blocks; pool 20/4096 blocks in use) — first token 1206
2026-10-06 18:54:05.314 INFO  sched: request 'chatcmpl-08caf295c351e5c6' deferred (needs 5 blocks, 4076 free, 0 slot(s) open) — admits when a peer retires
2026-10-06 18:54:05.417 INFO  sched: request 'chatcmpl-08caf295c351e5c1' retired (steps): 256 tok in 7.2 s — prefill 39 tok (0 cached) in 224 ms; decode 255 tok / 135 passes in 7.0 s: 36.5 tok/s, 27.4 ms/tok, 52 ms/pass, 1.89 tok/pass, accept p1 90 %
2026-10-06 18:54:05.417 INFO  sched: request 'chatcmpl-08caf295c351e5c6' starting prefill in slot 0 (50 prompt tokens)
2026-10-06 18:54:05.528 INFO  sched: request 'chatcmpl-08caf295c351e5c6' prefix cache miss — 1 cut(s), the cache is empty
2026-10-06 18:54:05.528 INFO  sched: request 'chatcmpl-08caf295c351e5c6' admitted to slot 0 (reserve 5 blocks; pool 20/4096 blocks in use) — first token 8160
2026-10-06 18:54:05.588 INFO  sched: request 'chatcmpl-08caf295c351e5c3' retired (steps): 256 tok in 7.4 s — prefill 45 tok (0 cached) in 224 ms; decode 255 tok / 136 passes in 7.1 s: 35.7 tok/s, 28.0 ms/tok, 53 ms/pass, 1.88 tok/pass, accept p1 88 %
2026-10-06 18:54:05.589 INFO  sched: request 'chatcmpl-08caf295c351e5c7' starting prefill in slot 2 (40 prompt tokens)
2026-10-06 18:54:05.688 INFO  sched: request 'chatcmpl-08caf295c351e5c7' prefix cache miss — 2 cut(s), the cache is empty
2026-10-06 18:54:05.688 INFO  sched: request 'chatcmpl-08caf295c351e5c7' admitted to slot 2 (reserve 5 blocks; pool 20/4096 blocks in use) — first token 13962
2026-10-06 18:54:05.746 INFO  sched: request 'chatcmpl-08caf295c351e5c8' deferred (needs 5 blocks, 4076 free, 0 slot(s) open) — admits when a peer retires
2026-10-06 18:54:05.799 INFO  sched: request 'chatcmpl-08caf295c351e5c4' retired (steps): 256 tok in 7.6 s — prefill 37 tok (0 cached) in 224 ms; decode 255 tok / 138 passes in 7.4 s: 34.6 tok/s, 28.9 ms/tok, 53 ms/pass, 1.85 tok/pass, accept p1 85 %
2026-10-06 18:54:05.800 INFO  sched: request 'chatcmpl-08caf295c351e5c8' starting prefill in slot 3 (38 prompt tokens)
2026-10-06 18:54:05.898 INFO  sched: request 'chatcmpl-08caf295c351e5c8' prefix cache miss — 1 cut(s), the cache is empty
2026-10-06 18:54:05.898 INFO  sched: request 'chatcmpl-08caf295c351e5c8' admitted to slot 3 (reserve 5 blocks; pool 20/4096 blocks in use) — first token 8160
2026-10-06 18:54:09.328 INFO  stats: rank 1 | 10.0 s | decode 141.4 tok/s, 6.7 ms/tok, 50.7 ms/step (187 steps / 1416 tok, 95 % of wall) | mtp 1.89 tok/step/req, accept p1 89 % | prefill 4 prompts / 164 tok, 16 tok/s, 2.47 ms/tok, 101 ms avg (4 % of wall), 0 tok cached (0/4 hits) | live 4, queued 0 | pool 20/4096 blocks (0 %) | prefix cache 0/1074 entries
2026-10-06 18:54:12.505 INFO  sched: request 'chatcmpl-08caf295c351e5c6' retired (steps): 256 tok in 7.1 s — prefill 50 tok (0 cached) in 111 ms; decode 255 tok / 131 passes in 7.0 s: 36.5 tok/s, 27.4 ms/tok, 53 ms/pass, 1.95 tok/pass, accept p1 95 %
2026-10-06 18:54:12.571 INFO  sched: request 'chatcmpl-08caf295c351e5c5' retired (steps): 256 tok in 7.4 s — prefill 36 tok (0 cached) in 98 ms; decode 255 tok / 135 passes in 7.3 s: 34.9 tok/s, 28.7 ms/tok, 54 ms/pass, 1.89 tok/pass, accept p1 89 %
2026-10-06 18:54:12.719 INFO  sched: request 'chatcmpl-08caf295c351e5c8' retired (steps): 256 tok in 6.9 s — prefill 38 tok (0 cached) in 98 ms; decode 255 tok / 132 passes in 6.8 s: 37.4 tok/s, 26.7 ms/tok, 52 ms/pass, 1.93 tok/pass, accept p1 94 %
2026-10-06 18:54:13.034 INFO  sched: request 'chatcmpl-08caf295c351e5c7' retired (steps): 256 tok in 7.4 s — prefill 40 tok (0 cached) in 99 ms; decode 255 tok / 146 passes in 7.3 s: 34.7 tok/s, 28.8 ms/tok, 50 ms/pass, 1.75 tok/pass, accept p1 75 %
2026-10-06 18:54:13.105 INFO  sched: request 'chatcmpl-08caf295c351e5c9' starting prefill in slot 0 (40 prompt tokens)
2026-10-06 18:54:13.221 INFO  sched: request 'chatcmpl-08caf295c351e5c9' prefix cache miss — 2 cut(s), the cache is empty
2026-10-06 18:54:13.221 INFO  sched: request 'chatcmpl-08caf295c351e5c9' admitted to slot 0 (reserve 5 blocks; pool 5/4096 blocks in use) — first token 77517
2026-10-06 18:54:17.207 INFO  sched: request 'chatcmpl-08caf295c351e5c9' retired (eos): 249 tok in 4.1 s — prefill 40 tok (0 cached) in 116 ms; decode 248 tok / 151 passes in 4.0 s: 62.2 tok/s, 16.1 ms/tok, 26 ms/pass, 1.64 tok/pass, accept p1 64 %
2026-10-06 18:54:17.221 INFO  sched: request 'chatcmpl-08caf295c351e5ca' starting prefill in slot 0 (40 prompt tokens)
2026-10-06 18:54:17.328 INFO  sched: request 'chatcmpl-08caf295c351e5ca' prefix cache miss — 2 cut(s), the cache is empty
2026-10-06 18:54:17.328 INFO  sched: request 'chatcmpl-08caf295c351e5ca' admitted to slot 0 (reserve 5 blocks; pool 5/4096 blocks in use) — first token 77517
2026-10-06 18:54:19.371 INFO  stats: rank 1 | 10.0 s | decode 85.5 tok/s, 11.1 ms/tok, 31.8 ms/step (300 steps / 859 tok, 95 % of wall) | mtp 1.76 tok/step/req, accept p1 76 % | prefill 2 prompts / 80 tok, 8 tok/s, 2.78 ms/tok, 111 ms avg (2 % of wall), 0 tok cached (0/2 hits) | live 1, queued 0 | pool 5/4096 blocks (0 %) | prefix cache 0/1074 entries
2026-10-06 18:54:21.481 INFO  sched: request 'chatcmpl-08caf295c351e5ca' retired (eos): 249 tok in 4.3 s — prefill 40 tok (0 cached) in 107 ms; decode 248 tok / 151 passes in 4.2 s: 59.7 tok/s, 16.7 ms/tok, 28 ms/pass, 1.64 tok/pass, accept p1 64 %
2026-10-06 18:54:21.511 INFO  sched: request 'chatcmpl-08caf295c351e5cb' starting prefill in slot 0 (40 prompt tokens)
2026-10-06 18:54:21.620 INFO  sched: request 'chatcmpl-08caf295c351e5cb' prefix cache miss — 2 cut(s), the cache is empty
2026-10-06 18:54:21.620 INFO  sched: request 'chatcmpl-08caf295c351e5cb' admitted to slot 0 (reserve 5 blocks; pool 5/4096 blocks in use) — first token 77517
2026-10-06 18:54:25.572 INFO  sched: request 'chatcmpl-08caf295c351e5cb' retired (eos): 249 tok in 4.1 s — prefill 40 tok (0 cached) in 109 ms; decode 248 tok / 151 passes in 4.0 s: 62.7 tok/s, 15.9 ms/tok, 26 ms/pass, 1.64 tok/pass, accept p1 64 %
2026-10-06 18:54:25.617 INFO  sched: request 'chatcmpl-08caf295c351e5cc' starting prefill in slot 0 (41 prompt tokens)
2026-10-06 18:54:25.617 INFO  sched: request 'chatcmpl-08caf295c351e5cd' starting prefill in slot 1 (40 prompt tokens)
2026-10-06 18:54:25.797 INFO  sched: request 'chatcmpl-08caf295c351e5cc' prefix cache miss — 1 cut(s), the cache is empty
2026-10-06 18:54:25.797 INFO  sched: request 'chatcmpl-08caf295c351e5cc' admitted to slot 0 (reserve 5 blocks; pool 6/4096 blocks in use) — first token 32
2026-10-06 18:54:25.797 INFO  sched: request 'chatcmpl-08caf295c351e5cd' prefix cache miss — 2 cut(s), the cache is empty
2026-10-06 18:54:25.797 INFO  sched: request 'chatcmpl-08caf295c351e5cd' admitted to slot 1 (reserve 5 blocks; pool 10/4096 blocks in use) — first token 24531
2026-10-06 18:54:25.797 INFO  sched: 2 requests admitted together in one prefill (180 ms)
2026-10-06 18:54:29.391 INFO  stats: rank 1 | 10.0 s | decode 74.7 tok/s, 12.7 ms/tok, 28.3 ms/step (335 steps / 749 tok, 95 % of wall) | mtp 1.70 tok/step/req, accept p1 70 % | prefill 3 prompts / 121 tok, 12 tok/s, 2.39 ms/tok, 96 ms avg (3 % of wall), 0 tok cached (0/3 hits) | live 2, queued 0 | pool 10/4096 blocks (0 %) | prefix cache 0/1074 entries
2026-10-06 18:54:30.761 INFO  sched: request 'chatcmpl-08caf295c351e5cd' retired (steps): 256 tok in 5.1 s — prefill 40 tok (0 cached) in 180 ms; decode 255 tok / 145 passes in 5.0 s: 51.4 tok/s, 19.5 ms/tok, 34 ms/pass, 1.76 tok/pass, accept p1 76 %
2026-10-06 18:54:30.866 INFO  sched: request 'chatcmpl-08caf295c351e5cc' retired (steps): 256 tok in 5.2 s — prefill 41 tok (0 cached) in 180 ms; decode 255 tok / 149 passes in 5.1 s: 50.3 tok/s, 19.9 ms/tok, 34 ms/pass, 1.71 tok/pass, accept p1 71 %
2026-10-06 18:54:30.875 INFO  sched: request 'chatcmpl-08caf295c351e5ce' starting prefill in slot 0 (41 prompt tokens)
2026-10-06 18:54:30.875 INFO  sched: request 'chatcmpl-08caf295c351e5cf' starting prefill in slot 1 (40 prompt tokens)
2026-10-06 18:54:31.048 INFO  sched: request 'chatcmpl-08caf295c351e5ce' prefix cache miss — 1 cut(s), the cache is empty
2026-10-06 18:54:31.048 INFO  sched: request 'chatcmpl-08caf295c351e5ce' admitted to slot 0 (reserve 5 blocks; pool 6/4096 blocks in use) — first token 32
2026-10-06 18:54:31.048 INFO  sched: request 'chatcmpl-08caf295c351e5cf' prefix cache miss — 2 cut(s), the cache is empty
2026-10-06 18:54:31.048 INFO  sched: request 'chatcmpl-08caf295c351e5cf' admitted to slot 1 (reserve 5 blocks; pool 10/4096 blocks in use) — first token 24531
2026-10-06 18:54:31.048 INFO  sched: 2 requests admitted together in one prefill (173 ms)
2026-10-06 18:54:36.031 INFO  sched: request 'chatcmpl-08caf295c351e5cf' retired (steps): 256 tok in 5.2 s — prefill 40 tok (0 cached) in 173 ms; decode 255 tok / 145 passes in 5.0 s: 51.2 tok/s, 19.5 ms/tok, 34 ms/pass, 1.76 tok/pass, accept p1 76 %
2026-10-06 18:54:36.163 INFO  sched: request 'chatcmpl-08caf295c351e5ce' retired (steps): 256 tok in 5.3 s — prefill 41 tok (0 cached) in 173 ms; decode 255 tok / 150 passes in 5.1 s: 49.9 tok/s, 20.1 ms/tok, 34 ms/pass, 1.70 tok/pass, accept p1 70 %
2026-10-06 18:54:36.177 INFO  sched: request 'chatcmpl-08caf295c351e5d0' starting prefill in slot 0 (41 prompt tokens)
2026-10-06 18:54:36.177 INFO  sched: request 'chatcmpl-08caf295c351e5d1' starting prefill in slot 1 (40 prompt tokens)
2026-10-06 18:54:36.355 INFO  sched: request 'chatcmpl-08caf295c351e5d0' prefix cache miss — 1 cut(s), the cache is empty
2026-10-06 18:54:36.355 INFO  sched: request 'chatcmpl-08caf295c351e5d0' admitted to slot 0 (reserve 5 blocks; pool 6/4096 blocks in use) — first token 32
2026-10-06 18:54:36.355 INFO  sched: request 'chatcmpl-08caf295c351e5d1' prefix cache miss — 2 cut(s), the cache is empty
2026-10-06 18:54:36.355 INFO  sched: request 'chatcmpl-08caf295c351e5d1' admitted to slot 1 (reserve 5 blocks; pool 10/4096 blocks in use) — first token 24531
2026-10-06 18:54:36.355 INFO  sched: 2 requests admitted together in one prefill (178 ms)
2026-10-06 18:54:39.421 INFO  stats: rank 1 | 10.0 s | decode 95.9 tok/s, 9.9 ms/tok, 33.6 ms/step (283 steps / 962 tok, 95 % of wall) | mtp 1.73 tok/step/req, accept p1 72 % | prefill 4 prompts / 162 tok, 16 tok/s, 2.16 ms/tok, 88 ms avg (3 % of wall), 0 tok cached (0/4 hits) | live 2, queued 0 | pool 10/4096 blocks (0 %) | prefix cache 0/1074 entries
2026-10-06 18:54:41.336 INFO  sched: request 'chatcmpl-08caf295c351e5d1' retired (steps): 256 tok in 5.2 s — prefill 40 tok (0 cached) in 178 ms; decode 255 tok / 145 passes in 5.0 s: 51.2 tok/s, 19.5 ms/tok, 34 ms/pass, 1.76 tok/pass, accept p1 76 %
2026-10-06 18:54:41.497 INFO  sched: request 'chatcmpl-08caf295c351e5d0' retired (steps): 256 tok in 5.3 s — prefill 41 tok (0 cached) in 178 ms; decode 255 tok / 151 passes in 5.1 s: 49.6 tok/s, 20.2 ms/tok, 34 ms/pass, 1.69 tok/pass, accept p1 69 %
2026-10-06 18:54:41.553 INFO  sched: request 'chatcmpl-08caf295c351e5d2' starting prefill in slot 0 (31 prompt tokens)
2026-10-06 18:54:41.553 INFO  sched: request 'chatcmpl-08caf295c351e5d3' starting prefill in slot 1 (40 prompt tokens)
2026-10-06 18:54:41.553 INFO  sched: request 'chatcmpl-08caf295c351e5d4' starting prefill in slot 2 (31 prompt tokens)
2026-10-06 18:54:41.553 INFO  sched: request 'chatcmpl-08caf295c351e5d5' starting prefill in slot 3 (31 prompt tokens)
2026-10-06 18:54:41.775 INFO  sched: request 'chatcmpl-08caf295c351e5d2' prefix cache miss — 2 cut(s), the cache is empty
2026-10-06 18:54:41.775 INFO  sched: request 'chatcmpl-08caf295c351e5d2' admitted to slot 0 (reserve 5 blocks; pool 8/4096 blocks in use) — first token 48218
2026-10-06 18:54:41.775 INFO  sched: request 'chatcmpl-08caf295c351e5d3' prefix cache miss — 2 cut(s), the cache is empty
2026-10-06 18:54:41.775 INFO  sched: request 'chatcmpl-08caf295c351e5d3' admitted to slot 1 (reserve 5 blocks; pool 12/4096 blocks in use) — first token 623
2026-10-06 18:54:41.775 INFO  sched: request 'chatcmpl-08caf295c351e5d4' prefix cache miss — 2 cut(s), the cache is empty
2026-10-06 18:54:41.775 INFO  sched: request 'chatcmpl-08caf295c351e5d4' admitted to slot 2 (reserve 5 blocks; pool 16/4096 blocks in use) — first token 30576
2026-10-06 18:54:41.775 INFO  sched: request 'chatcmpl-08caf295c351e5d5' prefix cache miss — 2 cut(s), the cache is empty
2026-10-06 18:54:41.775 INFO  sched: request 'chatcmpl-08caf295c351e5d5' admitted to slot 3 (reserve 5 blocks; pool 20/4096 blocks in use) — first token 13923
2026-10-06 18:54:41.775 INFO  sched: 4 requests admitted together in one prefill (223 ms)
2026-10-06 18:54:49.073 INFO  sched: request 'chatcmpl-08caf295c351e5d4' retired (steps): 256 tok in 7.5 s — prefill 31 tok (0 cached) in 223 ms; decode 255 tok / 145 passes in 7.3 s: 34.9 tok/s, 28.6 ms/tok, 50 ms/pass, 1.76 tok/pass, accept p1 77 %
2026-10-06 18:54:49.223 INFO  sched: request 'chatcmpl-08caf295c351e5d2' retired (steps): 256 tok in 7.7 s — prefill 31 tok (0 cached) in 223 ms; decode 255 tok / 148 passes in 7.4 s: 34.2 tok/s, 29.2 ms/tok, 50 ms/pass, 1.72 tok/pass, accept p1 72 %
2026-10-06 18:54:49.320 INFO  sched: request 'chatcmpl-08caf295c351e5d3' retired (steps): 256 tok in 7.8 s — prefill 40 tok (0 cached) in 223 ms; decode 255 tok / 150 passes in 7.5 s: 33.8 tok/s, 29.6 ms/tok, 50 ms/pass, 1.70 tok/pass, accept p1 71 %
2026-10-06 18:54:49.402 INFO  sched: request 'chatcmpl-08caf295c351e5d5' retired (steps): 256 tok in 7.8 s — prefill 31 tok (0 cached) in 223 ms; decode 255 tok / 153 passes in 7.6 s: 33.4 tok/s, 29.9 ms/tok, 50 ms/pass, 1.67 tok/pass, accept p1 67 %
2026-10-06 18:54:49.421 INFO  sched: request 'chatcmpl-08caf295c351e5d6' starting prefill in slot 0 (31 prompt tokens)
2026-10-06 18:54:49.421 INFO  sched: request 'chatcmpl-08caf295c351e5d7' starting prefill in slot 1 (31 prompt tokens)
2026-10-06 18:54:49.421 INFO  sched: request 'chatcmpl-08caf295c351e5d8' starting prefill in slot 2 (40 prompt tokens)
2026-10-06 18:54:49.421 INFO  sched: request 'chatcmpl-08caf295c351e5d9' starting prefill in slot 3 (31 prompt tokens)
2026-10-06 18:54:49.635 INFO  sched: request 'chatcmpl-08caf295c351e5d6' prefix cache miss — 2 cut(s), the cache is empty
2026-10-06 18:54:49.635 INFO  sched: request 'chatcmpl-08caf295c351e5d6' admitted to slot 0 (reserve 5 blocks; pool 8/4096 blocks in use) — first token 13923
2026-10-06 18:54:49.635 INFO  sched: request 'chatcmpl-08caf295c351e5d7' prefix cache miss — 2 cut(s), the cache is empty
2026-10-06 18:54:49.635 INFO  sched: request 'chatcmpl-08caf295c351e5d7' admitted to slot 1 (reserve 5 blocks; pool 12/4096 blocks in use) — first token 30576
2026-10-06 18:54:49.635 INFO  sched: request 'chatcmpl-08caf295c351e5d8' prefix cache miss — 2 cut(s), the cache is empty
2026-10-06 18:54:49.635 INFO  sched: request 'chatcmpl-08caf295c351e5d8' admitted to slot 2 (reserve 5 blocks; pool 16/4096 blocks in use) — first token 623
2026-10-06 18:54:49.635 INFO  sched: request 'chatcmpl-08caf295c351e5d9' prefix cache miss — 2 cut(s), the cache is empty
2026-10-06 18:54:49.635 INFO  sched: request 'chatcmpl-08caf295c351e5d9' admitted to slot 3 (reserve 5 blocks; pool 20/4096 blocks in use) — first token 48218
2026-10-06 18:54:49.635 INFO  sched: 4 requests admitted together in one prefill (214 ms)
2026-10-06 18:54:49.690 INFO  stats: rank 1 | 10.3 s | decode 120.6 tok/s, 7.8 ms/tok, 44.6 ms/step (216 steps / 1238 tok, 94 % of wall) | mtp 1.72 tok/step/req, accept p1 72 % | prefill 8 prompts / 266 tok, 26 tok/s, 1.64 ms/tok, 55 ms avg (4 % of wall), 0 tok cached (0/8 hits) | live 4, queued 0 | pool 20/4096 blocks (0 %) | prefix cache 0/1074 entries
2026-10-06 18:54:57.326 INFO  sched: request 'chatcmpl-08caf295c351e5d7' retired (steps): 256 tok in 7.9 s — prefill 31 tok (0 cached) in 214 ms; decode 255 tok / 149 passes in 7.7 s: 33.2 tok/s, 30.2 ms/tok, 52 ms/pass, 1.71 tok/pass, accept p1 71 %
2026-10-06 18:54:57.326 INFO  sched: request 'chatcmpl-08caf295c351e5d8' retired (steps): 256 tok in 7.9 s — prefill 40 tok (0 cached) in 214 ms; decode 255 tok / 149 passes in 7.7 s: 33.2 tok/s, 30.2 ms/tok, 52 ms/pass, 1.71 tok/pass, accept p1 71 %
2026-10-06 18:54:57.327 INFO  sched: request 'chatcmpl-08caf295c351e5d9' retired (steps): 256 tok in 7.9 s — prefill 31 tok (0 cached) in 214 ms; decode 255 tok / 149 passes in 7.7 s: 33.2 tok/s, 30.2 ms/tok, 52 ms/pass, 1.71 tok/pass, accept p1 71 %
2026-10-06 18:54:57.538 INFO  sched: request 'chatcmpl-08caf295c351e5d6' retired (steps): 256 tok in 8.1 s — prefill 31 tok (0 cached) in 214 ms; decode 255 tok / 157 passes in 7.9 s: 32.3 tok/s, 31.0 ms/tok, 50 ms/pass, 1.62 tok/pass, accept p1 62 %
2026-10-06 18:54:57.563 INFO  sched: request 'chatcmpl-08caf295c351e5da' starting prefill in slot 0 (40 prompt tokens)
2026-10-06 18:54:57.563 INFO  sched: request 'chatcmpl-08caf295c351e5db' starting prefill in slot 1 (31 prompt tokens)
2026-10-06 18:54:57.563 INFO  sched: request 'chatcmpl-08caf295c351e5dc' starting prefill in slot 2 (31 prompt tokens)
2026-10-06 18:54:57.563 INFO  sched: request 'chatcmpl-08caf295c351e5dd' starting prefill in slot 3 (31 prompt tokens)
2026-10-06 18:54:57.777 INFO  sched: request 'chatcmpl-08caf295c351e5da' prefix cache miss — 2 cut(s), the cache is empty
2026-10-06 18:54:57.777 INFO  sched: request 'chatcmpl-08caf295c351e5da' admitted to slot 0 (reserve 5 blocks; pool 8/4096 blocks in use) — first token 623
2026-10-06 18:54:57.777 INFO  sched: request 'chatcmpl-08caf295c351e5db' prefix cache miss — 2 cut(s), the cache is empty
2026-10-06 18:54:57.777 INFO  sched: request 'chatcmpl-08caf295c351e5db' admitted to slot 1 (reserve 5 blocks; pool 12/4096 blocks in use) — first token 13923
2026-10-06 18:54:57.777 INFO  sched: request 'chatcmpl-08caf295c351e5dc' prefix cache miss — 2 cut(s), the cache is empty
2026-10-06 18:54:57.777 INFO  sched: request 'chatcmpl-08caf295c351e5dc' admitted to slot 2 (reserve 5 blocks; pool 16/4096 blocks in use) — first token 30576
2026-10-06 18:54:57.777 INFO  sched: request 'chatcmpl-08caf295c351e5dd' prefix cache miss — 2 cut(s), the cache is empty
2026-10-06 18:54:57.777 INFO  sched: request 'chatcmpl-08caf295c351e5dd' admitted to slot 3 (reserve 5 blocks; pool 20/4096 blocks in use) — first token 48218
2026-10-06 18:54:57.777 INFO  sched: 4 requests admitted together in one prefill (214 ms)
2026-10-06 18:54:59.728 INFO  stats: rank 1 | 10.0 s | decode 129.1 tok/s, 7.5 ms/tok, 49.9 ms/step (195 steps / 1296 tok, 97 % of wall) | mtp 1.71 tok/step/req, accept p1 71 % | prefill 4 prompts / 133 tok, 13 tok/s, 1.61 ms/tok, 54 ms avg (2 % of wall), 0 tok cached (0/4 hits) | live 4, queued 0 | pool 20/4096 blocks (0 %) | prefix cache 0/1074 entries
2026-10-06 18:55:05.167 INFO  sched: request 'chatcmpl-08caf295c351e5dc' retired (steps): 256 tok in 7.6 s — prefill 31 tok (0 cached) in 214 ms; decode 255 tok / 146 passes in 7.4 s: 34.5 tok/s, 29.0 ms/tok, 51 ms/pass, 1.75 tok/pass, accept p1 75 %
2026-10-06 18:55:05.316 INFO  sched: request 'chatcmpl-08caf295c351e5dd' retired (steps): 256 tok in 7.8 s — prefill 31 tok (0 cached) in 214 ms; decode 255 tok / 149 passes in 7.5 s: 33.8 tok/s, 29.6 ms/tok, 51 ms/pass, 1.71 tok/pass, accept p1 71 %
2026-10-06 18:55:05.351 INFO  sched: request 'chatcmpl-08caf295c351e5da' retired (steps): 256 tok in 7.8 s — prefill 40 tok (0 cached) in 214 ms; decode 255 tok / 150 passes in 7.6 s: 33.7 tok/s, 29.7 ms/tok, 50 ms/pass, 1.70 tok/pass, accept p1 70 %
2026-10-06 18:55:05.459 INFO  sched: request 'chatcmpl-08caf295c351e5db' retired (steps): 256 tok in 7.9 s — prefill 31 tok (0 cached) in 214 ms; decode 255 tok / 154 passes in 7.7 s: 33.2 tok/s, 30.1 ms/tok, 50 ms/pass, 1.66 tok/pass, accept p1 66 %
2026-10-06 18:55:05.535 INFO  sched: request 'chatcmpl-08caf295c351e5de' starting prefill in slot 0 (32 prompt tokens)
2026-10-06 18:55:05.535 INFO  sched: request 'chatcmpl-08caf295c351e5df' starting prefill in slot 1 (31 prompt tokens)
2026-10-06 18:55:05.535 INFO  sched: request 'chatcmpl-08caf295c351e5e0' starting prefill in slot 2 (30 prompt tokens)
2026-10-06 18:55:05.536 INFO  sched: request 'chatcmpl-08caf295c351e5e1' starting prefill in slot 3 (30 prompt tokens)
2026-10-06 18:55:05.763 INFO  sched: request 'chatcmpl-08caf295c351e5de' prefix cache miss — 2 cut(s), the cache is empty
2026-10-06 18:55:05.763 INFO  sched: request 'chatcmpl-08caf295c351e5de' admitted to slot 0 (reserve 5 blocks; pool 8/4096 blocks in use) — first token 32
2026-10-06 18:55:05.763 INFO  sched: request 'chatcmpl-08caf295c351e5df' prefix cache miss — 2 cut(s), the cache is empty
2026-10-06 18:55:05.763 INFO  sched: request 'chatcmpl-08caf295c351e5df' admitted to slot 1 (reserve 5 blocks; pool 12/4096 blocks in use) — first token 82693
2026-10-06 18:55:05.763 INFO  sched: request 'chatcmpl-08caf295c351e5e0' prefix cache miss — 1 cut(s), the cache is empty
2026-10-06 18:55:05.763 INFO  sched: request 'chatcmpl-08caf295c351e5e0' admitted to slot 2 (reserve 5 blocks; pool 16/4096 blocks in use) — first token 10327
2026-10-06 18:55:05.763 INFO  sched: request 'chatcmpl-08caf295c351e5e1' prefix cache miss — 1 cut(s), the cache is empty
2026-10-06 18:55:05.763 INFO  sched: request 'chatcmpl-08caf295c351e5e1' admitted to slot 3 (reserve 5 blocks; pool 20/4096 blocks in use) — first token 14777
2026-10-06 18:55:05.763 INFO  sched: 4 requests admitted together in one prefill (227 ms)
2026-10-06 18:55:05.819 INFO  sched: request 'chatcmpl-08caf295c351e5e2' deferred (needs 5 blocks, 4076 free, 0 slot(s) open) — admits when a peer retires
2026-10-06 18:55:09.762 INFO  stats: rank 1 | 10.0 s | decode 129.0 tok/s, 7.5 ms/tok, 49.5 ms/step (195 steps / 1294 tok, 96 % of wall) | mtp 1.70 tok/step/req, accept p1 69 % | prefill 4 prompts / 123 tok, 12 tok/s, 1.85 ms/tok, 57 ms avg (2 % of wall), 0 tok cached (0/4 hits) | live 4, queued 4 | pool 20/4096 blocks (0 %) | prefix cache 0/1074 entries
2026-10-06 18:55:12.961 INFO  sched: request 'chatcmpl-08caf295c351e5df' retired (steps): 256 tok in 7.4 s — prefill 31 tok (0 cached) in 227 ms; decode 255 tok / 143 passes in 7.2 s: 35.4 tok/s, 28.2 ms/tok, 50 ms/pass, 1.78 tok/pass, accept p1 79 %
2026-10-06 18:55:12.961 INFO  sched: request 'chatcmpl-08caf295c351e5e2' starting prefill in slot 1 (31 prompt tokens)
2026-10-06 18:55:13.058 INFO  sched: request 'chatcmpl-08caf295c351e5e2' prefix cache miss — 2 cut(s), the cache is empty
2026-10-06 18:55:13.058 INFO  sched: request 'chatcmpl-08caf295c351e5e2' admitted to slot 1 (reserve 5 blocks; pool 20/4096 blocks in use) — first token 48213
2026-10-06 18:55:13.106 INFO  sched: request 'chatcmpl-08caf295c351e5e3' deferred (needs 5 blocks, 4076 free, 0 slot(s) open) — admits when a peer retires
2026-10-06 18:55:13.408 INFO  sched: request 'chatcmpl-08caf295c351e5e0' retired (steps): 256 tok in 7.9 s — prefill 30 tok (0 cached) in 227 ms; decode 255 tok / 150 passes in 7.6 s: 33.4 tok/s, 30.0 ms/tok, 51 ms/pass, 1.70 tok/pass, accept p1 71 %
2026-10-06 18:55:13.408 INFO  sched: request 'chatcmpl-08caf295c351e5e3' starting prefill in slot 2 (31 prompt tokens)
2026-10-06 18:55:13.504 INFO  sched: request 'chatcmpl-08caf295c351e5e3' prefix cache miss — 2 cut(s), the cache is empty
2026-10-06 18:55:13.504 INFO  sched: request 'chatcmpl-08caf295c351e5e3' admitted to slot 2 (reserve 5 blocks; pool 20/4096 blocks in use) — first token 95088
2026-10-06 18:55:13.556 INFO  sched: request 'chatcmpl-08caf295c351e5de' retired (steps): 256 tok in 8.0 s — prefill 32 tok (0 cached) in 227 ms; decode 255 tok / 151 passes in 7.8 s: 32.7 tok/s, 30.6 ms/tok, 52 ms/pass, 1.69 tok/pass, accept p1 70 %
2026-10-06 18:55:13.557 INFO  sched: request 'chatcmpl-08caf295c351e5e1' retired (steps): 256 tok in 8.0 s — prefill 30 tok (0 cached) in 227 ms; decode 255 tok / 151 passes in 7.8 s: 32.7 tok/s, 30.6 ms/tok, 52 ms/pass, 1.69 tok/pass, accept p1 70 %
2026-10-06 18:55:13.557 INFO  sched: request 'chatcmpl-08caf295c351e5e4' starting prefill in slot 0 (30 prompt tokens)
2026-10-06 18:55:13.557 INFO  sched: request 'chatcmpl-08caf295c351e5e5' starting prefill in slot 3 (31 prompt tokens)
2026-10-06 18:55:13.687 INFO  sched: request 'chatcmpl-08caf295c351e5e4' prefix cache miss — 1 cut(s), the cache is empty
2026-10-06 18:55:13.687 INFO  sched: request 'chatcmpl-08caf295c351e5e4' admitted to slot 0 (reserve 5 blocks; pool 16/4096 blocks in use) — first token 35
2026-10-06 18:55:13.687 INFO  sched: request 'chatcmpl-08caf295c351e5e5' prefix cache miss — 2 cut(s), the cache is empty
2026-10-06 18:55:13.687 INFO  sched: request 'chatcmpl-08caf295c351e5e5' admitted to slot 3 (reserve 5 blocks; pool 20/4096 blocks in use) — first token 32
2026-10-06 18:55:13.687 INFO  sched: 2 requests admitted together in one prefill (130 ms)
2026-10-06 18:55:19.784 INFO  stats: rank 1 | 10.0 s | decode 132.1 tok/s, 7.3 ms/tok, 50.2 ms/step (192 steps / 1324 tok, 96 % of wall) | mtp 1.72 tok/step/req, accept p1 72 % | prefill 4 prompts / 123 tok, 12 tok/s, 2.63 ms/tok, 81 ms avg (3 % of wall), 0 tok cached (0/4 hits) | live 4, queued 0 | pool 20/4096 blocks (0 %) | prefix cache 0/1074 entries
2026-10-06 18:55:20.904 INFO  sched: request 'chatcmpl-08caf295c351e5e3' retired (steps): 256 tok in 7.5 s — prefill 31 tok (0 cached) in 96 ms; decode 255 tok / 144 passes in 7.4 s: 34.5 tok/s, 29.0 ms/tok, 51 ms/pass, 1.77 tok/pass, accept p1 77 %
2026-10-06 18:55:20.958 INFO  sched: request 'chatcmpl-08caf295c351e5e2' retired (steps): 256 tok in 8.0 s — prefill 31 tok (0 cached) in 97 ms; decode 255 tok / 152 passes in 7.9 s: 32.3 tok/s, 31.0 ms/tok, 52 ms/pass, 1.68 tok/pass, accept p1 68 %
2026-10-06 18:55:21.102 INFO  sched: request 'chatcmpl-08caf295c351e5e5' retired (steps): 256 tok in 7.5 s — prefill 31 tok (0 cached) in 130 ms; decode 255 tok / 147 passes in 7.4 s: 34.4 tok/s, 29.1 ms/tok, 50 ms/pass, 1.73 tok/pass, accept p1 73 %
2026-10-06 18:55:21.155 INFO  sched: request 'chatcmpl-08caf295c351e5e4' retired (steps): 256 tok in 7.6 s — prefill 30 tok (0 cached) in 130 ms; decode 255 tok / 149 passes in 7.5 s: 34.1 tok/s, 29.3 ms/tok, 50 ms/pass, 1.71 tok/pass, accept p1 71 %
2026-10-06 18:55:21.185 INFO  sched: request 'chatcmpl-08caf295c351e5e6' starting prefill in slot 0 (31 prompt tokens)
2026-10-06 18:55:21.185 INFO  sched: request 'chatcmpl-08caf295c351e5e7' starting prefill in slot 1 (30 prompt tokens)
2026-10-06 18:55:21.185 INFO  sched: request 'chatcmpl-08caf295c351e5e8' starting prefill in slot 2 (32 prompt tokens)
2026-10-06 18:55:21.185 INFO  sched: request 'chatcmpl-08caf295c351e5e9' starting prefill in slot 3 (30 prompt tokens)
2026-10-06 18:55:21.404 INFO  sched: request 'chatcmpl-08caf295c351e5e6' prefix cache miss — 2 cut(s), the cache is empty
2026-10-06 18:55:21.404 INFO  sched: request 'chatcmpl-08caf295c351e5e6' admitted to slot 0 (reserve 5 blocks; pool 8/4096 blocks in use) — first token 82693
2026-10-06 18:55:21.404 INFO  sched: request 'chatcmpl-08caf295c351e5e7' prefix cache miss — 1 cut(s), the cache is empty
2026-10-06 18:55:21.404 INFO  sched: request 'chatcmpl-08caf295c351e5e7' admitted to slot 1 (reserve 5 blocks; pool 12/4096 blocks in use) — first token 14777
2026-10-06 18:55:21.404 INFO  sched: request 'chatcmpl-08caf295c351e5e8' prefix cache miss — 2 cut(s), the cache is empty
2026-10-06 18:55:21.404 INFO  sched: request 'chatcmpl-08caf295c351e5e8' admitted to slot 2 (reserve 5 blocks; pool 16/4096 blocks in use) — first token 32
2026-10-06 18:55:21.404 INFO  sched: request 'chatcmpl-08caf295c351e5e9' prefix cache miss — 1 cut(s), the cache is empty
2026-10-06 18:55:21.404 INFO  sched: request 'chatcmpl-08caf295c351e5e9' admitted to slot 3 (reserve 5 blocks; pool 20/4096 blocks in use) — first token 10327
2026-10-06 18:55:21.404 INFO  sched: 4 requests admitted together in one prefill (219 ms)
2026-10-06 18:55:21.452 INFO  sched: request 'chatcmpl-08caf295c351e5ea' deferred (needs 5 blocks, 4076 free, 0 slot(s) open) — admits when a peer retires
2026-10-06 18:55:28.873 INFO  sched: request 'chatcmpl-08caf295c351e5e6' retired (steps): 256 tok in 7.7 s — prefill 31 tok (0 cached) in 219 ms; decode 255 tok / 144 passes in 7.5 s: 34.1 tok/s, 29.3 ms/tok, 52 ms/pass, 1.77 tok/pass, accept p1 78 %
2026-10-06 18:55:28.874 INFO  sched: request 'chatcmpl-08caf295c351e5ea' starting prefill in slot 0 (31 prompt tokens)
2026-10-06 18:55:28.970 INFO  sched: request 'chatcmpl-08caf295c351e5ea' prefix cache miss — 2 cut(s), the cache is empty
2026-10-06 18:55:28.970 INFO  sched: request 'chatcmpl-08caf295c351e5ea' admitted to slot 0 (reserve 5 blocks; pool 20/4096 blocks in use) — first token 48213
2026-10-06 18:55:29.023 INFO  sched: request 'chatcmpl-08caf295c351e5eb' deferred (needs 5 blocks, 4076 free, 0 slot(s) open) — admits when a peer retires
2026-10-06 18:55:29.274 INFO  sched: request 'chatcmpl-08caf295c351e5e7' retired (steps): 256 tok in 8.1 s — prefill 30 tok (0 cached) in 219 ms; decode 255 tok / 150 passes in 7.9 s: 32.4 tok/s, 30.9 ms/tok, 52 ms/pass, 1.70 tok/pass, accept p1 71 %
2026-10-06 18:55:29.274 INFO  sched: request 'chatcmpl-08caf295c351e5e9' retired (steps): 256 tok in 8.1 s — prefill 30 tok (0 cached) in 219 ms; decode 255 tok / 150 passes in 7.9 s: 32.4 tok/s, 30.9 ms/tok, 52 ms/pass, 1.70 tok/pass, accept p1 71 %
2026-10-06 18:55:29.274 INFO  sched: request 'chatcmpl-08caf295c351e5eb' starting prefill in slot 1 (31 prompt tokens)
2026-10-06 18:55:29.274 INFO  sched: request 'chatcmpl-08caf295c351e5ec' starting prefill in slot 3 (30 prompt tokens)
2026-10-06 18:55:29.404 INFO  sched: request 'chatcmpl-08caf295c351e5eb' prefix cache miss — 2 cut(s), the cache is empty
2026-10-06 18:55:29.404 INFO  sched: request 'chatcmpl-08caf295c351e5eb' admitted to slot 1 (reserve 5 blocks; pool 16/4096 blocks in use) — first token 32
2026-10-06 18:55:29.404 INFO  sched: request 'chatcmpl-08caf295c351e5ec' prefix cache miss — 1 cut(s), the cache is empty
2026-10-06 18:55:29.404 INFO  sched: request 'chatcmpl-08caf295c351e5ec' admitted to slot 3 (reserve 5 blocks; pool 20/4096 blocks in use) — first token 35
2026-10-06 18:55:29.404 INFO  sched: 2 requests admitted together in one prefill (130 ms)
2026-10-06 18:55:29.454 INFO  sched: request 'chatcmpl-08caf295c351e5e8' retired (steps): 256 tok in 8.3 s — prefill 32 tok (0 cached) in 219 ms; decode 255 tok / 151 passes in 8.1 s: 31.7 tok/s, 31.6 ms/tok, 53 ms/pass, 1.69 tok/pass, accept p1 70 %
2026-10-06 18:55:29.455 INFO  sched: request 'chatcmpl-08caf295c351e5ed' starting prefill in slot 2 (31 prompt tokens)
2026-10-06 18:55:29.550 INFO  sched: request 'chatcmpl-08caf295c351e5ed' prefix cache miss — 2 cut(s), the cache is empty
2026-10-06 18:55:29.550 INFO  sched: request 'chatcmpl-08caf295c351e5ed' admitted to slot 2 (reserve 5 blocks; pool 20/4096 blocks in use) — first token 95088
2026-10-06 18:55:29.794 INFO  stats: rank 1 | 10.0 s | decode 125.0 tok/s, 7.4 ms/tok, 50.6 ms/step (184 steps / 1251 tok, 93 % of wall) | mtp 1.73 tok/step/req, accept p1 72 % | prefill 8 prompts / 246 tok, 25 tok/s, 2.20 ms/tok, 68 ms avg (5 % of wall), 0 tok cached (0/8 hits) | live 4, queued 0 | pool 20/4096 blocks (0 %) | prefix cache 0/1074 entries
2026-10-06 18:55:36.877 INFO  sched: request 'chatcmpl-08caf295c351e5ed' retired (steps): 256 tok in 7.4 s — prefill 31 tok (0 cached) in 95 ms; decode 255 tok / 144 passes in 7.3 s: 34.8 tok/s, 28.7 ms/tok, 51 ms/pass, 1.77 tok/pass, accept p1 77 %
2026-10-06 18:55:36.931 INFO  sched: request 'chatcmpl-08caf295c351e5ea' retired (steps): 256 tok in 8.1 s — prefill 31 tok (0 cached) in 96 ms; decode 255 tok / 152 passes in 8.0 s: 32.0 tok/s, 31.2 ms/tok, 52 ms/pass, 1.68 tok/pass, accept p1 68 %
2026-10-06 18:55:37.028 INFO  sched: request 'chatcmpl-08caf295c351e5eb' retired (steps): 256 tok in 7.8 s — prefill 31 tok (0 cached) in 130 ms; decode 255 tok / 148 passes in 7.6 s: 33.4 tok/s, 29.9 ms/tok, 52 ms/pass, 1.72 tok/pass, accept p1 72 %
2026-10-06 18:55:37.055 INFO  sched: request 'chatcmpl-08caf295c351e5ec' retired (steps): 256 tok in 7.8 s — prefill 30 tok (0 cached) in 130 ms; decode 255 tok / 149 passes in 7.7 s: 33.3 tok/s, 30.0 ms/tok, 51 ms/pass, 1.71 tok/pass, accept p1 71 %
2026-10-06 18:55:37.074 INFO  sched: request 'chatcmpl-08caf295c351e5ee' starting prefill in slot 0 (30 prompt tokens)
2026-10-06 18:55:37.074 INFO  sched: request 'chatcmpl-08caf295c351e5ef' starting prefill in slot 1 (31 prompt tokens)
2026-10-06 18:55:37.074 INFO  sched: request 'chatcmpl-08caf295c351e5f0' starting prefill in slot 2 (32 prompt tokens)
2026-10-06 18:55:37.075 INFO  sched: request 'chatcmpl-08caf295c351e5f1' starting prefill in slot 3 (30 prompt tokens)
2026-10-06 18:55:37.295 INFO  sched: request 'chatcmpl-08caf295c351e5ee' prefix cache miss — 1 cut(s), the cache is empty
2026-10-06 18:55:37.295 INFO  sched: request 'chatcmpl-08caf295c351e5ee' admitted to slot 0 (reserve 5 blocks; pool 8/4096 blocks in use) — first token 14777
2026-10-06 18:55:37.295 INFO  sched: request 'chatcmpl-08caf295c351e5ef' prefix cache miss — 2 cut(s), the cache is empty
2026-10-06 18:55:37.295 INFO  sched: request 'chatcmpl-08caf295c351e5ef' admitted to slot 1 (reserve 5 blocks; pool 12/4096 blocks in use) — first token 82693
2026-10-06 18:55:37.295 INFO  sched: request 'chatcmpl-08caf295c351e5f0' prefix cache miss — 2 cut(s), the cache is empty
2026-10-06 18:55:37.295 INFO  sched: request 'chatcmpl-08caf295c351e5f0' admitted to slot 2 (reserve 5 blocks; pool 16/4096 blocks in use) — first token 32
2026-10-06 18:55:37.295 INFO  sched: request 'chatcmpl-08caf295c351e5f1' prefix cache miss — 1 cut(s), the cache is empty
2026-10-06 18:55:37.295 INFO  sched: request 'chatcmpl-08caf295c351e5f1' admitted to slot 3 (reserve 5 blocks; pool 20/4096 blocks in use) — first token 35
2026-10-06 18:55:37.295 INFO  sched: 4 requests admitted together in one prefill (220 ms)
2026-10-06 18:55:37.349 INFO  sched: request 'chatcmpl-08caf295c351e5f2' deferred (needs 5 blocks, 4076 free, 0 slot(s) open) — admits when a peer retires
2026-10-06 18:55:39.807 INFO  stats: rank 1 | 10.0 s | decode 131.8 tok/s, 7.3 ms/tok, 50.0 ms/step (193 steps / 1320 tok, 96 % of wall) | mtp 1.73 tok/step/req, accept p1 72 % | prefill 4 prompts / 123 tok, 12 tok/s, 1.79 ms/tok, 55 ms avg (2 % of wall), 0 tok cached (0/4 hits) | live 4, queued 4 | pool 20/4096 blocks (0 %) | prefix cache 0/1074 entries
2026-10-06 18:55:44.679 INFO  sched: request 'chatcmpl-08caf295c351e5ef' retired (steps): 256 tok in 7.6 s — prefill 31 tok (0 cached) in 220 ms; decode 255 tok / 144 passes in 7.4 s: 34.5 tok/s, 29.0 ms/tok, 51 ms/pass, 1.77 tok/pass, accept p1 78 %
2026-10-06 18:55:44.680 INFO  sched: request 'chatcmpl-08caf295c351e5f2' starting prefill in slot 1 (31 prompt tokens)
2026-10-06 18:55:44.777 INFO  sched: request 'chatcmpl-08caf295c351e5f2' prefix cache miss — 2 cut(s), the cache is empty
2026-10-06 18:55:44.777 INFO  sched: request 'chatcmpl-08caf295c351e5f2' admitted to slot 1 (reserve 5 blocks; pool 20/4096 blocks in use) — first token 48213
2026-10-06 18:55:44.834 INFO  sched: request 'chatcmpl-08caf295c351e5f3' deferred (needs 5 blocks, 4076 free, 0 slot(s) open) — admits when a peer retires
2026-10-06 18:55:45.091 INFO  sched: request 'chatcmpl-08caf295c351e5f0' retired (steps): 256 tok in 8.0 s — prefill 32 tok (0 cached) in 220 ms; decode 255 tok / 150 passes in 7.8 s: 32.7 tok/s, 30.6 ms/tok, 52 ms/pass, 1.70 tok/pass, accept p1 71 %
2026-10-06 18:55:45.091 INFO  sched: request 'chatcmpl-08caf295c351e5f1' retired (steps): 256 tok in 8.0 s — prefill 30 tok (0 cached) in 220 ms; decode 255 tok / 150 passes in 7.8 s: 32.7 tok/s, 30.6 ms/tok, 52 ms/pass, 1.70 tok/pass, accept p1 71 %
2026-10-06 18:55:45.092 INFO  sched: request 'chatcmpl-08caf295c351e5f3' starting prefill in slot 2 (31 prompt tokens)
2026-10-06 18:55:45.092 INFO  sched: request 'chatcmpl-08caf295c351e5f4' starting prefill in slot 3 (30 prompt tokens)
2026-10-06 18:55:45.222 INFO  sched: request 'chatcmpl-08caf295c351e5f3' prefix cache miss — 2 cut(s), the cache is empty
2026-10-06 18:55:45.222 INFO  sched: request 'chatcmpl-08caf295c351e5f3' admitted to slot 2 (reserve 5 blocks; pool 16/4096 blocks in use) — first token 95088
2026-10-06 18:55:45.222 INFO  sched: request 'chatcmpl-08caf295c351e5f4' prefix cache miss — 1 cut(s), the cache is empty
2026-10-06 18:55:45.222 INFO  sched: request 'chatcmpl-08caf295c351e5f4' admitted to slot 3 (reserve 5 blocks; pool 20/4096 blocks in use) — first token 10327
2026-10-06 18:55:45.222 INFO  sched: 2 requests admitted together in one prefill (130 ms)
2026-10-06 18:55:45.280 INFO  sched: request 'chatcmpl-08caf295c351e5f5' deferred (needs 5 blocks, 4076 free, 0 slot(s) open) — admits when a peer retires
2026-10-06 18:55:45.333 INFO  sched: request 'chatcmpl-08caf295c351e5ee' retired (steps): 256 tok in 8.3 s — prefill 30 tok (0 cached) in 220 ms; decode 255 tok / 152 passes in 8.0 s: 31.7 tok/s, 31.5 ms/tok, 53 ms/pass, 1.68 tok/pass, accept p1 68 %
2026-10-06 18:55:45.334 INFO  sched: request 'chatcmpl-08caf295c351e5f5' starting prefill in slot 0 (31 prompt tokens)
2026-10-06 18:55:45.430 INFO  sched: request 'chatcmpl-08caf295c351e5f5' prefix cache miss — 2 cut(s), the cache is empty
2026-10-06 18:55:45.430 INFO  sched: request 'chatcmpl-08caf295c351e5f5' admitted to slot 0 (reserve 5 blocks; pool 20/4096 blocks in use) — first token 32
2026-10-06 18:55:49.831 INFO  stats: rank 1 | 10.0 s | decode 127.7 tok/s, 7.5 ms/tok, 51.0 ms/step (188 steps / 1280 tok, 96 % of wall) | mtp 1.70 tok/step/req, accept p1 70 % | prefill 4 prompts / 123 tok, 12 tok/s, 2.63 ms/tok, 81 ms avg (3 % of wall), 0 tok cached (0/4 hits) | live 4, queued 0 | pool 20/4096 blocks (0 %) | prefix cache 0/1074 entries
2026-10-06 18:55:52.733 INFO  sched: request 'chatcmpl-08caf295c351e5f3' retired (steps): 256 tok in 7.6 s — prefill 31 tok (0 cached) in 130 ms; decode 255 tok / 144 passes in 7.5 s: 33.9 tok/s, 29.5 ms/tok, 52 ms/pass, 1.77 tok/pass, accept p1 77 %
2026-10-06 18:55:52.836 INFO  sched: request 'chatcmpl-08caf295c351e5f2' retired (steps): 256 tok in 8.2 s — prefill 31 tok (0 cached) in 96 ms; decode 255 tok / 152 passes in 8.1 s: 31.6 tok/s, 31.6 ms/tok, 53 ms/pass, 1.68 tok/pass, accept p1 68 %
2026-10-06 18:55:52.980 INFO  sched: request 'chatcmpl-08caf295c351e5f4' retired (steps): 256 tok in 7.9 s — prefill 30 tok (0 cached) in 130 ms; decode 255 tok / 149 passes in 7.8 s: 32.9 tok/s, 30.4 ms/tok, 52 ms/pass, 1.71 tok/pass, accept p1 72 %
2026-10-06 18:55:53.006 INFO  sched: request 'chatcmpl-08caf295c351e5f5' retired (steps): 256 tok in 7.7 s — prefill 31 tok (0 cached) in 97 ms; decode 255 tok / 148 passes in 7.6 s: 33.7 tok/s, 29.7 ms/tok, 51 ms/pass, 1.72 tok/pass, accept p1 72 %
2026-10-06 18:55:53.136 INFO  sched: request 'chatcmpl-08caf295c351e5f6' starting prefill in slot 0 (578 prompt tokens)
2026-10-06 18:55:53.136 INFO  sched: request 'chatcmpl-08caf295c351e5f6' prefix cache miss — 1 cut(s), the cache is empty
2026-10-06 18:55:53.136 INFO  sched: request 'chatcmpl-08caf295c351e5f6' prefilling in slot 0 (256 tokens/tick)
2026-10-06 18:55:53.756 INFO  sched: request 'chatcmpl-08caf295c351e5f6' admitted to slot 0 (reserve 10 blocks; pool 10/4096 blocks in use) — first token 760
2026-10-06 18:55:53.756 INFO  sched: request 'chatcmpl-08caf295c351e5f6' retired (steps): 1 tok in 0.6 s — prefill 578 tok (0 cached) in 620 ms; decode 0 tok / 0 passes in 0.0 s
2026-10-06 18:55:53.770 INFO  sched: request 'chatcmpl-08caf295c351e5f7' starting prefill in slot 0 (2004 prompt tokens)
2026-10-06 18:55:53.770 INFO  sched: request 'chatcmpl-08caf295c351e5f7' prefix cache miss — 2 cut(s), the cache is empty
2026-10-06 18:55:53.771 INFO  sched: request 'chatcmpl-08caf295c351e5f7' prefilling in slot 0 (256 tokens/tick)
2026-10-06 18:55:55.664 INFO  sched: request 'chatcmpl-08caf295c351e5f7' admitted to slot 0 (reserve 32 blocks; pool 34/4096 blocks in use) — first token 760
2026-10-06 18:55:55.665 INFO  sched: request 'chatcmpl-08caf295c351e5f7' retired (steps): 1 tok in 1.9 s — prefill 2004 tok (0 cached) in 1892 ms; decode 0 tok / 0 passes in 0.0 s
2026-10-06 18:55:55.679 INFO  sched: request 'chatcmpl-08caf295c351e5f8' starting prefill in slot 0 (1993 prompt tokens)
2026-10-06 18:55:55.679 INFO  sched: request 'chatcmpl-08caf295c351e5f8' prefix cache miss — 1 cut(s) probed against 3 entries; the nearest entry (position 2004) shares the first 44 of the prompt's 1993 tokens (the prompt differs from it from that token on)
2026-10-06 18:55:55.680 INFO  sched: request 'chatcmpl-08caf295c351e5f8' prefilling in slot 0 (256 tokens/tick)
2026-10-06 18:55:57.810 INFO  sched: request 'chatcmpl-08caf295c351e5f8' admitted to slot 0 (reserve 32 blocks; pool 66/4096 blocks in use) — first token 760
2026-10-06 18:55:57.810 INFO  sched: request 'chatcmpl-08caf295c351e5f8' retired (steps): 1 tok in 2.1 s — prefill 1993 tok (0 cached) in 2128 ms; decode 0 tok / 0 passes in 0.0 s
2026-10-06 18:55:57.829 INFO  sched: request 'chatcmpl-08caf295c351e5f9' starting prefill in slot 0 (1978 prompt tokens)
2026-10-06 18:55:57.829 INFO  sched: request 'chatcmpl-08caf295c351e5f9' prefix cache miss — 1 cut(s) probed against 4 entries; the nearest entry (position 2004) shares the first 44 of the prompt's 1978 tokens (the prompt differs from it from that token on)
2026-10-06 18:55:57.830 INFO  sched: request 'chatcmpl-08caf295c351e5f9' prefilling in slot 0 (256 tokens/tick)
2026-10-06 18:55:59.965 INFO  stats: rank 1 | 10.1 s | decode 41.6 tok/s, 7.5 ms/tok, 50.7 ms/step (62 steps / 422 tok, 31 % of wall) | mtp 1.78 tok/step/req, accept p1 77 % | prefill 3 prompts / 6367 tok, 628 tok/s, 1.06 ms/tok, 2258 ms avg (67 % of wall), 0 tok cached (0/4 hits) | live 1, queued 0 | pool 96/4096 blocks (2 %) | prefix cache 4/1074 entries | 1 prefilling
2026-10-06 18:56:00.223 INFO  sched: request 'chatcmpl-08caf295c351e5f9' admitted to slot 0 (reserve 31 blocks; pool 97/4096 blocks in use) — first token 760
2026-10-06 18:56:00.224 INFO  sched: request 'chatcmpl-08caf295c351e5f9' retired (steps): 1 tok in 2.4 s — prefill 1978 tok (0 cached) in 2392 ms; decode 0 tok / 0 passes in 0.0 s
2026-10-06 18:56:00.254 INFO  sched: request 'chatcmpl-08caf295c351e5fa' starting prefill in slot 0 (7760 prompt tokens)
2026-10-06 18:56:00.254 INFO  sched: request 'chatcmpl-08caf295c351e5fa' prefix cache miss — 3 cut(s) probed against 5 entries; the nearest entry (position 2004) shares the first 39 of the prompt's 7760 tokens (the prompt differs from it from that token on)
2026-10-06 18:56:00.254 INFO  sched: request 'chatcmpl-08caf295c351e5fa' prefilling in slot 0 (256 tokens/tick)
2026-10-06 18:56:07.375 INFO  sched: request 'chatcmpl-08caf295c351e5fa' admitted to slot 0 (reserve 122 blocks; pool 220/4096 blocks in use) — first token 760
2026-10-06 18:56:07.376 INFO  sched: request 'chatcmpl-08caf295c351e5fa' retired (steps): 1 tok in 7.1 s — prefill 7760 tok (0 cached) in 7116 ms; decode 0 tok / 0 passes in 0.0 s
2026-10-06 18:56:07.422 INFO  sched: request 'chatcmpl-08caf295c351e5fb' starting prefill in slot 0 (7818 prompt tokens)
2026-10-06 18:56:07.422 INFO  sched: request 'chatcmpl-08caf295c351e5fb' prefix cache miss — 2 cut(s) probed against 8 entries; the nearest entry (position 7760) shares the first 44 of the prompt's 7818 tokens (the prompt differs from it from that token on)
2026-10-06 18:56:07.422 INFO  sched: request 'chatcmpl-08caf295c351e5fb' prefilling in slot 0 (256 tokens/tick)
2026-10-06 18:56:10.226 INFO  stats: rank 1 | 10.3 s | decode 0.2 tok/s, 0.0 ms/tok, 0.0 ms/step (0 steps / 2 tok, 0 % of wall) | prefill 2 prompts / 10250 tok, 999 tok/s, 0.99 ms/tok, 5088 ms avg (99 % of wall), 0 tok cached (0/2 hits) | live 1, queued 0 | pool 343/4096 blocks (8 %) | prefix cache 8/1074 entries | 1 prefilling
2026-10-06 18:56:15.295 INFO  sched: request 'chatcmpl-08caf295c351e5fb' admitted to slot 0 (reserve 123 blocks; pool 343/4096 blocks in use) — first token 760
2026-10-06 18:56:15.295 INFO  sched: request 'chatcmpl-08caf295c351e5fb' retired (steps): 1 tok in 7.9 s — prefill 7818 tok (0 cached) in 7868 ms; decode 0 tok / 0 passes in 0.0 s
2026-10-06 18:56:15.320 INFO  sched: request 'chatcmpl-08caf295c351e5fc' starting prefill in slot 0 (7962 prompt tokens)
2026-10-06 18:56:15.320 INFO  sched: request 'chatcmpl-08caf295c351e5fc' prefix cache miss — 2 cut(s) probed against 9 entries; the nearest entry (position 7808) shares the first 44 of the prompt's 7962 tokens (the prompt differs from it from that token on)
2026-10-06 18:56:15.321 INFO  sched: request 'chatcmpl-08caf295c351e5fc' prefilling in slot 0 (256 tokens/tick)
2026-10-06 18:56:20.286 INFO  stats: rank 1 | 10.1 s | decode 0.1 tok/s, 0.0 ms/tok, 0.0 ms/step (0 steps / 1 tok, 0 % of wall) | prefill 1 prompt / 10890 tok, 1083 tok/s, 0.92 ms/tok, 10028 ms avg (100 % of wall), 0 tok cached (0/1 hit) | live 1, queued 0 | pool 467/4096 blocks (11 %) | prefix cache 9/1074 entries | 1 prefilling
2026-10-06 18:56:23.466 INFO  sched: request 'chatcmpl-08caf295c351e5fc' admitted to slot 0 (reserve 125 blocks; pool 468/4096 blocks in use) — first token 760
2026-10-06 18:56:23.467 INFO  sched: request 'chatcmpl-08caf295c351e5fc' retired (steps): 1 tok in 8.1 s — prefill 7962 tok (0 cached) in 8139 ms; decode 0 tok / 0 passes in 0.0 s
2026-10-06 18:56:23.526 INFO  sched: request 'chatcmpl-08caf295c351e5fd' starting prefill in slot 0 (31244 prompt tokens)
2026-10-06 18:56:23.526 INFO  sched: request 'chatcmpl-08caf295c351e5fd' prefix cache miss — 9 cut(s) probed against 10 entries; the nearest entry (position 7952) shares the first 39 of the prompt's 31244 tokens (the prompt differs from it from that token on)
2026-10-06 18:56:23.526 INFO  sched: request 'chatcmpl-08caf295c351e5fd' prefilling in slot 0 (256 tokens/tick)
2026-10-06 18:56:30.370 INFO  stats: rank 1 | 10.1 s | decode 0.1 tok/s, 0.0 ms/tok, 0.0 ms/step (0 steps / 1 tok, 0 % of wall) | prefill 1 prompt / 10266 tok, 1018 tok/s, 0.98 ms/tok, 10016 ms avg (99 % of wall), 0 tok cached (0/1 hit) | live 1, queued 0 | pool 956/4096 blocks (23 %) | prefix cache 10/1074 entries | 1 prefilling
2026-10-06 18:56:40.474 INFO  stats: rank 1 | 10.1 s | decode 0.0 tok/s, 0.0 ms/tok, 0.0 ms/step (0 steps / 0 tok, 0 % of wall) | prefill 0 prompts / 11008 tok, 1089 tok/s, 0.92 ms/tok (100 % of wall), 0 tok cached (0/0 hits) | live 1, queued 0 | pool 956/4096 blocks (23 %) | prefix cache 10/1074 entries | 1 prefilling
2026-10-06 18:56:50.566 INFO  stats: rank 1 | 10.1 s | decode 0.0 tok/s, 0.0 ms/tok, 0.0 ms/step (0 steps / 0 tok, 0 % of wall) | prefill 0 prompts / 10752 tok, 1065 tok/s, 0.94 ms/tok (100 % of wall), 0 tok cached (0/0 hits) | live 1, queued 0 | pool 956/4096 blocks (23 %) | prefix cache 10/1074 entries | 1 prefilling
2026-10-06 18:56:52.355 INFO  sched: request 'chatcmpl-08caf295c351e5fd' admitted to slot 0 (reserve 489 blocks; pool 957/4096 blocks in use) — first token 760
2026-10-06 18:56:52.357 INFO  sched: request 'chatcmpl-08caf295c351e5fd' retired (steps): 1 tok in 28.8 s — prefill 31244 tok (0 cached) in 28797 ms; decode 0 tok / 0 passes in 0.0 s
2026-10-06 18:56:52.410 INFO  sched: request 'chatcmpl-08caf295c351e5fe' starting prefill in slot 0 (31285 prompt tokens)
2026-10-06 18:56:52.410 INFO  sched: request 'chatcmpl-08caf295c351e5fe' prefix cache miss — 8 cut(s) probed against 14 entries; the nearest entry (position 31244) shares the first 45 of the prompt's 31285 tokens (the prompt differs from it from that token on)
2026-10-06 18:56:52.410 INFO  sched: request 'chatcmpl-08caf295c351e5fe' prefilling in slot 0 (256 tokens/tick)
2026-10-06 18:57:00.573 INFO  stats: rank 1 | 10.0 s | decode 0.1 tok/s, 0.0 ms/tok, 0.0 ms/step (0 steps / 1 tok, 0 % of wall) | prefill 1 prompt / 10252 tok, 1025 tok/s, 0.97 ms/tok, 9937 ms avg (99 % of wall), 0 tok cached (0/1 hit) | live 1, queued 0 | pool 1446/4096 blocks (35 %) | prefix cache 14/1074 entries | 1 prefilling
2026-10-06 18:57:10.774 INFO  stats: rank 1 | 10.2 s | decode 0.0 tok/s, 0.0 ms/tok, 0.0 ms/step (0 steps / 0 tok, 0 % of wall) | prefill 0 prompts / 11264 tok, 1104 tok/s, 0.91 ms/tok (100 % of wall), 0 tok cached (0/0 hits) | live 1, queued 0 | pool 1446/4096 blocks (35 %) | prefix cache 14/1074 entries | 1 prefilling
2026-10-06 18:57:20.960 INFO  stats: rank 1 | 10.2 s | decode 0.0 tok/s, 0.0 ms/tok, 0.0 ms/step (0 steps / 0 tok, 0 % of wall) | prefill 0 prompts / 11008 tok, 1081 tok/s, 0.92 ms/tok (100 % of wall), 0 tok cached (0/0 hits) | live 1, queued 0 | pool 1446/4096 blocks (35 %) | prefix cache 14/1074 entries | 1 prefilling
2026-10-06 18:57:21.612 INFO  sched: request 'chatcmpl-08caf295c351e5fe' admitted to slot 0 (reserve 489 blocks; pool 1447/4096 blocks in use) — first token 760
2026-10-06 18:57:21.612 INFO  sched: request 'chatcmpl-08caf295c351e5fe' retired (steps): 1 tok in 29.2 s — prefill 31285 tok (0 cached) in 29178 ms; decode 0 tok / 0 passes in 0.0 s
2026-10-06 18:57:21.665 INFO  sched: request 'chatcmpl-08caf295c351e5ff' starting prefill in slot 0 (31240 prompt tokens)
2026-10-06 18:57:21.665 INFO  sched: request 'chatcmpl-08caf295c351e5ff' prefix cache miss — 9 cut(s) probed against 16 entries; the nearest entry (position 31276) shares the first 45 of the prompt's 31240 tokens (the prompt differs from it from that token on)
2026-10-06 18:57:21.666 INFO  sched: request 'chatcmpl-08caf295c351e5ff' prefilling in slot 0 (256 tokens/tick)
2026-10-06 18:57:31.034 INFO  stats: rank 1 | 10.1 s | decode 0.1 tok/s, 0.0 ms/tok, 0.0 ms/step (0 steps / 1 tok, 0 % of wall) | prefill 1 prompt / 10805 tok, 1073 tok/s, 0.93 ms/tok, 10008 ms avg (99 % of wall), 0 tok cached (0/1 hit) | live 1, queued 0 | pool 1935/4096 blocks (47 %) | prefix cache 16/1074 entries | 1 prefilling
2026-10-06 18:57:41.048 INFO  stats: rank 1 | 10.0 s | decode 0.0 tok/s, 0.0 ms/tok, 0.0 ms/step (0 steps / 0 tok, 0 % of wall) | prefill 0 prompts / 11008 tok, 1099 tok/s, 0.91 ms/tok (100 % of wall), 0 tok cached (0/0 hits) | live 1, queued 0 | pool 1935/4096 blocks (47 %) | prefix cache 16/1074 entries | 1 prefilling
2026-10-06 18:57:50.421 INFO  sched: request 'chatcmpl-08caf295c351e5ff' admitted to slot 0 (reserve 489 blocks; pool 1936/4096 blocks in use) — first token 760
2026-10-06 18:57:50.423 INFO  sched: request 'chatcmpl-08caf295c351e5ff' retired (steps): 1 tok in 28.8 s — prefill 31240 tok (0 cached) in 28721 ms; decode 0 tok / 0 passes in 0.0 s
2026-10-06 18:57:50.811 INFO  sched: request 'chatcmpl-08caf295c351e600' starting prefill in slot 0 (156 prompt tokens)
2026-10-06 18:57:51.021 INFO  sched: request 'chatcmpl-08caf295c351e600' prefix cache miss — 2 cut(s) probed against 20 entries; the nearest entry (position 31276) shares the first 1 of the prompt's 156 tokens (the prompt differs from it from that token on)
2026-10-06 18:57:51.021 INFO  sched: request 'chatcmpl-08caf295c351e600' admitted to slot 0 (reserve 7 blocks; pool 1943/4096 blocks in use) — first token 1596
2026-10-06 18:57:51.055 INFO  stats: rank 1 | 10.0 s | decode 0.4 tok/s, 8.5 ms/tok, 34.0 ms/step (1 step / 4 tok, 0 % of wall) | mtp 4.00 tok/step/req, accept p1 100 % | prefill 2 prompts / 10148 tok, 1014 tok/s, 0.94 ms/tok, 4787 ms avg (96 % of wall), 0 tok cached (0/1 hit) | live 1, queued 0 | pool 1943/4096 blocks (47 %) | prefix cache 20/1074 entries
2026-10-06 18:57:54.689 INFO  sched: request 'chatcmpl-08caf295c351e600' retired (steps): 256 tok in 3.9 s — prefill 156 tok (0 cached) in 210 ms; decode 255 tok / 135 passes in 3.7 s: 69.5 tok/s, 14.4 ms/tok, 27 ms/pass, 1.89 tok/pass, accept p1 90 %
2026-10-06 18:57:54.708 INFO  sched: request 'chatcmpl-08caf295c351e601' starting prefill in slot 0 (156 prompt tokens)
2026-10-06 18:57:54.909 INFO  sched: request 'chatcmpl-08caf295c351e601' prefix cache miss — 2 cut(s) probed against 20 entries; the nearest entry (position 31276) shares the first 1 of the prompt's 156 tokens (the prompt differs from it from that token on)
2026-10-06 18:57:54.909 INFO  sched: request 'chatcmpl-08caf295c351e601' admitted to slot 0 (reserve 7 blocks; pool 1943/4096 blocks in use) — first token 1596
2026-10-06 18:57:58.497 INFO  sched: request 'chatcmpl-08caf295c351e601' retired (steps): 256 tok in 3.8 s — prefill 156 tok (0 cached) in 201 ms; decode 255 tok / 135 passes in 3.6 s: 71.1 tok/s, 14.1 ms/tok, 27 ms/pass, 1.89 tok/pass, accept p1 90 %
2026-10-06 18:57:58.517 INFO  sched: request 'chatcmpl-08caf295c351e602' starting prefill in slot 0 (156 prompt tokens)
2026-10-06 18:57:58.724 INFO  sched: request 'chatcmpl-08caf295c351e602' prefix cache miss — 2 cut(s) probed against 20 entries; the nearest entry (position 31276) shares the first 1 of the prompt's 156 tokens (the prompt differs from it from that token on)
2026-10-06 18:57:58.724 INFO  sched: request 'chatcmpl-08caf295c351e602' admitted to slot 0 (reserve 7 blocks; pool 1943/4096 blocks in use) — first token 1596
2026-10-06 18:58:01.075 INFO  stats: rank 1 | 10.0 s | decode 67.3 tok/s, 14.1 ms/tok, 26.9 ms/step (353 steps / 674 tok, 95 % of wall) | mtp 1.91 tok/step/req, accept p1 91 % | prefill 2 prompts / 312 tok, 31 tok/s, 1.31 ms/tok, 204 ms avg (4 % of wall), 0 tok cached (0/2 hits) | live 1, queued 0 | pool 1943/4096 blocks (47 %) | prefix cache 20/1074 entries
2026-10-06 18:58:02.439 INFO  sched: request 'chatcmpl-08caf295c351e602' retired (steps): 256 tok in 3.9 s — prefill 156 tok (0 cached) in 207 ms; decode 255 tok / 135 passes in 3.7 s: 68.6 tok/s, 14.6 ms/tok, 28 ms/pass, 1.89 tok/pass, accept p1 90 %
2026-10-06 18:58:03.164 INFO  sched: request 'chatcmpl-08caf295c351e603' starting prefill in slot 0 (32286 prompt tokens)
2026-10-06 18:58:03.164 INFO  sched: request 'chatcmpl-08caf295c351e603' prefix cache miss — 10 cut(s) probed against 20 entries; the nearest entry (position 31276) shares the first 1 of the prompt's 32286 tokens (the prompt differs from it from that token on)
2026-10-06 18:58:03.165 INFO  sched: request 'chatcmpl-08caf295c351e603' prefilling in slot 0 (256 tokens/tick)
2026-10-06 18:58:11.150 INFO  stats: rank 1 | 10.1 s | decode 9.0 tok/s, 14.9 ms/tok, 26.5 ms/step (51 steps / 91 tok, 13 % of wall) | mtp 1.78 tok/step/req, accept p1 80 % | prefill 0 prompts / 8960 tok, 889 tok/s, 0.89 ms/tok (79 % of wall), 0 tok cached (0/1 hit) | live 1, queued 0 | pool 2445/4096 blocks (60 %) | prefix cache 20/1074 entries | 1 prefilling
2026-10-06 18:58:21.376 INFO  stats: rank 1 | 10.2 s | decode 0.0 tok/s, 0.0 ms/tok, 0.0 ms/step (0 steps / 0 tok, 0 % of wall) | prefill 0 prompts / 11008 tok, 1076 tok/s, 0.93 ms/tok (100 % of wall), 0 tok cached (0/0 hits) | live 1, queued 0 | pool 2445/4096 blocks (60 %) | prefix cache 20/1074 entries | 1 prefilling
2026-10-06 18:58:31.489 INFO  stats: rank 1 | 10.1 s | decode 0.0 tok/s, 0.0 ms/tok, 0.0 ms/step (0 steps / 0 tok, 0 % of wall) | prefill 0 prompts / 10496 tok, 1038 tok/s, 0.96 ms/tok (100 % of wall), 0 tok cached (0/0 hits) | live 1, queued 0 | pool 2445/4096 blocks (60 %) | prefix cache 20/1074 entries | 1 prefilling
2026-10-06 18:58:33.585 INFO  sched: request 'chatcmpl-08caf295c351e603' admitted to slot 0 (reserve 509 blocks; pool 2446/4096 blocks in use) — first token 1596
2026-10-06 18:58:37.591 INFO  sched: request 'chatcmpl-08caf295c351e603' retired (steps): 256 tok in 34.4 s — prefill 32286 tok (0 cached) in 30392 ms; decode 255 tok / 136 passes in 4.0 s: 63.2 tok/s, 15.8 ms/tok, 30 ms/pass, 1.88 tok/pass, accept p1 88 %
2026-10-06 18:58:37.618 INFO  sched: request 'chatcmpl-08caf295c351e604' starting prefill in slot 0 (32286 prompt tokens)
2026-10-06 18:58:37.619 INFO  sched: request 'chatcmpl-08caf295c351e604' prefilling in slot 0 (256 tokens/tick)
2026-10-06 18:58:37.677 INFO  sched: request 'chatcmpl-08caf295c351e604' admitted to slot 0 (reserve 509 blocks; pool 2451/4096 blocks in use) — first token 1596
2026-10-06 18:58:41.490 INFO  stats: rank 1 | 10.0 s | decode 50.8 tok/s, 15.1 ms/tok, 28.4 ms/step (270 steps / 508 tok, 77 % of wall) | mtp 1.88 tok/step/req, accept p1 87 % | prefill 2 prompts / 1828 tok, 183 tok/s, 1.18 ms/tok, 1075 ms avg (21 % of wall), 32280 tok cached (1/1 hit) | live 1, queued 0 | pool 2452/4096 blocks (60 %) | prefix cache 23/1074 entries
2026-10-06 18:58:41.551 INFO  sched: request 'chatcmpl-08caf295c351e604' retired (steps): 256 tok in 3.9 s — prefill 32286 tok (32280 cached) in 59 ms; decode 255 tok / 136 passes in 3.9 s: 65.8 tok/s, 15.2 ms/tok, 28 ms/pass, 1.88 tok/pass, accept p1 88 %
2026-10-06 18:58:41.587 INFO  sched: request 'chatcmpl-08caf295c351e605' starting prefill in slot 0 (32286 prompt tokens)
2026-10-06 18:58:41.588 INFO  sched: request 'chatcmpl-08caf295c351e605' prefilling in slot 0 (256 tokens/tick)
2026-10-06 18:58:41.644 INFO  sched: request 'chatcmpl-08caf295c351e605' admitted to slot 0 (reserve 509 blocks; pool 2451/4096 blocks in use) — first token 1596
2026-10-06 18:58:45.515 INFO  sched: request 'chatcmpl-08caf295c351e605' retired (steps): 256 tok in 3.9 s — prefill 32286 tok (32280 cached) in 56 ms; decode 255 tok / 136 passes in 3.9 s: 65.9 tok/s, 15.2 ms/tok, 28 ms/pass, 1.88 tok/pass, accept p1 88 %
2026-10-06 18:58:46.612 INFO  sched: request 'chatcmpl-08caf295c351e606' starting prefill in slot 0 (65054 prompt tokens)
2026-10-06 18:58:46.612 INFO  sched: request 'chatcmpl-08caf295c351e606' prefix cache miss — 18 cut(s) probed against 23 entries; the nearest entry (position 32540) shares the first 47 of the prompt's 65054 tokens (the prompt differs from it from that token on)
2026-10-06 18:58:46.612 INFO  sched: request 'chatcmpl-08caf295c351e606' prefilling in slot 0 (256 tokens/tick)
2026-10-06 18:58:51.569 INFO  stats: rank 1 | 10.1 s | decode 25.8 tok/s, 14.8 ms/tok, 27.9 ms/step (138 steps / 260 tok, 38 % of wall) | mtp 1.88 tok/step/req, accept p1 88 % | prefill 1 prompt / 5638 tok, 559 tok/s, 0.89 ms/tok, 5005 ms avg (50 % of wall), 32280 tok cached (1/2 hits) | live 1, queued 0 | pool 3467/4096 blocks (85 %) | prefix cache 23/1074 entries | 1 prefilling
2026-10-06 18:59:01.728 INFO  stats: rank 1 | 10.2 s | decode 0.0 tok/s, 0.0 ms/tok, 0.0 ms/step (0 steps / 0 tok, 0 % of wall) | prefill 0 prompts / 11008 tok, 1084 tok/s, 0.92 ms/tok (100 % of wall), 0 tok cached (0/0 hits) | live 1, queued 0 | pool 3467/4096 blocks (85 %) | prefix cache 23/1074 entries | 1 prefilling
2026-10-06 18:59:11.905 INFO  stats: rank 1 | 10.2 s | decode 0.0 tok/s, 0.0 ms/tok, 0.0 ms/step (0 steps / 0 tok, 0 % of wall) | prefill 0 prompts / 10496 tok, 1031 tok/s, 0.97 ms/tok (100 % of wall), 0 tok cached (0/0 hits) | live 1, queued 0 | pool 3467/4096 blocks (85 %) | prefix cache 23/1074 entries | 1 prefilling
2026-10-06 18:59:21.966 INFO  stats: rank 1 | 10.1 s | decode 0.0 tok/s, 0.0 ms/tok, 0.0 ms/step (0 steps / 0 tok, 0 % of wall) | prefill 0 prompts / 10240 tok, 1018 tok/s, 0.98 ms/tok (100 % of wall), 0 tok cached (0/0 hits) | live 1, queued 0 | pool 3467/4096 blocks (85 %) | prefix cache 23/1074 entries | 1 prefilling
2026-10-06 18:59:31.996 INFO  stats: rank 1 | 10.0 s | decode 0.0 tok/s, 0.0 ms/tok, 0.0 ms/step (0 steps / 0 tok, 0 % of wall) | prefill 0 prompts / 9984 tok, 995 tok/s, 1.00 ms/tok (100 % of wall), 0 tok cached (0/0 hits) | live 1, queued 0 | pool 3467/4096 blocks (85 %) | prefix cache 23/1074 entries | 1 prefilling
2026-10-06 18:59:42.146 INFO  stats: rank 1 | 10.2 s | decode 0.0 tok/s, 0.0 ms/tok, 0.0 ms/step (0 steps / 0 tok, 0 % of wall) | prefill 0 prompts / 9728 tok, 958 tok/s, 1.04 ms/tok (100 % of wall), 0 tok cached (0/0 hits) | live 1, queued 0 | pool 3467/4096 blocks (85 %) | prefix cache 23/1074 entries | 1 prefilling
2026-10-06 18:59:50.671 INFO  sched: request 'chatcmpl-08caf295c351e606' admitted to slot 0 (reserve 1021 blocks; pool 3468/4096 blocks in use) — first token 1596
2026-10-06 18:59:52.155 INFO  stats: rank 1 | 10.0 s | decode 9.2 tok/s, 16.0 ms/tok, 29.4 ms/step (50 steps / 92 tok, 15 % of wall) | mtp 1.84 tok/step/req, accept p1 82 % | prefill 1 prompt / 7966 tok, 796 tok/s, 1.07 ms/tok, 8514 ms avg (85 % of wall), 0 tok cached (0/0 hits) | live 1, queued 0 | pool 3469/4096 blocks (85 %) | prefix cache 25/1074 entries
2026-10-06 18:59:54.912 INFO  sched: request 'chatcmpl-08caf295c351e606' retired (steps): 256 tok in 68.3 s — prefill 65054 tok (0 cached) in 63974 ms; decode 255 tok / 142 passes in 4.3 s: 58.9 tok/s, 17.0 ms/tok, 30 ms/pass, 1.80 tok/pass, accept p1 80 %
2026-10-06 18:59:54.967 INFO  sched: request 'chatcmpl-08caf295c351e607' starting prefill in slot 0 (65054 prompt tokens)
2026-10-06 18:59:54.968 INFO  sched: request 'chatcmpl-08caf295c351e607' prefilling in slot 0 (256 tokens/tick)
2026-10-06 18:59:55.025 INFO  sched: request 'chatcmpl-08caf295c351e607' admitted to slot 0 (reserve 1021 blocks; pool 3473/4096 blocks in use) — first token 1596
2026-10-06 18:59:59.112 INFO  sched: request 'chatcmpl-08caf295c351e607' retired (steps): 256 tok in 4.1 s — prefill 65054 tok (65048 cached) in 58 ms; decode 255 tok / 142 passes in 4.1 s: 62.4 tok/s, 16.0 ms/tok, 29 ms/pass, 1.80 tok/pass, accept p1 80 %
2026-10-06 18:59:59.150 INFO  sched: request 'chatcmpl-08caf295c351e608' starting prefill in slot 0 (65054 prompt tokens)
2026-10-06 18:59:59.151 INFO  sched: request 'chatcmpl-08caf295c351e608' prefilling in slot 0 (256 tokens/tick)
2026-10-06 18:59:59.207 INFO  sched: request 'chatcmpl-08caf295c351e608' admitted to slot 0 (reserve 1021 blocks; pool 3473/4096 blocks in use) — first token 1596
2026-10-06 19:00:02.171 INFO  stats: rank 1 | 10.0 s | decode 60.6 tok/s, 16.0 ms/tok, 28.8 ms/step (337 steps / 607 tok, 97 % of wall) | mtp 1.80 tok/step/req, accept p1 80 % | prefill 2 prompts / 12 tok, 1 tok/s, 9.60 ms/tok, 58 ms avg (1 % of wall), 130096 tok cached (2/2 hits) | live 1, queued 0 | pool 3474/4096 blocks (85 %) | prefix cache 26/1074 entries
2026-10-06 19:00:03.293 INFO  sched: request 'chatcmpl-08caf295c351e608' retired (steps): 256 tok in 4.1 s — prefill 65054 tok (65048 cached) in 57 ms; decode 255 tok / 142 passes in 4.1 s: 62.4 tok/s, 16.0 ms/tok, 29 ms/pass, 1.80 tok/pass, accept p1 80 %
2026-10-06 19:00:05.185 INFO  sched: request 'chatcmpl-08caf295c351e609' starting prefill in slot 0 (130573 prompt tokens)
2026-10-06 19:00:05.185 INFO  sched: request 'chatcmpl-08caf295c351e609' prefix cache miss — 34 cut(s) probed against 10 entries; the nearest entry (position 32540) shares the first 49 of the prompt's 130573 tokens (the prompt differs from it from that token on)
2026-10-06 19:00:05.186 INFO  sched: request 'chatcmpl-08caf295c351e609' prefilling in slot 0 (256 tokens/tick)
2026-10-06 19:00:12.385 INFO  stats: rank 1 | 10.2 s | decode 6.8 tok/s, 15.9 ms/tok, 28.2 ms/step (39 steps / 69 tok, 11 % of wall) | mtp 1.77 tok/step/req, accept p1 77 % | prefill 0 prompts / 7936 tok, 777 tok/s, 0.91 ms/tok (70 % of wall), 0 tok cached (0/1 hit) | live 1, queued 0 | pool 4067/4096 blocks (99 %) | prefix cache 10/1074 entries | 1 prefilling
2026-10-06 19:00:22.605 INFO  stats: rank 1 | 10.2 s | decode 0.0 tok/s, 0.0 ms/tok, 0.0 ms/step (0 steps / 0 tok, 0 % of wall) | prefill 0 prompts / 11008 tok, 1077 tok/s, 0.93 ms/tok (100 % of wall), 0 tok cached (0/0 hits) | live 1, queued 0 | pool 4067/4096 blocks (99 %) | prefix cache 10/1074 entries | 1 prefilling
2026-10-06 19:00:32.705 INFO  stats: rank 1 | 10.1 s | decode 0.0 tok/s, 0.0 ms/tok, 0.0 ms/step (0 steps / 0 tok, 0 % of wall) | prefill 0 prompts / 10496 tok, 1039 tok/s, 0.96 ms/tok (100 % of wall), 0 tok cached (0/0 hits) | live 1, queued 0 | pool 4067/4096 blocks (99 %) | prefix cache 10/1074 entries | 1 prefilling
2026-10-06 19:00:42.807 INFO  stats: rank 1 | 10.1 s | decode 0.0 tok/s, 0.0 ms/tok, 0.0 ms/step (0 steps / 0 tok, 0 % of wall) | prefill 0 prompts / 10240 tok, 1014 tok/s, 0.98 ms/tok (100 % of wall), 0 tok cached (0/0 hits) | live 1, queued 0 | pool 4067/4096 blocks (99 %) | prefix cache 10/1074 entries | 1 prefilling
2026-10-06 19:00:53.045 INFO  stats: rank 1 | 10.2 s | decode 0.0 tok/s, 0.0 ms/tok, 0.0 ms/step (0 steps / 0 tok, 0 % of wall) | prefill 0 prompts / 9984 tok, 975 tok/s, 1.02 ms/tok (100 % of wall), 0 tok cached (0/0 hits) | live 1, queued 0 | pool 4067/4096 blocks (99 %) | prefix cache 10/1074 entries | 1 prefilling
2026-10-06 19:01:03.104 INFO  stats: rank 1 | 10.1 s | decode 0.0 tok/s, 0.0 ms/tok, 0.0 ms/step (0 steps / 0 tok, 0 % of wall) | prefill 0 prompts / 9728 tok, 967 tok/s, 1.03 ms/tok (100 % of wall), 0 tok cached (0/0 hits) | live 1, queued 0 | pool 4067/4096 blocks (99 %) | prefix cache 10/1074 entries | 1 prefilling
2026-10-06 19:01:13.347 INFO  stats: rank 1 | 10.2 s | decode 0.0 tok/s, 0.0 ms/tok, 0.0 ms/step (0 steps / 0 tok, 0 % of wall) | prefill 0 prompts / 9728 tok, 950 tok/s, 1.05 ms/tok (100 % of wall), 0 tok cached (0/0 hits) | live 1, queued 0 | pool 4067/4096 blocks (99 %) | prefix cache 10/1074 entries | 1 prefilling
2026-10-06 19:01:23.409 INFO  stats: rank 1 | 10.1 s | decode 0.0 tok/s, 0.0 ms/tok, 0.0 ms/step (0 steps / 0 tok, 0 % of wall) | prefill 0 prompts / 9216 tok, 916 tok/s, 1.09 ms/tok (100 % of wall), 0 tok cached (0/0 hits) | live 1, queued 0 | pool 4067/4096 blocks (99 %) | prefix cache 10/1074 entries | 1 prefilling
2026-10-06 19:01:33.545 INFO  stats: rank 1 | 10.1 s | decode 0.0 tok/s, 0.0 ms/tok, 0.0 ms/step (0 steps / 0 tok, 0 % of wall) | prefill 0 prompts / 9216 tok, 909 tok/s, 1.10 ms/tok (100 % of wall), 0 tok cached (0/0 hits) | live 1, queued 0 | pool 4067/4096 blocks (99 %) | prefix cache 10/1074 entries | 1 prefilling
2026-10-06 19:01:43.590 INFO  stats: rank 1 | 10.0 s | decode 0.0 tok/s, 0.0 ms/tok, 0.0 ms/step (0 steps / 0 tok, 0 % of wall) | prefill 0 prompts / 8960 tok, 892 tok/s, 1.12 ms/tok (100 % of wall), 0 tok cached (0/0 hits) | live 1, queued 0 | pool 4067/4096 blocks (99 %) | prefix cache 10/1074 entries | 1 prefilling
2026-10-06 19:01:53.619 INFO  stats: rank 1 | 10.0 s | decode 0.0 tok/s, 0.0 ms/tok, 0.0 ms/step (0 steps / 0 tok, 0 % of wall) | prefill 0 prompts / 8704 tok, 868 tok/s, 1.15 ms/tok (100 % of wall), 0 tok cached (0/0 hits) | live 1, queued 0 | pool 4067/4096 blocks (99 %) | prefix cache 10/1074 entries | 1 prefilling
2026-10-06 19:02:03.700 INFO  stats: rank 1 | 10.1 s | decode 0.0 tok/s, 0.0 ms/tok, 0.0 ms/step (0 steps / 0 tok, 0 % of wall) | prefill 0 prompts / 8704 tok, 863 tok/s, 1.16 ms/tok (100 % of wall), 0 tok cached (0/0 hits) | live 1, queued 0 | pool 4067/4096 blocks (99 %) | prefix cache 10/1074 entries | 1 prefilling
2026-10-06 19:02:13.925 INFO  stats: rank 1 | 10.2 s | decode 0.0 tok/s, 0.0 ms/tok, 0.0 ms/step (0 steps / 0 tok, 0 % of wall) | prefill 0 prompts / 8704 tok, 851 tok/s, 1.17 ms/tok (100 % of wall), 0 tok cached (0/0 hits) | live 1, queued 0 | pool 4067/4096 blocks (99 %) | prefix cache 10/1074 entries | 1 prefilling
2026-10-06 19:02:23.674 INFO  sched: request 'chatcmpl-08caf295c351e609' admitted to slot 0 (reserve 2045 blocks; pool 4068/4096 blocks in use) — first token 1596
2026-10-06 19:02:23.925 INFO  stats: rank 1 | 10.0 s | decode 1.2 tok/s, 20.8 ms/tok, 35.6 ms/step (7 steps / 12 tok, 2 % of wall) | mtp 1.71 tok/step/req, accept p1 57 % | prefill 1 prompt / 7949 tok, 795 tok/s, 1.23 ms/tok, 9741 ms avg (97 % of wall), 0 tok cached (0/0 hits) | live 1, queued 0 | pool 4069/4096 blocks (99 %) | prefix cache 12/1074 entries
2026-10-06 19:02:28.189 INFO  sched: request 'chatcmpl-08caf295c351e609' retired (steps): 256 tok in 143.0 s — prefill 130573 tok (0 cached) in 138367 ms; decode 255 tok / 143 passes in 4.6 s: 55.0 tok/s, 18.2 ms/tok, 32 ms/pass, 1.78 tok/pass, accept p1 78 %
2026-10-06 19:02:28.267 INFO  sched: request 'chatcmpl-08caf295c351e60a' starting prefill in slot 0 (130573 prompt tokens)
2026-10-06 19:02:28.269 INFO  sched: request 'chatcmpl-08caf295c351e60a' prefilling in slot 0 (256 tokens/tick)
2026-10-06 19:02:28.323 INFO  sched: request 'chatcmpl-08caf295c351e60a' admitted to slot 0 (reserve 2045 blocks; pool 4073/4096 blocks in use) — first token 1596
2026-10-06 19:02:32.619 INFO  sched: request 'chatcmpl-08caf295c351e60a' retired (steps): 256 tok in 4.4 s — prefill 130573 tok (130568 cached) in 56 ms; decode 255 tok / 143 passes in 4.3 s: 59.4 tok/s, 16.8 ms/tok, 30 ms/pass, 1.78 tok/pass, accept p1 78 %
2026-10-06 19:02:32.703 INFO  sched: request 'chatcmpl-08caf295c351e60b' starting prefill in slot 0 (130573 prompt tokens)
2026-10-06 19:02:32.705 INFO  sched: request 'chatcmpl-08caf295c351e60b' prefilling in slot 0 (256 tokens/tick)
2026-10-06 19:02:32.759 INFO  sched: request 'chatcmpl-08caf295c351e60b' admitted to slot 0 (reserve 2045 blocks; pool 4073/4096 blocks in use) — first token 1596
2026-10-06 19:02:33.944 INFO  stats: rank 1 | 10.0 s | decode 57.3 tok/s, 16.7 ms/tok, 30.0 ms/step (319 steps / 574 tok, 95 % of wall) | mtp 1.80 tok/step/req, accept p1 79 % | prefill 2 prompts / 10 tok, 1 tok/s, 11.18 ms/tok, 56 ms avg (1 % of wall), 261136 tok cached (2/2 hits) | live 1, queued 0 | pool 4074/4096 blocks (99 %) | prefix cache 13/1074 entries
2026-10-06 19:02:37.020 INFO  sched: request 'chatcmpl-08caf295c351e60b' retired (steps): 256 tok in 4.3 s — prefill 130573 tok (130568 cached) in 56 ms; decode 255 tok / 143 passes in 4.3 s: 59.8 tok/s, 16.7 ms/tok, 30 ms/pass, 1.78 tok/pass, accept p1 78 %
2026-10-06 19:02:41.213 INFO  sched: request 'chatcmpl-08caf295c351e60c' starting prefill in slot 0 (261659 prompt tokens)
2026-10-06 19:02:41.213 INFO  sched: request 'chatcmpl-08caf295c351e60c' prefix cache miss — 65 cut(s), the cache is empty
2026-10-06 19:02:41.214 INFO  sched: request 'chatcmpl-08caf295c351e60c' prefilling in slot 0 (256 tokens/tick)
2026-10-06 19:02:44.095 INFO  stats: rank 1 | 10.2 s | decode 17.9 tok/s, 16.6 ms/tok, 29.3 ms/step (103 steps / 182 tok, 30 % of wall) | mtp 1.77 tok/step/req, accept p1 77 % | prefill 0 prompts / 3328 tok, 328 tok/s, 0.87 ms/tok (28 % of wall), 0 tok cached (0/1 hit) | live 1, queued 0 | pool 4093/4096 blocks (100 %) | prefix cache 0/1074 entries | 1 prefilling
2026-10-06 19:02:54.144 INFO  stats: rank 1 | 10.0 s | decode 0.0 tok/s, 0.0 ms/tok, 0.0 ms/step (0 steps / 0 tok, 0 % of wall) | prefill 0 prompts / 11008 tok, 1095 tok/s, 0.91 ms/tok (100 % of wall), 0 tok cached (0/0 hits) | live 1, queued 0 | pool 4093/4096 blocks (100 %) | prefix cache 0/1074 entries | 1 prefilling
2026-10-06 19:03:04.323 INFO  stats: rank 1 | 10.2 s | decode 0.0 tok/s, 0.0 ms/tok, 0.0 ms/step (0 steps / 0 tok, 0 % of wall) | prefill 0 prompts / 10752 tok, 1056 tok/s, 0.95 ms/tok (100 % of wall), 0 tok cached (0/0 hits) | live 1, queued 0 | pool 4093/4096 blocks (100 %) | prefix cache 0/1074 entries | 1 prefilling
2026-10-06 19:03:14.447 INFO  stats: rank 1 | 10.1 s | decode 0.0 tok/s, 0.0 ms/tok, 0.0 ms/step (0 steps / 0 tok, 0 % of wall) | prefill 0 prompts / 10240 tok, 1011 tok/s, 0.99 ms/tok (100 % of wall), 0 tok cached (0/0 hits) | live 1, queued 0 | pool 4093/4096 blocks (100 %) | prefix cache 0/1074 entries | 1 prefilling
2026-10-06 19:03:24.469 INFO  stats: rank 1 | 10.0 s | decode 0.0 tok/s, 0.0 ms/tok, 0.0 ms/step (0 steps / 0 tok, 0 % of wall) | prefill 0 prompts / 9984 tok, 996 tok/s, 1.00 ms/tok (100 % of wall), 0 tok cached (0/0 hits) | live 1, queued 0 | pool 4093/4096 blocks (100 %) | prefix cache 0/1074 entries | 1 prefilling
2026-10-06 19:03:34.718 INFO  stats: rank 1 | 10.2 s | decode 0.0 tok/s, 0.0 ms/tok, 0.0 ms/step (0 steps / 0 tok, 0 % of wall) | prefill 0 prompts / 9984 tok, 974 tok/s, 1.02 ms/tok (100 % of wall), 0 tok cached (0/0 hits) | live 1, queued 0 | pool 4093/4096 blocks (100 %) | prefix cache 0/1074 entries | 1 prefilling
2026-10-06 19:03:44.797 INFO  stats: rank 1 | 10.1 s | decode 0.0 tok/s, 0.0 ms/tok, 0.0 ms/step (0 steps / 0 tok, 0 % of wall) | prefill 0 prompts / 9472 tok, 940 tok/s, 1.06 ms/tok (100 % of wall), 0 tok cached (0/0 hits) | live 1, queued 0 | pool 4093/4096 blocks (100 %) | prefix cache 0/1074 entries | 1 prefilling
2026-10-06 19:03:54.940 INFO  stats: rank 1 | 10.1 s | decode 0.0 tok/s, 0.0 ms/tok, 0.0 ms/step (0 steps / 0 tok, 0 % of wall) | prefill 0 prompts / 9472 tok, 934 tok/s, 1.07 ms/tok (100 % of wall), 0 tok cached (0/0 hits) | live 1, queued 0 | pool 4093/4096 blocks (100 %) | prefix cache 0/1074 entries | 1 prefilling
2026-10-06 19:04:05.011 INFO  stats: rank 1 | 10.1 s | decode 0.0 tok/s, 0.0 ms/tok, 0.0 ms/step (0 steps / 0 tok, 0 % of wall) | prefill 0 prompts / 9216 tok, 915 tok/s, 1.09 ms/tok (100 % of wall), 0 tok cached (0/0 hits) | live 1, queued 0 | pool 4093/4096 blocks (100 %) | prefix cache 0/1074 entries | 1 prefilling
2026-10-06 19:04:15.129 INFO  stats: rank 1 | 10.1 s | decode 0.0 tok/s, 0.0 ms/tok, 0.0 ms/step (0 steps / 0 tok, 0 % of wall) | prefill 0 prompts / 8960 tok, 886 tok/s, 1.13 ms/tok (100 % of wall), 0 tok cached (0/0 hits) | live 1, queued 0 | pool 4093/4096 blocks (100 %) | prefix cache 0/1074 entries | 1 prefilling
2026-10-06 19:04:25.276 INFO  stats: rank 1 | 10.1 s | decode 0.0 tok/s, 0.0 ms/tok, 0.0 ms/step (0 steps / 0 tok, 0 % of wall) | prefill 0 prompts / 8960 tok, 883 tok/s, 1.13 ms/tok (100 % of wall), 0 tok cached (0/0 hits) | live 1, queued 0 | pool 4093/4096 blocks (100 %) | prefix cache 0/1074 entries | 1 prefilling
2026-10-06 19:04:35.567 INFO  stats: rank 1 | 10.3 s | decode 0.0 tok/s, 0.0 ms/tok, 0.0 ms/step (0 steps / 0 tok, 0 % of wall) | prefill 0 prompts / 8960 tok, 871 tok/s, 1.15 ms/tok (100 % of wall), 0 tok cached (0/0 hits) | live 1, queued 0 | pool 4093/4096 blocks (100 %) | prefix cache 0/1074 entries | 1 prefilling
2026-10-06 19:04:45.580 INFO  stats: rank 1 | 10.0 s | decode 0.0 tok/s, 0.0 ms/tok, 0.0 ms/step (0 steps / 0 tok, 0 % of wall) | prefill 0 prompts / 8448 tok, 844 tok/s, 1.18 ms/tok (100 % of wall), 0 tok cached (0/0 hits) | live 1, queued 0 | pool 4093/4096 blocks (100 %) | prefix cache 0/1074 entries | 1 prefilling
2026-10-06 19:04:55.589 INFO  stats: rank 1 | 10.0 s | decode 0.0 tok/s, 0.0 ms/tok, 0.0 ms/step (0 steps / 0 tok, 0 % of wall) | prefill 0 prompts / 8448 tok, 844 tok/s, 1.18 ms/tok (100 % of wall), 0 tok cached (0/0 hits) | live 1, queued 0 | pool 4093/4096 blocks (100 %) | prefix cache 0/1074 entries | 1 prefilling
2026-10-06 19:05:05.732 INFO  stats: rank 1 | 10.1 s | decode 0.0 tok/s, 0.0 ms/tok, 0.0 ms/step (0 steps / 0 tok, 0 % of wall) | prefill 0 prompts / 8448 tok, 833 tok/s, 1.20 ms/tok (100 % of wall), 0 tok cached (0/0 hits) | live 1, queued 0 | pool 4093/4096 blocks (100 %) | prefix cache 0/1074 entries | 1 prefilling
2026-10-06 19:05:15.863 INFO  stats: rank 1 | 10.1 s | decode 0.0 tok/s, 0.0 ms/tok, 0.0 ms/step (0 steps / 0 tok, 0 % of wall) | prefill 0 prompts / 8192 tok, 809 tok/s, 1.24 ms/tok (100 % of wall), 0 tok cached (0/0 hits) | live 1, queued 0 | pool 4093/4096 blocks (100 %) | prefix cache 0/1074 entries | 1 prefilling
2026-10-06 19:05:25.959 INFO  stats: rank 1 | 10.1 s | decode 0.0 tok/s, 0.0 ms/tok, 0.0 ms/step (0 steps / 0 tok, 0 % of wall) | prefill 0 prompts / 8192 tok, 811 tok/s, 1.23 ms/tok (100 % of wall), 0 tok cached (0/0 hits) | live 1, queued 0 | pool 4093/4096 blocks (100 %) | prefix cache 0/1074 entries | 1 prefilling
2026-10-06 19:05:36.193 INFO  stats: rank 1 | 10.2 s | decode 0.0 tok/s, 0.0 ms/tok, 0.0 ms/step (0 steps / 0 tok, 0 % of wall) | prefill 0 prompts / 8192 tok, 800 tok/s, 1.25 ms/tok (100 % of wall), 0 tok cached (0/0 hits) | live 1, queued 0 | pool 4093/4096 blocks (100 %) | prefix cache 0/1074 entries | 1 prefilling
2026-10-06 19:05:46.351 INFO  stats: rank 1 | 10.2 s | decode 0.0 tok/s, 0.0 ms/tok, 0.0 ms/step (0 steps / 0 tok, 0 % of wall) | prefill 0 prompts / 7936 tok, 781 tok/s, 1.28 ms/tok (100 % of wall), 0 tok cached (0/0 hits) | live 1, queued 0 | pool 4093/4096 blocks (100 %) | prefix cache 0/1074 entries | 1 prefilling
2026-10-06 19:05:56.506 INFO  stats: rank 1 | 10.2 s | decode 0.0 tok/s, 0.0 ms/tok, 0.0 ms/step (0 steps / 0 tok, 0 % of wall) | prefill 0 prompts / 7936 tok, 782 tok/s, 1.28 ms/tok (100 % of wall), 0 tok cached (0/0 hits) | live 1, queued 0 | pool 4093/4096 blocks (100 %) | prefix cache 0/1074 entries | 1 prefilling
2026-10-06 19:06:06.797 INFO  stats: rank 1 | 10.3 s | decode 0.0 tok/s, 0.0 ms/tok, 0.0 ms/step (0 steps / 0 tok, 0 % of wall) | prefill 0 prompts / 7936 tok, 771 tok/s, 1.30 ms/tok (100 % of wall), 0 tok cached (0/0 hits) | live 1, queued 0 | pool 4093/4096 blocks (100 %) | prefix cache 0/1074 entries | 1 prefilling
2026-10-06 19:06:17.117 INFO  stats: rank 1 | 10.3 s | decode 0.0 tok/s, 0.0 ms/tok, 0.0 ms/step (0 steps / 0 tok, 0 % of wall) | prefill 0 prompts / 7168 tok, 695 tok/s, 1.44 ms/tok (100 % of wall), 0 tok cached (0/0 hits) | live 1, queued 0 | pool 4093/4096 blocks (100 %) | prefix cache 0/1074 entries | 1 prefilling
2026-10-06 19:06:27.296 INFO  stats: rank 1 | 10.2 s | decode 0.0 tok/s, 0.0 ms/tok, 0.0 ms/step (0 steps / 0 tok, 0 % of wall) | prefill 0 prompts / 7680 tok, 754 tok/s, 1.33 ms/tok (100 % of wall), 0 tok cached (0/0 hits) | live 1, queued 0 | pool 4093/4096 blocks (100 %) | prefix cache 0/1074 entries | 1 prefilling
2026-10-06 19:06:37.575 INFO  stats: rank 1 | 10.3 s | decode 0.0 tok/s, 0.0 ms/tok, 0.0 ms/step (0 steps / 0 tok, 0 % of wall) | prefill 0 prompts / 7680 tok, 747 tok/s, 1.34 ms/tok (100 % of wall), 0 tok cached (0/0 hits) | live 1, queued 0 | pool 4093/4096 blocks (100 %) | prefix cache 0/1074 entries | 1 prefilling
2026-10-06 19:06:47.633 INFO  stats: rank 1 | 10.1 s | decode 0.0 tok/s, 0.0 ms/tok, 0.0 ms/step (0 steps / 0 tok, 0 % of wall) | prefill 0 prompts / 7424 tok, 738 tok/s, 1.35 ms/tok (100 % of wall), 0 tok cached (0/0 hits) | live 1, queued 0 | pool 4093/4096 blocks (100 %) | prefix cache 0/1074 entries | 1 prefilling
2026-10-06 19:06:57.695 INFO  stats: rank 1 | 10.1 s | decode 0.0 tok/s, 0.0 ms/tok, 0.0 ms/step (0 steps / 0 tok, 0 % of wall) | prefill 0 prompts / 7168 tok, 712 tok/s, 1.40 ms/tok (100 % of wall), 0 tok cached (0/0 hits) | live 1, queued 0 | pool 4093/4096 blocks (100 %) | prefix cache 0/1074 entries | 1 prefilling
2026-10-06 19:07:07.931 INFO  stats: rank 1 | 10.2 s | decode 0.0 tok/s, 0.0 ms/tok, 0.0 ms/step (0 steps / 0 tok, 0 % of wall) | prefill 0 prompts / 7424 tok, 725 tok/s, 1.38 ms/tok (100 % of wall), 0 tok cached (0/0 hits) | live 1, queued 0 | pool 4093/4096 blocks (100 %) | prefix cache 0/1074 entries | 1 prefilling
2026-10-06 19:07:17.958 INFO  stats: rank 1 | 10.0 s | decode 0.0 tok/s, 0.0 ms/tok, 0.0 ms/step (0 steps / 0 tok, 0 % of wall) | prefill 0 prompts / 7168 tok, 715 tok/s, 1.40 ms/tok (100 % of wall), 0 tok cached (0/0 hits) | live 1, queued 0 | pool 4093/4096 blocks (100 %) | prefix cache 0/1074 entries | 1 prefilling
2026-10-06 19:07:28.020 INFO  stats: rank 1 | 10.1 s | decode 0.0 tok/s, 0.0 ms/tok, 0.0 ms/step (0 steps / 0 tok, 0 % of wall) | prefill 0 prompts / 6912 tok, 687 tok/s, 1.45 ms/tok (100 % of wall), 0 tok cached (0/0 hits) | live 1, queued 0 | pool 4093/4096 blocks (100 %) | prefix cache 0/1074 entries | 1 prefilling
2026-10-06 19:07:38.241 INFO  stats: rank 1 | 10.2 s | decode 0.0 tok/s, 0.0 ms/tok, 0.0 ms/step (0 steps / 0 tok, 0 % of wall) | prefill 0 prompts / 7168 tok, 701 tok/s, 1.43 ms/tok (100 % of wall), 0 tok cached (0/0 hits) | live 1, queued 0 | pool 4093/4096 blocks (100 %) | prefix cache 0/1074 entries | 1 prefilling
2026-10-06 19:07:48.579 INFO  stats: rank 1 | 10.3 s | decode 0.0 tok/s, 0.0 ms/tok, 0.0 ms/step (0 steps / 0 tok, 0 % of wall) | prefill 0 prompts / 7168 tok, 693 tok/s, 1.44 ms/tok (100 % of wall), 0 tok cached (0/0 hits) | live 1, queued 0 | pool 4093/4096 blocks (100 %) | prefix cache 0/1074 entries | 1 prefilling
2026-10-06 19:07:55.691 INFO  sched: request 'chatcmpl-08caf295c351e60c' admitted to slot 0 (reserve 4093 blocks; pool 4094/4096 blocks in use) — first token 1596
2026-10-06 19:07:58.593 INFO  stats: rank 1 | 10.0 s | decode 16.6 tok/s, 17.3 ms/tok, 32.2 ms/step (89 steps / 166 tok, 29 % of wall) | mtp 1.87 tok/step/req, accept p1 85 % | prefill 1 prompt / 4635 tok, 463 tok/s, 1.53 ms/tok, 7100 ms avg (71 % of wall), 0 tok cached (0/0 hits) | live 1, queued 0 | pool 4095/4096 blocks (100 %) | prefix cache 2/1074 entries
2026-10-06 19:08:00.153 INFO  sched: request 'chatcmpl-08caf295c351e60c' retired (steps): 256 tok in 318.9 s — prefill 261659 tok (0 cached) in 314163 ms; decode 255 tok / 137 passes in 4.8 s: 53.4 tok/s, 18.7 ms/tok, 35 ms/pass, 1.86 tok/pass, accept p1 86 %
2026-10-06 19:08:00.254 INFO  sched: request 'chatcmpl-08caf295c351e60d' starting prefill in slot 0 (261659 prompt tokens)
2026-10-06 19:08:00.255 INFO  sched: request 'chatcmpl-08caf295c351e60d' prefilling in slot 0 (256 tokens/tick)
2026-10-06 19:08:00.319 INFO  sched: request 'chatcmpl-08caf295c351e60d' admitted to slot 0 (reserve 4093 blocks; pool 4094/4096 blocks in use) — first token 1596
2026-10-06 19:08:04.653 INFO  sched: request 'chatcmpl-08caf295c351e60d' retired (steps): 256 tok in 4.4 s — prefill 261659 tok (261652 cached) in 65 ms; decode 255 tok / 137 passes in 4.3 s: 58.8 tok/s, 17.0 ms/tok, 32 ms/pass, 1.86 tok/pass, accept p1 86 %
2026-10-06 19:08:04.782 INFO  sched: request 'chatcmpl-08caf295c351e60e' starting prefill in slot 0 (261659 prompt tokens)
2026-10-06 19:08:04.783 INFO  sched: request 'chatcmpl-08caf295c351e60e' prefilling in slot 0 (256 tokens/tick)
2026-10-06 19:08:04.849 INFO  sched: request 'chatcmpl-08caf295c351e60e' admitted to slot 0 (reserve 4093 blocks; pool 4094/4096 blocks in use) — first token 1596
2026-10-06 19:08:08.608 INFO  stats: rank 1 | 10.0 s | decode 56.8 tok/s, 16.8 ms/tok, 31.4 ms/step (304 steps / 569 tok, 95 % of wall) | mtp 1.87 tok/step/req, accept p1 87 % | prefill 2 prompts / 14 tok, 1 tok/s, 9.46 ms/tok, 66 ms avg (1 % of wall), 523304 tok cached (2/2 hits) | live 1, queued 0 | pool 4095/4096 blocks (100 %) | prefix cache 1/1074 entries
2026-10-06 19:08:09.179 INFO  sched: request 'chatcmpl-08caf295c351e60e' retired (steps): 256 tok in 4.4 s — prefill 261659 tok (261652 cached) in 67 ms; decode 255 tok / 137 passes in 4.3 s: 58.9 tok/s, 17.0 ms/tok, 32 ms/pass, 1.86 tok/pass, accept p1 86 %
2026-10-06 19:08:10.168 INFO  journal: stop record — exiting
2026-10-06 19:08:10.169 INFO  rank 1: graph engine sampling summary — 0 sampled decode steps, 0 served by the exact gather fallback (0.0%), 128 candidates per rank
2026-10-06 19:08:11.884 INFO  rank 1: exited cleanly
