2026-10-06 13:50:57.097 INFO  dgpp-serve 0.1.0+g50309fdcf51d.dirty (git 50309fdcf51d)
2026-10-06 13:50:57.098 INFO  config /tmp/bus4/deployments/e8ab26ef7d4c039f/cluster.json: model unsloth/GLM-5.3-Flash-FP8, world 4, rank 2, http :18080, fabric :29970, journal :29971
2026-10-06 13:50:57.098 INFO  model unsloth/GLM-5.3-Flash-FP8 -> /home/stephen/.cache/huggingface/hub/models--unsloth--GLM-5.3-Flash-FP8/snapshots/a160e2291674d9e3e92e98fd82faa2544a2867a3
2026-10-06 13:50:57.099 INFO  journal: connected to rank 0 at 192.168.88.11:29971 (120000 attempt window)
2026-10-06 13:50:57.099 INFO  rank 2: settings from rank 0: model=unsloth/GLM-5.3-Flash-FP8 world=4 fabric=29970 journal=29971 conc=4 kv=393216 kvdt=bf16 ngt=resident dw=checkpoint mtpef=fp8 bfw=bf12+bf16 fp8head=gemv pf=bounded emsh=replicated maxtok=32768 queue=8 eos=1 graph=1 compact=0 mtp=1 mtpd=1 mss=0 msrow=8 msbase=28 mslam=0 msmin=1 msad=1 msss=0.93 mdr=auto mdt=1 mvf=token dbr=0 batchmin=2 cand=128 pcgib=8 adm=full win=256 pfbudget=256 pfidle=2048 pmin=1024 phead=1 pace=-1 inflight=-1 reasoning_in_content=0 rs=off dflash=off dfw=checkpoint
2026-10-06 13:50:57.100 INFO  config: model=unsloth/GLM-5.3-Flash-FP8 world=4 fabric=29970 journal=29971 conc=4 kv=393216 kvdt=bf16 ngt=resident dw=checkpoint mtpef=fp8 bfw=bf12+bf16 fp8head=gemv pf=bounded emsh=replicated maxtok=32768 queue=8 eos=1 graph=1 compact=0 mtp=1 mtpd=1 mss=0 msrow=8 msbase=28 mslam=0 msmin=1 msad=1 msss=0.93 mdr=auto mdt=1 mvf=token dbr=0 batchmin=2 cand=128 pcgib=8 adm=full win=256 pfbudget=256 pfidle=2048 pmin=1024 phead=1 pace=-1 inflight=-1 reasoning_in_content=0 rs=off dflash=off dfw=checkpoint (digest ae35583e476f00cf)
2026-10-06 13:50:57.220 INFO  serve: model family glm5 (/home/stephen/.cache/huggingface/hub/models--unsloth--GLM-5.3-Flash-FP8/snapshots/a160e2291674d9e3e92e98fd82faa2544a2867a3)
2026-10-06 13:50:57.220 INFO  serve: decode rows 8 (4 slot(s) x 2 row(s) per request, floor 8, the glm5 family's cap 8)
2026-10-06 13:50:57.229 WARN  generation config /home/stephen/.cache/huggingface/hub/models--unsloth--GLM-5.3-Flash-FP8/snapshots/a160e2291674d9e3e92e98fd82faa2544a2867a3/generation_config.json omits top_k, min_p, repetition_penalty; using greedy-safe/neutral fallbacks for those fields
2026-10-06 13:50:57.229 INFO  generation defaults: temperature=1 top_p=0.95 top_k=0 min_p=0 repetition_penalty=1
2026-10-06 13:50:57.229 INFO  serve: sampling defaults temperature 1 top_p 0.95 top_k 0 min_p 0 repetition_penalty 1 (from generation_config.json; overrides: none)
2026-10-06 13:50:57.229 INFO  serve: request context limit 393216 tokens (the 393216-token K/V pool from engine.kv_capacity 393216; this family states no positional ceiling of its own)
2026-10-06 13:50:57.229 INFO  rank 2: prefix cache plan — 8 GiB budget, 232 slots of 35.227 MiB, 7.981 GiB allocated; cached K/V blocks share the 393216-token pool
2026-10-06 13:50:57.373 INFO  tokenizer: loaded vocab 154820 merges 321649 added 36 (revision 0x700b4469fc43f23b; glm pattern, no normalizer, ignore_merges true)
2026-10-06 13:50:57.382 INFO  serve: grammar vocabulary built (154880 ids, tool markers present, call-turn EOS 154829)
2026-10-06 13:50:57.482 INFO  serve: JSON grammar tables built in 0.10 s
2026-10-06 13:50:57.708 INFO  bus: globaltimer offset 10444799444 ns (+-2 us)
2026-10-06 13:50:57.713 INFO  verbs: device roceP2p1s0f0 port 1 gid_index 3
2026-10-06 13:50:57.715 INFO  verbs: device rocep1s0f0 port 1 gid_index 3
2026-10-06 13:50:58.813 INFO  bus: rank 2 up — 3 peer(s) x 2 lane(s), lat 8x65536B, bulk 8x262144B, bulk pace 28.3 Gb/s per QP, window 4 per lane
2026-10-06 13:50:58.813 INFO  rank 2: boundary reducer host-driven
2026-10-06 13:50:58.852 INFO  bus engine: rank 2 pinned to cpu 19
2026-10-06 13:50:58.960 INFO  rank 2: process memory locked (mlockall MCL_CURRENT, 14546 MiB)
2026-10-06 13:50:58.960 INFO  rank 2: resident image cache at /home/stephen/.cache/dgpp/resident
2026-10-06 13:50:58.999 INFO  rank 2: memory plan for a 393216-token context — vision weights (replicated) 1.05 GiB; vision workspace (bounded image prefill) 0.33 GiB; model weights (resident) 79.29 GiB (1.81 GiB pinned); tensor-parallel slice views 0.67 GiB; bf16 decode packing (12-bit companions) 1.96 GiB; gemm workspace (at least) 0.06 GiB; kda scratch 0.08 GiB; kv cache pool (bf16) 4.65 GiB; dsa scratch 0.20 GiB; moe scratch 0.68 GiB (0.00 GiB pinned); kda state (request slots) 0.14 GiB; kda speculative snapshots 0.27 GiB; draft hidden cache (per position) 12.00 GiB; draft activations 0.05 GiB; activations (per-forward rows) 0.32 GiB (0.00 GiB pinned); route-trace staging 0.10 GiB (0.10 GiB pinned); prefix cache 7.98 GiB; engine 0.07 GiB
2026-10-06 13:50:58.999 INFO  rank 2: memory plan total 109.90 GiB (99.94 GiB device + 9.97 GiB pinned) + 4.00 GiB headroom against 116.52 GiB free (device free 115.34 GiB of 121.69 GiB, host available 116.52 GiB)
2026-10-06 13:50:58.999 INFO  memory ledger: rank 2 after the plan check — rss 1.18 GiB (anon 0.42, shmem 0.09, file 0.67; locked 14.21); device free 115.34 GiB, node available 116.52 GiB
2026-10-06 13:50:58.999 INFO  memory ledger: rank 2 after the bus — rss 1.18 GiB (anon 0.42, shmem 0.09, file 0.67; locked 14.21); device free 115.34 GiB, node available 116.52 GiB
2026-10-06 13:50:59.221 INFO  glm loader: rank 2 resident footprint 77.5 GiB; device free 115.3 of 121.7 GiB, host available 116.5 GiB
2026-10-06 13:51:00.238 INFO  glm loader: rank 2 resident image /home/stephen/.cache/dgpp/resident/8d2b8834e148c7d3.img — 46/46 layers present, direct I/O
2026-10-06 13:51:00.263 INFO  l2 prefetch: on, window budget 12 MiB, boundary rate light, layer rate light
2026-10-06 13:51:00.264 INFO  glm loader: rank 2 boot digest from the resident image (713 tensors, 2.91 GiB)
2026-10-06 13:51:14.572 INFO  glm loader: rank 2 resident load complete — released 62 shard mappings (305.8 GiB) and evicted their page cache; image: 46 layers restored, 0 captured
2026-10-06 13:51:14.893 INFO  rank 2 bf12: 70 decode matrices packed (2.55 GiB of bf16 -> 1.92 GiB, 215186 escapes, widest row 62, 16 rows kept raw; 0 matrices kept bf16) in 1.3 s
2026-10-06 13:51:19.855 INFO  rank 2 boot phases: digest 0.0 s (3.96 GiB hashed), globals 1.4 s, layers 17.5 s
2026-10-06 13:51:19.856 INFO  memory ledger: rank 2 after the model — rss 3.10 GiB (anon 0.42, shmem 2.01, file 0.67; locked 14.19); device free 12.58 GiB, node available 13.75 GiB
2026-10-06 13:51:19.856 INFO  rank 2: model constructed in 20.9s (resident, 4 request slots, 393216-token pool in bf16, 2048-row forwards)
2026-10-06 13:51:19.856 INFO  rank 2: prefix cache on — 232 snapshot slot(s) of 35.2 MiB (8.00 GiB asked)
2026-10-06 13:51:20.133 INFO  rank 2: graph engine samples on the device — 112 candidates per rank (8 rows x 4 ranks in a 65536-byte latency slot; the planned width is 128); constrained decoding available
2026-10-06 13:51:20.133 INFO  rank 2: prefill budget 256 tokens/tick (0 = full prompt), 2048 with nothing decoding
2026-10-06 13:51:20.133 INFO  rank 2: sampled requests draft a draw from the draft's distribution under the ratio verify (engine.mtp_draft auto)
2026-10-06 13:51:26.232 INFO  memory ledger: rank 2 after the graph engine — rss 3.10 GiB (anon 0.42, shmem 2.01, file 0.67; locked 14.19); device free 4.52 GiB, node available 5.69 GiB
2026-10-06 13:51:26.500 INFO  allreduce: device clock rate 2418000 kHz (stamps conversion)
2026-10-06 13:51:26.500 INFO  allreduce: rank 2 seq 1 launched (3 peers)
2026-10-06 13:51:26.500 INFO  allreduce: rank 2 seq 1 ready after 42.6us
2026-10-06 13:51:26.508 INFO  allreduce: rank 2 seq 1 done status=0 after 8249.9us
2026-10-06 13:51:26.553 INFO  allreduce: rank 2 seq 2 launched (3 peers)
2026-10-06 13:51:26.553 INFO  allreduce: rank 2 seq 2 ready after 11.0us
2026-10-06 13:51:26.557 INFO  allreduce: rank 2 seq 2 done status=0 after 4418.2us
2026-10-06 13:51:26.557 INFO  allreduce: rank 2 seq 3 launched (3 peers)
2026-10-06 13:51:26.557 INFO  allreduce: rank 2 seq 3 ready after 11.3us
2026-10-06 13:51:26.558 INFO  allreduce: rank 2 seq 3 done status=0 after 81.7us
2026-10-06 13:51:26.558 INFO  allreduce: rank 2 seq 4 launched (3 peers)
2026-10-06 13:51:26.558 INFO  allreduce: rank 2 seq 4 ready after 11.5us
2026-10-06 13:51:26.558 INFO  allreduce: rank 2 seq 4 done status=0 after 76.5us
2026-10-06 13:51:26.558 INFO  allreduce: rank 2 seq 5 launched (3 peers)
2026-10-06 13:51:26.558 INFO  allreduce: rank 2 seq 5 ready after 11.2us
2026-10-06 13:51:26.558 INFO  allreduce: rank 2 seq 5 done status=0 after 85.4us
2026-10-06 13:51:26.559 INFO  allreduce: rank 2 seq 6 launched (3 peers)
2026-10-06 13:51:26.559 INFO  allreduce: rank 2 seq 6 ready after 11.6us
2026-10-06 13:51:26.559 INFO  allreduce: rank 2 seq 6 done status=0 after 67.1us
2026-10-06 13:51:26.563 INFO  allreduce: rank 2 seq 7 launched (3 peers)
2026-10-06 13:51:26.563 INFO  allreduce: rank 2 seq 7 ready after 17.2us
2026-10-06 13:51:26.563 INFO  allreduce: rank 2 seq 7 done status=0 after 75.8us
2026-10-06 13:51:26.564 INFO  allreduce: rank 2 seq 8 launched (3 peers)
2026-10-06 13:51:26.564 INFO  allreduce: rank 2 seq 8 ready after 14.9us
2026-10-06 13:51:26.564 INFO  allreduce: rank 2 seq 8 done status=0 after 53.4us
2026-10-06 13:51:26.564 INFO  allreduce: rank 2 seq 9 launched (3 peers)
2026-10-06 13:51:26.564 INFO  allreduce: rank 2 seq 9 ready after 11.0us
2026-10-06 13:51:26.564 INFO  allreduce: rank 2 seq 9 done status=0 after 54.1us
2026-10-06 13:51:26.565 INFO  allreduce: rank 2 seq 10 launched (3 peers)
2026-10-06 13:51:26.565 INFO  allreduce: rank 2 seq 10 ready after 15.0us
2026-10-06 13:51:26.565 INFO  allreduce: rank 2 seq 10 done status=0 after 60.6us
2026-10-06 13:51:26.565 INFO  allreduce: rank 2 seq 11 launched (3 peers)
2026-10-06 13:51:26.565 INFO  allreduce: rank 2 seq 11 ready after 11.2us
2026-10-06 13:51:26.565 INFO  allreduce: rank 2 seq 11 done status=0 after 71.0us
2026-10-06 13:51:26.566 INFO  allreduce: rank 2 seq 12 launched (3 peers)
2026-10-06 13:51:26.566 INFO  allreduce: rank 2 seq 12 ready after 12.2us
2026-10-06 13:51:26.566 INFO  allreduce: rank 2 seq 12 done status=0 after 51.2us
2026-10-06 13:51:26.567 INFO  allreduce: rank 2 seq 13 launched (3 peers)
2026-10-06 13:51:26.567 INFO  allreduce: rank 2 seq 13 ready after 11.2us
2026-10-06 13:51:26.567 INFO  allreduce: rank 2 seq 13 done status=0 after 95.6us
2026-10-06 13:51:26.568 INFO  allreduce: rank 2 seq 14 launched (3 peers)
2026-10-06 13:51:26.568 INFO  allreduce: rank 2 seq 14 ready after 11.2us
2026-10-06 13:51:26.568 INFO  allreduce: rank 2 seq 14 done status=0 after 49.1us
2026-10-06 13:51:26.569 INFO  allreduce: rank 2 seq 15 launched (3 peers)
2026-10-06 13:51:26.569 INFO  allreduce: rank 2 seq 15 ready after 9.1us
2026-10-06 13:51:26.569 INFO  allreduce: rank 2 seq 15 done status=0 after 55.6us
2026-10-06 13:51:26.570 INFO  allreduce: rank 2 seq 16 launched (3 peers)
2026-10-06 13:51:26.570 INFO  allreduce: rank 2 seq 16 ready after 8.8us
2026-10-06 13:51:26.570 INFO  allreduce: rank 2 seq 16 done status=0 after 47.9us
2026-10-06 13:51:26.652 INFO  bus graph era: variant 0 recorded with 94 collective node(s)
2026-10-06 13:51:26.652 INFO  rank 2: graph variant 0 shape: 1297 nodes, 1612 edges: kernel 1297 empty 0 memcpy 0 memset 0 host 0 event 0 other 0; max in-degree 2
2026-10-06 13:51:26.658 INFO  rank 2: graph variant 0 instantiated — 33.3 MiB of device memory (4.0 GiB free)
2026-10-06 13:51:26.660 INFO  bus graph era: variant 1 recorded with 94 collective node(s)
2026-10-06 13:51:26.660 INFO  rank 2: graph variant 1 shape: 1297 nodes, 1612 edges: kernel 1297 empty 0 memcpy 0 memset 0 host 0 event 0 other 0; max in-degree 2
2026-10-06 13:51:26.666 INFO  rank 2: graph variant 1 instantiated — 30.7 MiB of device memory (4.0 GiB free)
2026-10-06 13:51:26.666 INFO  rank 2: serving scalar graph variants 0/1 captured for request slot 0 (2 rows, MTP)
2026-10-06 13:51:26.668 INFO  bus graph era: variant 8 recorded with 94 collective node(s)
2026-10-06 13:51:26.668 INFO  rank 2: graph variant 8 shape: 1299 nodes, 1614 edges: kernel 1299 empty 0 memcpy 0 memset 0 host 0 event 0 other 0; max in-degree 2
2026-10-06 13:51:26.674 INFO  rank 2: graph variant 8 instantiated — 33.2 MiB of device memory (4.0 GiB free)
2026-10-06 13:51:26.676 INFO  bus graph era: variant 9 recorded with 94 collective node(s)
2026-10-06 13:51:26.676 INFO  rank 2: graph variant 9 shape: 1299 nodes, 1614 edges: kernel 1299 empty 0 memcpy 0 memset 0 host 0 event 0 other 0; max in-degree 2
2026-10-06 13:51:26.683 INFO  rank 2: graph variant 9 instantiated — 34.1 MiB of device memory (3.9 GiB free)
2026-10-06 13:51:26.683 INFO  rank 2: serving row-batched graph variants 8/9 captured for 2 slots x 2 rows = 4 fixed rows, MTP (a batch is selected at 2+ live requests, the smallest that covers the live slots)
2026-10-06 13:51:26.696 INFO  bus graph era: variant 10 recorded with 94 collective node(s)
2026-10-06 13:51:26.696 INFO  rank 2: graph variant 10 shape: 1359 nodes, 1674 edges: kernel 1359 empty 0 memcpy 0 memset 0 host 0 event 0 other 0; max in-degree 2
2026-10-06 13:51:26.703 INFO  rank 2: graph variant 10 instantiated — 29.8 MiB of device memory (3.9 GiB free)
2026-10-06 13:51:26.704 INFO  bus graph era: variant 11 recorded with 94 collective node(s)
2026-10-06 13:51:26.704 INFO  rank 2: graph variant 11 shape: 1359 nodes, 1674 edges: kernel 1359 empty 0 memcpy 0 memset 0 host 0 event 0 other 0; max in-degree 2
2026-10-06 13:51:26.711 INFO  rank 2: graph variant 11 instantiated — 31.6 MiB of device memory (3.9 GiB free)
2026-10-06 13:51:26.711 INFO  rank 2: serving row-batched graph variants 10/11 captured for 3 slots x 2 rows = 6 fixed rows, MTP (a batch is selected at 2+ live requests, the smallest that covers the live slots)
2026-10-06 13:51:26.713 INFO  bus graph era: variant 12 recorded with 94 collective node(s)
2026-10-06 13:51:26.713 INFO  rank 2: graph variant 12 shape: 1361 nodes, 1676 edges: kernel 1361 empty 0 memcpy 0 memset 0 host 0 event 0 other 0; max in-degree 2
2026-10-06 13:51:26.720 INFO  rank 2: graph variant 12 instantiated — 35.0 MiB of device memory (3.8 GiB free)
2026-10-06 13:51:26.722 INFO  bus graph era: variant 13 recorded with 94 collective node(s)
2026-10-06 13:51:26.722 INFO  rank 2: graph variant 13 shape: 1361 nodes, 1676 edges: kernel 1361 empty 0 memcpy 0 memset 0 host 0 event 0 other 0; max in-degree 2
2026-10-06 13:51:26.728 INFO  rank 2: graph variant 13 instantiated — 30.8 MiB of device memory (3.8 GiB free)
2026-10-06 13:51:26.728 INFO  rank 2: serving row-batched graph variants 12/13 captured for 4 slots x 2 rows = 8 fixed rows, MTP (a batch is selected at 2+ live requests, the smallest that covers the live slots)
2026-10-06 13:51:26.804 INFO  bus graph era: variant 2 recorded with 94 collective node(s)
2026-10-06 13:51:26.804 INFO  rank 2: graph variant 2 shape: 1297 nodes, 1612 edges: kernel 1297 empty 0 memcpy 0 memset 0 host 0 event 0 other 0; max in-degree 2
2026-10-06 13:51:26.811 INFO  rank 2: graph variant 2 instantiated — 32.3 MiB of device memory (3.8 GiB free)
2026-10-06 13:51:26.812 INFO  bus graph era: variant 3 recorded with 94 collective node(s)
2026-10-06 13:51:26.812 INFO  rank 2: graph variant 3 shape: 1297 nodes, 1612 edges: kernel 1297 empty 0 memcpy 0 memset 0 host 0 event 0 other 0; max in-degree 2
2026-10-06 13:51:26.820 INFO  rank 2: graph variant 3 instantiated — 33.8 MiB of device memory (3.7 GiB free)
2026-10-06 13:51:26.820 INFO  rank 2: serving scalar graph variants 2/3 captured for request slot 1 (2 rows, MTP)
2026-10-06 13:51:26.895 INFO  bus graph era: variant 4 recorded with 94 collective node(s)
2026-10-06 13:51:26.895 INFO  rank 2: graph variant 4 shape: 1297 nodes, 1612 edges: kernel 1297 empty 0 memcpy 0 memset 0 host 0 event 0 other 0; max in-degree 2
2026-10-06 13:51:26.902 INFO  rank 2: graph variant 4 instantiated — 32.8 MiB of device memory (3.7 GiB free)
2026-10-06 13:51:26.903 INFO  bus graph era: variant 5 recorded with 94 collective node(s)
2026-10-06 13:51:26.903 INFO  rank 2: graph variant 5 shape: 1297 nodes, 1612 edges: kernel 1297 empty 0 memcpy 0 memset 0 host 0 event 0 other 0; max in-degree 2
2026-10-06 13:51:26.913 INFO  rank 2: graph variant 5 instantiated — 36.8 MiB of device memory (3.7 GiB free)
2026-10-06 13:51:26.913 INFO  rank 2: serving scalar graph variants 4/5 captured for request slot 2 (2 rows, MTP)
2026-10-06 13:51:26.988 INFO  bus graph era: variant 6 recorded with 94 collective node(s)
2026-10-06 13:51:26.988 INFO  rank 2: graph variant 6 shape: 1297 nodes, 1612 edges: kernel 1297 empty 0 memcpy 0 memset 0 host 0 event 0 other 0; max in-degree 2
2026-10-06 13:51:26.995 INFO  rank 2: graph variant 6 instantiated — 34.1 MiB of device memory (3.6 GiB free)
2026-10-06 13:51:26.996 INFO  bus graph era: variant 7 recorded with 94 collective node(s)
2026-10-06 13:51:26.997 INFO  rank 2: graph variant 7 shape: 1297 nodes, 1612 edges: kernel 1297 empty 0 memcpy 0 memset 0 host 0 event 0 other 0; max in-degree 2
2026-10-06 13:51:27.004 INFO  rank 2: graph variant 7 instantiated — 33.2 MiB of device memory (3.6 GiB free)
2026-10-06 13:51:27.004 INFO  rank 2: serving scalar graph variants 6/7 captured for request slot 3 (2 rows, MTP)
2026-10-06 13:51:27.004 INFO  rank 2: warm capture complete — 4 scalar variants and the row batches for 2 slots, 3 slots, 4 slots recorded before the first request
2026-10-06 13:51:27.004 INFO  memory ledger: rank 2 after the warm capture — rss 3.60 GiB (anon 0.91, shmem 2.01, file 0.68; locked 14.19); device free 3.60 GiB, node available 4.76 GiB
2026-10-06 13:51:27.004 INFO  rank 2: graph variants warm-captured in 0.77s
2026-10-06 13:51:27.004 INFO  rank 2: following rank 0's journal (admission full, window 256)
2026-10-06 13:51:28.171 INFO  sched: request 'chatcmpl-8fa7cab9f94667ce' starting prefill in slot 0 (62 prompt tokens)
2026-10-06 13:51:28.443 INFO  sched: request 'chatcmpl-8fa7cab9f94667ce' prefix cache miss — 2 cut(s), the cache is empty
2026-10-06 13:51:28.444 INFO  sched: request 'chatcmpl-8fa7cab9f94667ce' admitted to slot 0 (reserve 1 blocks; pool 1/3072 blocks in use) — first token 785
2026-10-06 13:51:29.742 INFO  sched: request 'chatcmpl-8fa7cab9f94667ce' retired (steps): 64 tok in 1.6 s — prefill 62 tok (0 cached) in 273 ms; decode 63 tok / 34 passes in 1.3 s: 48.5 tok/s, 20.6 ms/tok, 38 ms/pass, 1.85 tok/pass, accept p1 85 %
2026-10-06 13:51:29.766 INFO  sched: request 'chatcmpl-8fa7cab9f94667cf' starting prefill in slot 0 (37 prompt tokens)
2026-10-06 13:51:29.974 INFO  sched: request 'chatcmpl-8fa7cab9f94667cf' prefix cache miss — 2 cut(s), the cache is empty
2026-10-06 13:51:29.974 INFO  sched: request 'chatcmpl-8fa7cab9f94667cf' admitted to slot 0 (reserve 3 blocks; pool 3/3072 blocks in use) — first token 785
2026-10-06 13:51:35.129 INFO  sched: request 'chatcmpl-8fa7cab9f94667cf' retired (steps): 256 tok in 5.4 s — prefill 37 tok (0 cached) in 208 ms; decode 255 tok / 137 passes in 5.2 s: 49.5 tok/s, 20.2 ms/tok, 38 ms/pass, 1.86 tok/pass, accept p1 86 %
2026-10-06 13:51:35.144 INFO  sched: request 'chatcmpl-8fa7cab9f94667d0' starting prefill in slot 0 (37 prompt tokens)
2026-10-06 13:51:35.351 INFO  sched: request 'chatcmpl-8fa7cab9f94667d0' prefix cache miss — 2 cut(s), the cache is empty
2026-10-06 13:51:35.351 INFO  sched: request 'chatcmpl-8fa7cab9f94667d0' admitted to slot 0 (reserve 3 blocks; pool 3/3072 blocks in use) — first token 785
2026-10-06 13:51:37.173 INFO  stats: rank 2 | 10.0 s | decode 41.3 tok/s, 19.7 ms/tok, 37.2 ms/step (219 steps / 414 tok, 81 % of wall) | mtp 1.89 tok/step/req, accept p1 88 % | prefill 3 prompts / 136 tok, 14 tok/s, 5.06 ms/tok, 229 ms avg (7 % of wall), 0 tok cached (0/3 hits) | live 1, queued 0 | pool 3/3072 blocks (0 %) | prefix cache 0/232 entries
2026-10-06 13:51:40.499 INFO  sched: request 'chatcmpl-8fa7cab9f94667d0' retired (steps): 256 tok in 5.4 s — prefill 37 tok (0 cached) in 207 ms; decode 255 tok / 137 passes in 5.1 s: 49.5 tok/s, 20.2 ms/tok, 38 ms/pass, 1.86 tok/pass, accept p1 86 %
2026-10-06 13:51:40.534 INFO  sched: request 'chatcmpl-8fa7cab9f94667d1' starting prefill in slot 0 (37 prompt tokens)
2026-10-06 13:51:40.743 INFO  sched: request 'chatcmpl-8fa7cab9f94667d1' prefix cache miss — 2 cut(s), the cache is empty
2026-10-06 13:51:40.743 INFO  sched: request 'chatcmpl-8fa7cab9f94667d1' admitted to slot 0 (reserve 3 blocks; pool 3/3072 blocks in use) — first token 785
2026-10-06 13:51:45.906 INFO  sched: request 'chatcmpl-8fa7cab9f94667d1' retired (steps): 256 tok in 5.4 s — prefill 37 tok (0 cached) in 208 ms; decode 255 tok / 137 passes in 5.2 s: 49.4 tok/s, 20.2 ms/tok, 38 ms/pass, 1.86 tok/pass, accept p1 86 %
2026-10-06 13:51:45.936 INFO  sched: request 'chatcmpl-8fa7cab9f94667d2' starting prefill in slot 0 (36 prompt tokens)
2026-10-06 13:51:45.936 INFO  sched: request 'chatcmpl-8fa7cab9f94667d3' starting prefill in slot 1 (36 prompt tokens)
2026-10-06 13:51:46.200 INFO  sched: request 'chatcmpl-8fa7cab9f94667d2' prefix cache miss — 2 cut(s), the cache is empty
2026-10-06 13:51:46.200 INFO  sched: request 'chatcmpl-8fa7cab9f94667d2' admitted to slot 0 (reserve 3 blocks; pool 4/3072 blocks in use) — first token 785
2026-10-06 13:51:46.200 INFO  sched: request 'chatcmpl-8fa7cab9f94667d3' prefix cache miss — 2 cut(s), the cache is empty
2026-10-06 13:51:46.200 INFO  sched: request 'chatcmpl-8fa7cab9f94667d3' admitted to slot 1 (reserve 3 blocks; pool 6/3072 blocks in use) — first token 785
2026-10-06 13:51:46.200 INFO  sched: 2 requests admitted together in one prefill (264 ms)
2026-10-06 13:51:47.219 INFO  stats: rank 2 | 10.0 s | decode 49.1 tok/s, 19.0 ms/tok, 38.2 ms/step (245 steps / 493 tok, 93 % of wall) | mtp 1.87 tok/step/req, accept p1 86 % | prefill 3 prompts / 109 tok, 11 tok/s, 4.33 ms/tok, 157 ms avg (5 % of wall), 0 tok cached (0/3 hits) | live 2, queued 0 | pool 6/3072 blocks (0 %) | prefix cache 0/232 entries
2026-10-06 13:51:54.228 INFO  sched: request 'chatcmpl-8fa7cab9f94667d2' retired (steps): 256 tok in 8.3 s — prefill 36 tok (0 cached) in 264 ms; decode 255 tok / 146 passes in 8.0 s: 31.8 tok/s, 31.5 ms/tok, 55 ms/pass, 1.75 tok/pass, accept p1 75 %
2026-10-06 13:51:54.306 INFO  sched: request 'chatcmpl-8fa7cab9f94667d3' retired (steps): 256 tok in 8.4 s — prefill 36 tok (0 cached) in 264 ms; decode 255 tok / 148 passes in 8.1 s: 31.5 tok/s, 31.8 ms/tok, 55 ms/pass, 1.72 tok/pass, accept p1 73 %
2026-10-06 13:51:54.325 INFO  sched: request 'chatcmpl-8fa7cab9f94667d4' starting prefill in slot 0 (36 prompt tokens)
2026-10-06 13:51:54.325 INFO  sched: request 'chatcmpl-8fa7cab9f94667d5' starting prefill in slot 1 (36 prompt tokens)
2026-10-06 13:51:54.586 INFO  sched: request 'chatcmpl-8fa7cab9f94667d4' prefix cache miss — 2 cut(s), the cache is empty
2026-10-06 13:51:54.586 INFO  sched: request 'chatcmpl-8fa7cab9f94667d4' admitted to slot 0 (reserve 3 blocks; pool 4/3072 blocks in use) — first token 785
2026-10-06 13:51:54.586 INFO  sched: request 'chatcmpl-8fa7cab9f94667d5' prefix cache miss — 2 cut(s), the cache is empty
2026-10-06 13:51:54.586 INFO  sched: request 'chatcmpl-8fa7cab9f94667d5' admitted to slot 1 (reserve 3 blocks; pool 6/3072 blocks in use) — first token 785
2026-10-06 13:51:54.586 INFO  sched: 2 requests admitted together in one prefill (261 ms)
2026-10-06 13:51:57.260 INFO  stats: rank 2 | 10.0 s | decode 61.9 tok/s, 15.5 ms/tok, 54.2 ms/step (178 steps / 622 tok, 96 % of wall) | mtp 1.76 tok/step/req, accept p1 76 % | prefill 2 prompts / 72 tok, 7 tok/s, 3.62 ms/tok, 130 ms avg (3 % of wall), 0 tok cached (0/2 hits) | live 2, queued 0 | pool 6/3072 blocks (0 %) | prefix cache 0/232 entries
2026-10-06 13:52:02.637 INFO  sched: request 'chatcmpl-8fa7cab9f94667d5' retired (steps): 256 tok in 8.3 s — prefill 36 tok (0 cached) in 261 ms; decode 255 tok / 146 passes in 8.1 s: 31.7 tok/s, 31.6 ms/tok, 55 ms/pass, 1.75 tok/pass, accept p1 75 %
2026-10-06 13:52:02.716 INFO  sched: request 'chatcmpl-8fa7cab9f94667d4' retired (steps): 256 tok in 8.4 s — prefill 36 tok (0 cached) in 261 ms; decode 255 tok / 148 passes in 8.1 s: 31.4 tok/s, 31.9 ms/tok, 55 ms/pass, 1.72 tok/pass, accept p1 73 %
2026-10-06 13:52:02.725 INFO  sched: request 'chatcmpl-8fa7cab9f94667d6' starting prefill in slot 0 (36 prompt tokens)
2026-10-06 13:52:02.725 INFO  sched: request 'chatcmpl-8fa7cab9f94667d7' starting prefill in slot 1 (36 prompt tokens)
2026-10-06 13:52:02.995 INFO  sched: request 'chatcmpl-8fa7cab9f94667d6' prefix cache miss — 2 cut(s), the cache is empty
2026-10-06 13:52:02.995 INFO  sched: request 'chatcmpl-8fa7cab9f94667d6' admitted to slot 0 (reserve 3 blocks; pool 4/3072 blocks in use) — first token 785
2026-10-06 13:52:02.995 INFO  sched: request 'chatcmpl-8fa7cab9f94667d7' prefix cache miss — 2 cut(s), the cache is empty
2026-10-06 13:52:02.995 INFO  sched: request 'chatcmpl-8fa7cab9f94667d7' admitted to slot 1 (reserve 3 blocks; pool 6/3072 blocks in use) — first token 785
2026-10-06 13:52:02.995 INFO  sched: 2 requests admitted together in one prefill (270 ms)
2026-10-06 13:52:07.282 INFO  stats: rank 2 | 10.0 s | decode 61.5 tok/s, 15.6 ms/tok, 54.5 ms/step (177 steps / 616 tok, 96 % of wall) | mtp 1.75 tok/step/req, accept p1 75 % | prefill 2 prompts / 72 tok, 7 tok/s, 3.76 ms/tok, 135 ms avg (3 % of wall), 0 tok cached (0/2 hits) | live 2, queued 0 | pool 6/3072 blocks (0 %) | prefix cache 0/232 entries
2026-10-06 13:52:11.033 INFO  sched: request 'chatcmpl-8fa7cab9f94667d7' retired (steps): 256 tok in 8.3 s — prefill 36 tok (0 cached) in 270 ms; decode 255 tok / 146 passes in 8.0 s: 31.7 tok/s, 31.5 ms/tok, 55 ms/pass, 1.75 tok/pass, accept p1 75 %
2026-10-06 13:52:11.115 INFO  sched: request 'chatcmpl-8fa7cab9f94667d6' retired (steps): 256 tok in 8.4 s — prefill 36 tok (0 cached) in 270 ms; decode 255 tok / 148 passes in 8.1 s: 31.4 tok/s, 31.8 ms/tok, 55 ms/pass, 1.72 tok/pass, accept p1 73 %
2026-10-06 13:52:11.140 INFO  sched: request 'chatcmpl-8fa7cab9f94667d8' starting prefill in slot 0 (35 prompt tokens)
2026-10-06 13:52:11.140 INFO  sched: request 'chatcmpl-8fa7cab9f94667d9' starting prefill in slot 1 (32 prompt tokens)
2026-10-06 13:52:11.140 INFO  sched: request 'chatcmpl-8fa7cab9f94667da' starting prefill in slot 2 (32 prompt tokens)
2026-10-06 13:52:11.140 INFO  sched: request 'chatcmpl-8fa7cab9f94667db' starting prefill in slot 3 (31 prompt tokens)
2026-10-06 13:52:11.492 INFO  sched: request 'chatcmpl-8fa7cab9f94667d8' prefix cache miss — 2 cut(s), the cache is empty
2026-10-06 13:52:11.492 INFO  sched: request 'chatcmpl-8fa7cab9f94667d8' admitted to slot 0 (reserve 3 blocks; pool 6/3072 blocks in use) — first token 785
2026-10-06 13:52:11.492 INFO  sched: request 'chatcmpl-8fa7cab9f94667d9' prefix cache miss — 2 cut(s), the cache is empty
2026-10-06 13:52:11.492 INFO  sched: request 'chatcmpl-8fa7cab9f94667d9' admitted to slot 1 (reserve 3 blocks; pool 8/3072 blocks in use) — first token 785
2026-10-06 13:52:11.492 INFO  sched: request 'chatcmpl-8fa7cab9f94667da' prefix cache miss — 2 cut(s), the cache is empty
2026-10-06 13:52:11.492 INFO  sched: request 'chatcmpl-8fa7cab9f94667da' admitted to slot 2 (reserve 3 blocks; pool 10/3072 blocks in use) — first token 785
2026-10-06 13:52:11.492 INFO  sched: request 'chatcmpl-8fa7cab9f94667db' prefix cache miss — 2 cut(s), the cache is empty
2026-10-06 13:52:11.492 INFO  sched: request 'chatcmpl-8fa7cab9f94667db' admitted to slot 3 (reserve 3 blocks; pool 12/3072 blocks in use) — first token 785
2026-10-06 13:52:11.492 INFO  sched: 4 requests admitted together in one prefill (352 ms)
2026-10-06 13:52:17.290 INFO  stats: rank 2 | 10.0 s | decode 73.5 tok/s, 13.0 ms/tok, 68.6 ms/step (139 steps / 736 tok, 95 % of wall) | mtp 1.78 tok/step/req, accept p1 77 % | prefill 4 prompts / 130 tok, 13 tok/s, 2.71 ms/tok, 88 ms avg (4 % of wall), 0 tok cached (0/4 hits) | live 4, queued 0 | pool 12/3072 blocks (0 %) | prefix cache 0/232 entries
2026-10-06 13:52:23.181 INFO  sched: request 'chatcmpl-8fa7cab9f94667da' retired (steps): 256 tok in 12.0 s — prefill 32 tok (0 cached) in 352 ms; decode 255 tok / 137 passes in 11.7 s: 21.8 tok/s, 45.8 ms/tok, 85 ms/pass, 1.86 tok/pass, accept p1 87 %
2026-10-06 13:52:23.522 INFO  sched: request 'chatcmpl-8fa7cab9f94667db' retired (steps): 256 tok in 12.4 s — prefill 31 tok (0 cached) in 352 ms; decode 255 tok / 141 passes in 12.0 s: 21.2 tok/s, 47.2 ms/tok, 85 ms/pass, 1.81 tok/pass, accept p1 82 %
2026-10-06 13:52:23.739 INFO  sched: request 'chatcmpl-8fa7cab9f94667d9' retired (steps): 256 tok in 12.6 s — prefill 32 tok (0 cached) in 352 ms; decode 255 tok / 145 passes in 12.2 s: 20.8 tok/s, 48.0 ms/tok, 84 ms/pass, 1.76 tok/pass, accept p1 77 %
2026-10-06 13:52:23.816 INFO  sched: request 'chatcmpl-8fa7cab9f94667d8' retired (steps): 256 tok in 12.7 s — prefill 35 tok (0 cached) in 352 ms; decode 255 tok / 147 passes in 12.3 s: 20.7 tok/s, 48.3 ms/tok, 84 ms/pass, 1.73 tok/pass, accept p1 73 %
2026-10-06 13:52:23.825 INFO  sched: request 'chatcmpl-8fa7cab9f94667dc' starting prefill in slot 0 (35 prompt tokens)
2026-10-06 13:52:23.825 INFO  sched: request 'chatcmpl-8fa7cab9f94667dd' starting prefill in slot 1 (32 prompt tokens)
2026-10-06 13:52:23.825 INFO  sched: request 'chatcmpl-8fa7cab9f94667de' starting prefill in slot 2 (31 prompt tokens)
2026-10-06 13:52:23.825 INFO  sched: request 'chatcmpl-8fa7cab9f94667df' starting prefill in slot 3 (32 prompt tokens)
2026-10-06 13:52:24.176 INFO  sched: request 'chatcmpl-8fa7cab9f94667dc' prefix cache miss — 2 cut(s), the cache is empty
2026-10-06 13:52:24.176 INFO  sched: request 'chatcmpl-8fa7cab9f94667dc' admitted to slot 0 (reserve 3 blocks; pool 6/3072 blocks in use) — first token 785
2026-10-06 13:52:24.176 INFO  sched: request 'chatcmpl-8fa7cab9f94667dd' prefix cache miss — 2 cut(s), the cache is empty
2026-10-06 13:52:24.176 INFO  sched: request 'chatcmpl-8fa7cab9f94667dd' admitted to slot 1 (reserve 3 blocks; pool 8/3072 blocks in use) — first token 785
2026-10-06 13:52:24.176 INFO  sched: request 'chatcmpl-8fa7cab9f94667de' prefix cache miss — 2 cut(s), the cache is empty
2026-10-06 13:52:24.176 INFO  sched: request 'chatcmpl-8fa7cab9f94667de' admitted to slot 2 (reserve 3 blocks; pool 10/3072 blocks in use) — first token 785
2026-10-06 13:52:24.176 INFO  sched: request 'chatcmpl-8fa7cab9f94667df' prefix cache miss — 2 cut(s), the cache is empty
2026-10-06 13:52:24.176 INFO  sched: request 'chatcmpl-8fa7cab9f94667df' admitted to slot 3 (reserve 3 blocks; pool 12/3072 blocks in use) — first token 785
2026-10-06 13:52:24.176 INFO  sched: 4 requests admitted together in one prefill (351 ms)
2026-10-06 13:52:27.312 INFO  stats: rank 2 | 10.0 s | decode 79.5 tok/s, 12.0 ms/tok, 82.6 ms/step (116 steps / 797 tok, 96 % of wall) | mtp 1.79 tok/step/req, accept p1 78 % | prefill 4 prompts / 130 tok, 13 tok/s, 2.70 ms/tok, 88 ms avg (4 % of wall), 0 tok cached (0/4 hits) | live 4, queued 0 | pool 12/3072 blocks (0 %) | prefix cache 0/232 entries
2026-10-06 13:52:35.876 INFO  sched: request 'chatcmpl-8fa7cab9f94667df' retired (steps): 256 tok in 12.1 s — prefill 32 tok (0 cached) in 351 ms; decode 255 tok / 137 passes in 11.7 s: 21.8 tok/s, 45.9 ms/tok, 85 ms/pass, 1.86 tok/pass, accept p1 87 %
2026-10-06 13:52:36.164 INFO  sched: request 'chatcmpl-8fa7cab9f94667de' retired (steps): 256 tok in 12.3 s — prefill 31 tok (0 cached) in 351 ms; decode 255 tok / 141 passes in 12.0 s: 21.3 tok/s, 47.0 ms/tok, 85 ms/pass, 1.81 tok/pass, accept p1 82 %
2026-10-06 13:52:36.385 INFO  sched: request 'chatcmpl-8fa7cab9f94667dd' retired (steps): 256 tok in 12.6 s — prefill 32 tok (0 cached) in 351 ms; decode 255 tok / 145 passes in 12.2 s: 20.9 tok/s, 47.9 ms/tok, 84 ms/pass, 1.76 tok/pass, accept p1 77 %
2026-10-06 13:52:36.461 INFO  sched: request 'chatcmpl-8fa7cab9f94667dc' retired (steps): 256 tok in 12.6 s — prefill 35 tok (0 cached) in 351 ms; decode 255 tok / 147 passes in 12.3 s: 20.8 tok/s, 48.2 ms/tok, 84 ms/pass, 1.73 tok/pass, accept p1 73 %
2026-10-06 13:52:36.475 INFO  sched: request 'chatcmpl-8fa7cab9f94667e0' starting prefill in slot 0 (35 prompt tokens)
2026-10-06 13:52:36.475 INFO  sched: request 'chatcmpl-8fa7cab9f94667e1' starting prefill in slot 1 (32 prompt tokens)
2026-10-06 13:52:36.475 INFO  sched: request 'chatcmpl-8fa7cab9f94667e2' starting prefill in slot 2 (31 prompt tokens)
2026-10-06 13:52:36.475 INFO  sched: request 'chatcmpl-8fa7cab9f94667e3' starting prefill in slot 3 (32 prompt tokens)
2026-10-06 13:52:36.825 INFO  sched: request 'chatcmpl-8fa7cab9f94667e0' prefix cache miss — 2 cut(s), the cache is empty
2026-10-06 13:52:36.825 INFO  sched: request 'chatcmpl-8fa7cab9f94667e0' admitted to slot 0 (reserve 3 blocks; pool 6/3072 blocks in use) — first token 785
2026-10-06 13:52:36.825 INFO  sched: request 'chatcmpl-8fa7cab9f94667e1' prefix cache miss — 2 cut(s), the cache is empty
2026-10-06 13:52:36.825 INFO  sched: request 'chatcmpl-8fa7cab9f94667e1' admitted to slot 1 (reserve 3 blocks; pool 8/3072 blocks in use) — first token 785
2026-10-06 13:52:36.825 INFO  sched: request 'chatcmpl-8fa7cab9f94667e2' prefix cache miss — 2 cut(s), the cache is empty
2026-10-06 13:52:36.825 INFO  sched: request 'chatcmpl-8fa7cab9f94667e2' admitted to slot 2 (reserve 3 blocks; pool 10/3072 blocks in use) — first token 785
2026-10-06 13:52:36.825 INFO  sched: request 'chatcmpl-8fa7cab9f94667e3' prefix cache miss — 2 cut(s), the cache is empty
2026-10-06 13:52:36.825 INFO  sched: request 'chatcmpl-8fa7cab9f94667e3' admitted to slot 3 (reserve 3 blocks; pool 12/3072 blocks in use) — first token 785
2026-10-06 13:52:36.825 INFO  sched: 4 requests admitted together in one prefill (350 ms)
2026-10-06 13:52:37.353 INFO  stats: rank 2 | 10.0 s | decode 79.5 tok/s, 12.0 ms/tok, 82.7 ms/step (116 steps / 798 tok, 96 % of wall) | mtp 1.79 tok/step/req, accept p1 79 % | prefill 4 prompts / 130 tok, 13 tok/s, 2.69 ms/tok, 88 ms avg (3 % of wall), 0 tok cached (0/4 hits) | live 4, queued 0 | pool 12/3072 blocks (0 %) | prefix cache 0/232 entries
2026-10-06 13:52:47.407 INFO  stats: rank 2 | 10.1 s | decode 83.1 tok/s, 11.9 ms/tok, 85.3 ms/step (117 steps / 836 tok, 99 % of wall) | mtp 1.79 tok/step/req, accept p1 79 % | prefill 0 prompts / 0 tok, 0 tok cached (0/0 hits) | live 4, queued 0 | pool 12/3072 blocks (0 %) | prefix cache 0/232 entries
2026-10-06 13:52:48.548 INFO  sched: request 'chatcmpl-8fa7cab9f94667e3' retired (steps): 256 tok in 12.1 s — prefill 32 tok (0 cached) in 350 ms; decode 255 tok / 137 passes in 11.7 s: 21.8 tok/s, 46.0 ms/tok, 86 ms/pass, 1.86 tok/pass, accept p1 87 %
2026-10-06 13:52:48.835 INFO  sched: request 'chatcmpl-8fa7cab9f94667e2' retired (steps): 256 tok in 12.4 s — prefill 31 tok (0 cached) in 350 ms; decode 255 tok / 141 passes in 12.0 s: 21.2 tok/s, 47.1 ms/tok, 85 ms/pass, 1.81 tok/pass, accept p1 82 %
2026-10-06 13:52:49.051 INFO  sched: request 'chatcmpl-8fa7cab9f94667e1' retired (steps): 256 tok in 12.6 s — prefill 32 tok (0 cached) in 350 ms; decode 255 tok / 145 passes in 12.2 s: 20.9 tok/s, 47.9 ms/tok, 84 ms/pass, 1.76 tok/pass, accept p1 77 %
2026-10-06 13:52:49.129 INFO  sched: request 'chatcmpl-8fa7cab9f94667e0' retired (steps): 256 tok in 12.7 s — prefill 35 tok (0 cached) in 350 ms; decode 255 tok / 147 passes in 12.3 s: 20.7 tok/s, 48.2 ms/tok, 84 ms/pass, 1.73 tok/pass, accept p1 73 %
2026-10-06 13:52:49.148 INFO  sched: request 'chatcmpl-8fa7cab9f94667e4' starting prefill in slot 0 (31 prompt tokens)
2026-10-06 13:52:49.148 INFO  sched: request 'chatcmpl-8fa7cab9f94667e5' starting prefill in slot 1 (31 prompt tokens)
2026-10-06 13:52:49.148 INFO  sched: request 'chatcmpl-8fa7cab9f94667e6' starting prefill in slot 2 (31 prompt tokens)
2026-10-06 13:52:49.148 INFO  sched: request 'chatcmpl-8fa7cab9f94667e7' starting prefill in slot 3 (32 prompt tokens)
2026-10-06 13:52:49.468 INFO  sched: request 'chatcmpl-8fa7cab9f94667e4' prefix cache miss — 2 cut(s), the cache is empty
2026-10-06 13:52:49.468 INFO  sched: request 'chatcmpl-8fa7cab9f94667e4' admitted to slot 0 (reserve 3 blocks; pool 6/3072 blocks in use) — first token 785
2026-10-06 13:52:49.468 INFO  sched: request 'chatcmpl-8fa7cab9f94667e5' prefix cache miss — 2 cut(s), the cache is empty
2026-10-06 13:52:49.468 INFO  sched: request 'chatcmpl-8fa7cab9f94667e5' admitted to slot 1 (reserve 3 blocks; pool 8/3072 blocks in use) — first token 785
2026-10-06 13:52:49.468 INFO  sched: request 'chatcmpl-8fa7cab9f94667e6' prefix cache miss — 2 cut(s), the cache is empty
2026-10-06 13:52:49.468 INFO  sched: request 'chatcmpl-8fa7cab9f94667e6' admitted to slot 2 (reserve 3 blocks; pool 10/3072 blocks in use) — first token 785
2026-10-06 13:52:49.468 INFO  sched: request 'chatcmpl-8fa7cab9f94667e7' prefix cache miss — 2 cut(s), the cache is empty
2026-10-06 13:52:49.468 INFO  sched: request 'chatcmpl-8fa7cab9f94667e7' admitted to slot 3 (reserve 3 blocks; pool 12/3072 blocks in use) — first token 785
2026-10-06 13:52:49.468 INFO  sched: 4 requests admitted together in one prefill (320 ms)
2026-10-06 13:52:49.533 INFO  sched: request 'chatcmpl-8fa7cab9f94667e8' deferred (needs 3 blocks, 3060 free, 0 slot(s) open) — admits when a peer retires
2026-10-06 13:52:57.462 INFO  stats: rank 2 | 10.1 s | decode 81.6 tok/s, 11.7 ms/tok, 81.6 ms/step (118 steps / 820 tok, 96 % of wall) | mtp 1.81 tok/step/req, accept p1 80 % | prefill 4 prompts / 125 tok, 12 tok/s, 2.56 ms/tok, 80 ms avg (3 % of wall), 0 tok cached (0/4 hits) | live 4, queued 4 | pool 12/3072 blocks (0 %) | prefix cache 0/232 entries
2026-10-06 13:53:01.136 INFO  sched: request 'chatcmpl-8fa7cab9f94667e5' retired (steps): 256 tok in 12.0 s — prefill 31 tok (0 cached) in 320 ms; decode 255 tok / 137 passes in 11.7 s: 21.9 tok/s, 45.8 ms/tok, 85 ms/pass, 1.86 tok/pass, accept p1 87 %
2026-10-06 13:53:01.136 INFO  sched: request 'chatcmpl-8fa7cab9f94667e8' starting prefill in slot 1 (31 prompt tokens)
2026-10-06 13:53:01.329 INFO  sched: request 'chatcmpl-8fa7cab9f94667e8' prefix cache miss — 2 cut(s), the cache is empty
2026-10-06 13:53:01.329 INFO  sched: request 'chatcmpl-8fa7cab9f94667e8' admitted to slot 1 (reserve 3 blocks; pool 12/3072 blocks in use) — first token 785
2026-10-06 13:53:01.417 INFO  sched: request 'chatcmpl-8fa7cab9f94667e9' deferred (needs 3 blocks, 3060 free, 0 slot(s) open) — admits when a peer retires
2026-10-06 13:53:01.606 INFO  sched: request 'chatcmpl-8fa7cab9f94667e7' retired (steps): 256 tok in 12.5 s — prefill 32 tok (0 cached) in 320 ms; decode 255 tok / 140 passes in 12.1 s: 21.0 tok/s, 47.6 ms/tok, 87 ms/pass, 1.82 tok/pass, accept p1 82 %
2026-10-06 13:53:01.607 INFO  sched: request 'chatcmpl-8fa7cab9f94667e9' starting prefill in slot 3 (32 prompt tokens)
2026-10-06 13:53:01.808 INFO  sched: request 'chatcmpl-8fa7cab9f94667e9' prefix cache miss — 2 cut(s), the cache is empty
2026-10-06 13:53:01.808 INFO  sched: request 'chatcmpl-8fa7cab9f94667e9' admitted to slot 3 (reserve 3 blocks; pool 12/3072 blocks in use) — first token 785
2026-10-06 13:53:01.896 INFO  sched: request 'chatcmpl-8fa7cab9f94667ea' deferred (needs 3 blocks, 3060 free, 0 slot(s) open) — admits when a peer retires
2026-10-06 13:53:02.078 INFO  sched: request 'chatcmpl-8fa7cab9f94667e4' retired (steps): 256 tok in 12.9 s — prefill 31 tok (0 cached) in 320 ms; decode 255 tok / 143 passes in 12.6 s: 20.2 tok/s, 49.5 ms/tok, 88 ms/pass, 1.78 tok/pass, accept p1 79 %
2026-10-06 13:53:02.079 INFO  sched: request 'chatcmpl-8fa7cab9f94667ea' starting prefill in slot 0 (32 prompt tokens)
2026-10-06 13:53:02.277 INFO  sched: request 'chatcmpl-8fa7cab9f94667ea' prefix cache miss — 2 cut(s), the cache is empty
2026-10-06 13:53:02.277 INFO  sched: request 'chatcmpl-8fa7cab9f94667ea' admitted to slot 0 (reserve 3 blocks; pool 12/3072 blocks in use) — first token 785
2026-10-06 13:53:02.363 INFO  sched: request 'chatcmpl-8fa7cab9f94667eb' deferred (needs 3 blocks, 3060 free, 0 slot(s) open) — admits when a peer retires
2026-10-06 13:53:02.818 INFO  sched: request 'chatcmpl-8fa7cab9f94667e6' retired (steps): 256 tok in 13.7 s — prefill 31 tok (0 cached) in 320 ms; decode 255 tok / 149 passes in 13.4 s: 19.1 tok/s, 52.4 ms/tok, 90 ms/pass, 1.71 tok/pass, accept p1 71 %
2026-10-06 13:53:02.819 INFO  sched: request 'chatcmpl-8fa7cab9f94667eb' starting prefill in slot 2 (31 prompt tokens)
2026-10-06 13:53:03.016 INFO  sched: request 'chatcmpl-8fa7cab9f94667eb' prefix cache miss — 2 cut(s), the cache is empty
2026-10-06 13:53:03.016 INFO  sched: request 'chatcmpl-8fa7cab9f94667eb' admitted to slot 2 (reserve 3 blocks; pool 12/3072 blocks in use) — first token 785
2026-10-06 13:53:07.480 INFO  stats: rank 2 | 10.0 s | decode 75.6 tok/s, 12.1 ms/tok, 87.1 ms/step (105 steps / 757 tok, 91 % of wall) | mtp 1.80 tok/step/req, accept p1 80 % | prefill 4 prompts / 126 tok, 13 tok/s, 6.27 ms/tok, 197 ms avg (8 % of wall), 0 tok cached (0/4 hits) | live 4, queued 0 | pool 12/3072 blocks (0 %) | prefix cache 0/232 entries
2026-10-06 13:53:14.642 INFO  sched: request 'chatcmpl-8fa7cab9f94667ea' retired (steps): 256 tok in 12.6 s — prefill 32 tok (0 cached) in 199 ms; decode 255 tok / 139 passes in 12.4 s: 20.6 tok/s, 48.5 ms/tok, 89 ms/pass, 1.83 tok/pass, accept p1 84 %
2026-10-06 13:53:14.815 INFO  sched: request 'chatcmpl-8fa7cab9f94667e8' retired (steps): 256 tok in 13.7 s — prefill 31 tok (0 cached) in 192 ms; decode 255 tok / 147 passes in 13.5 s: 18.9 tok/s, 52.9 ms/tok, 92 ms/pass, 1.73 tok/pass, accept p1 73 %
2026-10-06 13:53:15.367 INFO  sched: request 'chatcmpl-8fa7cab9f94667e9' retired (steps): 256 tok in 13.8 s — prefill 32 tok (0 cached) in 202 ms; decode 255 tok / 151 passes in 13.6 s: 18.8 tok/s, 53.2 ms/tok, 90 ms/pass, 1.69 tok/pass, accept p1 69 %
2026-10-06 13:53:15.488 INFO  sched: request 'chatcmpl-8fa7cab9f94667eb' retired (steps): 256 tok in 12.7 s — prefill 31 tok (0 cached) in 197 ms; decode 255 tok / 145 passes in 12.5 s: 20.4 tok/s, 48.9 ms/tok, 86 ms/pass, 1.76 tok/pass, accept p1 77 %
2026-10-06 13:53:15.507 INFO  sched: request 'chatcmpl-8fa7cab9f94667ec' starting prefill in slot 0 (31 prompt tokens)
2026-10-06 13:53:15.507 INFO  sched: request 'chatcmpl-8fa7cab9f94667ed' starting prefill in slot 1 (31 prompt tokens)
2026-10-06 13:53:15.508 INFO  sched: request 'chatcmpl-8fa7cab9f94667ee' starting prefill in slot 2 (31 prompt tokens)
2026-10-06 13:53:15.508 INFO  sched: request 'chatcmpl-8fa7cab9f94667ef' starting prefill in slot 3 (32 prompt tokens)
2026-10-06 13:53:15.824 INFO  sched: request 'chatcmpl-8fa7cab9f94667ec' prefix cache miss — 2 cut(s), the cache is empty
2026-10-06 13:53:15.824 INFO  sched: request 'chatcmpl-8fa7cab9f94667ec' admitted to slot 0 (reserve 3 blocks; pool 6/3072 blocks in use) — first token 785
2026-10-06 13:53:15.824 INFO  sched: request 'chatcmpl-8fa7cab9f94667ed' prefix cache miss — 2 cut(s), the cache is empty
2026-10-06 13:53:15.824 INFO  sched: request 'chatcmpl-8fa7cab9f94667ed' admitted to slot 1 (reserve 3 blocks; pool 8/3072 blocks in use) — first token 785
2026-10-06 13:53:15.824 INFO  sched: request 'chatcmpl-8fa7cab9f94667ee' prefix cache miss — 2 cut(s), the cache is empty
2026-10-06 13:53:15.824 INFO  sched: request 'chatcmpl-8fa7cab9f94667ee' admitted to slot 2 (reserve 3 blocks; pool 10/3072 blocks in use) — first token 785
2026-10-06 13:53:15.824 INFO  sched: request 'chatcmpl-8fa7cab9f94667ef' prefix cache miss — 2 cut(s), the cache is empty
2026-10-06 13:53:15.824 INFO  sched: request 'chatcmpl-8fa7cab9f94667ef' admitted to slot 3 (reserve 3 blocks; pool 12/3072 blocks in use) — first token 785
2026-10-06 13:53:15.824 INFO  sched: 4 requests admitted together in one prefill (317 ms)
2026-10-06 13:53:15.889 INFO  sched: request 'chatcmpl-8fa7cab9f94667f0' deferred (needs 3 blocks, 3060 free, 0 slot(s) open) — admits when a peer retires
2026-10-06 13:53:17.514 INFO  stats: rank 2 | 10.0 s | decode 77.0 tok/s, 12.4 ms/tok, 82.8 ms/step (116 steps / 773 tok, 96 % of wall) | mtp 1.76 tok/step/req, accept p1 76 % | prefill 4 prompts / 125 tok, 12 tok/s, 2.53 ms/tok, 79 ms avg (3 % of wall), 0 tok cached (0/4 hits) | live 4, queued 4 | pool 12/3072 blocks (0 %) | prefix cache 0/232 entries
2026-10-06 13:53:27.427 INFO  sched: request 'chatcmpl-8fa7cab9f94667ed' retired (steps): 256 tok in 11.9 s — prefill 31 tok (0 cached) in 317 ms; decode 255 tok / 137 passes in 11.6 s: 22.0 tok/s, 45.5 ms/tok, 85 ms/pass, 1.86 tok/pass, accept p1 87 %
2026-10-06 13:53:27.427 INFO  sched: request 'chatcmpl-8fa7cab9f94667f0' starting prefill in slot 1 (31 prompt tokens)
2026-10-06 13:53:27.622 INFO  sched: request 'chatcmpl-8fa7cab9f94667f0' prefix cache miss — 2 cut(s), the cache is empty
2026-10-06 13:53:27.622 INFO  sched: request 'chatcmpl-8fa7cab9f94667f0' admitted to slot 1 (reserve 3 blocks; pool 12/3072 blocks in use) — first token 785
2026-10-06 13:53:27.708 INFO  stats: rank 2 | 10.2 s | decode 81.4 tok/s, 12.0 ms/tok, 85.5 ms/step (116 steps / 830 tok, 97 % of wall) | mtp 1.79 tok/step/req, accept p1 79 % | prefill 1 prompt / 31 tok, 3 tok/s, 6.28 ms/tok, 195 ms avg (2 % of wall), 0 tok cached (0/1 hit) | live 4, queued 3 | pool 12/3072 blocks (0 %) | prefix cache 0/232 entries
2026-10-06 13:53:27.709 INFO  sched: request 'chatcmpl-8fa7cab9f94667f1' deferred (needs 3 blocks, 3060 free, 0 slot(s) open) — admits when a peer retires
2026-10-06 13:53:27.894 INFO  sched: request 'chatcmpl-8fa7cab9f94667ef' retired (steps): 256 tok in 12.4 s — prefill 32 tok (0 cached) in 317 ms; decode 255 tok / 140 passes in 12.1 s: 21.1 tok/s, 47.3 ms/tok, 86 ms/pass, 1.82 tok/pass, accept p1 82 %
2026-10-06 13:53:27.895 INFO  sched: request 'chatcmpl-8fa7cab9f94667f1' starting prefill in slot 3 (32 prompt tokens)
2026-10-06 13:53:28.102 INFO  sched: request 'chatcmpl-8fa7cab9f94667f1' prefix cache miss — 2 cut(s), the cache is empty
2026-10-06 13:53:28.102 INFO  sched: request 'chatcmpl-8fa7cab9f94667f1' admitted to slot 3 (reserve 3 blocks; pool 12/3072 blocks in use) — first token 785
2026-10-06 13:53:28.189 INFO  sched: request 'chatcmpl-8fa7cab9f94667f2' deferred (needs 3 blocks, 3060 free, 0 slot(s) open) — admits when a peer retires
2026-10-06 13:53:28.371 INFO  sched: request 'chatcmpl-8fa7cab9f94667ec' retired (steps): 256 tok in 12.9 s — prefill 31 tok (0 cached) in 317 ms; decode 255 tok / 143 passes in 12.5 s: 20.3 tok/s, 49.2 ms/tok, 88 ms/pass, 1.78 tok/pass, accept p1 79 %
2026-10-06 13:53:28.372 INFO  sched: request 'chatcmpl-8fa7cab9f94667f2' starting prefill in slot 0 (32 prompt tokens)
2026-10-06 13:53:28.574 INFO  sched: request 'chatcmpl-8fa7cab9f94667f2' prefix cache miss — 2 cut(s), the cache is empty
2026-10-06 13:53:28.574 INFO  sched: request 'chatcmpl-8fa7cab9f94667f2' admitted to slot 0 (reserve 3 blocks; pool 12/3072 blocks in use) — first token 785
2026-10-06 13:53:28.662 INFO  sched: request 'chatcmpl-8fa7cab9f94667f3' deferred (needs 3 blocks, 3060 free, 0 slot(s) open) — admits when a peer retires
2026-10-06 13:53:28.756 INFO  sched: request 'chatcmpl-8fa7cab9f94667ee' retired (steps): 256 tok in 13.2 s — prefill 31 tok (0 cached) in 317 ms; decode 255 tok / 145 passes in 12.9 s: 19.7 tok/s, 50.7 ms/tok, 89 ms/pass, 1.76 tok/pass, accept p1 77 %
2026-10-06 13:53:28.757 INFO  sched: request 'chatcmpl-8fa7cab9f94667f3' starting prefill in slot 2 (31 prompt tokens)
2026-10-06 13:53:28.957 INFO  sched: request 'chatcmpl-8fa7cab9f94667f3' prefix cache miss — 2 cut(s), the cache is empty
2026-10-06 13:53:28.957 INFO  sched: request 'chatcmpl-8fa7cab9f94667f3' admitted to slot 2 (reserve 3 blocks; pool 12/3072 blocks in use) — first token 785
2026-10-06 13:53:37.715 INFO  stats: rank 2 | 10.0 s | decode 75.2 tok/s, 12.4 ms/tok, 87.1 ms/step (107 steps / 752 tok, 93 % of wall) | mtp 1.76 tok/step/req, accept p1 75 % | prefill 3 prompts / 95 tok, 9 tok/s, 6.41 ms/tok, 203 ms avg (6 % of wall), 0 tok cached (0/3 hits) | live 4, queued 0 | pool 12/3072 blocks (0 %) | prefix cache 0/232 entries
2026-10-06 13:53:40.674 INFO  sched: request 'chatcmpl-8fa7cab9f94667f1' retired (steps): 256 tok in 12.8 s — prefill 32 tok (0 cached) in 207 ms; decode 255 tok / 139 passes in 12.6 s: 20.3 tok/s, 49.3 ms/tok, 90 ms/pass, 1.83 tok/pass, accept p1 84 %
2026-10-06 13:53:41.039 INFO  sched: request 'chatcmpl-8fa7cab9f94667f0' retired (steps): 256 tok in 13.6 s — prefill 31 tok (0 cached) in 195 ms; decode 255 tok / 147 passes in 13.4 s: 19.0 tok/s, 52.6 ms/tok, 91 ms/pass, 1.73 tok/pass, accept p1 73 %
2026-10-06 13:53:41.730 INFO  sched: request 'chatcmpl-8fa7cab9f94667f2' retired (steps): 256 tok in 13.4 s — prefill 32 tok (0 cached) in 202 ms; decode 255 tok / 151 passes in 13.2 s: 19.4 tok/s, 51.6 ms/tok, 87 ms/pass, 1.69 tok/pass, accept p1 69 %
2026-10-06 13:53:41.730 INFO  sched: request 'chatcmpl-8fa7cab9f94667f3' retired (steps): 256 tok in 13.0 s — prefill 31 tok (0 cached) in 200 ms; decode 255 tok / 149 passes in 12.8 s: 20.0 tok/s, 50.1 ms/tok, 86 ms/pass, 1.71 tok/pass, accept p1 71 %
2026-10-06 13:53:41.744 INFO  sched: request 'chatcmpl-8fa7cab9f94667f4' starting prefill in slot 0 (31 prompt tokens)
2026-10-06 13:53:41.744 INFO  sched: request 'chatcmpl-8fa7cab9f94667f5' starting prefill in slot 1 (31 prompt tokens)
2026-10-06 13:53:41.744 INFO  sched: request 'chatcmpl-8fa7cab9f94667f6' starting prefill in slot 2 (32 prompt tokens)
2026-10-06 13:53:41.744 INFO  sched: request 'chatcmpl-8fa7cab9f94667f7' starting prefill in slot 3 (31 prompt tokens)
2026-10-06 13:53:42.067 INFO  sched: request 'chatcmpl-8fa7cab9f94667f4' prefix cache miss — 2 cut(s), the cache is empty
2026-10-06 13:53:42.067 INFO  sched: request 'chatcmpl-8fa7cab9f94667f4' admitted to slot 0 (reserve 3 blocks; pool 6/3072 blocks in use) — first token 785
2026-10-06 13:53:42.067 INFO  sched: request 'chatcmpl-8fa7cab9f94667f5' prefix cache miss — 2 cut(s), the cache is empty
2026-10-06 13:53:42.067 INFO  sched: request 'chatcmpl-8fa7cab9f94667f5' admitted to slot 1 (reserve 3 blocks; pool 8/3072 blocks in use) — first token 785
2026-10-06 13:53:42.067 INFO  sched: request 'chatcmpl-8fa7cab9f94667f6' prefix cache miss — 2 cut(s), the cache is empty
2026-10-06 13:53:42.067 INFO  sched: request 'chatcmpl-8fa7cab9f94667f6' admitted to slot 2 (reserve 3 blocks; pool 10/3072 blocks in use) — first token 785
2026-10-06 13:53:42.067 INFO  sched: request 'chatcmpl-8fa7cab9f94667f7' prefix cache miss — 2 cut(s), the cache is empty
2026-10-06 13:53:42.067 INFO  sched: request 'chatcmpl-8fa7cab9f94667f7' admitted to slot 3 (reserve 3 blocks; pool 12/3072 blocks in use) — first token 785
2026-10-06 13:53:42.067 INFO  sched: 4 requests admitted together in one prefill (323 ms)
2026-10-06 13:53:42.132 INFO  sched: request 'chatcmpl-8fa7cab9f94667f8' deferred (needs 3 blocks, 3060 free, 0 slot(s) open) — admits when a peer retires
2026-10-06 13:53:47.774 INFO  stats: rank 2 | 10.1 s | decode 79.7 tok/s, 12.0 ms/tok, 81.7 ms/step (118 steps / 802 tok, 96 % of wall) | mtp 1.79 tok/step/req, accept p1 79 % | prefill 4 prompts / 125 tok, 12 tok/s, 2.58 ms/tok, 81 ms avg (3 % of wall), 0 tok cached (0/4 hits) | live 4, queued 4 | pool 12/3072 blocks (0 %) | prefix cache 0/232 entries
2026-10-06 13:53:53.684 INFO  sched: request 'chatcmpl-8fa7cab9f94667f5' retired (steps): 256 tok in 11.9 s — prefill 31 tok (0 cached) in 323 ms; decode 255 tok / 137 passes in 11.6 s: 22.0 tok/s, 45.6 ms/tok, 85 ms/pass, 1.86 tok/pass, accept p1 87 %
2026-10-06 13:53:53.685 INFO  sched: request 'chatcmpl-8fa7cab9f94667f8' starting prefill in slot 1 (31 prompt tokens)
2026-10-06 13:53:53.877 INFO  sched: request 'chatcmpl-8fa7cab9f94667f8' prefix cache miss — 2 cut(s), the cache is empty
2026-10-06 13:53:53.877 INFO  sched: request 'chatcmpl-8fa7cab9f94667f8' admitted to slot 1 (reserve 3 blocks; pool 12/3072 blocks in use) — first token 785
2026-10-06 13:53:53.961 INFO  sched: request 'chatcmpl-8fa7cab9f94667f9' deferred (needs 3 blocks, 3060 free, 0 slot(s) open) — admits when a peer retires
2026-10-06 13:53:54.056 INFO  sched: request 'chatcmpl-8fa7cab9f94667f6' retired (steps): 256 tok in 12.3 s — prefill 32 tok (0 cached) in 323 ms; decode 255 tok / 139 passes in 12.0 s: 21.3 tok/s, 47.0 ms/tok, 86 ms/pass, 1.83 tok/pass, accept p1 84 %
2026-10-06 13:53:54.056 INFO  sched: request 'chatcmpl-8fa7cab9f94667f9' starting prefill in slot 2 (31 prompt tokens)
2026-10-06 13:53:54.258 INFO  sched: request 'chatcmpl-8fa7cab9f94667f9' prefix cache miss — 2 cut(s), the cache is empty
2026-10-06 13:53:54.258 INFO  sched: request 'chatcmpl-8fa7cab9f94667f9' admitted to slot 2 (reserve 3 blocks; pool 12/3072 blocks in use) — first token 785
2026-10-06 13:53:54.347 INFO  sched: request 'chatcmpl-8fa7cab9f94667fa' deferred (needs 3 blocks, 3060 free, 0 slot(s) open) — admits when a peer retires
2026-10-06 13:53:54.616 INFO  sched: request 'chatcmpl-8fa7cab9f94667f4' retired (steps): 256 tok in 12.9 s — prefill 31 tok (0 cached) in 323 ms; decode 255 tok / 143 passes in 12.5 s: 20.3 tok/s, 49.2 ms/tok, 88 ms/pass, 1.78 tok/pass, accept p1 79 %
2026-10-06 13:53:54.617 INFO  sched: request 'chatcmpl-8fa7cab9f94667fa' starting prefill in slot 0 (32 prompt tokens)
2026-10-06 13:53:54.818 INFO  sched: request 'chatcmpl-8fa7cab9f94667fa' prefix cache miss — 2 cut(s), the cache is empty
2026-10-06 13:53:54.818 INFO  sched: request 'chatcmpl-8fa7cab9f94667fa' admitted to slot 0 (reserve 3 blocks; pool 12/3072 blocks in use) — first token 785
2026-10-06 13:53:54.905 INFO  sched: request 'chatcmpl-8fa7cab9f94667fb' deferred (needs 3 blocks, 3060 free, 0 slot(s) open) — admits when a peer retires
2026-10-06 13:53:54.993 INFO  sched: request 'chatcmpl-8fa7cab9f94667f7' retired (steps): 256 tok in 13.2 s — prefill 31 tok (0 cached) in 323 ms; decode 255 tok / 145 passes in 12.9 s: 19.7 tok/s, 50.7 ms/tok, 89 ms/pass, 1.76 tok/pass, accept p1 77 %
2026-10-06 13:53:54.994 INFO  sched: request 'chatcmpl-8fa7cab9f94667fb' starting prefill in slot 3 (32 prompt tokens)
2026-10-06 13:53:55.194 INFO  sched: request 'chatcmpl-8fa7cab9f94667fb' prefix cache miss — 2 cut(s), the cache is empty
2026-10-06 13:53:55.194 INFO  sched: request 'chatcmpl-8fa7cab9f94667fb' admitted to slot 3 (reserve 3 blocks; pool 12/3072 blocks in use) — first token 785
2026-10-06 13:53:57.848 INFO  stats: rank 2 | 10.1 s | decode 77.5 tok/s, 11.8 ms/tok, 85.9 ms/step (107 steps / 781 tok, 91 % of wall) | mtp 1.82 tok/step/req, accept p1 82 % | prefill 4 prompts / 126 tok, 13 tok/s, 6.31 ms/tok, 199 ms avg (8 % of wall), 0 tok cached (0/4 hits) | live 4, queued 0 | pool 12/3072 blocks (0 %) | prefix cache 0/232 entries
2026-10-06 13:54:07.355 INFO  sched: request 'chatcmpl-8fa7cab9f94667f8' retired (steps): 256 tok in 13.7 s — prefill 31 tok (0 cached) in 192 ms; decode 255 tok / 147 passes in 13.5 s: 18.9 tok/s, 52.9 ms/tok, 92 ms/pass, 1.73 tok/pass, accept p1 73 %
2026-10-06 13:54:07.445 INFO  sched: request 'chatcmpl-8fa7cab9f94667fb' retired (steps): 256 tok in 12.5 s — prefill 32 tok (0 cached) in 201 ms; decode 255 tok / 140 passes in 12.3 s: 20.8 tok/s, 48.0 ms/tok, 88 ms/pass, 1.82 tok/pass, accept p1 82 %
2026-10-06 13:54:07.653 INFO  sched: request 'chatcmpl-8fa7cab9f94667f9' retired (steps): 256 tok in 13.6 s — prefill 31 tok (0 cached) in 202 ms; decode 255 tok / 149 passes in 13.4 s: 19.0 tok/s, 52.5 ms/tok, 90 ms/pass, 1.71 tok/pass, accept p1 71 %
2026-10-06 13:54:07.886 INFO  sched: request 'chatcmpl-8fa7cab9f94667fa' retired (steps): 256 tok in 13.3 s — prefill 32 tok (0 cached) in 201 ms; decode 255 tok / 151 passes in 13.1 s: 19.5 tok/s, 51.2 ms/tok, 87 ms/pass, 1.69 tok/pass, accept p1 69 %
2026-10-06 13:54:07.886 INFO  stats: rank 2 | 10.0 s | decode 75.4 tok/s, 13.1 ms/tok, 84.3 ms/step (118 steps / 757 tok, 99 % of wall) | mtp 1.69 tok/step/req, accept p1 69 % | prefill 0 prompts / 0 tok, 0 tok cached (0/0 hits) | live 0, queued 0 | pool 0/3072 blocks (0 %) | prefix cache 0/232 entries
2026-10-06 13:54:07.926 INFO  sched: request 'chatcmpl-8fa7cab9f94667fc' starting prefill in slot 0 (51 prompt tokens)
2026-10-06 13:54:08.173 INFO  sched: request 'chatcmpl-8fa7cab9f94667fc' prefix cache miss — 2 cut(s), the cache is empty
2026-10-06 13:54:08.173 INFO  sched: request 'chatcmpl-8fa7cab9f94667fc' admitted to slot 0 (reserve 3 blocks; pool 3/3072 blocks in use) — first token 785
2026-10-06 13:54:13.217 INFO  sched: request 'chatcmpl-8fa7cab9f94667fc' retired (steps): 256 tok in 5.3 s — prefill 51 tok (0 cached) in 247 ms; decode 255 tok / 130 passes in 5.0 s: 50.6 tok/s, 19.8 ms/tok, 39 ms/pass, 1.96 tok/pass, accept p1 96 %
2026-10-06 13:54:13.237 INFO  sched: request 'chatcmpl-8fa7cab9f94667fd' starting prefill in slot 0 (51 prompt tokens)
2026-10-06 13:54:13.483 INFO  sched: request 'chatcmpl-8fa7cab9f94667fd' prefix cache miss — 2 cut(s), the cache is empty
2026-10-06 13:54:13.483 INFO  sched: request 'chatcmpl-8fa7cab9f94667fd' admitted to slot 0 (reserve 3 blocks; pool 3/3072 blocks in use) — first token 785
2026-10-06 13:54:17.898 INFO  stats: rank 2 | 10.0 s | decode 47.9 tok/s, 19.4 ms/tok, 38.2 ms/step (244 steps / 480 tok, 93 % of wall) | mtp 1.97 tok/step/req, accept p1 96 % | prefill 2 prompts / 102 tok, 10 tok/s, 4.82 ms/tok, 246 ms avg (5 % of wall), 0 tok cached (0/2 hits) | live 1, queued 0 | pool 3/3072 blocks (0 %) | prefix cache 0/232 entries
2026-10-06 13:54:18.526 INFO  sched: request 'chatcmpl-8fa7cab9f94667fd' retired (steps): 256 tok in 5.3 s — prefill 51 tok (0 cached) in 245 ms; decode 255 tok / 130 passes in 5.0 s: 50.6 tok/s, 19.8 ms/tok, 39 ms/pass, 1.96 tok/pass, accept p1 96 %
2026-10-06 13:54:18.540 INFO  sched: request 'chatcmpl-8fa7cab9f94667fe' starting prefill in slot 0 (51 prompt tokens)
2026-10-06 13:54:18.794 INFO  sched: request 'chatcmpl-8fa7cab9f94667fe' prefix cache miss — 2 cut(s), the cache is empty
2026-10-06 13:54:18.794 INFO  sched: request 'chatcmpl-8fa7cab9f94667fe' admitted to slot 0 (reserve 3 blocks; pool 3/3072 blocks in use) — first token 785
2026-10-06 13:54:23.839 INFO  sched: request 'chatcmpl-8fa7cab9f94667fe' retired (steps): 256 tok in 5.3 s — prefill 51 tok (0 cached) in 254 ms; decode 255 tok / 130 passes in 5.0 s: 50.5 tok/s, 19.8 ms/tok, 39 ms/pass, 1.96 tok/pass, accept p1 96 %
2026-10-06 13:54:23.885 INFO  sched: request 'chatcmpl-8fa7cab9f94667ff' starting prefill in slot 0 (47 prompt tokens)
2026-10-06 13:54:23.885 INFO  sched: request 'chatcmpl-8fa7cab9f9466800' starting prefill in slot 1 (51 prompt tokens)
2026-10-06 13:54:24.192 INFO  sched: request 'chatcmpl-8fa7cab9f94667ff' prefix cache miss — 2 cut(s), the cache is empty
2026-10-06 13:54:24.192 INFO  sched: request 'chatcmpl-8fa7cab9f94667ff' admitted to slot 0 (reserve 3 blocks; pool 4/3072 blocks in use) — first token 785
2026-10-06 13:54:24.192 INFO  sched: request 'chatcmpl-8fa7cab9f9466800' prefix cache miss — 2 cut(s), the cache is empty
2026-10-06 13:54:24.192 INFO  sched: request 'chatcmpl-8fa7cab9f9466800' admitted to slot 1 (reserve 3 blocks; pool 6/3072 blocks in use) — first token 785
2026-10-06 13:54:24.192 INFO  sched: 2 requests admitted together in one prefill (307 ms)
2026-10-06 13:54:27.951 INFO  stats: rank 2 | 10.1 s | decode 54.0 tok/s, 17.1 ms/tok, 43.7 ms/step (213 steps / 543 tok, 93 % of wall) | mtp 1.94 tok/step/req, accept p1 93 % | prefill 3 prompts / 149 tok, 15 tok/s, 3.76 ms/tok, 187 ms avg (6 % of wall), 0 tok cached (0/3 hits) | live 2, queued 0 | pool 6/3072 blocks (0 %) | prefix cache 0/232 entries
2026-10-06 13:54:31.740 INFO  sched: request 'chatcmpl-8fa7cab9f9466800' retired (steps): 256 tok in 7.9 s — prefill 51 tok (0 cached) in 307 ms; decode 255 tok / 133 passes in 7.5 s: 33.8 tok/s, 29.6 ms/tok, 57 ms/pass, 1.92 tok/pass, accept p1 92 %
2026-10-06 13:54:32.047 INFO  sched: request 'chatcmpl-8fa7cab9f94667ff' retired (steps): 256 tok in 8.2 s — prefill 47 tok (0 cached) in 307 ms; decode 255 tok / 141 passes in 7.9 s: 32.5 tok/s, 30.8 ms/tok, 56 ms/pass, 1.81 tok/pass, accept p1 81 %
2026-10-06 13:54:32.061 INFO  sched: request 'chatcmpl-8fa7cab9f9466801' starting prefill in slot 0 (51 prompt tokens)
2026-10-06 13:54:32.061 INFO  sched: request 'chatcmpl-8fa7cab9f9466802' starting prefill in slot 1 (47 prompt tokens)
2026-10-06 13:54:32.364 INFO  sched: request 'chatcmpl-8fa7cab9f9466801' prefix cache miss — 2 cut(s), the cache is empty
2026-10-06 13:54:32.364 INFO  sched: request 'chatcmpl-8fa7cab9f9466801' admitted to slot 0 (reserve 3 blocks; pool 4/3072 blocks in use) — first token 785
2026-10-06 13:54:32.364 INFO  sched: request 'chatcmpl-8fa7cab9f9466802' prefix cache miss — 2 cut(s), the cache is empty
2026-10-06 13:54:32.364 INFO  sched: request 'chatcmpl-8fa7cab9f9466802' admitted to slot 1 (reserve 3 blocks; pool 6/3072 blocks in use) — first token 785
2026-10-06 13:54:32.364 INFO  sched: 2 requests admitted together in one prefill (303 ms)
2026-10-06 13:54:37.973 INFO  stats: rank 2 | 10.0 s | decode 62.5 tok/s, 15.3 ms/tok, 55.5 ms/step (173 steps / 626 tok, 96 % of wall) | mtp 1.85 tok/step/req, accept p1 85 % | prefill 2 prompts / 98 tok, 10 tok/s, 3.09 ms/tok, 152 ms avg (3 % of wall), 0 tok cached (0/2 hits) | live 2, queued 0 | pool 6/3072 blocks (0 %) | prefix cache 0/232 entries
2026-10-06 13:54:39.933 INFO  sched: request 'chatcmpl-8fa7cab9f9466801' retired (steps): 256 tok in 7.9 s — prefill 51 tok (0 cached) in 303 ms; decode 255 tok / 133 passes in 7.6 s: 33.7 tok/s, 29.7 ms/tok, 57 ms/pass, 1.92 tok/pass, accept p1 92 %
2026-10-06 13:54:40.241 INFO  sched: request 'chatcmpl-8fa7cab9f9466802' retired (steps): 256 tok in 8.2 s — prefill 47 tok (0 cached) in 303 ms; decode 255 tok / 141 passes in 7.9 s: 32.4 tok/s, 30.9 ms/tok, 56 ms/pass, 1.81 tok/pass, accept p1 81 %
2026-10-06 13:54:40.261 INFO  sched: request 'chatcmpl-8fa7cab9f9466803' starting prefill in slot 0 (51 prompt tokens)
2026-10-06 13:54:40.261 INFO  sched: request 'chatcmpl-8fa7cab9f9466804' starting prefill in slot 1 (47 prompt tokens)
2026-10-06 13:54:40.563 INFO  sched: request 'chatcmpl-8fa7cab9f9466803' prefix cache miss — 2 cut(s), the cache is empty
2026-10-06 13:54:40.563 INFO  sched: request 'chatcmpl-8fa7cab9f9466803' admitted to slot 0 (reserve 3 blocks; pool 4/3072 blocks in use) — first token 785
2026-10-06 13:54:40.563 INFO  sched: request 'chatcmpl-8fa7cab9f9466804' prefix cache miss — 2 cut(s), the cache is empty
2026-10-06 13:54:40.563 INFO  sched: request 'chatcmpl-8fa7cab9f9466804' admitted to slot 1 (reserve 3 blocks; pool 6/3072 blocks in use) — first token 785
2026-10-06 13:54:40.563 INFO  sched: 2 requests admitted together in one prefill (303 ms)
2026-10-06 13:54:47.978 INFO  stats: rank 2 | 10.0 s | decode 63.2 tok/s, 15.2 ms/tok, 55.4 ms/step (173 steps / 632 tok, 96 % of wall) | mtp 1.87 tok/step/req, accept p1 87 % | prefill 2 prompts / 98 tok, 10 tok/s, 3.09 ms/tok, 151 ms avg (3 % of wall), 0 tok cached (0/2 hits) | live 2, queued 0 | pool 6/3072 blocks (0 %) | prefix cache 0/232 entries
2026-10-06 13:54:48.096 INFO  sched: request 'chatcmpl-8fa7cab9f9466803' retired (steps): 256 tok in 7.8 s — prefill 51 tok (0 cached) in 303 ms; decode 255 tok / 133 passes in 7.5 s: 33.9 tok/s, 29.5 ms/tok, 57 ms/pass, 1.92 tok/pass, accept p1 92 %
2026-10-06 13:54:48.403 INFO  sched: request 'chatcmpl-8fa7cab9f9466804' retired (steps): 256 tok in 8.1 s — prefill 47 tok (0 cached) in 303 ms; decode 255 tok / 141 passes in 7.8 s: 32.5 tok/s, 30.7 ms/tok, 56 ms/pass, 1.81 tok/pass, accept p1 81 %
2026-10-06 13:54:48.450 INFO  sched: request 'chatcmpl-8fa7cab9f9466805' starting prefill in slot 0 (33 prompt tokens)
2026-10-06 13:54:48.450 INFO  sched: request 'chatcmpl-8fa7cab9f9466806' starting prefill in slot 1 (33 prompt tokens)
2026-10-06 13:54:48.450 INFO  sched: request 'chatcmpl-8fa7cab9f9466807' starting prefill in slot 2 (34 prompt tokens)
2026-10-06 13:54:48.450 INFO  sched: request 'chatcmpl-8fa7cab9f9466808' starting prefill in slot 3 (45 prompt tokens)
2026-10-06 13:54:48.816 INFO  sched: request 'chatcmpl-8fa7cab9f9466805' prefix cache miss — 2 cut(s), the cache is empty
2026-10-06 13:54:48.816 INFO  sched: request 'chatcmpl-8fa7cab9f9466805' admitted to slot 0 (reserve 3 blocks; pool 6/3072 blocks in use) — first token 785
2026-10-06 13:54:48.816 INFO  sched: request 'chatcmpl-8fa7cab9f9466806' prefix cache miss — 2 cut(s), the cache is empty
2026-10-06 13:54:48.816 INFO  sched: request 'chatcmpl-8fa7cab9f9466806' admitted to slot 1 (reserve 3 blocks; pool 8/3072 blocks in use) — first token 785
2026-10-06 13:54:48.816 INFO  sched: request 'chatcmpl-8fa7cab9f9466807' prefix cache miss — 2 cut(s), the cache is empty
2026-10-06 13:54:48.816 INFO  sched: request 'chatcmpl-8fa7cab9f9466807' admitted to slot 2 (reserve 3 blocks; pool 10/3072 blocks in use) — first token 785
2026-10-06 13:54:48.816 INFO  sched: request 'chatcmpl-8fa7cab9f9466808' prefix cache miss — 2 cut(s), the cache is empty
2026-10-06 13:54:48.816 INFO  sched: request 'chatcmpl-8fa7cab9f9466808' admitted to slot 3 (reserve 3 blocks; pool 12/3072 blocks in use) — first token 785
2026-10-06 13:54:48.816 INFO  sched: 4 requests admitted together in one prefill (366 ms)
2026-10-06 13:54:58.037 INFO  stats: rank 2 | 10.1 s | decode 77.9 tok/s, 12.2 ms/tok, 84.0 ms/step (114 steps / 784 tok, 95 % of wall) | mtp 1.83 tok/step/req, accept p1 82 % | prefill 4 prompts / 145 tok, 14 tok/s, 2.52 ms/tok, 91 ms avg (4 % of wall), 0 tok cached (0/4 hits) | live 4, queued 0 | pool 12/3072 blocks (0 %) | prefix cache 0/232 entries
2026-10-06 13:55:01.036 INFO  sched: request 'chatcmpl-8fa7cab9f9466806' retired (steps): 256 tok in 12.6 s — prefill 33 tok (0 cached) in 366 ms; decode 255 tok / 137 passes in 12.2 s: 20.9 tok/s, 47.9 ms/tok, 89 ms/pass, 1.86 tok/pass, accept p1 86 %
2026-10-06 13:55:01.214 INFO  sched: request 'chatcmpl-8fa7cab9f9466805' retired (steps): 256 tok in 12.8 s — prefill 33 tok (0 cached) in 366 ms; decode 255 tok / 139 passes in 12.4 s: 20.6 tok/s, 48.6 ms/tok, 89 ms/pass, 1.83 tok/pass, accept p1 83 %
2026-10-06 13:55:01.540 INFO  sched: request 'chatcmpl-8fa7cab9f9466807' retired (steps): 256 tok in 13.1 s — prefill 34 tok (0 cached) in 366 ms; decode 255 tok / 143 passes in 12.7 s: 20.0 tok/s, 49.9 ms/tok, 89 ms/pass, 1.78 tok/pass, accept p1 79 %
2026-10-06 13:55:01.663 INFO  sched: request 'chatcmpl-8fa7cab9f9466808' retired (steps): 256 tok in 13.2 s — prefill 45 tok (0 cached) in 366 ms; decode 255 tok / 146 passes in 12.8 s: 19.8 tok/s, 50.4 ms/tok, 88 ms/pass, 1.75 tok/pass, accept p1 75 %
2026-10-06 13:55:01.698 INFO  sched: request 'chatcmpl-8fa7cab9f9466809' starting prefill in slot 0 (45 prompt tokens)
2026-10-06 13:55:01.698 INFO  sched: request 'chatcmpl-8fa7cab9f946680a' starting prefill in slot 1 (34 prompt tokens)
2026-10-06 13:55:01.698 INFO  sched: request 'chatcmpl-8fa7cab9f946680b' starting prefill in slot 2 (33 prompt tokens)
2026-10-06 13:55:01.698 INFO  sched: request 'chatcmpl-8fa7cab9f946680c' starting prefill in slot 3 (33 prompt tokens)
2026-10-06 13:55:02.064 INFO  sched: request 'chatcmpl-8fa7cab9f9466809' prefix cache miss — 2 cut(s), the cache is empty
2026-10-06 13:55:02.064 INFO  sched: request 'chatcmpl-8fa7cab9f9466809' admitted to slot 0 (reserve 3 blocks; pool 6/3072 blocks in use) — first token 785
2026-10-06 13:55:02.064 INFO  sched: request 'chatcmpl-8fa7cab9f946680a' prefix cache miss — 2 cut(s), the cache is empty
2026-10-06 13:55:02.064 INFO  sched: request 'chatcmpl-8fa7cab9f946680a' admitted to slot 1 (reserve 3 blocks; pool 8/3072 blocks in use) — first token 785
2026-10-06 13:55:02.064 INFO  sched: request 'chatcmpl-8fa7cab9f946680b' prefix cache miss — 2 cut(s), the cache is empty
2026-10-06 13:55:02.064 INFO  sched: request 'chatcmpl-8fa7cab9f946680b' admitted to slot 2 (reserve 3 blocks; pool 10/3072 blocks in use) — first token 785
2026-10-06 13:55:02.064 INFO  sched: request 'chatcmpl-8fa7cab9f946680c' prefix cache miss — 2 cut(s), the cache is empty
2026-10-06 13:55:02.064 INFO  sched: request 'chatcmpl-8fa7cab9f946680c' admitted to slot 3 (reserve 3 blocks; pool 12/3072 blocks in use) — first token 785
2026-10-06 13:55:02.064 INFO  sched: 4 requests admitted together in one prefill (366 ms)
2026-10-06 13:55:08.104 INFO  stats: rank 2 | 10.1 s | decode 76.2 tok/s, 12.5 ms/tok, 86.4 ms/step (111 steps / 767 tok, 95 % of wall) | mtp 1.80 tok/step/req, accept p1 80 % | prefill 4 prompts / 145 tok, 14 tok/s, 2.52 ms/tok, 91 ms avg (4 % of wall), 0 tok cached (0/4 hits) | live 4, queued 0 | pool 12/3072 blocks (0 %) | prefix cache 0/232 entries
2026-10-06 13:55:14.261 INFO  sched: request 'chatcmpl-8fa7cab9f946680c' retired (steps): 256 tok in 12.6 s — prefill 33 tok (0 cached) in 366 ms; decode 255 tok / 137 passes in 12.2 s: 20.9 tok/s, 47.8 ms/tok, 89 ms/pass, 1.86 tok/pass, accept p1 86 %
2026-10-06 13:55:14.416 INFO  sched: request 'chatcmpl-8fa7cab9f946680b' retired (steps): 256 tok in 12.7 s — prefill 33 tok (0 cached) in 366 ms; decode 255 tok / 139 passes in 12.4 s: 20.6 tok/s, 48.4 ms/tok, 89 ms/pass, 1.83 tok/pass, accept p1 83 %
2026-10-06 13:55:14.653 INFO  sched: request 'chatcmpl-8fa7cab9f946680a' retired (steps): 256 tok in 13.0 s — prefill 34 tok (0 cached) in 366 ms; decode 255 tok / 143 passes in 12.6 s: 20.3 tok/s, 49.4 ms/tok, 88 ms/pass, 1.78 tok/pass, accept p1 79 %
2026-10-06 13:55:14.771 INFO  sched: request 'chatcmpl-8fa7cab9f9466809' retired (steps): 256 tok in 13.1 s — prefill 45 tok (0 cached) in 366 ms; decode 255 tok / 146 passes in 12.7 s: 20.1 tok/s, 49.8 ms/tok, 87 ms/pass, 1.75 tok/pass, accept p1 75 %
2026-10-06 13:55:14.806 INFO  sched: request 'chatcmpl-8fa7cab9f946680d' starting prefill in slot 0 (45 prompt tokens)
2026-10-06 13:55:14.806 INFO  sched: request 'chatcmpl-8fa7cab9f946680e' starting prefill in slot 1 (33 prompt tokens)
2026-10-06 13:55:14.807 INFO  sched: request 'chatcmpl-8fa7cab9f946680f' starting prefill in slot 2 (33 prompt tokens)
2026-10-06 13:55:14.807 INFO  sched: request 'chatcmpl-8fa7cab9f9466810' starting prefill in slot 3 (34 prompt tokens)
2026-10-06 13:55:15.182 INFO  sched: request 'chatcmpl-8fa7cab9f946680d' prefix cache miss — 2 cut(s), the cache is empty
2026-10-06 13:55:15.182 INFO  sched: request 'chatcmpl-8fa7cab9f946680d' admitted to slot 0 (reserve 3 blocks; pool 6/3072 blocks in use) — first token 785
2026-10-06 13:55:15.182 INFO  sched: request 'chatcmpl-8fa7cab9f946680e' prefix cache miss — 2 cut(s), the cache is empty
2026-10-06 13:55:15.182 INFO  sched: request 'chatcmpl-8fa7cab9f946680e' admitted to slot 1 (reserve 3 blocks; pool 8/3072 blocks in use) — first token 785
2026-10-06 13:55:15.182 INFO  sched: request 'chatcmpl-8fa7cab9f946680f' prefix cache miss — 2 cut(s), the cache is empty
2026-10-06 13:55:15.182 INFO  sched: request 'chatcmpl-8fa7cab9f946680f' admitted to slot 2 (reserve 3 blocks; pool 10/3072 blocks in use) — first token 785
2026-10-06 13:55:15.182 INFO  sched: request 'chatcmpl-8fa7cab9f9466810' prefix cache miss — 2 cut(s), the cache is empty
2026-10-06 13:55:15.182 INFO  sched: request 'chatcmpl-8fa7cab9f9466810' admitted to slot 3 (reserve 3 blocks; pool 12/3072 blocks in use) — first token 785
2026-10-06 13:55:15.182 INFO  sched: 4 requests admitted together in one prefill (375 ms)
2026-10-06 13:55:18.135 INFO  stats: rank 2 | 10.0 s | decode 78.0 tok/s, 12.2 ms/tok, 85.2 ms/step (112 steps / 782 tok, 95 % of wall) | mtp 1.82 tok/step/req, accept p1 82 % | prefill 4 prompts / 145 tok, 14 tok/s, 2.59 ms/tok, 94 ms avg (4 % of wall), 0 tok cached (0/4 hits) | live 4, queued 0 | pool 12/3072 blocks (0 %) | prefix cache 0/232 entries
2026-10-06 13:55:27.376 INFO  sched: request 'chatcmpl-8fa7cab9f946680e' retired (steps): 256 tok in 12.6 s — prefill 33 tok (0 cached) in 375 ms; decode 255 tok / 137 passes in 12.2 s: 20.9 tok/s, 47.8 ms/tok, 89 ms/pass, 1.86 tok/pass, accept p1 86 %
2026-10-06 13:55:27.553 INFO  sched: request 'chatcmpl-8fa7cab9f946680f' retired (steps): 256 tok in 12.7 s — prefill 33 tok (0 cached) in 375 ms; decode 255 tok / 139 passes in 12.4 s: 20.6 tok/s, 48.5 ms/tok, 89 ms/pass, 1.83 tok/pass, accept p1 83 %
2026-10-06 13:55:27.880 INFO  sched: request 'chatcmpl-8fa7cab9f9466810' retired (steps): 256 tok in 13.1 s — prefill 34 tok (0 cached) in 375 ms; decode 255 tok / 143 passes in 12.7 s: 20.1 tok/s, 49.8 ms/tok, 89 ms/pass, 1.78 tok/pass, accept p1 79 %
2026-10-06 13:55:28.000 INFO  sched: request 'chatcmpl-8fa7cab9f946680d' retired (steps): 256 tok in 13.2 s — prefill 45 tok (0 cached) in 375 ms; decode 255 tok / 146 passes in 12.8 s: 19.9 tok/s, 50.3 ms/tok, 88 ms/pass, 1.75 tok/pass, accept p1 75 %
2026-10-06 13:55:28.046 INFO  sched: request 'chatcmpl-8fa7cab9f9466811' starting prefill in slot 0 (33 prompt tokens)
2026-10-06 13:55:28.046 INFO  sched: request 'chatcmpl-8fa7cab9f9466812' starting prefill in slot 1 (35 prompt tokens)
2026-10-06 13:55:28.046 INFO  sched: request 'chatcmpl-8fa7cab9f9466813' starting prefill in slot 2 (35 prompt tokens)
2026-10-06 13:55:28.046 INFO  sched: request 'chatcmpl-8fa7cab9f9466814' starting prefill in slot 3 (35 prompt tokens)
2026-10-06 13:55:28.401 INFO  sched: request 'chatcmpl-8fa7cab9f9466811' prefix cache miss — 2 cut(s), the cache is empty
2026-10-06 13:55:28.401 INFO  sched: request 'chatcmpl-8fa7cab9f9466811' admitted to slot 0 (reserve 3 blocks; pool 6/3072 blocks in use) — first token 785
2026-10-06 13:55:28.401 INFO  sched: request 'chatcmpl-8fa7cab9f9466812' prefix cache miss — 2 cut(s), the cache is empty
2026-10-06 13:55:28.401 INFO  sched: request 'chatcmpl-8fa7cab9f9466812' admitted to slot 1 (reserve 3 blocks; pool 8/3072 blocks in use) — first token 785
2026-10-06 13:55:28.401 INFO  sched: request 'chatcmpl-8fa7cab9f9466813' prefix cache miss — 2 cut(s), the cache is empty
2026-10-06 13:55:28.401 INFO  sched: request 'chatcmpl-8fa7cab9f9466813' admitted to slot 2 (reserve 3 blocks; pool 10/3072 blocks in use) — first token 785
2026-10-06 13:55:28.401 INFO  sched: request 'chatcmpl-8fa7cab9f9466814' prefix cache miss — 2 cut(s), the cache is empty
2026-10-06 13:55:28.401 INFO  sched: request 'chatcmpl-8fa7cab9f9466814' admitted to slot 3 (reserve 3 blocks; pool 12/3072 blocks in use) — first token 785
2026-10-06 13:55:28.401 INFO  sched: 4 requests admitted together in one prefill (355 ms)
2026-10-06 13:55:28.465 INFO  stats: rank 2 | 10.3 s | decode 74.9 tok/s, 12.7 ms/tok, 87.9 ms/step (112 steps / 774 tok, 95 % of wall) | mtp 1.80 tok/step/req, accept p1 80 % | prefill 4 prompts / 138 tok, 13 tok/s, 2.58 ms/tok, 89 ms avg (3 % of wall), 0 tok cached (0/4 hits) | live 4, queued 4 | pool 12/3072 blocks (0 %) | prefix cache 0/232 entries
2026-10-06 13:55:28.466 INFO  sched: request 'chatcmpl-8fa7cab9f9466815' deferred (needs 3 blocks, 3060 free, 0 slot(s) open) — admits when a peer retires
2026-10-06 13:55:38.481 INFO  stats: rank 2 | 10.0 s | decode 82.7 tok/s, 12.0 ms/tok, 88.0 ms/step (113 steps / 828 tok, 99 % of wall) | mtp 1.83 tok/step/req, accept p1 83 % | prefill 0 prompts / 0 tok, 0 tok cached (0/0 hits) | live 4, queued 4 | pool 12/3072 blocks (0 %) | prefix cache 0/232 entries
2026-10-06 13:55:40.680 INFO  sched: request 'chatcmpl-8fa7cab9f9466811' retired (steps): 256 tok in 12.6 s — prefill 33 tok (0 cached) in 355 ms; decode 255 tok / 138 passes in 12.3 s: 20.8 tok/s, 48.2 ms/tok, 89 ms/pass, 1.85 tok/pass, accept p1 85 %
2026-10-06 13:55:40.680 INFO  sched: request 'chatcmpl-8fa7cab9f9466813' retired (steps): 256 tok in 12.6 s — prefill 35 tok (0 cached) in 355 ms; decode 255 tok / 138 passes in 12.3 s: 20.8 tok/s, 48.2 ms/tok, 89 ms/pass, 1.85 tok/pass, accept p1 85 %
2026-10-06 13:55:40.681 INFO  sched: request 'chatcmpl-8fa7cab9f9466815' starting prefill in slot 0 (33 prompt tokens)
2026-10-06 13:55:40.681 INFO  sched: request 'chatcmpl-8fa7cab9f9466816' starting prefill in slot 2 (33 prompt tokens)
2026-10-06 13:55:40.937 INFO  sched: request 'chatcmpl-8fa7cab9f9466815' prefix cache miss — 2 cut(s), the cache is empty
2026-10-06 13:55:40.937 INFO  sched: request 'chatcmpl-8fa7cab9f9466815' admitted to slot 0 (reserve 3 blocks; pool 10/3072 blocks in use) — first token 785
2026-10-06 13:55:40.937 INFO  sched: request 'chatcmpl-8fa7cab9f9466816' prefix cache miss — 2 cut(s), the cache is empty
2026-10-06 13:55:40.937 INFO  sched: request 'chatcmpl-8fa7cab9f9466816' admitted to slot 2 (reserve 3 blocks; pool 12/3072 blocks in use) — first token 785
2026-10-06 13:55:40.937 INFO  sched: 2 requests admitted together in one prefill (256 ms)
2026-10-06 13:55:41.022 INFO  sched: request 'chatcmpl-8fa7cab9f9466812' retired (steps): 256 tok in 13.0 s — prefill 35 tok (0 cached) in 355 ms; decode 255 tok / 139 passes in 12.6 s: 20.2 tok/s, 49.5 ms/tok, 91 ms/pass, 1.83 tok/pass, accept p1 83 %
2026-10-06 13:55:41.022 INFO  sched: request 'chatcmpl-8fa7cab9f9466814' retired (steps): 256 tok in 13.0 s — prefill 35 tok (0 cached) in 355 ms; decode 255 tok / 139 passes in 12.6 s: 20.2 tok/s, 49.5 ms/tok, 91 ms/pass, 1.83 tok/pass, accept p1 84 %
2026-10-06 13:55:41.023 INFO  sched: request 'chatcmpl-8fa7cab9f9466817' starting prefill in slot 1 (33 prompt tokens)
2026-10-06 13:55:41.023 INFO  sched: request 'chatcmpl-8fa7cab9f9466818' starting prefill in slot 3 (32 prompt tokens)
2026-10-06 13:55:41.277 INFO  sched: request 'chatcmpl-8fa7cab9f9466817' prefix cache miss — 2 cut(s), the cache is empty
2026-10-06 13:55:41.277 INFO  sched: request 'chatcmpl-8fa7cab9f9466817' admitted to slot 1 (reserve 3 blocks; pool 10/3072 blocks in use) — first token 785
2026-10-06 13:55:41.277 INFO  sched: request 'chatcmpl-8fa7cab9f9466818' prefix cache miss — 2 cut(s), the cache is empty
2026-10-06 13:55:41.277 INFO  sched: request 'chatcmpl-8fa7cab9f9466818' admitted to slot 3 (reserve 3 blocks; pool 12/3072 blocks in use) — first token 785
2026-10-06 13:55:41.277 INFO  sched: 2 requests admitted together in one prefill (254 ms)
2026-10-06 13:55:48.517 INFO  stats: rank 2 | 10.0 s | decode 79.1 tok/s, 11.9 ms/tok, 88.3 ms/step (107 steps / 794 tok, 94 % of wall) | mtp 1.86 tok/step/req, accept p1 85 % | prefill 4 prompts / 131 tok, 13 tok/s, 3.90 ms/tok, 128 ms avg (5 % of wall), 0 tok cached (0/4 hits) | live 4, queued 0 | pool 12/3072 blocks (0 %) | prefix cache 0/232 entries
2026-10-06 13:55:53.238 INFO  sched: request 'chatcmpl-8fa7cab9f9466816' retired (steps): 256 tok in 12.6 s — prefill 33 tok (0 cached) in 256 ms; decode 255 tok / 135 passes in 12.3 s: 20.7 tok/s, 48.2 ms/tok, 91 ms/pass, 1.89 tok/pass, accept p1 89 %
2026-10-06 13:55:53.853 INFO  sched: request 'chatcmpl-8fa7cab9f9466815' retired (steps): 256 tok in 13.2 s — prefill 33 tok (0 cached) in 256 ms; decode 255 tok / 142 passes in 12.9 s: 19.7 tok/s, 50.7 ms/tok, 91 ms/pass, 1.80 tok/pass, accept p1 80 %
2026-10-06 13:55:54.019 INFO  sched: request 'chatcmpl-8fa7cab9f9466818' retired (steps): 256 tok in 13.0 s — prefill 32 tok (0 cached) in 254 ms; decode 255 tok / 143 passes in 12.7 s: 20.0 tok/s, 50.0 ms/tok, 89 ms/pass, 1.78 tok/pass, accept p1 78 %
2026-10-06 13:55:54.178 INFO  sched: request 'chatcmpl-8fa7cab9f9466817' retired (steps): 256 tok in 13.2 s — prefill 33 tok (0 cached) in 254 ms; decode 255 tok / 147 passes in 12.9 s: 19.8 tok/s, 50.6 ms/tok, 88 ms/pass, 1.73 tok/pass, accept p1 74 %
2026-10-06 13:55:54.192 INFO  sched: request 'chatcmpl-8fa7cab9f9466819' starting prefill in slot 0 (33 prompt tokens)
2026-10-06 13:55:54.192 INFO  sched: request 'chatcmpl-8fa7cab9f946681a' starting prefill in slot 1 (35 prompt tokens)
2026-10-06 13:55:54.192 INFO  sched: request 'chatcmpl-8fa7cab9f946681b' starting prefill in slot 2 (33 prompt tokens)
2026-10-06 13:55:54.192 INFO  sched: request 'chatcmpl-8fa7cab9f946681c' starting prefill in slot 3 (33 prompt tokens)
2026-10-06 13:55:54.537 INFO  sched: request 'chatcmpl-8fa7cab9f9466819' prefix cache miss — 2 cut(s), the cache is empty
2026-10-06 13:55:54.537 INFO  sched: request 'chatcmpl-8fa7cab9f9466819' admitted to slot 0 (reserve 3 blocks; pool 6/3072 blocks in use) — first token 785
2026-10-06 13:55:54.537 INFO  sched: request 'chatcmpl-8fa7cab9f946681a' prefix cache miss — 2 cut(s), the cache is empty
2026-10-06 13:55:54.537 INFO  sched: request 'chatcmpl-8fa7cab9f946681a' admitted to slot 1 (reserve 3 blocks; pool 8/3072 blocks in use) — first token 785
2026-10-06 13:55:54.537 INFO  sched: request 'chatcmpl-8fa7cab9f946681b' prefix cache miss — 2 cut(s), the cache is empty
2026-10-06 13:55:54.537 INFO  sched: request 'chatcmpl-8fa7cab9f946681b' admitted to slot 2 (reserve 3 blocks; pool 10/3072 blocks in use) — first token 785
2026-10-06 13:55:54.537 INFO  sched: request 'chatcmpl-8fa7cab9f946681c' prefix cache miss — 2 cut(s), the cache is empty
2026-10-06 13:55:54.537 INFO  sched: request 'chatcmpl-8fa7cab9f946681c' admitted to slot 3 (reserve 3 blocks; pool 12/3072 blocks in use) — first token 785
2026-10-06 13:55:54.537 INFO  sched: 4 requests admitted together in one prefill (344 ms)
2026-10-06 13:55:54.602 INFO  sched: request 'chatcmpl-8fa7cab9f946681d' deferred (needs 3 blocks, 3060 free, 0 slot(s) open) — admits when a peer retires
2026-10-06 13:55:58.573 INFO  stats: rank 2 | 10.1 s | decode 77.9 tok/s, 12.3 ms/tok, 85.1 ms/step (113 steps / 783 tok, 96 % of wall) | mtp 1.83 tok/step/req, accept p1 82 % | prefill 4 prompts / 134 tok, 13 tok/s, 2.57 ms/tok, 86 ms avg (3 % of wall), 0 tok cached (0/4 hits) | live 4, queued 4 | pool 12/3072 blocks (0 %) | prefix cache 0/232 entries
2026-10-06 13:56:06.401 INFO  sched: request 'chatcmpl-8fa7cab9f946681c' retired (steps): 256 tok in 12.2 s — prefill 33 tok (0 cached) in 344 ms; decode 255 tok / 135 passes in 11.9 s: 21.5 tok/s, 46.5 ms/tok, 88 ms/pass, 1.89 tok/pass, accept p1 89 %
2026-10-06 13:56:06.401 INFO  sched: request 'chatcmpl-8fa7cab9f946681d' starting prefill in slot 3 (33 prompt tokens)
2026-10-06 13:56:06.607 INFO  sched: request 'chatcmpl-8fa7cab9f946681d' prefix cache miss — 2 cut(s), the cache is empty
2026-10-06 13:56:06.607 INFO  sched: request 'chatcmpl-8fa7cab9f946681d' admitted to slot 3 (reserve 3 blocks; pool 12/3072 blocks in use) — first token 785
2026-10-06 13:56:06.698 INFO  sched: request 'chatcmpl-8fa7cab9f946681e' deferred (needs 3 blocks, 3060 free, 0 slot(s) open) — admits when a peer retires
2026-10-06 13:56:06.885 INFO  sched: request 'chatcmpl-8fa7cab9f9466819' retired (steps): 256 tok in 12.7 s — prefill 33 tok (0 cached) in 344 ms; decode 255 tok / 138 passes in 12.3 s: 20.7 tok/s, 48.4 ms/tok, 89 ms/pass, 1.85 tok/pass, accept p1 85 %
2026-10-06 13:56:06.885 INFO  sched: request 'chatcmpl-8fa7cab9f946681e' starting prefill in slot 0 (35 prompt tokens)
2026-10-06 13:56:07.092 INFO  sched: request 'chatcmpl-8fa7cab9f946681e' prefix cache miss — 2 cut(s), the cache is empty
2026-10-06 13:56:07.092 INFO  sched: request 'chatcmpl-8fa7cab9f946681e' admitted to slot 0 (reserve 3 blocks; pool 12/3072 blocks in use) — first token 785
2026-10-06 13:56:07.186 INFO  sched: request 'chatcmpl-8fa7cab9f946681a' retired (steps): 256 tok in 13.0 s — prefill 35 tok (0 cached) in 344 ms; decode 255 tok / 139 passes in 12.6 s: 20.2 tok/s, 49.6 ms/tok, 91 ms/pass, 1.83 tok/pass, accept p1 83 %
2026-10-06 13:56:07.187 INFO  sched: request 'chatcmpl-8fa7cab9f946681f' starting prefill in slot 1 (35 prompt tokens)
2026-10-06 13:56:07.402 INFO  sched: request 'chatcmpl-8fa7cab9f946681f' prefix cache miss — 2 cut(s), the cache is empty
2026-10-06 13:56:07.402 INFO  sched: request 'chatcmpl-8fa7cab9f946681f' admitted to slot 1 (reserve 3 blocks; pool 12/3072 blocks in use) — first token 785
2026-10-06 13:56:07.488 INFO  sched: request 'chatcmpl-8fa7cab9f9466820' deferred (needs 3 blocks, 3060 free, 0 slot(s) open) — admits when a peer retires
2026-10-06 13:56:08.108 INFO  sched: request 'chatcmpl-8fa7cab9f946681b' retired (steps): 256 tok in 13.9 s — prefill 33 tok (0 cached) in 344 ms; decode 255 tok / 147 passes in 13.6 s: 18.8 tok/s, 53.2 ms/tok, 92 ms/pass, 1.73 tok/pass, accept p1 74 %
2026-10-06 13:56:08.109 INFO  sched: request 'chatcmpl-8fa7cab9f9466820' starting prefill in slot 2 (32 prompt tokens)
2026-10-06 13:56:08.308 INFO  sched: request 'chatcmpl-8fa7cab9f9466820' prefix cache miss — 2 cut(s), the cache is empty
2026-10-06 13:56:08.308 INFO  sched: request 'chatcmpl-8fa7cab9f9466820' admitted to slot 2 (reserve 3 blocks; pool 12/3072 blocks in use) — first token 785
2026-10-06 13:56:08.661 INFO  stats: rank 2 | 10.1 s | decode 73.8 tok/s, 12.3 ms/tok, 89.1 ms/step (103 steps / 745 tok, 91 % of wall) | mtp 1.81 tok/step/req, accept p1 80 % | prefill 4 prompts / 135 tok, 13 tok/s, 6.12 ms/tok, 207 ms avg (8 % of wall), 0 tok cached (0/4 hits) | live 4, queued 0 | pool 12/3072 blocks (0 %) | prefix cache 0/232 entries
2026-10-06 13:56:18.676 INFO  stats: rank 2 | 10.0 s | decode 79.7 tok/s, 12.5 ms/tok, 89.6 ms/step (111 steps / 798 tok, 99 % of wall) | mtp 1.80 tok/step/req, accept p1 80 % | prefill 0 prompts / 0 tok, 0 tok cached (0/0 hits) | live 4, queued 0 | pool 12/3072 blocks (0 %) | prefix cache 0/232 entries
2026-10-06 13:56:20.045 INFO  sched: request 'chatcmpl-8fa7cab9f946681d' retired (steps): 256 tok in 13.6 s — prefill 33 tok (0 cached) in 205 ms; decode 255 tok / 142 passes in 13.4 s: 19.0 tok/s, 52.7 ms/tok, 95 ms/pass, 1.80 tok/pass, accept p1 80 %
2026-10-06 13:56:20.045 INFO  sched: request 'chatcmpl-8fa7cab9f946681e' retired (steps): 256 tok in 13.2 s — prefill 35 tok (0 cached) in 207 ms; decode 255 tok / 139 passes in 13.0 s: 19.7 tok/s, 50.8 ms/tok, 93 ms/pass, 1.83 tok/pass, accept p1 84 %
2026-10-06 13:56:20.045 INFO  sched: request 'chatcmpl-8fa7cab9f946681f' retired (steps): 256 tok in 12.9 s — prefill 35 tok (0 cached) in 215 ms; decode 255 tok / 138 passes in 12.6 s: 20.2 tok/s, 49.6 ms/tok, 92 ms/pass, 1.85 tok/pass, accept p1 85 %
2026-10-06 13:56:20.571 INFO  sched: request 'chatcmpl-8fa7cab9f9466820' retired (steps): 256 tok in 12.5 s — prefill 32 tok (0 cached) in 199 ms; decode 255 tok / 143 passes in 12.3 s: 20.8 tok/s, 48.1 ms/tok, 86 ms/pass, 1.78 tok/pass, accept p1 78 %
2026-10-06 13:56:20.601 INFO  sched: request 'chatcmpl-8fa7cab9f9466821' starting prefill in slot 0 (35 prompt tokens)
2026-10-06 13:56:20.601 INFO  sched: request 'chatcmpl-8fa7cab9f9466822' starting prefill in slot 1 (32 prompt tokens)
2026-10-06 13:56:20.601 INFO  sched: request 'chatcmpl-8fa7cab9f9466823' starting prefill in slot 2 (35 prompt tokens)
2026-10-06 13:56:20.601 INFO  sched: request 'chatcmpl-8fa7cab9f9466824' starting prefill in slot 3 (35 prompt tokens)
2026-10-06 13:56:20.959 INFO  sched: request 'chatcmpl-8fa7cab9f9466821' prefix cache miss — 2 cut(s), the cache is empty
2026-10-06 13:56:20.959 INFO  sched: request 'chatcmpl-8fa7cab9f9466821' admitted to slot 0 (reserve 3 blocks; pool 6/3072 blocks in use) — first token 785
2026-10-06 13:56:20.959 INFO  sched: request 'chatcmpl-8fa7cab9f9466822' prefix cache miss — 2 cut(s), the cache is empty
2026-10-06 13:56:20.959 INFO  sched: request 'chatcmpl-8fa7cab9f9466822' admitted to slot 1 (reserve 3 blocks; pool 8/3072 blocks in use) — first token 785
2026-10-06 13:56:20.959 INFO  sched: request 'chatcmpl-8fa7cab9f9466823' prefix cache miss — 2 cut(s), the cache is empty
2026-10-06 13:56:20.959 INFO  sched: request 'chatcmpl-8fa7cab9f9466823' admitted to slot 2 (reserve 3 blocks; pool 10/3072 blocks in use) — first token 785
2026-10-06 13:56:20.959 INFO  sched: request 'chatcmpl-8fa7cab9f9466824' prefix cache miss — 2 cut(s), the cache is empty
2026-10-06 13:56:20.959 INFO  sched: request 'chatcmpl-8fa7cab9f9466824' admitted to slot 3 (reserve 3 blocks; pool 12/3072 blocks in use) — first token 785
2026-10-06 13:56:20.959 INFO  sched: 4 requests admitted together in one prefill (357 ms)
2026-10-06 13:56:21.025 INFO  sched: request 'chatcmpl-8fa7cab9f9466825' deferred (needs 3 blocks, 3060 free, 0 slot(s) open) — admits when a peer retires
2026-10-06 13:56:28.716 INFO  stats: rank 2 | 10.0 s | decode 78.6 tok/s, 12.1 ms/tok, 82.5 ms/step (116 steps / 789 tok, 95 % of wall) | mtp 1.86 tok/step/req, accept p1 85 % | prefill 4 prompts / 137 tok, 14 tok/s, 2.61 ms/tok, 89 ms avg (4 % of wall), 0 tok cached (0/4 hits) | live 4, queued 4 | pool 12/3072 blocks (0 %) | prefix cache 0/232 entries
2026-10-06 13:56:33.282 INFO  sched: request 'chatcmpl-8fa7cab9f9466821' retired (steps): 256 tok in 12.7 s — prefill 35 tok (0 cached) in 357 ms; decode 255 tok / 138 passes in 12.3 s: 20.7 tok/s, 48.3 ms/tok, 89 ms/pass, 1.85 tok/pass, accept p1 85 %
2026-10-06 13:56:33.283 INFO  sched: request 'chatcmpl-8fa7cab9f9466825' starting prefill in slot 0 (33 prompt tokens)
2026-10-06 13:56:33.493 INFO  sched: request 'chatcmpl-8fa7cab9f9466825' prefix cache miss — 2 cut(s), the cache is empty
2026-10-06 13:56:33.493 INFO  sched: request 'chatcmpl-8fa7cab9f9466825' admitted to slot 0 (reserve 3 blocks; pool 12/3072 blocks in use) — first token 785
2026-10-06 13:56:33.587 INFO  sched: request 'chatcmpl-8fa7cab9f9466823' retired (steps): 256 tok in 13.0 s — prefill 35 tok (0 cached) in 357 ms; decode 255 tok / 139 passes in 12.6 s: 20.2 tok/s, 49.5 ms/tok, 91 ms/pass, 1.83 tok/pass, accept p1 83 %
2026-10-06 13:56:33.587 INFO  sched: request 'chatcmpl-8fa7cab9f9466824' retired (steps): 256 tok in 13.0 s — prefill 35 tok (0 cached) in 357 ms; decode 255 tok / 139 passes in 12.6 s: 20.2 tok/s, 49.5 ms/tok, 91 ms/pass, 1.83 tok/pass, accept p1 84 %
2026-10-06 13:56:33.588 INFO  sched: request 'chatcmpl-8fa7cab9f9466826' starting prefill in slot 2 (33 prompt tokens)
2026-10-06 13:56:33.588 INFO  sched: request 'chatcmpl-8fa7cab9f9466827' starting prefill in slot 3 (33 prompt tokens)
2026-10-06 13:56:33.844 INFO  sched: request 'chatcmpl-8fa7cab9f9466826' prefix cache miss — 2 cut(s), the cache is empty
2026-10-06 13:56:33.844 INFO  sched: request 'chatcmpl-8fa7cab9f9466826' admitted to slot 2 (reserve 3 blocks; pool 10/3072 blocks in use) — first token 785
2026-10-06 13:56:33.844 INFO  sched: request 'chatcmpl-8fa7cab9f9466827' prefix cache miss — 2 cut(s), the cache is empty
2026-10-06 13:56:33.844 INFO  sched: request 'chatcmpl-8fa7cab9f9466827' admitted to slot 3 (reserve 3 blocks; pool 12/3072 blocks in use) — first token 785
2026-10-06 13:56:33.844 INFO  sched: 2 requests admitted together in one prefill (256 ms)
2026-10-06 13:56:33.931 INFO  sched: request 'chatcmpl-8fa7cab9f9466828' deferred (needs 3 blocks, 3060 free, 0 slot(s) open) — admits when a peer retires
2026-10-06 13:56:34.187 INFO  sched: request 'chatcmpl-8fa7cab9f9466822' retired (steps): 256 tok in 13.6 s — prefill 32 tok (0 cached) in 357 ms; decode 255 tok / 143 passes in 13.2 s: 19.3 tok/s, 51.9 ms/tok, 93 ms/pass, 1.78 tok/pass, accept p1 78 %
2026-10-06 13:56:34.188 INFO  sched: request 'chatcmpl-8fa7cab9f9466828' starting prefill in slot 1 (33 prompt tokens)
2026-10-06 13:56:34.401 INFO  sched: request 'chatcmpl-8fa7cab9f9466828' prefix cache miss — 2 cut(s), the cache is empty
2026-10-06 13:56:34.401 INFO  sched: request 'chatcmpl-8fa7cab9f9466828' admitted to slot 1 (reserve 3 blocks; pool 12/3072 blocks in use) — first token 785
2026-10-06 13:56:38.730 INFO  stats: rank 2 | 10.0 s | decode 76.5 tok/s, 12.1 ms/tok, 89.0 ms/step (104 steps / 766 tok, 92 % of wall) | mtp 1.84 tok/step/req, accept p1 83 % | prefill 4 prompts / 132 tok, 13 tok/s, 5.08 ms/tok, 168 ms avg (7 % of wall), 0 tok cached (0/4 hits) | live 4, queued 0 | pool 12/3072 blocks (0 %) | prefix cache 0/232 entries
2026-10-06 13:56:46.122 INFO  sched: request 'chatcmpl-8fa7cab9f9466826' retired (steps): 256 tok in 12.5 s — prefill 33 tok (0 cached) in 256 ms; decode 255 tok / 135 passes in 12.3 s: 20.8 tok/s, 48.1 ms/tok, 91 ms/pass, 1.89 tok/pass, accept p1 89 %
2026-10-06 13:56:46.386 INFO  sched: request 'chatcmpl-8fa7cab9f9466827' retired (steps): 256 tok in 12.8 s — prefill 33 tok (0 cached) in 256 ms; decode 255 tok / 138 passes in 12.5 s: 20.3 tok/s, 49.2 ms/tok, 91 ms/pass, 1.85 tok/pass, accept p1 85 %
2026-10-06 13:56:46.842 INFO  sched: request 'chatcmpl-8fa7cab9f9466825' retired (steps): 256 tok in 13.5 s — prefill 33 tok (0 cached) in 200 ms; decode 255 tok / 147 passes in 13.3 s: 19.1 tok/s, 52.3 ms/tok, 91 ms/pass, 1.73 tok/pass, accept p1 74 %
2026-10-06 13:56:46.842 INFO  sched: request 'chatcmpl-8fa7cab9f9466828' retired (steps): 256 tok in 12.7 s — prefill 33 tok (0 cached) in 213 ms; decode 255 tok / 142 passes in 12.4 s: 20.5 tok/s, 48.8 ms/tok, 88 ms/pass, 1.80 tok/pass, accept p1 80 %
2026-10-06 13:56:46.893 INFO  sched: request 'chatcmpl-8fa7cab9f9466829' starting prefill in slot 0 (46 prompt tokens)
2026-10-06 13:56:47.125 INFO  sched: request 'chatcmpl-8fa7cab9f9466829' prefix cache miss — 2 cut(s), the cache is empty
2026-10-06 13:56:47.125 INFO  sched: request 'chatcmpl-8fa7cab9f9466829' admitted to slot 0 (reserve 3 blocks; pool 3/3072 blocks in use) — first token 785
2026-10-06 13:56:48.731 INFO  stats: rank 2 | 10.0 s | decode 71.1 tok/s, 13.5 ms/tok, 71.3 ms/step (135 steps / 711 tok, 96 % of wall) | mtp 1.80 tok/step/req, accept p1 80 % | prefill 1 prompt / 46 tok, 5 tok/s, 5.06 ms/tok, 233 ms avg (2 % of wall), 0 tok cached (0/1 hit) | live 1, queued 0 | pool 3/3072 blocks (0 %) | prefix cache 0/232 entries
2026-10-06 13:56:52.084 INFO  sched: request 'chatcmpl-8fa7cab9f9466829' retired (steps): 256 tok in 5.2 s — prefill 46 tok (0 cached) in 233 ms; decode 255 tok / 130 passes in 5.0 s: 51.4 tok/s, 19.4 ms/tok, 38 ms/pass, 1.96 tok/pass, accept p1 97 %
2026-10-06 13:56:52.103 INFO  sched: request 'chatcmpl-8fa7cab9f946682a' starting prefill in slot 0 (46 prompt tokens)
2026-10-06 13:56:52.339 INFO  sched: request 'chatcmpl-8fa7cab9f946682a' prefix cache miss — 2 cut(s), the cache is empty
2026-10-06 13:56:52.339 INFO  sched: request 'chatcmpl-8fa7cab9f946682a' admitted to slot 0 (reserve 3 blocks; pool 3/3072 blocks in use) — first token 785
2026-10-06 13:56:57.288 INFO  sched: request 'chatcmpl-8fa7cab9f946682a' retired (steps): 256 tok in 5.2 s — prefill 46 tok (0 cached) in 236 ms; decode 255 tok / 130 passes in 4.9 s: 51.5 tok/s, 19.4 ms/tok, 38 ms/pass, 1.96 tok/pass, accept p1 97 %
2026-10-06 13:56:57.308 INFO  sched: request 'chatcmpl-8fa7cab9f946682b' starting prefill in slot 0 (46 prompt tokens)
2026-10-06 13:56:57.540 INFO  sched: request 'chatcmpl-8fa7cab9f946682b' prefix cache miss — 2 cut(s), the cache is empty
2026-10-06 13:56:57.540 INFO  sched: request 'chatcmpl-8fa7cab9f946682b' admitted to slot 0 (reserve 3 blocks; pool 3/3072 blocks in use) — first token 785
2026-10-06 13:56:58.764 INFO  stats: rank 2 | 10.0 s | decode 49.0 tok/s, 19.1 ms/tok, 37.5 ms/step (250 steps / 492 tok, 93 % of wall) | mtp 1.97 tok/step/req, accept p1 97 % | prefill 2 prompts / 92 tok, 9 tok/s, 5.09 ms/tok, 234 ms avg (5 % of wall), 0 tok cached (0/2 hits) | live 1, queued 0 | pool 3/3072 blocks (0 %) | prefix cache 0/232 entries
2026-10-06 13:57:02.495 INFO  sched: request 'chatcmpl-8fa7cab9f946682b' retired (steps): 256 tok in 5.2 s — prefill 46 tok (0 cached) in 232 ms; decode 255 tok / 130 passes in 5.0 s: 51.5 tok/s, 19.4 ms/tok, 38 ms/pass, 1.96 tok/pass, accept p1 97 %
2026-10-06 13:57:02.530 INFO  sched: request 'chatcmpl-8fa7cab9f946682c' starting prefill in slot 0 (46 prompt tokens)
2026-10-06 13:57:02.530 INFO  sched: request 'chatcmpl-8fa7cab9f946682d' starting prefill in slot 1 (47 prompt tokens)
2026-10-06 13:57:02.820 INFO  sched: request 'chatcmpl-8fa7cab9f946682c' prefix cache miss — 2 cut(s), the cache is empty
2026-10-06 13:57:02.820 INFO  sched: request 'chatcmpl-8fa7cab9f946682c' admitted to slot 0 (reserve 3 blocks; pool 4/3072 blocks in use) — first token 785
2026-10-06 13:57:02.820 INFO  sched: request 'chatcmpl-8fa7cab9f946682d' prefix cache miss — 2 cut(s), the cache is empty
2026-10-06 13:57:02.820 INFO  sched: request 'chatcmpl-8fa7cab9f946682d' admitted to slot 1 (reserve 3 blocks; pool 6/3072 blocks in use) — first token 785
2026-10-06 13:57:02.820 INFO  sched: 2 requests admitted together in one prefill (290 ms)
2026-10-06 13:57:08.816 INFO  stats: rank 2 | 10.1 s | decode 58.5 tok/s, 16.3 ms/tok, 47.1 ms/step (204 steps / 588 tok, 96 % of wall) | mtp 1.90 tok/step/req, accept p1 89 % | prefill 2 prompts / 93 tok, 9 tok/s, 3.12 ms/tok, 145 ms avg (3 % of wall), 0 tok cached (0/2 hits) | live 2, queued 0 | pool 6/3072 blocks (0 %) | prefix cache 0/232 entries
2026-10-06 13:57:10.238 INFO  sched: request 'chatcmpl-8fa7cab9f946682c' retired (steps): 256 tok in 7.7 s — prefill 46 tok (0 cached) in 290 ms; decode 255 tok / 131 passes in 7.4 s: 34.4 tok/s, 29.1 ms/tok, 57 ms/pass, 1.95 tok/pass, accept p1 95 %
2026-10-06 13:57:10.808 INFO  sched: request 'chatcmpl-8fa7cab9f946682d' retired (steps): 256 tok in 8.3 s — prefill 47 tok (0 cached) in 290 ms; decode 255 tok / 146 passes in 8.0 s: 31.9 tok/s, 31.3 ms/tok, 55 ms/pass, 1.75 tok/pass, accept p1 75 %
2026-10-06 13:57:10.823 INFO  sched: request 'chatcmpl-8fa7cab9f946682e' starting prefill in slot 0 (47 prompt tokens)
2026-10-06 13:57:10.823 INFO  sched: request 'chatcmpl-8fa7cab9f946682f' starting prefill in slot 1 (46 prompt tokens)
2026-10-06 13:57:11.123 INFO  sched: request 'chatcmpl-8fa7cab9f946682e' prefix cache miss — 2 cut(s), the cache is empty
2026-10-06 13:57:11.123 INFO  sched: request 'chatcmpl-8fa7cab9f946682e' admitted to slot 0 (reserve 3 blocks; pool 4/3072 blocks in use) — first token 785
2026-10-06 13:57:11.123 INFO  sched: request 'chatcmpl-8fa7cab9f946682f' prefix cache miss — 2 cut(s), the cache is empty
2026-10-06 13:57:11.123 INFO  sched: request 'chatcmpl-8fa7cab9f946682f' admitted to slot 1 (reserve 3 blocks; pool 6/3072 blocks in use) — first token 785
2026-10-06 13:57:11.123 INFO  sched: 2 requests admitted together in one prefill (300 ms)
2026-10-06 13:57:18.553 INFO  sched: request 'chatcmpl-8fa7cab9f946682f' retired (steps): 256 tok in 7.7 s — prefill 46 tok (0 cached) in 300 ms; decode 255 tok / 131 passes in 7.4 s: 34.3 tok/s, 29.1 ms/tok, 57 ms/pass, 1.95 tok/pass, accept p1 95 %
2026-10-06 13:57:18.821 INFO  stats: rank 2 | 10.0 s | decode 61.5 tok/s, 15.6 ms/tok, 53.8 ms/step (178 steps / 615 tok, 96 % of wall) | mtp 1.84 tok/step/req, accept p1 84 % | prefill 2 prompts / 93 tok, 9 tok/s, 3.22 ms/tok, 150 ms avg (3 % of wall), 0 tok cached (0/2 hits) | live 1, queued 0 | pool 3/3072 blocks (0 %) | prefix cache 0/232 entries
2026-10-06 13:57:19.124 INFO  sched: request 'chatcmpl-8fa7cab9f946682e' retired (steps): 256 tok in 8.3 s — prefill 47 tok (0 cached) in 300 ms; decode 255 tok / 146 passes in 8.0 s: 31.9 tok/s, 31.4 ms/tok, 55 ms/pass, 1.75 tok/pass, accept p1 75 %
2026-10-06 13:57:19.143 INFO  sched: request 'chatcmpl-8fa7cab9f9466830' starting prefill in slot 0 (47 prompt tokens)
2026-10-06 13:57:19.144 INFO  sched: request 'chatcmpl-8fa7cab9f9466831' starting prefill in slot 1 (46 prompt tokens)
2026-10-06 13:57:19.437 INFO  sched: request 'chatcmpl-8fa7cab9f9466830' prefix cache miss — 2 cut(s), the cache is empty
2026-10-06 13:57:19.437 INFO  sched: request 'chatcmpl-8fa7cab9f9466830' admitted to slot 0 (reserve 3 blocks; pool 4/3072 blocks in use) — first token 785
2026-10-06 13:57:19.437 INFO  sched: request 'chatcmpl-8fa7cab9f9466831' prefix cache miss — 2 cut(s), the cache is empty
2026-10-06 13:57:19.437 INFO  sched: request 'chatcmpl-8fa7cab9f9466831' admitted to slot 1 (reserve 3 blocks; pool 6/3072 blocks in use) — first token 785
2026-10-06 13:57:19.437 INFO  sched: 2 requests admitted together in one prefill (293 ms)
2026-10-06 13:57:26.865 INFO  sched: request 'chatcmpl-8fa7cab9f9466831' retired (steps): 256 tok in 7.7 s — prefill 46 tok (0 cached) in 293 ms; decode 255 tok / 131 passes in 7.4 s: 34.3 tok/s, 29.1 ms/tok, 57 ms/pass, 1.95 tok/pass, accept p1 95 %
2026-10-06 13:57:27.437 INFO  sched: request 'chatcmpl-8fa7cab9f9466830' retired (steps): 256 tok in 8.3 s — prefill 47 tok (0 cached) in 293 ms; decode 255 tok / 146 passes in 8.0 s: 31.9 tok/s, 31.4 ms/tok, 55 ms/pass, 1.75 tok/pass, accept p1 75 %
2026-10-06 13:57:27.488 INFO  sched: request 'chatcmpl-8fa7cab9f9466832' starting prefill in slot 0 (33 prompt tokens)
2026-10-06 13:57:27.488 INFO  sched: request 'chatcmpl-8fa7cab9f9466833' starting prefill in slot 1 (36 prompt tokens)
2026-10-06 13:57:27.488 INFO  sched: request 'chatcmpl-8fa7cab9f9466834' starting prefill in slot 2 (45 prompt tokens)
2026-10-06 13:57:27.488 INFO  sched: request 'chatcmpl-8fa7cab9f9466835' starting prefill in slot 3 (34 prompt tokens)
2026-10-06 13:57:27.864 INFO  sched: request 'chatcmpl-8fa7cab9f9466832' prefix cache miss — 2 cut(s), the cache is empty
2026-10-06 13:57:27.864 INFO  sched: request 'chatcmpl-8fa7cab9f9466832' admitted to slot 0 (reserve 3 blocks; pool 6/3072 blocks in use) — first token 785
2026-10-06 13:57:27.864 INFO  sched: request 'chatcmpl-8fa7cab9f9466833' prefix cache miss — 2 cut(s), the cache is empty
2026-10-06 13:57:27.864 INFO  sched: request 'chatcmpl-8fa7cab9f9466833' admitted to slot 1 (reserve 3 blocks; pool 8/3072 blocks in use) — first token 785
2026-10-06 13:57:27.864 INFO  sched: request 'chatcmpl-8fa7cab9f9466834' prefix cache miss — 2 cut(s), the cache is empty
2026-10-06 13:57:27.864 INFO  sched: request 'chatcmpl-8fa7cab9f9466834' admitted to slot 2 (reserve 3 blocks; pool 10/3072 blocks in use) — first token 785
2026-10-06 13:57:27.864 INFO  sched: request 'chatcmpl-8fa7cab9f9466835' prefix cache miss — 2 cut(s), the cache is empty
2026-10-06 13:57:27.864 INFO  sched: request 'chatcmpl-8fa7cab9f9466835' admitted to slot 3 (reserve 3 blocks; pool 12/3072 blocks in use) — first token 785
2026-10-06 13:57:27.864 INFO  sched: 4 requests admitted together in one prefill (377 ms)
2026-10-06 13:57:28.868 INFO  stats: rank 2 | 10.0 s | decode 62.8 tok/s, 14.6 ms/tok, 55.1 ms/step (167 steps / 631 tok, 92 % of wall) | mtp 1.87 tok/step/req, accept p1 86 % | prefill 6 prompts / 241 tok, 24 tok/s, 2.78 ms/tok, 112 ms avg (7 % of wall), 0 tok cached (0/6 hits) | live 4, queued 0 | pool 12/3072 blocks (0 %) | prefix cache 0/232 entries
2026-10-06 13:57:38.907 INFO  stats: rank 2 | 10.0 s | decode 89.1 tok/s, 11.2 ms/tok, 87.5 ms/step (114 steps / 894 tok, 99 % of wall) | mtp 1.96 tok/step/req, accept p1 96 % | prefill 0 prompts / 0 tok, 0 tok cached (0/0 hits) | live 4, queued 0 | pool 12/3072 blocks (0 %) | prefix cache 0/232 entries
2026-10-06 13:57:39.088 INFO  sched: request 'chatcmpl-8fa7cab9f9466834' retired (steps): 256 tok in 11.6 s — prefill 45 tok (0 cached) in 377 ms; decode 255 tok / 129 passes in 11.2 s: 22.7 tok/s, 44.0 ms/tok, 87 ms/pass, 1.98 tok/pass, accept p1 98 %
2026-10-06 13:57:39.184 INFO  sched: request 'chatcmpl-8fa7cab9f9466835' retired (steps): 256 tok in 11.7 s — prefill 34 tok (0 cached) in 377 ms; decode 255 tok / 130 passes in 11.3 s: 22.5 tok/s, 44.4 ms/tok, 87 ms/pass, 1.96 tok/pass, accept p1 97 %
2026-10-06 13:57:39.241 INFO  sched: request 'chatcmpl-8fa7cab9f9466833' retired (steps): 256 tok in 11.8 s — prefill 36 tok (0 cached) in 377 ms; decode 255 tok / 131 passes in 11.4 s: 22.4 tok/s, 44.6 ms/tok, 87 ms/pass, 1.95 tok/pass, accept p1 95 %
2026-10-06 13:57:39.320 INFO  sched: request 'chatcmpl-8fa7cab9f9466832' retired (steps): 256 tok in 11.8 s — prefill 33 tok (0 cached) in 377 ms; decode 255 tok / 133 passes in 11.5 s: 22.3 tok/s, 44.9 ms/tok, 86 ms/pass, 1.92 tok/pass, accept p1 92 %
2026-10-06 13:57:39.334 INFO  sched: request 'chatcmpl-8fa7cab9f9466836' starting prefill in slot 0 (45 prompt tokens)
2026-10-06 13:57:39.334 INFO  sched: request 'chatcmpl-8fa7cab9f9466837' starting prefill in slot 1 (36 prompt tokens)
2026-10-06 13:57:39.334 INFO  sched: request 'chatcmpl-8fa7cab9f9466838' starting prefill in slot 2 (34 prompt tokens)
2026-10-06 13:57:39.334 INFO  sched: request 'chatcmpl-8fa7cab9f9466839' starting prefill in slot 3 (33 prompt tokens)
2026-10-06 13:57:39.711 INFO  sched: request 'chatcmpl-8fa7cab9f9466836' prefix cache miss — 2 cut(s), the cache is empty
2026-10-06 13:57:39.711 INFO  sched: request 'chatcmpl-8fa7cab9f9466836' admitted to slot 0 (reserve 3 blocks; pool 6/3072 blocks in use) — first token 785
2026-10-06 13:57:39.711 INFO  sched: request 'chatcmpl-8fa7cab9f9466837' prefix cache miss — 2 cut(s), the cache is empty
2026-10-06 13:57:39.711 INFO  sched: request 'chatcmpl-8fa7cab9f9466837' admitted to slot 1 (reserve 3 blocks; pool 8/3072 blocks in use) — first token 785
2026-10-06 13:57:39.711 INFO  sched: request 'chatcmpl-8fa7cab9f9466838' prefix cache miss — 2 cut(s), the cache is empty
2026-10-06 13:57:39.711 INFO  sched: request 'chatcmpl-8fa7cab9f9466838' admitted to slot 2 (reserve 3 blocks; pool 10/3072 blocks in use) — first token 785
2026-10-06 13:57:39.711 INFO  sched: request 'chatcmpl-8fa7cab9f9466839' prefix cache miss — 2 cut(s), the cache is empty
2026-10-06 13:57:39.711 INFO  sched: request 'chatcmpl-8fa7cab9f9466839' admitted to slot 3 (reserve 3 blocks; pool 12/3072 blocks in use) — first token 785
2026-10-06 13:57:39.711 INFO  sched: 4 requests admitted together in one prefill (376 ms)
2026-10-06 13:57:48.984 INFO  stats: rank 2 | 10.1 s | decode 86.2 tok/s, 11.1 ms/tok, 85.1 ms/step (113 steps / 869 tok, 95 % of wall) | mtp 1.96 tok/step/req, accept p1 96 % | prefill 4 prompts / 148 tok, 15 tok/s, 2.54 ms/tok, 94 ms avg (4 % of wall), 0 tok cached (0/4 hits) | live 4, queued 0 | pool 12/3072 blocks (0 %) | prefix cache 0/232 entries
2026-10-06 13:57:50.935 INFO  sched: request 'chatcmpl-8fa7cab9f9466836' retired (steps): 256 tok in 11.6 s — prefill 45 tok (0 cached) in 376 ms; decode 255 tok / 129 passes in 11.2 s: 22.7 tok/s, 44.0 ms/tok, 87 ms/pass, 1.98 tok/pass, accept p1 98 %
2026-10-06 13:57:51.027 INFO  sched: request 'chatcmpl-8fa7cab9f9466838' retired (steps): 256 tok in 11.7 s — prefill 34 tok (0 cached) in 376 ms; decode 255 tok / 130 passes in 11.3 s: 22.5 tok/s, 44.4 ms/tok, 87 ms/pass, 1.96 tok/pass, accept p1 97 %
2026-10-06 13:57:51.114 INFO  sched: request 'chatcmpl-8fa7cab9f9466837' retired (steps): 256 tok in 11.8 s — prefill 36 tok (0 cached) in 376 ms; decode 255 tok / 131 passes in 11.4 s: 22.4 tok/s, 44.7 ms/tok, 87 ms/pass, 1.95 tok/pass, accept p1 95 %
2026-10-06 13:57:51.194 INFO  sched: request 'chatcmpl-8fa7cab9f9466839' retired (steps): 256 tok in 11.9 s — prefill 33 tok (0 cached) in 376 ms; decode 255 tok / 133 passes in 11.5 s: 22.2 tok/s, 45.0 ms/tok, 86 ms/pass, 1.92 tok/pass, accept p1 92 %
2026-10-06 13:57:51.229 INFO  sched: request 'chatcmpl-8fa7cab9f946683a' starting prefill in slot 0 (36 prompt tokens)
2026-10-06 13:57:51.229 INFO  sched: request 'chatcmpl-8fa7cab9f946683b' starting prefill in slot 1 (33 prompt tokens)
2026-10-06 13:57:51.229 INFO  sched: request 'chatcmpl-8fa7cab9f946683c' starting prefill in slot 2 (45 prompt tokens)
2026-10-06 13:57:51.229 INFO  sched: request 'chatcmpl-8fa7cab9f946683d' starting prefill in slot 3 (34 prompt tokens)
2026-10-06 13:57:51.611 INFO  sched: request 'chatcmpl-8fa7cab9f946683a' prefix cache miss — 2 cut(s), the cache is empty
2026-10-06 13:57:51.611 INFO  sched: request 'chatcmpl-8fa7cab9f946683a' admitted to slot 0 (reserve 3 blocks; pool 6/3072 blocks in use) — first token 785
2026-10-06 13:57:51.611 INFO  sched: request 'chatcmpl-8fa7cab9f946683b' prefix cache miss — 2 cut(s), the cache is empty
2026-10-06 13:57:51.611 INFO  sched: request 'chatcmpl-8fa7cab9f946683b' admitted to slot 1 (reserve 3 blocks; pool 8/3072 blocks in use) — first token 785
2026-10-06 13:57:51.611 INFO  sched: request 'chatcmpl-8fa7cab9f946683c' prefix cache miss — 2 cut(s), the cache is empty
2026-10-06 13:57:51.611 INFO  sched: request 'chatcmpl-8fa7cab9f946683c' admitted to slot 2 (reserve 3 blocks; pool 10/3072 blocks in use) — first token 785
2026-10-06 13:57:51.611 INFO  sched: request 'chatcmpl-8fa7cab9f946683d' prefix cache miss — 2 cut(s), the cache is empty
2026-10-06 13:57:51.611 INFO  sched: request 'chatcmpl-8fa7cab9f946683d' admitted to slot 3 (reserve 3 blocks; pool 12/3072 blocks in use) — first token 785
2026-10-06 13:57:51.611 INFO  sched: 4 requests admitted together in one prefill (381 ms)
2026-10-06 13:57:59.026 INFO  stats: rank 2 | 10.0 s | decode 85.5 tok/s, 11.1 ms/tok, 85.2 ms/step (112 steps / 859 tok, 95 % of wall) | mtp 1.96 tok/step/req, accept p1 95 % | prefill 4 prompts / 148 tok, 15 tok/s, 2.58 ms/tok, 95 ms avg (4 % of wall), 0 tok cached (0/4 hits) | live 4, queued 0 | pool 12/3072 blocks (0 %) | prefix cache 0/232 entries
2026-10-06 13:58:02.850 INFO  sched: request 'chatcmpl-8fa7cab9f946683c' retired (steps): 256 tok in 11.6 s — prefill 45 tok (0 cached) in 381 ms; decode 255 tok / 129 passes in 11.2 s: 22.7 tok/s, 44.1 ms/tok, 87 ms/pass, 1.98 tok/pass, accept p1 98 %
2026-10-06 13:58:02.944 INFO  sched: request 'chatcmpl-8fa7cab9f946683d' retired (steps): 256 tok in 11.7 s — prefill 34 tok (0 cached) in 381 ms; decode 255 tok / 130 passes in 11.3 s: 22.5 tok/s, 44.4 ms/tok, 87 ms/pass, 1.96 tok/pass, accept p1 97 %
2026-10-06 13:58:03.006 INFO  sched: request 'chatcmpl-8fa7cab9f946683a' retired (steps): 256 tok in 11.8 s — prefill 36 tok (0 cached) in 381 ms; decode 255 tok / 131 passes in 11.4 s: 22.4 tok/s, 44.7 ms/tok, 87 ms/pass, 1.95 tok/pass, accept p1 95 %
2026-10-06 13:58:03.085 INFO  sched: request 'chatcmpl-8fa7cab9f946683b' retired (steps): 256 tok in 11.9 s — prefill 33 tok (0 cached) in 381 ms; decode 255 tok / 133 passes in 11.5 s: 22.2 tok/s, 45.0 ms/tok, 86 ms/pass, 1.92 tok/pass, accept p1 92 %
2026-10-06 13:58:03.141 INFO  sched: request 'chatcmpl-8fa7cab9f946683e' starting prefill in slot 0 (34 prompt tokens)
2026-10-06 13:58:03.141 INFO  sched: request 'chatcmpl-8fa7cab9f946683f' starting prefill in slot 1 (33 prompt tokens)
2026-10-06 13:58:03.141 INFO  sched: request 'chatcmpl-8fa7cab9f9466840' starting prefill in slot 2 (33 prompt tokens)
2026-10-06 13:58:03.141 INFO  sched: request 'chatcmpl-8fa7cab9f9466841' starting prefill in slot 3 (34 prompt tokens)
2026-10-06 13:58:03.486 INFO  sched: request 'chatcmpl-8fa7cab9f946683e' prefix cache miss — 2 cut(s), the cache is empty
2026-10-06 13:58:03.486 INFO  sched: request 'chatcmpl-8fa7cab9f946683e' admitted to slot 0 (reserve 3 blocks; pool 6/3072 blocks in use) — first token 785
2026-10-06 13:58:03.486 INFO  sched: request 'chatcmpl-8fa7cab9f946683f' prefix cache miss — 2 cut(s), the cache is empty
2026-10-06 13:58:03.486 INFO  sched: request 'chatcmpl-8fa7cab9f946683f' admitted to slot 1 (reserve 3 blocks; pool 8/3072 blocks in use) — first token 785
2026-10-06 13:58:03.486 INFO  sched: request 'chatcmpl-8fa7cab9f9466840' prefix cache miss — 2 cut(s), the cache is empty
2026-10-06 13:58:03.486 INFO  sched: request 'chatcmpl-8fa7cab9f9466840' admitted to slot 2 (reserve 3 blocks; pool 10/3072 blocks in use) — first token 785
2026-10-06 13:58:03.486 INFO  sched: request 'chatcmpl-8fa7cab9f9466841' prefix cache miss — 2 cut(s), the cache is empty
2026-10-06 13:58:03.486 INFO  sched: request 'chatcmpl-8fa7cab9f9466841' admitted to slot 3 (reserve 3 blocks; pool 12/3072 blocks in use) — first token 785
2026-10-06 13:58:03.486 INFO  sched: 4 requests admitted together in one prefill (344 ms)
2026-10-06 13:58:03.551 INFO  sched: request 'chatcmpl-8fa7cab9f9466842' deferred (needs 3 blocks, 3060 free, 0 slot(s) open) — admits when a peer retires
2026-10-06 13:58:09.104 INFO  stats: rank 2 | 10.1 s | decode 85.4 tok/s, 11.1 ms/tok, 84.9 ms/step (113 steps / 861 tok, 95 % of wall) | mtp 1.94 tok/step/req, accept p1 94 % | prefill 4 prompts / 134 tok, 13 tok/s, 2.57 ms/tok, 86 ms avg (3 % of wall), 0 tok cached (0/4 hits) | live 4, queued 4 | pool 12/3072 blocks (0 %) | prefix cache 0/232 entries
2026-10-06 13:58:14.828 INFO  sched: request 'chatcmpl-8fa7cab9f946683f' retired (steps): 256 tok in 11.7 s — prefill 33 tok (0 cached) in 344 ms; decode 255 tok / 131 passes in 11.3 s: 22.5 tok/s, 44.5 ms/tok, 87 ms/pass, 1.95 tok/pass, accept p1 95 %
2026-10-06 13:58:14.828 INFO  sched: request 'chatcmpl-8fa7cab9f9466842' starting prefill in slot 1 (34 prompt tokens)
2026-10-06 13:58:15.040 INFO  sched: request 'chatcmpl-8fa7cab9f9466842' prefix cache miss — 2 cut(s), the cache is empty
2026-10-06 13:58:15.040 INFO  sched: request 'chatcmpl-8fa7cab9f9466842' admitted to slot 1 (reserve 3 blocks; pool 12/3072 blocks in use) — first token 785
2026-10-06 13:58:15.133 INFO  sched: request 'chatcmpl-8fa7cab9f946683e' retired (steps): 256 tok in 12.0 s — prefill 34 tok (0 cached) in 344 ms; decode 255 tok / 132 passes in 11.6 s: 21.9 tok/s, 45.7 ms/tok, 88 ms/pass, 1.93 tok/pass, accept p1 94 %
2026-10-06 13:58:15.133 INFO  sched: request 'chatcmpl-8fa7cab9f9466841' retired (steps): 256 tok in 12.0 s — prefill 34 tok (0 cached) in 344 ms; decode 255 tok / 132 passes in 11.6 s: 21.9 tok/s, 45.7 ms/tok, 88 ms/pass, 1.93 tok/pass, accept p1 94 %
2026-10-06 13:58:15.133 INFO  sched: request 'chatcmpl-8fa7cab9f9466843' starting prefill in slot 0 (33 prompt tokens)
2026-10-06 13:58:15.134 INFO  sched: request 'chatcmpl-8fa7cab9f9466844' starting prefill in slot 3 (34 prompt tokens)
2026-10-06 13:58:15.389 INFO  sched: request 'chatcmpl-8fa7cab9f9466843' prefix cache miss — 2 cut(s), the cache is empty
2026-10-06 13:58:15.389 INFO  sched: request 'chatcmpl-8fa7cab9f9466843' admitted to slot 0 (reserve 3 blocks; pool 10/3072 blocks in use) — first token 785
2026-10-06 13:58:15.389 INFO  sched: request 'chatcmpl-8fa7cab9f9466844' prefix cache miss — 2 cut(s), the cache is empty
2026-10-06 13:58:15.389 INFO  sched: request 'chatcmpl-8fa7cab9f9466844' admitted to slot 3 (reserve 3 blocks; pool 12/3072 blocks in use) — first token 785
2026-10-06 13:58:15.389 INFO  sched: 2 requests admitted together in one prefill (256 ms)
2026-10-06 13:58:15.473 INFO  sched: request 'chatcmpl-8fa7cab9f9466840' retired (steps): 256 tok in 12.3 s — prefill 33 tok (0 cached) in 344 ms; decode 255 tok / 133 passes in 12.0 s: 21.3 tok/s, 47.0 ms/tok, 90 ms/pass, 1.92 tok/pass, accept p1 92 %
2026-10-06 13:58:15.474 INFO  sched: request 'chatcmpl-8fa7cab9f9466845' starting prefill in slot 2 (34 prompt tokens)
2026-10-06 13:58:15.681 INFO  sched: request 'chatcmpl-8fa7cab9f9466845' prefix cache miss — 2 cut(s), the cache is empty
2026-10-06 13:58:15.681 INFO  sched: request 'chatcmpl-8fa7cab9f9466845' admitted to slot 2 (reserve 3 blocks; pool 12/3072 blocks in use) — first token 785
2026-10-06 13:58:19.127 INFO  stats: rank 2 | 10.0 s | decode 83.1 tok/s, 11.1 ms/tok, 86.7 ms/step (107 steps / 833 tok, 93 % of wall) | mtp 1.95 tok/step/req, accept p1 94 % | prefill 4 prompts / 135 tok, 13 tok/s, 5.00 ms/tok, 169 ms avg (7 % of wall), 0 tok cached (0/4 hits) | live 4, queued 0 | pool 12/3072 blocks (0 %) | prefix cache 0/232 entries
2026-10-06 13:58:26.989 INFO  sched: request 'chatcmpl-8fa7cab9f9466842' retired (steps): 256 tok in 12.2 s — prefill 34 tok (0 cached) in 212 ms; decode 255 tok / 131 passes in 11.9 s: 21.3 tok/s, 46.9 ms/tok, 91 ms/pass, 1.95 tok/pass, accept p1 95 %
2026-10-06 13:58:27.084 INFO  sched: request 'chatcmpl-8fa7cab9f9466843' retired (steps): 256 tok in 12.0 s — prefill 33 tok (0 cached) in 256 ms; decode 255 tok / 131 passes in 11.7 s: 21.8 tok/s, 45.9 ms/tok, 89 ms/pass, 1.95 tok/pass, accept p1 95 %
2026-10-06 13:58:27.084 INFO  sched: request 'chatcmpl-8fa7cab9f9466844' retired (steps): 256 tok in 12.0 s — prefill 34 tok (0 cached) in 256 ms; decode 255 tok / 131 passes in 11.7 s: 21.8 tok/s, 45.9 ms/tok, 89 ms/pass, 1.95 tok/pass, accept p1 95 %
2026-10-06 13:58:27.278 INFO  sched: request 'chatcmpl-8fa7cab9f9466845' retired (steps): 256 tok in 11.8 s — prefill 34 tok (0 cached) in 207 ms; decode 255 tok / 135 passes in 11.6 s: 22.0 tok/s, 45.5 ms/tok, 86 ms/pass, 1.89 tok/pass, accept p1 89 %
2026-10-06 13:58:27.308 INFO  sched: request 'chatcmpl-8fa7cab9f9466846' starting prefill in slot 0 (34 prompt tokens)
2026-10-06 13:58:27.308 INFO  sched: request 'chatcmpl-8fa7cab9f9466847' starting prefill in slot 1 (34 prompt tokens)
2026-10-06 13:58:27.308 INFO  sched: request 'chatcmpl-8fa7cab9f9466848' starting prefill in slot 2 (34 prompt tokens)
2026-10-06 13:58:27.308 INFO  sched: request 'chatcmpl-8fa7cab9f9466849' starting prefill in slot 3 (33 prompt tokens)
2026-10-06 13:58:27.659 INFO  sched: request 'chatcmpl-8fa7cab9f9466846' prefix cache miss — 2 cut(s), the cache is empty
2026-10-06 13:58:27.659 INFO  sched: request 'chatcmpl-8fa7cab9f9466846' admitted to slot 0 (reserve 3 blocks; pool 6/3072 blocks in use) — first token 785
2026-10-06 13:58:27.659 INFO  sched: request 'chatcmpl-8fa7cab9f9466847' prefix cache miss — 2 cut(s), the cache is empty
2026-10-06 13:58:27.659 INFO  sched: request 'chatcmpl-8fa7cab9f9466847' admitted to slot 1 (reserve 3 blocks; pool 8/3072 blocks in use) — first token 785
2026-10-06 13:58:27.659 INFO  sched: request 'chatcmpl-8fa7cab9f9466848' prefix cache miss — 2 cut(s), the cache is empty
2026-10-06 13:58:27.659 INFO  sched: request 'chatcmpl-8fa7cab9f9466848' admitted to slot 2 (reserve 3 blocks; pool 10/3072 blocks in use) — first token 785
2026-10-06 13:58:27.659 INFO  sched: request 'chatcmpl-8fa7cab9f9466849' prefix cache miss — 2 cut(s), the cache is empty
2026-10-06 13:58:27.659 INFO  sched: request 'chatcmpl-8fa7cab9f9466849' admitted to slot 3 (reserve 3 blocks; pool 12/3072 blocks in use) — first token 785
2026-10-06 13:58:27.659 INFO  sched: 4 requests admitted together in one prefill (350 ms)
2026-10-06 13:58:27.725 INFO  sched: request 'chatcmpl-8fa7cab9f946684a' deferred (needs 3 blocks, 3060 free, 0 slot(s) open) — admits when a peer retires
2026-10-06 13:58:29.184 INFO  stats: rank 2 | 10.1 s | decode 84.6 tok/s, 11.3 ms/tok, 84.2 ms/step (114 steps / 851 tok, 95 % of wall) | mtp 1.93 tok/step/req, accept p1 93 % | prefill 4 prompts / 135 tok, 13 tok/s, 2.60 ms/tok, 88 ms avg (3 % of wall), 0 tok cached (0/4 hits) | live 4, queued 4 | pool 12/3072 blocks (0 %) | prefix cache 0/232 entries
2026-10-06 13:58:39.186 INFO  sched: request 'chatcmpl-8fa7cab9f9466846' retired (steps): 256 tok in 11.9 s — prefill 34 tok (0 cached) in 350 ms; decode 255 tok / 132 passes in 11.5 s: 22.1 tok/s, 45.2 ms/tok, 87 ms/pass, 1.93 tok/pass, accept p1 94 %
2026-10-06 13:58:39.186 INFO  sched: request 'chatcmpl-8fa7cab9f9466847' retired (steps): 256 tok in 11.9 s — prefill 34 tok (0 cached) in 350 ms; decode 255 tok / 132 passes in 11.5 s: 22.1 tok/s, 45.2 ms/tok, 87 ms/pass, 1.93 tok/pass, accept p1 94 %
2026-10-06 13:58:39.186 INFO  stats: rank 2 | 10.0 s | decode 86.6 tok/s, 11.5 ms/tok, 87.9 ms/step (113 steps / 866 tok, 99 % of wall) | mtp 1.92 tok/step/req, accept p1 92 % | prefill 0 prompts / 0 tok, 0 tok cached (0/0 hits) | live 2, queued 4 | pool 6/3072 blocks (0 %) | prefix cache 0/232 entries
2026-10-06 13:58:39.187 INFO  sched: request 'chatcmpl-8fa7cab9f946684a' starting prefill in slot 0 (33 prompt tokens)
2026-10-06 13:58:39.187 INFO  sched: request 'chatcmpl-8fa7cab9f946684b' starting prefill in slot 1 (33 prompt tokens)
2026-10-06 13:58:39.440 INFO  sched: request 'chatcmpl-8fa7cab9f946684a' prefix cache miss — 2 cut(s), the cache is empty
2026-10-06 13:58:39.440 INFO  sched: request 'chatcmpl-8fa7cab9f946684a' admitted to slot 0 (reserve 3 blocks; pool 10/3072 blocks in use) — first token 785
2026-10-06 13:58:39.440 INFO  sched: request 'chatcmpl-8fa7cab9f946684b' prefix cache miss — 2 cut(s), the cache is empty
2026-10-06 13:58:39.440 INFO  sched: request 'chatcmpl-8fa7cab9f946684b' admitted to slot 1 (reserve 3 blocks; pool 12/3072 blocks in use) — first token 785
2026-10-06 13:58:39.440 INFO  sched: 2 requests admitted together in one prefill (253 ms)
2026-10-06 13:58:39.526 INFO  sched: request 'chatcmpl-8fa7cab9f9466849' retired (steps): 256 tok in 12.2 s — prefill 33 tok (0 cached) in 350 ms; decode 255 tok / 133 passes in 11.9 s: 21.5 tok/s, 46.5 ms/tok, 89 ms/pass, 1.92 tok/pass, accept p1 92 %
2026-10-06 13:58:39.526 INFO  sched: request 'chatcmpl-8fa7cab9f946684c' starting prefill in slot 3 (34 prompt tokens)
2026-10-06 13:58:39.733 INFO  sched: request 'chatcmpl-8fa7cab9f946684c' prefix cache miss — 2 cut(s), the cache is empty
2026-10-06 13:58:39.733 INFO  sched: request 'chatcmpl-8fa7cab9f946684c' admitted to slot 3 (reserve 3 blocks; pool 12/3072 blocks in use) — first token 785
2026-10-06 13:58:39.813 INFO  sched: request 'chatcmpl-8fa7cab9f946684d' deferred (needs 3 blocks, 3060 free, 0 slot(s) open) — admits when a peer retires
2026-10-06 13:58:39.901 INFO  sched: request 'chatcmpl-8fa7cab9f9466848' retired (steps): 256 tok in 12.6 s — prefill 34 tok (0 cached) in 350 ms; decode 255 tok / 135 passes in 12.2 s: 20.8 tok/s, 48.0 ms/tok, 91 ms/pass, 1.89 tok/pass, accept p1 89 %
2026-10-06 13:58:39.902 INFO  sched: request 'chatcmpl-8fa7cab9f946684d' starting prefill in slot 2 (34 prompt tokens)
2026-10-06 13:58:40.109 INFO  sched: request 'chatcmpl-8fa7cab9f946684d' prefix cache miss — 2 cut(s), the cache is empty
2026-10-06 13:58:40.109 INFO  sched: request 'chatcmpl-8fa7cab9f946684d' admitted to slot 2 (reserve 3 blocks; pool 12/3072 blocks in use) — first token 785
2026-10-06 13:58:49.250 INFO  stats: rank 2 | 10.1 s | decode 83.9 tok/s, 11.0 ms/tok, 86.3 ms/step (108 steps / 844 tok, 93 % of wall) | mtp 1.95 tok/step/req, accept p1 95 % | prefill 4 prompts / 134 tok, 13 tok/s, 4.98 ms/tok, 167 ms avg (7 % of wall), 0 tok cached (0/4 hits) | live 4, queued 0 | pool 12/3072 blocks (0 %) | prefix cache 0/232 entries
2026-10-06 13:58:51.255 INFO  sched: request 'chatcmpl-8fa7cab9f946684a' retired (steps): 256 tok in 12.1 s — prefill 33 tok (0 cached) in 253 ms; decode 255 tok / 131 passes in 11.8 s: 21.6 tok/s, 46.3 ms/tok, 90 ms/pass, 1.95 tok/pass, accept p1 95 %
2026-10-06 13:58:51.255 INFO  sched: request 'chatcmpl-8fa7cab9f946684b' retired (steps): 256 tok in 12.1 s — prefill 33 tok (0 cached) in 253 ms; decode 255 tok / 131 passes in 11.8 s: 21.6 tok/s, 46.3 ms/tok, 90 ms/pass, 1.95 tok/pass, accept p1 95 %
2026-10-06 13:58:51.343 INFO  sched: request 'chatcmpl-8fa7cab9f946684c' retired (steps): 256 tok in 11.8 s — prefill 34 tok (0 cached) in 207 ms; decode 255 tok / 131 passes in 11.6 s: 22.0 tok/s, 45.5 ms/tok, 89 ms/pass, 1.95 tok/pass, accept p1 95 %
2026-10-06 13:58:51.417 INFO  sched: request 'chatcmpl-8fa7cab9f946684d' retired (steps): 256 tok in 11.5 s — prefill 34 tok (0 cached) in 208 ms; decode 255 tok / 131 passes in 11.3 s: 22.6 tok/s, 44.3 ms/tok, 86 ms/pass, 1.95 tok/pass, accept p1 95 %
2026-10-06 13:58:51.441 INFO  sched: request 'chatcmpl-8fa7cab9f946684e' starting prefill in slot 0 (34 prompt tokens)
2026-10-06 13:58:51.441 INFO  sched: request 'chatcmpl-8fa7cab9f946684f' starting prefill in slot 1 (33 prompt tokens)
2026-10-06 13:58:51.442 INFO  sched: request 'chatcmpl-8fa7cab9f9466850' starting prefill in slot 2 (33 prompt tokens)
2026-10-06 13:58:51.442 INFO  sched: request 'chatcmpl-8fa7cab9f9466851' starting prefill in slot 3 (34 prompt tokens)
2026-10-06 13:58:51.785 INFO  sched: request 'chatcmpl-8fa7cab9f946684e' prefix cache miss — 2 cut(s), the cache is empty
2026-10-06 13:58:51.785 INFO  sched: request 'chatcmpl-8fa7cab9f946684e' admitted to slot 0 (reserve 3 blocks; pool 6/3072 blocks in use) — first token 785
2026-10-06 13:58:51.785 INFO  sched: request 'chatcmpl-8fa7cab9f946684f' prefix cache miss — 2 cut(s), the cache is empty
2026-10-06 13:58:51.785 INFO  sched: request 'chatcmpl-8fa7cab9f946684f' admitted to slot 1 (reserve 3 blocks; pool 8/3072 blocks in use) — first token 785
2026-10-06 13:58:51.785 INFO  sched: request 'chatcmpl-8fa7cab9f9466850' prefix cache miss — 2 cut(s), the cache is empty
2026-10-06 13:58:51.785 INFO  sched: request 'chatcmpl-8fa7cab9f9466850' admitted to slot 2 (reserve 3 blocks; pool 10/3072 blocks in use) — first token 785
2026-10-06 13:58:51.785 INFO  sched: request 'chatcmpl-8fa7cab9f9466851' prefix cache miss — 2 cut(s), the cache is empty
2026-10-06 13:58:51.785 INFO  sched: request 'chatcmpl-8fa7cab9f9466851' admitted to slot 3 (reserve 3 blocks; pool 12/3072 blocks in use) — first token 785
2026-10-06 13:58:51.785 INFO  sched: 4 requests admitted together in one prefill (344 ms)
2026-10-06 13:58:51.850 INFO  sched: request 'chatcmpl-8fa7cab9f9466852' deferred (needs 3 blocks, 3060 free, 0 slot(s) open) — admits when a peer retires
2026-10-06 13:58:59.296 INFO  stats: rank 2 | 10.0 s | decode 86.8 tok/s, 11.0 ms/tok, 84.2 ms/step (114 steps / 872 tok, 96 % of wall) | mtp 1.95 tok/step/req, accept p1 94 % | prefill 4 prompts / 134 tok, 13 tok/s, 2.56 ms/tok, 86 ms avg (3 % of wall), 0 tok cached (0/4 hits) | live 4, queued 4 | pool 12/3072 blocks (0 %) | prefix cache 0/232 entries
2026-10-06 13:59:03.065 INFO  sched: request 'chatcmpl-8fa7cab9f946684e' retired (steps): 256 tok in 11.6 s — prefill 34 tok (0 cached) in 344 ms; decode 255 tok / 131 passes in 11.3 s: 22.6 tok/s, 44.2 ms/tok, 86 ms/pass, 1.95 tok/pass, accept p1 95 %
2026-10-06 13:59:03.065 INFO  sched: request 'chatcmpl-8fa7cab9f946684f' retired (steps): 256 tok in 11.6 s — prefill 33 tok (0 cached) in 344 ms; decode 255 tok / 131 passes in 11.3 s: 22.6 tok/s, 44.2 ms/tok, 86 ms/pass, 1.95 tok/pass, accept p1 95 %
2026-10-06 13:59:03.066 INFO  sched: request 'chatcmpl-8fa7cab9f9466852' starting prefill in slot 0 (34 prompt tokens)
2026-10-06 13:59:03.075 INFO  sched: request 'chatcmpl-8fa7cab9f9466853' starting prefill in slot 1 (34 prompt tokens)
2026-10-06 13:59:03.334 INFO  sched: request 'chatcmpl-8fa7cab9f9466852' prefix cache miss — 2 cut(s), the cache is empty
2026-10-06 13:59:03.334 INFO  sched: request 'chatcmpl-8fa7cab9f9466852' admitted to slot 0 (reserve 3 blocks; pool 10/3072 blocks in use) — first token 785
2026-10-06 13:59:03.334 INFO  sched: request 'chatcmpl-8fa7cab9f9466853' prefix cache miss — 2 cut(s), the cache is empty
2026-10-06 13:59:03.334 INFO  sched: request 'chatcmpl-8fa7cab9f9466853' admitted to slot 1 (reserve 3 blocks; pool 12/3072 blocks in use) — first token 785
2026-10-06 13:59:03.334 INFO  sched: 2 requests admitted together in one prefill (259 ms)
2026-10-06 13:59:03.418 INFO  sched: request 'chatcmpl-8fa7cab9f9466851' retired (steps): 256 tok in 12.0 s — prefill 34 tok (0 cached) in 344 ms; decode 255 tok / 132 passes in 11.6 s: 21.9 tok/s, 45.6 ms/tok, 88 ms/pass, 1.93 tok/pass, accept p1 94 %
2026-10-06 13:59:03.419 INFO  sched: request 'chatcmpl-8fa7cab9f9466854' starting prefill in slot 3 (34 prompt tokens)
2026-10-06 13:59:03.631 INFO  sched: request 'chatcmpl-8fa7cab9f9466854' prefix cache miss — 2 cut(s), the cache is empty
2026-10-06 13:59:03.631 INFO  sched: request 'chatcmpl-8fa7cab9f9466854' admitted to slot 3 (reserve 3 blocks; pool 12/3072 blocks in use) — first token 785
2026-10-06 13:59:03.717 INFO  sched: request 'chatcmpl-8fa7cab9f9466850' retired (steps): 256 tok in 12.3 s — prefill 33 tok (0 cached) in 344 ms; decode 255 tok / 133 passes in 11.9 s: 21.4 tok/s, 46.8 ms/tok, 90 ms/pass, 1.92 tok/pass, accept p1 92 %
2026-10-06 13:59:03.718 INFO  sched: request 'chatcmpl-8fa7cab9f9466855' starting prefill in slot 2 (33 prompt tokens)
2026-10-06 13:59:03.922 INFO  sched: request 'chatcmpl-8fa7cab9f9466855' prefix cache miss — 2 cut(s), the cache is empty
2026-10-06 13:59:03.922 INFO  sched: request 'chatcmpl-8fa7cab9f9466855' admitted to slot 2 (reserve 3 blocks; pool 12/3072 blocks in use) — first token 785
2026-10-06 13:59:09.332 INFO  stats: rank 2 | 10.0 s | decode 83.6 tok/s, 11.1 ms/tok, 85.9 ms/step (108 steps / 839 tok, 92 % of wall) | mtp 1.94 tok/step/req, accept p1 94 % | prefill 4 prompts / 135 tok, 13 tok/s, 5.00 ms/tok, 169 ms avg (7 % of wall), 0 tok cached (0/4 hits) | live 4, queued 0 | pool 12/3072 blocks (0 %) | prefix cache 0/232 entries
2026-10-06 13:59:15.195 INFO  sched: request 'chatcmpl-8fa7cab9f9466853' retired (steps): 256 tok in 12.1 s — prefill 34 tok (0 cached) in 259 ms; decode 255 tok / 131 passes in 11.9 s: 21.5 tok/s, 46.5 ms/tok, 91 ms/pass, 1.95 tok/pass, accept p1 95 %
2026-10-06 13:59:15.286 INFO  sched: request 'chatcmpl-8fa7cab9f9466852' retired (steps): 256 tok in 12.2 s — prefill 34 tok (0 cached) in 259 ms; decode 255 tok / 132 passes in 12.0 s: 21.3 tok/s, 46.9 ms/tok, 91 ms/pass, 1.93 tok/pass, accept p1 94 %
2026-10-06 13:59:15.371 INFO  sched: request 'chatcmpl-8fa7cab9f9466855' retired (steps): 256 tok in 11.7 s — prefill 33 tok (0 cached) in 204 ms; decode 255 tok / 131 passes in 11.4 s: 22.3 tok/s, 44.9 ms/tok, 87 ms/pass, 1.95 tok/pass, accept p1 95 %
2026-10-06 13:59:15.486 INFO  sched: request 'chatcmpl-8fa7cab9f9466854' retired (steps): 256 tok in 12.1 s — prefill 34 tok (0 cached) in 212 ms; decode 255 tok / 135 passes in 11.9 s: 21.5 tok/s, 46.5 ms/tok, 88 ms/pass, 1.89 tok/pass, accept p1 89 %
2026-10-06 13:59:15.532 INFO  sched: request 'chatcmpl-8fa7cab9f9466856' starting prefill in slot 0 (68 prompt tokens)
2026-10-06 13:59:15.807 INFO  sched: request 'chatcmpl-8fa7cab9f9466856' prefix cache miss — 2 cut(s), the cache is empty
2026-10-06 13:59:15.807 INFO  sched: request 'chatcmpl-8fa7cab9f9466856' admitted to slot 0 (reserve 3 blocks; pool 3/3072 blocks in use) — first token 785
2026-10-06 13:59:19.355 INFO  stats: rank 2 | 10.0 s | decode 70.1 tok/s, 13.7 ms/tok, 58.9 ms/step (163 steps / 703 tok, 96 % of wall) | mtp 1.93 tok/step/req, accept p1 93 % | prefill 1 prompt / 68 tok, 7 tok/s, 4.05 ms/tok, 275 ms avg (3 % of wall), 0 tok cached (0/1 hit) | live 1, queued 0 | pool 3/3072 blocks (0 %) | prefix cache 0/232 entries
2026-10-06 13:59:20.904 INFO  sched: request 'chatcmpl-8fa7cab9f9466856' retired (steps): 256 tok in 5.4 s — prefill 68 tok (0 cached) in 275 ms; decode 255 tok / 132 passes in 5.1 s: 50.0 tok/s, 20.0 ms/tok, 39 ms/pass, 1.93 tok/pass, accept p1 94 %
2026-10-06 13:59:20.934 INFO  sched: request 'chatcmpl-8fa7cab9f9466857' starting prefill in slot 0 (68 prompt tokens)
2026-10-06 13:59:21.201 INFO  sched: request 'chatcmpl-8fa7cab9f9466857' prefix cache miss — 2 cut(s), the cache is empty
2026-10-06 13:59:21.201 INFO  sched: request 'chatcmpl-8fa7cab9f9466857' admitted to slot 0 (reserve 3 blocks; pool 3/3072 blocks in use) — first token 785
2026-10-06 13:59:26.292 INFO  sched: request 'chatcmpl-8fa7cab9f9466857' retired (steps): 256 tok in 5.4 s — prefill 68 tok (0 cached) in 267 ms; decode 255 tok / 132 passes in 5.1 s: 50.1 tok/s, 20.0 ms/tok, 39 ms/pass, 1.93 tok/pass, accept p1 94 %
2026-10-06 13:59:26.311 INFO  sched: request 'chatcmpl-8fa7cab9f9466858' starting prefill in slot 0 (68 prompt tokens)
2026-10-06 13:59:26.577 INFO  sched: request 'chatcmpl-8fa7cab9f9466858' prefix cache miss — 2 cut(s), the cache is empty
2026-10-06 13:59:26.577 INFO  sched: request 'chatcmpl-8fa7cab9f9466858' admitted to slot 0 (reserve 3 blocks; pool 3/3072 blocks in use) — first token 785
2026-10-06 13:59:29.382 INFO  stats: rank 2 | 10.0 s | decode 47.3 tok/s, 19.6 ms/tok, 38.0 ms/step (245 steps / 474 tok, 93 % of wall) | mtp 1.93 tok/step/req, accept p1 93 % | prefill 2 prompts / 136 tok, 14 tok/s, 3.92 ms/tok, 267 ms avg (5 % of wall), 0 tok cached (0/2 hits) | live 1, queued 0 | pool 3/3072 blocks (0 %) | prefix cache 0/232 entries
2026-10-06 13:59:31.666 INFO  sched: request 'chatcmpl-8fa7cab9f9466858' retired (steps): 256 tok in 5.4 s — prefill 68 tok (0 cached) in 266 ms; decode 255 tok / 132 passes in 5.1 s: 50.1 tok/s, 20.0 ms/tok, 39 ms/pass, 1.93 tok/pass, accept p1 94 %
2026-10-06 13:59:31.763 INFO  sched: request 'chatcmpl-8fa7cab9f9466859' starting prefill in slot 0 (54 prompt tokens)
2026-10-06 13:59:31.763 INFO  sched: request 'chatcmpl-8fa7cab9f946685a' starting prefill in slot 1 (61 prompt tokens)
2026-10-06 13:59:32.106 INFO  sched: request 'chatcmpl-8fa7cab9f9466859' prefix cache miss — 2 cut(s), the cache is empty
2026-10-06 13:59:32.106 INFO  sched: request 'chatcmpl-8fa7cab9f9466859' admitted to slot 0 (reserve 3 blocks; pool 4/3072 blocks in use) — first token 785
2026-10-06 13:59:32.106 INFO  sched: request 'chatcmpl-8fa7cab9f946685a' prefix cache miss — 2 cut(s), the cache is empty
2026-10-06 13:59:32.106 INFO  sched: request 'chatcmpl-8fa7cab9f946685a' admitted to slot 1 (reserve 3 blocks; pool 6/3072 blocks in use) — first token 785
2026-10-06 13:59:32.106 INFO  sched: 2 requests admitted together in one prefill (343 ms)
2026-10-06 13:59:39.406 INFO  stats: rank 2 | 10.0 s | decode 60.8 tok/s, 15.6 ms/tok, 50.7 ms/step (187 steps / 609 tok, 95 % of wall) | mtp 1.93 tok/step/req, accept p1 93 % | prefill 2 prompts / 115 tok, 11 tok/s, 2.98 ms/tok, 171 ms avg (3 % of wall), 0 tok cached (0/2 hits) | live 2, queued 0 | pool 6/3072 blocks (0 %) | prefix cache 0/232 entries
2026-10-06 13:59:39.581 INFO  sched: request 'chatcmpl-8fa7cab9f9466859' retired (steps): 256 tok in 7.8 s — prefill 54 tok (0 cached) in 343 ms; decode 255 tok / 131 passes in 7.5 s: 34.1 tok/s, 29.3 ms/tok, 57 ms/pass, 1.95 tok/pass, accept p1 95 %
2026-10-06 13:59:39.701 INFO  sched: request 'chatcmpl-8fa7cab9f946685a' retired (steps): 256 tok in 7.9 s — prefill 61 tok (0 cached) in 343 ms; decode 255 tok / 134 passes in 7.6 s: 33.6 tok/s, 29.8 ms/tok, 57 ms/pass, 1.90 tok/pass, accept p1 90 %
2026-10-06 13:59:39.720 INFO  sched: request 'chatcmpl-8fa7cab9f946685b' starting prefill in slot 0 (61 prompt tokens)
2026-10-06 13:59:39.720 INFO  sched: request 'chatcmpl-8fa7cab9f946685c' starting prefill in slot 1 (54 prompt tokens)
2026-10-06 13:59:40.058 INFO  sched: request 'chatcmpl-8fa7cab9f946685b' prefix cache miss — 2 cut(s), the cache is empty
2026-10-06 13:59:40.058 INFO  sched: request 'chatcmpl-8fa7cab9f946685b' admitted to slot 0 (reserve 3 blocks; pool 4/3072 blocks in use) — first token 785
2026-10-06 13:59:40.058 INFO  sched: request 'chatcmpl-8fa7cab9f946685c' prefix cache miss — 2 cut(s), the cache is empty
2026-10-06 13:59:40.058 INFO  sched: request 'chatcmpl-8fa7cab9f946685c' admitted to slot 1 (reserve 3 blocks; pool 6/3072 blocks in use) — first token 785
2026-10-06 13:59:40.058 INFO  sched: 2 requests admitted together in one prefill (338 ms)
2026-10-06 13:59:47.514 INFO  sched: request 'chatcmpl-8fa7cab9f946685c' retired (steps): 256 tok in 7.8 s — prefill 54 tok (0 cached) in 338 ms; decode 255 tok / 131 passes in 7.5 s: 34.2 tok/s, 29.2 ms/tok, 57 ms/pass, 1.95 tok/pass, accept p1 95 %
2026-10-06 13:59:47.631 INFO  sched: request 'chatcmpl-8fa7cab9f946685b' retired (steps): 256 tok in 7.9 s — prefill 61 tok (0 cached) in 338 ms; decode 255 tok / 134 passes in 7.6 s: 33.7 tok/s, 29.7 ms/tok, 57 ms/pass, 1.90 tok/pass, accept p1 90 %
2026-10-06 13:59:47.655 INFO  sched: request 'chatcmpl-8fa7cab9f946685d' starting prefill in slot 0 (61 prompt tokens)
2026-10-06 13:59:47.655 INFO  sched: request 'chatcmpl-8fa7cab9f946685e' starting prefill in slot 1 (54 prompt tokens)
2026-10-06 13:59:48.007 INFO  sched: request 'chatcmpl-8fa7cab9f946685d' prefix cache miss — 2 cut(s), the cache is empty
2026-10-06 13:59:48.007 INFO  sched: request 'chatcmpl-8fa7cab9f946685d' admitted to slot 0 (reserve 3 blocks; pool 4/3072 blocks in use) — first token 785
2026-10-06 13:59:48.007 INFO  sched: request 'chatcmpl-8fa7cab9f946685e' prefix cache miss — 2 cut(s), the cache is empty
2026-10-06 13:59:48.007 INFO  sched: request 'chatcmpl-8fa7cab9f946685e' admitted to slot 1 (reserve 3 blocks; pool 6/3072 blocks in use) — first token 785
2026-10-06 13:59:48.007 INFO  sched: 2 requests admitted together in one prefill (352 ms)
2026-10-06 13:59:49.411 INFO  stats: rank 2 | 10.0 s | decode 62.3 tok/s, 14.7 ms/tok, 55.6 ms/step (165 steps / 623 tok, 92 % of wall) | mtp 1.92 tok/step/req, accept p1 91 % | prefill 4 prompts / 230 tok, 23 tok/s, 3.00 ms/tok, 172 ms avg (7 % of wall), 0 tok cached (0/4 hits) | live 2, queued 0 | pool 6/3072 blocks (0 %) | prefix cache 0/232 entries
2026-10-06 13:59:55.552 INFO  sched: request 'chatcmpl-8fa7cab9f946685e' retired (steps): 256 tok in 7.9 s — prefill 54 tok (0 cached) in 352 ms; decode 255 tok / 131 passes in 7.5 s: 33.8 tok/s, 29.6 ms/tok, 58 ms/pass, 1.95 tok/pass, accept p1 95 %
2026-10-06 13:59:55.668 INFO  sched: request 'chatcmpl-8fa7cab9f946685d' retired (steps): 256 tok in 8.0 s — prefill 61 tok (0 cached) in 352 ms; decode 255 tok / 134 passes in 7.7 s: 33.3 tok/s, 30.0 ms/tok, 57 ms/pass, 1.90 tok/pass, accept p1 90 %
2026-10-06 13:59:55.776 INFO  sched: request 'chatcmpl-8fa7cab9f946685f' starting prefill in slot 0 (37 prompt tokens)
2026-10-06 13:59:55.776 INFO  sched: request 'chatcmpl-8fa7cab9f9466860' starting prefill in slot 1 (39 prompt tokens)
2026-10-06 13:59:55.776 INFO  sched: request 'chatcmpl-8fa7cab9f9466861' starting prefill in slot 2 (35 prompt tokens)
2026-10-06 13:59:55.776 INFO  sched: request 'chatcmpl-8fa7cab9f9466862' starting prefill in slot 3 (54 prompt tokens)
2026-10-06 13:59:56.194 INFO  sched: request 'chatcmpl-8fa7cab9f946685f' prefix cache miss — 2 cut(s), the cache is empty
2026-10-06 13:59:56.194 INFO  sched: request 'chatcmpl-8fa7cab9f946685f' admitted to slot 0 (reserve 3 blocks; pool 6/3072 blocks in use) — first token 785
2026-10-06 13:59:56.194 INFO  sched: request 'chatcmpl-8fa7cab9f9466860' prefix cache miss — 2 cut(s), the cache is empty
2026-10-06 13:59:56.194 INFO  sched: request 'chatcmpl-8fa7cab9f9466860' admitted to slot 1 (reserve 3 blocks; pool 8/3072 blocks in use) — first token 785
2026-10-06 13:59:56.194 INFO  sched: request 'chatcmpl-8fa7cab9f9466861' prefix cache miss — 2 cut(s), the cache is empty
2026-10-06 13:59:56.194 INFO  sched: request 'chatcmpl-8fa7cab9f9466861' admitted to slot 2 (reserve 3 blocks; pool 10/3072 blocks in use) — first token 785
2026-10-06 13:59:56.194 INFO  sched: request 'chatcmpl-8fa7cab9f9466862' prefix cache miss — 2 cut(s), the cache is empty
2026-10-06 13:59:56.194 INFO  sched: request 'chatcmpl-8fa7cab9f9466862' admitted to slot 3 (reserve 3 blocks; pool 12/3072 blocks in use) — first token 785
2026-10-06 13:59:56.194 INFO  sched: 4 requests admitted together in one prefill (418 ms)
2026-10-06 13:59:59.467 INFO  stats: rank 2 | 10.1 s | decode 69.6 tok/s, 13.5 ms/tok, 64.9 ms/step (146 steps / 700 tok, 94 % of wall) | mtp 1.93 tok/step/req, accept p1 92 % | prefill 4 prompts / 165 tok, 16 tok/s, 2.53 ms/tok, 105 ms avg (4 % of wall), 0 tok cached (0/4 hits) | live 4, queued 0 | pool 12/3072 blocks (0 %) | prefix cache 0/232 entries
2026-10-06 14:00:08.219 INFO  sched: request 'chatcmpl-8fa7cab9f946685f' retired (steps): 256 tok in 12.4 s — prefill 37 tok (0 cached) in 418 ms; decode 255 tok / 132 passes in 12.0 s: 21.2 tok/s, 47.2 ms/tok, 91 ms/pass, 1.93 tok/pass, accept p1 93 %
2026-10-06 14:00:08.219 INFO  sched: request 'chatcmpl-8fa7cab9f9466860' retired (steps): 256 tok in 12.4 s — prefill 39 tok (0 cached) in 418 ms; decode 255 tok / 132 passes in 12.0 s: 21.2 tok/s, 47.2 ms/tok, 91 ms/pass, 1.93 tok/pass, accept p1 93 %
2026-10-06 14:00:08.627 INFO  sched: request 'chatcmpl-8fa7cab9f9466862' retired (steps): 256 tok in 12.9 s — prefill 54 tok (0 cached) in 418 ms; decode 255 tok / 137 passes in 12.4 s: 20.5 tok/s, 48.8 ms/tok, 91 ms/pass, 1.86 tok/pass, accept p1 86 %
2026-10-06 14:00:08.829 INFO  sched: request 'chatcmpl-8fa7cab9f9466861' retired (steps): 256 tok in 13.1 s — prefill 35 tok (0 cached) in 418 ms; decode 255 tok / 142 passes in 12.6 s: 20.2 tok/s, 49.6 ms/tok, 89 ms/pass, 1.80 tok/pass, accept p1 80 %
2026-10-06 14:00:08.849 INFO  sched: request 'chatcmpl-8fa7cab9f9466863' starting prefill in slot 0 (39 prompt tokens)
2026-10-06 14:00:08.849 INFO  sched: request 'chatcmpl-8fa7cab9f9466864' starting prefill in slot 1 (54 prompt tokens)
2026-10-06 14:00:08.849 INFO  sched: request 'chatcmpl-8fa7cab9f9466865' starting prefill in slot 2 (37 prompt tokens)
2026-10-06 14:00:08.849 INFO  sched: request 'chatcmpl-8fa7cab9f9466866' starting prefill in slot 3 (35 prompt tokens)
2026-10-06 14:00:09.245 INFO  sched: request 'chatcmpl-8fa7cab9f9466863' prefix cache miss — 2 cut(s), the cache is empty
2026-10-06 14:00:09.245 INFO  sched: request 'chatcmpl-8fa7cab9f9466863' admitted to slot 0 (reserve 3 blocks; pool 6/3072 blocks in use) — first token 785
2026-10-06 14:00:09.245 INFO  sched: request 'chatcmpl-8fa7cab9f9466864' prefix cache miss — 2 cut(s), the cache is empty
2026-10-06 14:00:09.245 INFO  sched: request 'chatcmpl-8fa7cab9f9466864' admitted to slot 1 (reserve 3 blocks; pool 8/3072 blocks in use) — first token 785
2026-10-06 14:00:09.245 INFO  sched: request 'chatcmpl-8fa7cab9f9466865' prefix cache miss — 2 cut(s), the cache is empty
2026-10-06 14:00:09.245 INFO  sched: request 'chatcmpl-8fa7cab9f9466865' admitted to slot 2 (reserve 3 blocks; pool 10/3072 blocks in use) — first token 785
2026-10-06 14:00:09.245 INFO  sched: request 'chatcmpl-8fa7cab9f9466866' prefix cache miss — 2 cut(s), the cache is empty
2026-10-06 14:00:09.245 INFO  sched: request 'chatcmpl-8fa7cab9f9466866' admitted to slot 3 (reserve 3 blocks; pool 12/3072 blocks in use) — first token 785
2026-10-06 14:00:09.245 INFO  sched: 4 requests admitted together in one prefill (397 ms)
2026-10-06 14:00:09.478 INFO  stats: rank 2 | 10.0 s | decode 76.8 tok/s, 12.4 ms/tok, 88.3 ms/step (108 steps / 769 tok, 95 % of wall) | mtp 1.89 tok/step/req, accept p1 88 % | prefill 4 prompts / 165 tok, 16 tok/s, 2.40 ms/tok, 99 ms avg (4 % of wall), 0 tok cached (0/4 hits) | live 4, queued 0 | pool 12/3072 blocks (0 %) | prefix cache 0/232 entries
2026-10-06 14:00:19.496 INFO  stats: rank 2 | 10.0 s | decode 82.1 tok/s, 12.1 ms/tok, 91.4 ms/step (109 steps / 823 tok, 99 % of wall) | mtp 1.89 tok/step/req, accept p1 89 % | prefill 0 prompts / 0 tok, 0 tok cached (0/0 hits) | live 4, queued 0 | pool 12/3072 blocks (0 %) | prefix cache 0/232 entries
2026-10-06 14:00:21.349 INFO  sched: request 'chatcmpl-8fa7cab9f9466863' retired (steps): 256 tok in 12.5 s — prefill 39 tok (0 cached) in 397 ms; decode 255 tok / 132 passes in 12.1 s: 21.1 tok/s, 47.5 ms/tok, 92 ms/pass, 1.93 tok/pass, accept p1 93 %
2026-10-06 14:00:21.349 INFO  sched: request 'chatcmpl-8fa7cab9f9466865' retired (steps): 256 tok in 12.5 s — prefill 37 tok (0 cached) in 397 ms; decode 255 tok / 132 passes in 12.1 s: 21.1 tok/s, 47.5 ms/tok, 92 ms/pass, 1.93 tok/pass, accept p1 93 %
2026-10-06 14:00:21.753 INFO  sched: request 'chatcmpl-8fa7cab9f9466864' retired (steps): 256 tok in 12.9 s — prefill 54 tok (0 cached) in 397 ms; decode 255 tok / 137 passes in 12.5 s: 20.4 tok/s, 49.0 ms/tok, 91 ms/pass, 1.86 tok/pass, accept p1 86 %
2026-10-06 14:00:21.947 INFO  sched: request 'chatcmpl-8fa7cab9f9466866' retired (steps): 256 tok in 13.1 s — prefill 35 tok (0 cached) in 397 ms; decode 255 tok / 142 passes in 12.7 s: 20.1 tok/s, 49.8 ms/tok, 89 ms/pass, 1.80 tok/pass, accept p1 80 %
2026-10-06 14:00:21.971 INFO  sched: request 'chatcmpl-8fa7cab9f9466867' starting prefill in slot 0 (35 prompt tokens)
2026-10-06 14:00:21.971 INFO  sched: request 'chatcmpl-8fa7cab9f9466868' starting prefill in slot 1 (37 prompt tokens)
2026-10-06 14:00:21.971 INFO  sched: request 'chatcmpl-8fa7cab9f9466869' starting prefill in slot 2 (54 prompt tokens)
2026-10-06 14:00:21.971 INFO  sched: request 'chatcmpl-8fa7cab9f946686a' starting prefill in slot 3 (39 prompt tokens)
2026-10-06 14:00:22.369 INFO  sched: request 'chatcmpl-8fa7cab9f9466867' prefix cache miss — 2 cut(s), the cache is empty
2026-10-06 14:00:22.369 INFO  sched: request 'chatcmpl-8fa7cab9f9466867' admitted to slot 0 (reserve 3 blocks; pool 6/3072 blocks in use) — first token 785
2026-10-06 14:00:22.369 INFO  sched: request 'chatcmpl-8fa7cab9f9466868' prefix cache miss — 2 cut(s), the cache is empty
2026-10-06 14:00:22.369 INFO  sched: request 'chatcmpl-8fa7cab9f9466868' admitted to slot 1 (reserve 3 blocks; pool 8/3072 blocks in use) — first token 785
2026-10-06 14:00:22.369 INFO  sched: request 'chatcmpl-8fa7cab9f9466869' prefix cache miss — 2 cut(s), the cache is empty
2026-10-06 14:00:22.369 INFO  sched: request 'chatcmpl-8fa7cab9f9466869' admitted to slot 2 (reserve 3 blocks; pool 10/3072 blocks in use) — first token 785
2026-10-06 14:00:22.369 INFO  sched: request 'chatcmpl-8fa7cab9f946686a' prefix cache miss — 2 cut(s), the cache is empty
2026-10-06 14:00:22.369 INFO  sched: request 'chatcmpl-8fa7cab9f946686a' admitted to slot 3 (reserve 3 blocks; pool 12/3072 blocks in use) — first token 785
2026-10-06 14:00:22.369 INFO  sched: 4 requests admitted together in one prefill (398 ms)
2026-10-06 14:00:29.535 INFO  stats: rank 2 | 10.0 s | decode 78.3 tok/s, 12.2 ms/tok, 87.0 ms/step (110 steps / 786 tok, 95 % of wall) | mtp 1.89 tok/step/req, accept p1 89 % | prefill 4 prompts / 165 tok, 16 tok/s, 2.41 ms/tok, 100 ms avg (4 % of wall), 0 tok cached (0/4 hits) | live 4, queued 0 | pool 12/3072 blocks (0 %) | prefix cache 0/232 entries
2026-10-06 14:00:34.412 INFO  sched: request 'chatcmpl-8fa7cab9f9466868' retired (steps): 256 tok in 12.4 s — prefill 37 tok (0 cached) in 398 ms; decode 255 tok / 132 passes in 12.0 s: 21.2 tok/s, 47.2 ms/tok, 91 ms/pass, 1.93 tok/pass, accept p1 93 %
2026-10-06 14:00:34.412 INFO  sched: request 'chatcmpl-8fa7cab9f946686a' retired (steps): 256 tok in 12.4 s — prefill 39 tok (0 cached) in 398 ms; decode 255 tok / 132 passes in 12.0 s: 21.2 tok/s, 47.2 ms/tok, 91 ms/pass, 1.93 tok/pass, accept p1 93 %
2026-10-06 14:00:34.776 INFO  sched: request 'chatcmpl-8fa7cab9f9466869' retired (steps): 256 tok in 12.8 s — prefill 54 tok (0 cached) in 398 ms; decode 255 tok / 137 passes in 12.4 s: 20.6 tok/s, 48.7 ms/tok, 91 ms/pass, 1.86 tok/pass, accept p1 86 %
2026-10-06 14:00:34.970 INFO  sched: request 'chatcmpl-8fa7cab9f9466867' retired (steps): 256 tok in 13.0 s — prefill 35 tok (0 cached) in 398 ms; decode 255 tok / 142 passes in 12.6 s: 20.2 tok/s, 49.4 ms/tok, 89 ms/pass, 1.80 tok/pass, accept p1 80 %
2026-10-06 14:00:35.041 INFO  sched: request 'chatcmpl-8fa7cab9f946686b' starting prefill in slot 0 (40 prompt tokens)
2026-10-06 14:00:35.041 INFO  sched: request 'chatcmpl-8fa7cab9f946686c' starting prefill in slot 1 (39 prompt tokens)
2026-10-06 14:00:35.041 INFO  sched: request 'chatcmpl-8fa7cab9f946686d' starting prefill in slot 2 (42 prompt tokens)
2026-10-06 14:00:35.041 INFO  sched: request 'chatcmpl-8fa7cab9f946686e' starting prefill in slot 3 (49 prompt tokens)
2026-10-06 14:00:35.444 INFO  sched: request 'chatcmpl-8fa7cab9f946686b' prefix cache miss — 2 cut(s), the cache is empty
2026-10-06 14:00:35.444 INFO  sched: request 'chatcmpl-8fa7cab9f946686b' admitted to slot 0 (reserve 3 blocks; pool 6/3072 blocks in use) — first token 785
2026-10-06 14:00:35.444 INFO  sched: request 'chatcmpl-8fa7cab9f946686c' prefix cache miss — 2 cut(s), the cache is empty
2026-10-06 14:00:35.445 INFO  sched: request 'chatcmpl-8fa7cab9f946686c' admitted to slot 1 (reserve 3 blocks; pool 8/3072 blocks in use) — first token 785
2026-10-06 14:00:35.445 INFO  sched: request 'chatcmpl-8fa7cab9f946686d' prefix cache miss — 2 cut(s), the cache is empty
2026-10-06 14:00:35.445 INFO  sched: request 'chatcmpl-8fa7cab9f946686d' admitted to slot 2 (reserve 3 blocks; pool 10/3072 blocks in use) — first token 785
2026-10-06 14:00:35.445 INFO  sched: request 'chatcmpl-8fa7cab9f946686e' prefix cache miss — 2 cut(s), the cache is empty
2026-10-06 14:00:35.445 INFO  sched: request 'chatcmpl-8fa7cab9f946686e' admitted to slot 3 (reserve 3 blocks; pool 12/3072 blocks in use) — first token 785
2026-10-06 14:00:35.445 INFO  sched: 4 requests admitted together in one prefill (403 ms)
2026-10-06 14:00:35.512 INFO  sched: request 'chatcmpl-8fa7cab9f946686f' deferred (needs 3 blocks, 3060 free, 0 slot(s) open) — admits when a peer retires
2026-10-06 14:00:39.542 INFO  stats: rank 2 | 10.0 s | decode 76.3 tok/s, 12.4 ms/tok, 87.7 ms/step (108 steps / 764 tok, 95 % of wall) | mtp 1.88 tok/step/req, accept p1 87 % | prefill 4 prompts / 170 tok, 17 tok/s, 2.37 ms/tok, 101 ms avg (4 % of wall), 0 tok cached (0/4 hits) | live 4, queued 4 | pool 12/3072 blocks (0 %) | prefix cache 0/232 entries
2026-10-06 14:00:47.409 INFO  sched: request 'chatcmpl-8fa7cab9f946686c' retired (steps): 256 tok in 12.4 s — prefill 39 tok (0 cached) in 403 ms; decode 255 tok / 132 passes in 12.0 s: 21.3 tok/s, 46.9 ms/tok, 91 ms/pass, 1.93 tok/pass, accept p1 94 %
2026-10-06 14:00:47.409 INFO  sched: request 'chatcmpl-8fa7cab9f946686f' starting prefill in slot 1 (42 prompt tokens)
2026-10-06 14:00:47.635 INFO  sched: request 'chatcmpl-8fa7cab9f946686f' prefix cache miss — 2 cut(s), the cache is empty
2026-10-06 14:00:47.635 INFO  sched: request 'chatcmpl-8fa7cab9f946686f' admitted to slot 1 (reserve 3 blocks; pool 12/3072 blocks in use) — first token 785
2026-10-06 14:00:47.730 INFO  sched: request 'chatcmpl-8fa7cab9f946686e' retired (steps): 256 tok in 12.7 s — prefill 49 tok (0 cached) in 403 ms; decode 255 tok / 133 passes in 12.3 s: 20.8 tok/s, 48.2 ms/tok, 92 ms/pass, 1.92 tok/pass, accept p1 92 %
2026-10-06 14:00:47.730 INFO  sched: request 'chatcmpl-8fa7cab9f9466870' starting prefill in slot 3 (36 prompt tokens)
2026-10-06 14:00:47.938 INFO  sched: request 'chatcmpl-8fa7cab9f9466870' prefix cache miss — 2 cut(s), the cache is empty
2026-10-06 14:00:47.938 INFO  sched: request 'chatcmpl-8fa7cab9f9466870' admitted to slot 3 (reserve 3 blocks; pool 12/3072 blocks in use) — first token 785
2026-10-06 14:00:48.025 INFO  sched: request 'chatcmpl-8fa7cab9f9466871' deferred (needs 3 blocks, 3060 free, 0 slot(s) open) — admits when a peer retires
2026-10-06 14:00:48.119 INFO  sched: request 'chatcmpl-8fa7cab9f946686b' retired (steps): 256 tok in 13.1 s — prefill 40 tok (0 cached) in 403 ms; decode 255 tok / 135 passes in 12.7 s: 20.1 tok/s, 49.7 ms/tok, 94 ms/pass, 1.89 tok/pass, accept p1 89 %
2026-10-06 14:00:48.119 INFO  sched: request 'chatcmpl-8fa7cab9f9466871' starting prefill in slot 0 (37 prompt tokens)
2026-10-06 14:00:48.330 INFO  sched: request 'chatcmpl-8fa7cab9f9466871' prefix cache miss — 2 cut(s), the cache is empty
2026-10-06 14:00:48.330 INFO  sched: request 'chatcmpl-8fa7cab9f9466871' admitted to slot 0 (reserve 3 blocks; pool 12/3072 blocks in use) — first token 785
2026-10-06 14:00:48.422 INFO  sched: request 'chatcmpl-8fa7cab9f946686d' retired (steps): 256 tok in 13.4 s — prefill 42 tok (0 cached) in 403 ms; decode 255 tok / 136 passes in 13.0 s: 19.6 tok/s, 50.9 ms/tok, 95 ms/pass, 1.88 tok/pass, accept p1 88 %
2026-10-06 14:00:48.423 INFO  sched: request 'chatcmpl-8fa7cab9f9466872' starting prefill in slot 2 (38 prompt tokens)
2026-10-06 14:00:48.641 INFO  sched: request 'chatcmpl-8fa7cab9f9466872' prefix cache miss — 2 cut(s), the cache is empty
2026-10-06 14:00:48.641 INFO  sched: request 'chatcmpl-8fa7cab9f9466872' admitted to slot 2 (reserve 3 blocks; pool 12/3072 blocks in use) — first token 785
2026-10-06 14:00:49.600 INFO  stats: rank 2 | 10.1 s | decode 77.1 tok/s, 11.8 ms/tok, 90.3 ms/step (101 steps / 775 tok, 91 % of wall) | mtp 1.92 tok/step/req, accept p1 91 % | prefill 4 prompts / 153 tok, 15 tok/s, 5.63 ms/tok, 216 ms avg (9 % of wall), 0 tok cached (0/4 hits) | live 4, queued 0 | pool 12/3072 blocks (0 %) | prefix cache 0/232 entries
2026-10-06 14:00:59.641 INFO  stats: rank 2 | 10.0 s | decode 83.7 tok/s, 11.9 ms/tok, 89.0 ms/step (112 steps / 840 tok, 99 % of wall) | mtp 1.88 tok/step/req, accept p1 88 % | prefill 0 prompts / 0 tok, 0 tok cached (0/0 hits) | live 4, queued 0 | pool 12/3072 blocks (0 %) | prefix cache 0/232 entries
2026-10-06 14:01:00.183 INFO  sched: request 'chatcmpl-8fa7cab9f946686f' retired (steps): 256 tok in 12.8 s — prefill 42 tok (0 cached) in 225 ms; decode 255 tok / 133 passes in 12.5 s: 20.3 tok/s, 49.2 ms/tok, 94 ms/pass, 1.92 tok/pass, accept p1 92 %
2026-10-06 14:01:00.532 INFO  sched: request 'chatcmpl-8fa7cab9f9466870' retired (steps): 256 tok in 12.8 s — prefill 36 tok (0 cached) in 207 ms; decode 255 tok / 136 passes in 12.6 s: 20.2 tok/s, 49.4 ms/tok, 93 ms/pass, 1.88 tok/pass, accept p1 88 %
2026-10-06 14:01:00.674 INFO  sched: request 'chatcmpl-8fa7cab9f9466872' retired (steps): 256 tok in 12.3 s — prefill 38 tok (0 cached) in 218 ms; decode 255 tok / 135 passes in 12.0 s: 21.2 tok/s, 47.2 ms/tok, 89 ms/pass, 1.89 tok/pass, accept p1 89 %
2026-10-06 14:01:00.758 INFO  sched: request 'chatcmpl-8fa7cab9f9466871' retired (steps): 256 tok in 12.6 s — prefill 37 tok (0 cached) in 211 ms; decode 255 tok / 138 passes in 12.4 s: 20.5 tok/s, 48.7 ms/tok, 90 ms/pass, 1.85 tok/pass, accept p1 85 %
2026-10-06 14:01:00.772 INFO  sched: request 'chatcmpl-8fa7cab9f9466873' starting prefill in slot 0 (36 prompt tokens)
2026-10-06 14:01:00.772 INFO  sched: request 'chatcmpl-8fa7cab9f9466874' starting prefill in slot 1 (37 prompt tokens)
2026-10-06 14:01:00.772 INFO  sched: request 'chatcmpl-8fa7cab9f9466875' starting prefill in slot 2 (40 prompt tokens)
2026-10-06 14:01:00.772 INFO  sched: request 'chatcmpl-8fa7cab9f9466876' starting prefill in slot 3 (39 prompt tokens)
2026-10-06 14:01:01.141 INFO  sched: request 'chatcmpl-8fa7cab9f9466873' prefix cache miss — 2 cut(s), the cache is empty
2026-10-06 14:01:01.141 INFO  sched: request 'chatcmpl-8fa7cab9f9466873' admitted to slot 0 (reserve 3 blocks; pool 6/3072 blocks in use) — first token 785
2026-10-06 14:01:01.141 INFO  sched: request 'chatcmpl-8fa7cab9f9466874' prefix cache miss — 2 cut(s), the cache is empty
2026-10-06 14:01:01.141 INFO  sched: request 'chatcmpl-8fa7cab9f9466874' admitted to slot 1 (reserve 3 blocks; pool 8/3072 blocks in use) — first token 785
2026-10-06 14:01:01.141 INFO  sched: request 'chatcmpl-8fa7cab9f9466875' prefix cache miss — 2 cut(s), the cache is empty
2026-10-06 14:01:01.141 INFO  sched: request 'chatcmpl-8fa7cab9f9466875' admitted to slot 2 (reserve 3 blocks; pool 10/3072 blocks in use) — first token 785
2026-10-06 14:01:01.141 INFO  sched: request 'chatcmpl-8fa7cab9f9466876' prefix cache miss — 2 cut(s), the cache is empty
2026-10-06 14:01:01.141 INFO  sched: request 'chatcmpl-8fa7cab9f9466876' admitted to slot 3 (reserve 3 blocks; pool 12/3072 blocks in use) — first token 785
2026-10-06 14:01:01.141 INFO  sched: 4 requests admitted together in one prefill (369 ms)
2026-10-06 14:01:01.208 INFO  sched: request 'chatcmpl-8fa7cab9f9466877' deferred (needs 3 blocks, 3060 free, 0 slot(s) open) — admits when a peer retires
2026-10-06 14:01:09.704 INFO  stats: rank 2 | 10.1 s | decode 79.9 tok/s, 11.9 ms/tok, 87.3 ms/step (110 steps / 804 tok, 95 % of wall) | mtp 1.89 tok/step/req, accept p1 88 % | prefill 4 prompts / 152 tok, 15 tok/s, 2.43 ms/tok, 92 ms avg (4 % of wall), 0 tok cached (0/4 hits) | live 4, queued 4 | pool 12/3072 blocks (0 %) | prefix cache 0/232 entries
2026-10-06 14:01:12.959 INFO  sched: request 'chatcmpl-8fa7cab9f9466876' retired (steps): 256 tok in 12.2 s — prefill 39 tok (0 cached) in 369 ms; decode 255 tok / 132 passes in 11.8 s: 21.6 tok/s, 46.3 ms/tok, 90 ms/pass, 1.93 tok/pass, accept p1 94 %
2026-10-06 14:01:12.959 INFO  sched: request 'chatcmpl-8fa7cab9f9466877' starting prefill in slot 3 (49 prompt tokens)
2026-10-06 14:01:13.201 INFO  sched: request 'chatcmpl-8fa7cab9f9466877' prefix cache miss — 2 cut(s), the cache is empty
2026-10-06 14:01:13.201 INFO  sched: request 'chatcmpl-8fa7cab9f9466877' admitted to slot 3 (reserve 3 blocks; pool 12/3072 blocks in use) — first token 785
2026-10-06 14:01:13.293 INFO  sched: request 'chatcmpl-8fa7cab9f9466878' deferred (needs 3 blocks, 3060 free, 0 slot(s) open) — admits when a peer retires
2026-10-06 14:01:13.479 INFO  sched: request 'chatcmpl-8fa7cab9f9466875' retired (steps): 256 tok in 12.7 s — prefill 40 tok (0 cached) in 369 ms; decode 255 tok / 135 passes in 12.3 s: 20.7 tok/s, 48.4 ms/tok, 91 ms/pass, 1.89 tok/pass, accept p1 89 %
2026-10-06 14:01:13.480 INFO  sched: request 'chatcmpl-8fa7cab9f9466878' starting prefill in slot 2 (38 prompt tokens)
2026-10-06 14:01:13.695 INFO  sched: request 'chatcmpl-8fa7cab9f9466878' prefix cache miss — 2 cut(s), the cache is empty
2026-10-06 14:01:13.695 INFO  sched: request 'chatcmpl-8fa7cab9f9466878' admitted to slot 2 (reserve 3 blocks; pool 12/3072 blocks in use) — first token 785
2026-10-06 14:01:13.787 INFO  sched: request 'chatcmpl-8fa7cab9f9466873' retired (steps): 256 tok in 13.0 s — prefill 36 tok (0 cached) in 369 ms; decode 255 tok / 136 passes in 12.6 s: 20.2 tok/s, 49.6 ms/tok, 93 ms/pass, 1.88 tok/pass, accept p1 88 %
2026-10-06 14:01:13.788 INFO  sched: request 'chatcmpl-8fa7cab9f9466879' starting prefill in slot 0 (42 prompt tokens)
2026-10-06 14:01:14.016 INFO  sched: request 'chatcmpl-8fa7cab9f9466879' prefix cache miss — 2 cut(s), the cache is empty
2026-10-06 14:01:14.016 INFO  sched: request 'chatcmpl-8fa7cab9f9466879' admitted to slot 0 (reserve 3 blocks; pool 12/3072 blocks in use) — first token 785
2026-10-06 14:01:14.104 INFO  sched: request 'chatcmpl-8fa7cab9f946687a' deferred (needs 3 blocks, 3060 free, 0 slot(s) open) — admits when a peer retires
2026-10-06 14:01:14.197 INFO  sched: request 'chatcmpl-8fa7cab9f9466874' retired (steps): 256 tok in 13.4 s — prefill 37 tok (0 cached) in 369 ms; decode 255 tok / 138 passes in 13.1 s: 19.5 tok/s, 51.2 ms/tok, 95 ms/pass, 1.85 tok/pass, accept p1 85 %
2026-10-06 14:01:14.197 INFO  sched: request 'chatcmpl-8fa7cab9f946687a' starting prefill in slot 1 (42 prompt tokens)
2026-10-06 14:01:14.428 INFO  sched: request 'chatcmpl-8fa7cab9f946687a' prefix cache miss — 2 cut(s), the cache is empty
2026-10-06 14:01:14.428 INFO  sched: request 'chatcmpl-8fa7cab9f946687a' admitted to slot 1 (reserve 3 blocks; pool 12/3072 blocks in use) — first token 785
2026-10-06 14:01:19.774 INFO  stats: rank 2 | 10.1 s | decode 77.3 tok/s, 11.7 ms/tok, 89.0 ms/step (102 steps / 778 tok, 90 % of wall) | mtp 1.91 tok/step/req, accept p1 90 % | prefill 4 prompts / 171 tok, 17 tok/s, 5.35 ms/tok, 229 ms avg (9 % of wall), 0 tok cached (0/4 hits) | live 4, queued 0 | pool 12/3072 blocks (0 %) | prefix cache 0/232 entries
2026-10-06 14:01:25.874 INFO  sched: request 'chatcmpl-8fa7cab9f9466877' retired (steps): 256 tok in 12.9 s — prefill 49 tok (0 cached) in 241 ms; decode 255 tok / 133 passes in 12.7 s: 20.1 tok/s, 49.7 ms/tok, 95 ms/pass, 1.92 tok/pass, accept p1 92 %
2026-10-06 14:01:26.248 INFO  sched: request 'chatcmpl-8fa7cab9f9466878' retired (steps): 256 tok in 12.8 s — prefill 38 tok (0 cached) in 215 ms; decode 255 tok / 135 passes in 12.6 s: 20.3 tok/s, 49.2 ms/tok, 93 ms/pass, 1.89 tok/pass, accept p1 89 %
2026-10-06 14:01:26.308 INFO  sched: request 'chatcmpl-8fa7cab9f946687a' retired (steps): 256 tok in 12.1 s — prefill 42 tok (0 cached) in 231 ms; decode 255 tok / 133 passes in 11.9 s: 21.5 tok/s, 46.6 ms/tok, 89 ms/pass, 1.92 tok/pass, accept p1 92 %
2026-10-06 14:01:26.349 INFO  sched: request 'chatcmpl-8fa7cab9f9466879' retired (steps): 256 tok in 12.6 s — prefill 42 tok (0 cached) in 228 ms; decode 255 tok / 136 passes in 12.3 s: 20.7 tok/s, 48.4 ms/tok, 91 ms/pass, 1.88 tok/pass, accept p1 88 %
2026-10-06 14:01:26.368 INFO  sched: request 'chatcmpl-8fa7cab9f946687b' starting prefill in slot 0 (49 prompt tokens)
2026-10-06 14:01:26.368 INFO  sched: request 'chatcmpl-8fa7cab9f946687c' starting prefill in slot 1 (40 prompt tokens)
2026-10-06 14:01:26.368 INFO  sched: request 'chatcmpl-8fa7cab9f946687d' starting prefill in slot 2 (42 prompt tokens)
2026-10-06 14:01:26.369 INFO  sched: request 'chatcmpl-8fa7cab9f946687e' starting prefill in slot 3 (37 prompt tokens)
2026-10-06 14:01:26.762 INFO  sched: request 'chatcmpl-8fa7cab9f946687b' prefix cache miss — 2 cut(s), the cache is empty
2026-10-06 14:01:26.762 INFO  sched: request 'chatcmpl-8fa7cab9f946687b' admitted to slot 0 (reserve 3 blocks; pool 6/3072 blocks in use) — first token 785
2026-10-06 14:01:26.762 INFO  sched: request 'chatcmpl-8fa7cab9f946687c' prefix cache miss — 2 cut(s), the cache is empty
2026-10-06 14:01:26.762 INFO  sched: request 'chatcmpl-8fa7cab9f946687c' admitted to slot 1 (reserve 3 blocks; pool 8/3072 blocks in use) — first token 785
2026-10-06 14:01:26.762 INFO  sched: request 'chatcmpl-8fa7cab9f946687d' prefix cache miss — 2 cut(s), the cache is empty
2026-10-06 14:01:26.762 INFO  sched: request 'chatcmpl-8fa7cab9f946687d' admitted to slot 2 (reserve 3 blocks; pool 10/3072 blocks in use) — first token 785
2026-10-06 14:01:26.762 INFO  sched: request 'chatcmpl-8fa7cab9f946687e' prefix cache miss — 2 cut(s), the cache is empty
2026-10-06 14:01:26.762 INFO  sched: request 'chatcmpl-8fa7cab9f946687e' admitted to slot 3 (reserve 3 blocks; pool 12/3072 blocks in use) — first token 785
2026-10-06 14:01:26.762 INFO  sched: 4 requests admitted together in one prefill (394 ms)
2026-10-06 14:01:26.830 INFO  sched: request 'chatcmpl-8fa7cab9f946687f' deferred (needs 3 blocks, 3060 free, 0 slot(s) open) — admits when a peer retires
2026-10-06 14:01:29.788 INFO  stats: rank 2 | 10.0 s | decode 81.4 tok/s, 11.7 ms/tok, 87.4 ms/step (109 steps / 815 tok, 95 % of wall) | mtp 1.91 tok/step/req, accept p1 90 % | prefill 4 prompts / 168 tok, 17 tok/s, 2.34 ms/tok, 98 ms avg (4 % of wall), 0 tok cached (0/4 hits) | live 4, queued 4 | pool 12/3072 blocks (0 %) | prefix cache 0/232 entries
2026-10-06 14:01:38.715 INFO  sched: request 'chatcmpl-8fa7cab9f946687b' retired (steps): 256 tok in 12.3 s — prefill 49 tok (0 cached) in 394 ms; decode 255 tok / 133 passes in 12.0 s: 21.3 tok/s, 46.9 ms/tok, 90 ms/pass, 1.92 tok/pass, accept p1 92 %
2026-10-06 14:01:38.715 INFO  sched: request 'chatcmpl-8fa7cab9f946687f' starting prefill in slot 0 (38 prompt tokens)
2026-10-06 14:01:38.936 INFO  sched: request 'chatcmpl-8fa7cab9f946687f' prefix cache miss — 2 cut(s), the cache is empty
2026-10-06 14:01:38.936 INFO  sched: request 'chatcmpl-8fa7cab9f946687f' admitted to slot 0 (reserve 3 blocks; pool 12/3072 blocks in use) — first token 785
2026-10-06 14:01:39.028 INFO  sched: request 'chatcmpl-8fa7cab9f9466880' deferred (needs 3 blocks, 3060 free, 0 slot(s) open) — admits when a peer retires
2026-10-06 14:01:39.125 INFO  sched: request 'chatcmpl-8fa7cab9f946687c' retired (steps): 256 tok in 12.8 s — prefill 40 tok (0 cached) in 394 ms; decode 255 tok / 135 passes in 12.4 s: 20.6 tok/s, 48.5 ms/tok, 92 ms/pass, 1.89 tok/pass, accept p1 89 %
2026-10-06 14:01:39.125 INFO  sched: request 'chatcmpl-8fa7cab9f9466880' starting prefill in slot 1 (42 prompt tokens)
2026-10-06 14:01:39.358 INFO  sched: request 'chatcmpl-8fa7cab9f9466880' prefix cache miss — 2 cut(s), the cache is empty
2026-10-06 14:01:39.358 INFO  sched: request 'chatcmpl-8fa7cab9f9466880' admitted to slot 1 (reserve 3 blocks; pool 12/3072 blocks in use) — first token 785
2026-10-06 14:01:39.450 INFO  sched: request 'chatcmpl-8fa7cab9f946687d' retired (steps): 256 tok in 13.1 s — prefill 42 tok (0 cached) in 394 ms; decode 255 tok / 136 passes in 12.7 s: 20.1 tok/s, 49.8 ms/tok, 93 ms/pass, 1.88 tok/pass, accept p1 88 %
2026-10-06 14:01:39.451 INFO  sched: request 'chatcmpl-8fa7cab9f9466881' starting prefill in slot 2 (39 prompt tokens)
2026-10-06 14:01:39.674 INFO  sched: request 'chatcmpl-8fa7cab9f9466881' prefix cache miss — 2 cut(s), the cache is empty
2026-10-06 14:01:39.674 INFO  sched: request 'chatcmpl-8fa7cab9f9466881' admitted to slot 2 (reserve 3 blocks; pool 12/3072 blocks in use) — first token 785
2026-10-06 14:01:39.764 INFO  sched: request 'chatcmpl-8fa7cab9f9466882' deferred (needs 3 blocks, 3060 free, 0 slot(s) open) — admits when a peer retires
2026-10-06 14:01:39.856 INFO  sched: request 'chatcmpl-8fa7cab9f946687e' retired (steps): 256 tok in 13.5 s — prefill 37 tok (0 cached) in 394 ms; decode 255 tok / 138 passes in 13.1 s: 19.5 tok/s, 51.3 ms/tok, 95 ms/pass, 1.85 tok/pass, accept p1 85 %
2026-10-06 14:01:39.856 INFO  stats: rank 2 | 10.1 s | decode 77.3 tok/s, 12.0 ms/tok, 90.4 ms/step (103 steps / 778 tok, 92 % of wall) | mtp 1.89 tok/step/req, accept p1 88 % | prefill 3 prompts / 119 tok, 12 tok/s, 5.61 ms/tok, 222 ms avg (7 % of wall), 0 tok cached (0/3 hits) | live 3, queued 1 | pool 9/3072 blocks (0 %) | prefix cache 0/232 entries
2026-10-06 14:01:39.857 INFO  sched: request 'chatcmpl-8fa7cab9f9466882' starting prefill in slot 3 (36 prompt tokens)
2026-10-06 14:01:40.072 INFO  sched: request 'chatcmpl-8fa7cab9f9466882' prefix cache miss — 2 cut(s), the cache is empty
2026-10-06 14:01:40.072 INFO  sched: request 'chatcmpl-8fa7cab9f9466882' admitted to slot 3 (reserve 3 blocks; pool 12/3072 blocks in use) — first token 785
2026-10-06 14:01:49.936 INFO  stats: rank 2 | 10.1 s | decode 83.2 tok/s, 11.7 ms/tok, 89.1 ms/step (110 steps / 839 tok, 97 % of wall) | mtp 1.91 tok/step/req, accept p1 90 % | prefill 1 prompt / 36 tok, 4 tok/s, 5.97 ms/tok, 215 ms avg (2 % of wall), 0 tok cached (0/1 hit) | live 4, queued 0 | pool 12/3072 blocks (0 %) | prefix cache 0/232 entries
2026-10-06 14:01:51.761 INFO  sched: request 'chatcmpl-8fa7cab9f946687f' retired (steps): 256 tok in 13.0 s — prefill 38 tok (0 cached) in 211 ms; decode 255 tok / 135 passes in 12.8 s: 19.9 tok/s, 50.3 ms/tok, 95 ms/pass, 1.89 tok/pass, accept p1 89 %
2026-10-06 14:01:51.761 INFO  sched: request 'chatcmpl-8fa7cab9f9466880' retired (steps): 256 tok in 12.6 s — prefill 42 tok (0 cached) in 233 ms; decode 255 tok / 133 passes in 12.4 s: 20.6 tok/s, 48.6 ms/tok, 93 ms/pass, 1.92 tok/pass, accept p1 92 %
2026-10-06 14:01:51.761 INFO  sched: request 'chatcmpl-8fa7cab9f9466881' retired (steps): 256 tok in 12.3 s — prefill 39 tok (0 cached) in 223 ms; decode 255 tok / 132 passes in 12.1 s: 21.1 tok/s, 47.4 ms/tok, 92 ms/pass, 1.93 tok/pass, accept p1 94 %
2026-10-06 14:01:51.996 INFO  sched: request 'chatcmpl-8fa7cab9f9466882' retired (steps): 256 tok in 12.1 s — prefill 36 tok (0 cached) in 215 ms; decode 255 tok / 136 passes in 11.9 s: 21.4 tok/s, 46.8 ms/tok, 88 ms/pass, 1.88 tok/pass, accept p1 88 %
2026-10-06 14:01:52.068 INFO  sched: request 'chatcmpl-8fa7cab9f9466883' starting prefill in slot 0 (40 prompt tokens)
2026-10-06 14:01:52.299 INFO  sched: request 'chatcmpl-8fa7cab9f9466883' prefix cache miss — 2 cut(s), the cache is empty
2026-10-06 14:01:52.299 INFO  sched: request 'chatcmpl-8fa7cab9f9466883' admitted to slot 0 (reserve 3 blocks; pool 3/3072 blocks in use) — first token 785
2026-10-06 14:01:57.777 INFO  sched: request 'chatcmpl-8fa7cab9f9466883' retired (steps): 256 tok in 5.7 s — prefill 40 tok (0 cached) in 231 ms; decode 255 tok / 143 passes in 5.5 s: 46.5 tok/s, 21.5 ms/tok, 38 ms/pass, 1.78 tok/pass, accept p1 78 %
2026-10-06 14:01:57.802 INFO  sched: request 'chatcmpl-8fa7cab9f9466884' starting prefill in slot 0 (40 prompt tokens)
2026-10-06 14:01:58.026 INFO  sched: request 'chatcmpl-8fa7cab9f9466884' prefix cache miss — 2 cut(s), the cache is empty
2026-10-06 14:01:58.026 INFO  sched: request 'chatcmpl-8fa7cab9f9466884' admitted to slot 0 (reserve 3 blocks; pool 3/3072 blocks in use) — first token 785
2026-10-06 14:01:59.947 INFO  stats: rank 2 | 10.0 s | decode 51.2 tok/s, 18.2 ms/tok, 42.6 ms/step (219 steps / 513 tok, 93 % of wall) | mtp 1.84 tok/step/req, accept p1 84 % | prefill 2 prompts / 80 tok, 8 tok/s, 5.68 ms/tok, 227 ms avg (5 % of wall), 0 tok cached (0/2 hits) | live 1, queued 0 | pool 3/3072 blocks (0 %) | prefix cache 0/232 entries
2026-10-06 14:02:03.495 INFO  sched: request 'chatcmpl-8fa7cab9f9466884' retired (steps): 256 tok in 5.7 s — prefill 40 tok (0 cached) in 224 ms; decode 255 tok / 143 passes in 5.5 s: 46.6 tok/s, 21.5 ms/tok, 38 ms/pass, 1.78 tok/pass, accept p1 78 %
2026-10-06 14:02:03.515 INFO  sched: request 'chatcmpl-8fa7cab9f9466885' starting prefill in slot 0 (40 prompt tokens)
2026-10-06 14:02:03.740 INFO  sched: request 'chatcmpl-8fa7cab9f9466885' prefix cache miss — 2 cut(s), the cache is empty
2026-10-06 14:02:03.740 INFO  sched: request 'chatcmpl-8fa7cab9f9466885' admitted to slot 0 (reserve 3 blocks; pool 3/3072 blocks in use) — first token 785
2026-10-06 14:02:09.204 INFO  sched: request 'chatcmpl-8fa7cab9f9466885' retired (steps): 256 tok in 5.7 s — prefill 40 tok (0 cached) in 225 ms; decode 255 tok / 143 passes in 5.5 s: 46.7 tok/s, 21.4 ms/tok, 38 ms/pass, 1.78 tok/pass, accept p1 78 %
2026-10-06 14:02:09.297 INFO  sched: request 'chatcmpl-8fa7cab9f9466886' starting prefill in slot 0 (40 prompt tokens)
2026-10-06 14:02:09.297 INFO  sched: request 'chatcmpl-8fa7cab9f9466887' starting prefill in slot 1 (41 prompt tokens)
2026-10-06 14:02:09.597 INFO  sched: request 'chatcmpl-8fa7cab9f9466886' prefix cache miss — 2 cut(s), the cache is empty
2026-10-06 14:02:09.597 INFO  sched: request 'chatcmpl-8fa7cab9f9466886' admitted to slot 0 (reserve 3 blocks; pool 4/3072 blocks in use) — first token 785
2026-10-06 14:02:09.597 INFO  sched: request 'chatcmpl-8fa7cab9f9466887' prefix cache miss — 2 cut(s), the cache is empty
2026-10-06 14:02:09.597 INFO  sched: request 'chatcmpl-8fa7cab9f9466887' admitted to slot 1 (reserve 3 blocks; pool 6/3072 blocks in use) — first token 785
2026-10-06 14:02:09.597 INFO  sched: 2 requests admitted together in one prefill (300 ms)
2026-10-06 14:02:09.964 INFO  stats: rank 2 | 10.0 s | decode 44.6 tok/s, 20.7 ms/tok, 38.0 ms/step (243 steps / 447 tok, 92 % of wall) | mtp 1.79 tok/step/req, accept p1 78 % | prefill 3 prompts / 121 tok, 12 tok/s, 4.34 ms/tok, 175 ms avg (5 % of wall), 0 tok cached (0/3 hits) | live 2, queued 0 | pool 6/3072 blocks (0 %) | prefix cache 0/232 entries
2026-10-06 14:02:17.575 INFO  sched: request 'chatcmpl-8fa7cab9f9466886' retired (steps): 256 tok in 8.3 s — prefill 40 tok (0 cached) in 300 ms; decode 255 tok / 142 passes in 8.0 s: 32.0 tok/s, 31.3 ms/tok, 56 ms/pass, 1.80 tok/pass, accept p1 80 %
2026-10-06 14:02:17.806 INFO  sched: request 'chatcmpl-8fa7cab9f9466887' retired (steps): 256 tok in 8.5 s — prefill 41 tok (0 cached) in 300 ms; decode 255 tok / 148 passes in 8.2 s: 31.1 tok/s, 32.2 ms/tok, 55 ms/pass, 1.72 tok/pass, accept p1 72 %
2026-10-06 14:02:17.815 INFO  sched: request 'chatcmpl-8fa7cab9f9466888' starting prefill in slot 0 (40 prompt tokens)
2026-10-06 14:02:17.815 INFO  sched: request 'chatcmpl-8fa7cab9f9466889' starting prefill in slot 1 (41 prompt tokens)
2026-10-06 14:02:18.105 INFO  sched: request 'chatcmpl-8fa7cab9f9466888' prefix cache miss — 2 cut(s), the cache is empty
2026-10-06 14:02:18.105 INFO  sched: request 'chatcmpl-8fa7cab9f9466888' admitted to slot 0 (reserve 3 blocks; pool 4/3072 blocks in use) — first token 785
2026-10-06 14:02:18.105 INFO  sched: request 'chatcmpl-8fa7cab9f9466889' prefix cache miss — 2 cut(s), the cache is empty
2026-10-06 14:02:18.105 INFO  sched: request 'chatcmpl-8fa7cab9f9466889' admitted to slot 1 (reserve 3 blocks; pool 6/3072 blocks in use) — first token 785
2026-10-06 14:02:18.105 INFO  sched: 2 requests admitted together in one prefill (290 ms)
2026-10-06 14:02:19.995 INFO  stats: rank 2 | 10.0 s | decode 60.8 tok/s, 15.8 ms/tok, 55.0 ms/step (175 steps / 610 tok, 96 % of wall) | mtp 1.77 tok/step/req, accept p1 77 % | prefill 2 prompts / 81 tok, 8 tok/s, 3.58 ms/tok, 145 ms avg (3 % of wall), 0 tok cached (0/2 hits) | live 2, queued 0 | pool 6/3072 blocks (0 %) | prefix cache 0/232 entries
2026-10-06 14:02:26.087 INFO  sched: request 'chatcmpl-8fa7cab9f9466888' retired (steps): 256 tok in 8.3 s — prefill 40 tok (0 cached) in 290 ms; decode 255 tok / 142 passes in 8.0 s: 31.9 tok/s, 31.3 ms/tok, 56 ms/pass, 1.80 tok/pass, accept p1 80 %
2026-10-06 14:02:26.318 INFO  sched: request 'chatcmpl-8fa7cab9f9466889' retired (steps): 256 tok in 8.5 s — prefill 41 tok (0 cached) in 290 ms; decode 255 tok / 148 passes in 8.2 s: 31.1 tok/s, 32.2 ms/tok, 55 ms/pass, 1.72 tok/pass, accept p1 72 %
2026-10-06 14:02:26.353 INFO  sched: request 'chatcmpl-8fa7cab9f946688a' starting prefill in slot 0 (40 prompt tokens)
2026-10-06 14:02:26.353 INFO  sched: request 'chatcmpl-8fa7cab9f946688b' starting prefill in slot 1 (41 prompt tokens)
2026-10-06 14:02:26.649 INFO  sched: request 'chatcmpl-8fa7cab9f946688a' prefix cache miss — 2 cut(s), the cache is empty
2026-10-06 14:02:26.649 INFO  sched: request 'chatcmpl-8fa7cab9f946688a' admitted to slot 0 (reserve 3 blocks; pool 4/3072 blocks in use) — first token 785
2026-10-06 14:02:26.649 INFO  sched: request 'chatcmpl-8fa7cab9f946688b' prefix cache miss — 2 cut(s), the cache is empty
2026-10-06 14:02:26.649 INFO  sched: request 'chatcmpl-8fa7cab9f946688b' admitted to slot 1 (reserve 3 blocks; pool 6/3072 blocks in use) — first token 785
2026-10-06 14:02:26.649 INFO  sched: 2 requests admitted together in one prefill (296 ms)
2026-10-06 14:02:30.045 INFO  stats: rank 2 | 10.1 s | decode 60.4 tok/s, 15.8 ms/tok, 54.9 ms/step (175 steps / 607 tok, 96 % of wall) | mtp 1.76 tok/step/req, accept p1 76 % | prefill 2 prompts / 81 tok, 8 tok/s, 3.66 ms/tok, 148 ms avg (3 % of wall), 0 tok cached (0/2 hits) | live 2, queued 0 | pool 6/3072 blocks (0 %) | prefix cache 0/232 entries
2026-10-06 14:02:34.604 INFO  sched: request 'chatcmpl-8fa7cab9f946688a' retired (steps): 256 tok in 8.3 s — prefill 40 tok (0 cached) in 296 ms; decode 255 tok / 142 passes in 8.0 s: 32.1 tok/s, 31.2 ms/tok, 56 ms/pass, 1.80 tok/pass, accept p1 80 %
2026-10-06 14:02:34.843 INFO  sched: request 'chatcmpl-8fa7cab9f946688b' retired (steps): 256 tok in 8.5 s — prefill 41 tok (0 cached) in 296 ms; decode 255 tok / 148 passes in 8.2 s: 31.1 tok/s, 32.1 ms/tok, 55 ms/pass, 1.72 tok/pass, accept p1 72 %
2026-10-06 14:02:34.925 INFO  sched: request 'chatcmpl-8fa7cab9f946688c' starting prefill in slot 0 (31 prompt tokens)
2026-10-06 14:02:34.925 INFO  sched: request 'chatcmpl-8fa7cab9f946688d' starting prefill in slot 1 (31 prompt tokens)
2026-10-06 14:02:34.925 INFO  sched: request 'chatcmpl-8fa7cab9f946688e' starting prefill in slot 2 (40 prompt tokens)
2026-10-06 14:02:34.925 INFO  sched: request 'chatcmpl-8fa7cab9f946688f' starting prefill in slot 3 (31 prompt tokens)
2026-10-06 14:02:35.284 INFO  sched: request 'chatcmpl-8fa7cab9f946688c' prefix cache miss — 2 cut(s), the cache is empty
2026-10-06 14:02:35.284 INFO  sched: request 'chatcmpl-8fa7cab9f946688c' admitted to slot 0 (reserve 3 blocks; pool 6/3072 blocks in use) — first token 785
2026-10-06 14:02:35.284 INFO  sched: request 'chatcmpl-8fa7cab9f946688d' prefix cache miss — 2 cut(s), the cache is empty
2026-10-06 14:02:35.284 INFO  sched: request 'chatcmpl-8fa7cab9f946688d' admitted to slot 1 (reserve 3 blocks; pool 8/3072 blocks in use) — first token 785
2026-10-06 14:02:35.284 INFO  sched: request 'chatcmpl-8fa7cab9f946688e' prefix cache miss — 2 cut(s), the cache is empty
2026-10-06 14:02:35.284 INFO  sched: request 'chatcmpl-8fa7cab9f946688e' admitted to slot 2 (reserve 3 blocks; pool 10/3072 blocks in use) — first token 785
2026-10-06 14:02:35.284 INFO  sched: request 'chatcmpl-8fa7cab9f946688f' prefix cache miss — 2 cut(s), the cache is empty
2026-10-06 14:02:35.284 INFO  sched: request 'chatcmpl-8fa7cab9f946688f' admitted to slot 3 (reserve 3 blocks; pool 12/3072 blocks in use) — first token 785
2026-10-06 14:02:35.284 INFO  sched: 4 requests admitted together in one prefill (359 ms)
2026-10-06 14:02:40.114 INFO  stats: rank 2 | 10.1 s | decode 68.1 tok/s, 13.9 ms/tok, 67.2 ms/step (142 steps / 686 tok, 95 % of wall) | mtp 1.77 tok/step/req, accept p1 76 % | prefill 4 prompts / 133 tok, 13 tok/s, 2.70 ms/tok, 90 ms avg (4 % of wall), 0 tok cached (0/4 hits) | live 4, queued 0 | pool 12/3072 blocks (0 %) | prefix cache 0/232 entries
2026-10-06 14:02:47.696 INFO  sched: request 'chatcmpl-8fa7cab9f946688e' retired (steps): 256 tok in 12.8 s — prefill 40 tok (0 cached) in 359 ms; decode 255 tok / 140 passes in 12.4 s: 20.5 tok/s, 48.7 ms/tok, 89 ms/pass, 1.82 tok/pass, accept p1 82 %
2026-10-06 14:02:47.791 INFO  sched: request 'chatcmpl-8fa7cab9f946688c' retired (steps): 256 tok in 12.9 s — prefill 31 tok (0 cached) in 359 ms; decode 255 tok / 141 passes in 12.5 s: 20.4 tok/s, 49.0 ms/tok, 89 ms/pass, 1.81 tok/pass, accept p1 81 %
2026-10-06 14:02:47.882 INFO  sched: request 'chatcmpl-8fa7cab9f946688d' retired (steps): 256 tok in 13.0 s — prefill 31 tok (0 cached) in 359 ms; decode 255 tok / 142 passes in 12.6 s: 20.2 tok/s, 49.4 ms/tok, 89 ms/pass, 1.80 tok/pass, accept p1 80 %
2026-10-06 14:02:47.921 INFO  sched: request 'chatcmpl-8fa7cab9f946688f' retired (steps): 256 tok in 13.0 s — prefill 31 tok (0 cached) in 359 ms; decode 255 tok / 143 passes in 12.6 s: 20.2 tok/s, 49.6 ms/tok, 88 ms/pass, 1.78 tok/pass, accept p1 78 %
2026-10-06 14:02:47.936 INFO  sched: request 'chatcmpl-8fa7cab9f9466890' starting prefill in slot 0 (40 prompt tokens)
2026-10-06 14:02:47.936 INFO  sched: request 'chatcmpl-8fa7cab9f9466891' starting prefill in slot 1 (31 prompt tokens)
2026-10-06 14:02:47.936 INFO  sched: request 'chatcmpl-8fa7cab9f9466892' starting prefill in slot 2 (31 prompt tokens)
2026-10-06 14:02:47.936 INFO  sched: request 'chatcmpl-8fa7cab9f9466893' starting prefill in slot 3 (31 prompt tokens)
2026-10-06 14:02:48.291 INFO  sched: request 'chatcmpl-8fa7cab9f9466890' prefix cache miss — 2 cut(s), the cache is empty
2026-10-06 14:02:48.291 INFO  sched: request 'chatcmpl-8fa7cab9f9466890' admitted to slot 0 (reserve 3 blocks; pool 6/3072 blocks in use) — first token 785
2026-10-06 14:02:48.291 INFO  sched: request 'chatcmpl-8fa7cab9f9466891' prefix cache miss — 2 cut(s), the cache is empty
2026-10-06 14:02:48.291 INFO  sched: request 'chatcmpl-8fa7cab9f9466891' admitted to slot 1 (reserve 3 blocks; pool 8/3072 blocks in use) — first token 785
2026-10-06 14:02:48.291 INFO  sched: request 'chatcmpl-8fa7cab9f9466892' prefix cache miss — 2 cut(s), the cache is empty
2026-10-06 14:02:48.291 INFO  sched: request 'chatcmpl-8fa7cab9f9466892' admitted to slot 2 (reserve 3 blocks; pool 10/3072 blocks in use) — first token 785
2026-10-06 14:02:48.291 INFO  sched: request 'chatcmpl-8fa7cab9f9466893' prefix cache miss — 2 cut(s), the cache is empty
2026-10-06 14:02:48.291 INFO  sched: request 'chatcmpl-8fa7cab9f9466893' admitted to slot 3 (reserve 3 blocks; pool 12/3072 blocks in use) — first token 785
2026-10-06 14:02:48.291 INFO  sched: 4 requests admitted together in one prefill (355 ms)
2026-10-06 14:02:50.181 INFO  stats: rank 2 | 10.1 s | decode 79.3 tok/s, 12.0 ms/tok, 87.4 ms/step (110 steps / 798 tok, 96 % of wall) | mtp 1.84 tok/step/req, accept p1 83 % | prefill 4 prompts / 133 tok, 13 tok/s, 2.67 ms/tok, 89 ms avg (4 % of wall), 0 tok cached (0/4 hits) | live 4, queued 0 | pool 12/3072 blocks (0 %) | prefix cache 0/232 entries
2026-10-06 14:03:00.264 INFO  stats: rank 2 | 10.1 s | decode 79.9 tok/s, 12.4 ms/tok, 88.6 ms/step (113 steps / 806 tok, 99 % of wall) | mtp 1.78 tok/step/req, accept p1 78 % | prefill 0 prompts / 0 tok, 0 tok cached (0/0 hits) | live 4, queued 0 | pool 12/3072 blocks (0 %) | prefix cache 0/232 entries
2026-10-06 14:03:00.717 INFO  sched: request 'chatcmpl-8fa7cab9f9466890' retired (steps): 256 tok in 12.8 s — prefill 40 tok (0 cached) in 355 ms; decode 255 tok / 140 passes in 12.4 s: 20.5 tok/s, 48.7 ms/tok, 89 ms/pass, 1.82 tok/pass, accept p1 82 %
2026-10-06 14:03:00.811 INFO  sched: request 'chatcmpl-8fa7cab9f9466891' retired (steps): 256 tok in 12.9 s — prefill 31 tok (0 cached) in 355 ms; decode 255 tok / 141 passes in 12.5 s: 20.4 tok/s, 49.1 ms/tok, 89 ms/pass, 1.81 tok/pass, accept p1 81 %
2026-10-06 14:03:00.899 INFO  sched: request 'chatcmpl-8fa7cab9f9466892' retired (steps): 256 tok in 13.0 s — prefill 31 tok (0 cached) in 355 ms; decode 255 tok / 142 passes in 12.6 s: 20.2 tok/s, 49.4 ms/tok, 89 ms/pass, 1.80 tok/pass, accept p1 80 %
2026-10-06 14:03:00.939 INFO  sched: request 'chatcmpl-8fa7cab9f9466893' retired (steps): 256 tok in 13.0 s — prefill 31 tok (0 cached) in 355 ms; decode 255 tok / 143 passes in 12.6 s: 20.2 tok/s, 49.6 ms/tok, 88 ms/pass, 1.78 tok/pass, accept p1 78 %
2026-10-06 14:03:00.974 INFO  sched: request 'chatcmpl-8fa7cab9f9466894' starting prefill in slot 0 (31 prompt tokens)
2026-10-06 14:03:00.974 INFO  sched: request 'chatcmpl-8fa7cab9f9466895' starting prefill in slot 1 (40 prompt tokens)
2026-10-06 14:03:00.974 INFO  sched: request 'chatcmpl-8fa7cab9f9466896' starting prefill in slot 2 (31 prompt tokens)
2026-10-06 14:03:00.974 INFO  sched: request 'chatcmpl-8fa7cab9f9466897' starting prefill in slot 3 (31 prompt tokens)
2026-10-06 14:03:01.341 INFO  sched: request 'chatcmpl-8fa7cab9f9466894' prefix cache miss — 2 cut(s), the cache is empty
2026-10-06 14:03:01.341 INFO  sched: request 'chatcmpl-8fa7cab9f9466894' admitted to slot 0 (reserve 3 blocks; pool 6/3072 blocks in use) — first token 785
2026-10-06 14:03:01.341 INFO  sched: request 'chatcmpl-8fa7cab9f9466895' prefix cache miss — 2 cut(s), the cache is empty
2026-10-06 14:03:01.341 INFO  sched: request 'chatcmpl-8fa7cab9f9466895' admitted to slot 1 (reserve 3 blocks; pool 8/3072 blocks in use) — first token 785
2026-10-06 14:03:01.341 INFO  sched: request 'chatcmpl-8fa7cab9f9466896' prefix cache miss — 2 cut(s), the cache is empty
2026-10-06 14:03:01.341 INFO  sched: request 'chatcmpl-8fa7cab9f9466896' admitted to slot 2 (reserve 3 blocks; pool 10/3072 blocks in use) — first token 785
2026-10-06 14:03:01.341 INFO  sched: request 'chatcmpl-8fa7cab9f9466897' prefix cache miss — 2 cut(s), the cache is empty
2026-10-06 14:03:01.341 INFO  sched: request 'chatcmpl-8fa7cab9f9466897' admitted to slot 3 (reserve 3 blocks; pool 12/3072 blocks in use) — first token 785
2026-10-06 14:03:01.341 INFO  sched: 4 requests admitted together in one prefill (368 ms)
2026-10-06 14:03:10.278 INFO  stats: rank 2 | 10.0 s | decode 78.2 tok/s, 12.2 ms/tok, 87.4 ms/step (109 steps / 783 tok, 95 % of wall) | mtp 1.82 tok/step/req, accept p1 81 % | prefill 4 prompts / 133 tok, 13 tok/s, 2.76 ms/tok, 92 ms avg (4 % of wall), 0 tok cached (0/4 hits) | live 4, queued 0 | pool 12/3072 blocks (0 %) | prefix cache 0/232 entries
2026-10-06 14:03:13.754 INFO  sched: request 'chatcmpl-8fa7cab9f9466895' retired (steps): 256 tok in 12.8 s — prefill 40 tok (0 cached) in 368 ms; decode 255 tok / 140 passes in 12.4 s: 20.5 tok/s, 48.7 ms/tok, 89 ms/pass, 1.82 tok/pass, accept p1 82 %
2026-10-06 14:03:13.847 INFO  sched: request 'chatcmpl-8fa7cab9f9466896' retired (steps): 256 tok in 12.9 s — prefill 31 tok (0 cached) in 368 ms; decode 255 tok / 141 passes in 12.5 s: 20.4 tok/s, 49.0 ms/tok, 89 ms/pass, 1.81 tok/pass, accept p1 81 %
2026-10-06 14:03:13.935 INFO  sched: request 'chatcmpl-8fa7cab9f9466894' retired (steps): 256 tok in 13.0 s — prefill 31 tok (0 cached) in 368 ms; decode 255 tok / 142 passes in 12.6 s: 20.2 tok/s, 49.4 ms/tok, 89 ms/pass, 1.80 tok/pass, accept p1 80 %
2026-10-06 14:03:13.974 INFO  sched: request 'chatcmpl-8fa7cab9f9466897' retired (steps): 256 tok in 13.0 s — prefill 31 tok (0 cached) in 368 ms; decode 255 tok / 143 passes in 12.6 s: 20.2 tok/s, 49.5 ms/tok, 88 ms/pass, 1.78 tok/pass, accept p1 78 %
2026-10-06 14:03:14.029 INFO  sched: request 'chatcmpl-8fa7cab9f9466898' starting prefill in slot 0 (31 prompt tokens)
2026-10-06 14:03:14.029 INFO  sched: request 'chatcmpl-8fa7cab9f9466899' starting prefill in slot 1 (30 prompt tokens)
2026-10-06 14:03:14.029 INFO  sched: request 'chatcmpl-8fa7cab9f946689a' starting prefill in slot 2 (31 prompt tokens)
2026-10-06 14:03:14.029 INFO  sched: request 'chatcmpl-8fa7cab9f946689b' starting prefill in slot 3 (30 prompt tokens)
2026-10-06 14:03:14.351 INFO  sched: request 'chatcmpl-8fa7cab9f9466898' prefix cache miss — 2 cut(s), the cache is empty
2026-10-06 14:03:14.351 INFO  sched: request 'chatcmpl-8fa7cab9f9466898' admitted to slot 0 (reserve 3 blocks; pool 6/3072 blocks in use) — first token 785
2026-10-06 14:03:14.351 INFO  sched: request 'chatcmpl-8fa7cab9f9466899' prefix cache miss — 2 cut(s), the cache is empty
2026-10-06 14:03:14.351 INFO  sched: request 'chatcmpl-8fa7cab9f9466899' admitted to slot 1 (reserve 3 blocks; pool 8/3072 blocks in use) — first token 785
2026-10-06 14:03:14.351 INFO  sched: request 'chatcmpl-8fa7cab9f946689a' prefix cache miss — 2 cut(s), the cache is empty
2026-10-06 14:03:14.351 INFO  sched: request 'chatcmpl-8fa7cab9f946689a' admitted to slot 2 (reserve 3 blocks; pool 10/3072 blocks in use) — first token 785
2026-10-06 14:03:14.351 INFO  sched: request 'chatcmpl-8fa7cab9f946689b' prefix cache miss — 2 cut(s), the cache is empty
2026-10-06 14:03:14.351 INFO  sched: request 'chatcmpl-8fa7cab9f946689b' admitted to slot 3 (reserve 3 blocks; pool 12/3072 blocks in use) — first token 785
2026-10-06 14:03:14.351 INFO  sched: 4 requests admitted together in one prefill (322 ms)
2026-10-06 14:03:14.416 INFO  sched: request 'chatcmpl-8fa7cab9f946689c' deferred (needs 3 blocks, 3060 free, 0 slot(s) open) — admits when a peer retires
2026-10-06 14:03:20.282 INFO  stats: rank 2 | 10.0 s | decode 78.6 tok/s, 12.1 ms/tok, 86.7 ms/step (110 steps / 786 tok, 95 % of wall) | mtp 1.81 tok/step/req, accept p1 80 % | prefill 4 prompts / 122 tok, 12 tok/s, 2.64 ms/tok, 80 ms avg (3 % of wall), 0 tok cached (0/4 hits) | live 4, queued 4 | pool 12/3072 blocks (0 %) | prefix cache 0/232 entries
2026-10-06 14:03:26.535 INFO  sched: request 'chatcmpl-8fa7cab9f946689a' retired (steps): 256 tok in 12.5 s — prefill 31 tok (0 cached) in 322 ms; decode 255 tok / 137 passes in 12.2 s: 20.9 tok/s, 47.8 ms/tok, 89 ms/pass, 1.86 tok/pass, accept p1 86 %
2026-10-06 14:03:26.535 INFO  sched: request 'chatcmpl-8fa7cab9f946689c' starting prefill in slot 2 (31 prompt tokens)
2026-10-06 14:03:26.739 INFO  sched: request 'chatcmpl-8fa7cab9f946689c' prefix cache miss — 2 cut(s), the cache is empty
2026-10-06 14:03:26.739 INFO  sched: request 'chatcmpl-8fa7cab9f946689c' admitted to slot 2 (reserve 3 blocks; pool 12/3072 blocks in use) — first token 785
2026-10-06 14:03:26.832 INFO  sched: request 'chatcmpl-8fa7cab9f946689d' deferred (needs 3 blocks, 3060 free, 0 slot(s) open) — admits when a peer retires
2026-10-06 14:03:26.926 INFO  sched: request 'chatcmpl-8fa7cab9f9466898' retired (steps): 256 tok in 12.9 s — prefill 31 tok (0 cached) in 322 ms; decode 255 tok / 139 passes in 12.6 s: 20.3 tok/s, 49.3 ms/tok, 90 ms/pass, 1.83 tok/pass, accept p1 84 %
2026-10-06 14:03:26.927 INFO  sched: request 'chatcmpl-8fa7cab9f946689d' starting prefill in slot 0 (30 prompt tokens)
2026-10-06 14:03:27.122 INFO  sched: request 'chatcmpl-8fa7cab9f946689d' prefix cache miss — 2 cut(s), the cache is empty
2026-10-06 14:03:27.122 INFO  sched: request 'chatcmpl-8fa7cab9f946689d' admitted to slot 0 (reserve 3 blocks; pool 12/3072 blocks in use) — first token 785
2026-10-06 14:03:27.213 INFO  sched: request 'chatcmpl-8fa7cab9f946689e' deferred (needs 3 blocks, 3060 free, 0 slot(s) open) — admits when a peer retires
2026-10-06 14:03:27.664 INFO  sched: request 'chatcmpl-8fa7cab9f9466899' retired (steps): 256 tok in 13.6 s — prefill 30 tok (0 cached) in 322 ms; decode 255 tok / 145 passes in 13.3 s: 19.2 tok/s, 52.2 ms/tok, 92 ms/pass, 1.76 tok/pass, accept p1 76 %
2026-10-06 14:03:27.665 INFO  sched: request 'chatcmpl-8fa7cab9f946689e' starting prefill in slot 1 (32 prompt tokens)
2026-10-06 14:03:27.862 INFO  sched: request 'chatcmpl-8fa7cab9f946689e' prefix cache miss — 2 cut(s), the cache is empty
2026-10-06 14:03:27.862 INFO  sched: request 'chatcmpl-8fa7cab9f946689e' admitted to slot 1 (reserve 3 blocks; pool 12/3072 blocks in use) — first token 785
2026-10-06 14:03:27.955 INFO  sched: request 'chatcmpl-8fa7cab9f946689b' retired (steps): 256 tok in 13.9 s — prefill 30 tok (0 cached) in 322 ms; decode 255 tok / 146 passes in 13.6 s: 18.7 tok/s, 53.3 ms/tok, 93 ms/pass, 1.75 tok/pass, accept p1 75 %
2026-10-06 14:03:27.955 INFO  sched: request 'chatcmpl-8fa7cab9f946689f' starting prefill in slot 3 (31 prompt tokens)
2026-10-06 14:03:28.152 INFO  sched: request 'chatcmpl-8fa7cab9f946689f' prefix cache miss — 2 cut(s), the cache is empty
2026-10-06 14:03:28.152 INFO  sched: request 'chatcmpl-8fa7cab9f946689f' admitted to slot 3 (reserve 3 blocks; pool 12/3072 blocks in use) — first token 785
2026-10-06 14:03:30.323 INFO  stats: rank 2 | 10.0 s | decode 74.9 tok/s, 12.2 ms/tok, 89.0 ms/step (103 steps / 752 tok, 91 % of wall) | mtp 1.83 tok/step/req, accept p1 82 % | prefill 4 prompts / 124 tok, 12 tok/s, 6.40 ms/tok, 199 ms avg (8 % of wall), 0 tok cached (0/4 hits) | live 4, queued 0 | pool 12/3072 blocks (0 %) | prefix cache 0/232 entries
2026-10-06 14:03:39.829 INFO  sched: request 'chatcmpl-8fa7cab9f946689c' retired (steps): 256 tok in 13.3 s — prefill 31 tok (0 cached) in 204 ms; decode 255 tok / 141 passes in 13.1 s: 19.5 tok/s, 51.3 ms/tok, 93 ms/pass, 1.81 tok/pass, accept p1 82 %
2026-10-06 14:03:40.007 INFO  sched: request 'chatcmpl-8fa7cab9f946689d' retired (steps): 256 tok in 13.1 s — prefill 30 tok (0 cached) in 196 ms; decode 255 tok / 141 passes in 12.9 s: 19.8 tok/s, 50.5 ms/tok, 91 ms/pass, 1.81 tok/pass, accept p1 81 %
2026-10-06 14:03:40.331 INFO  stats: rank 2 | 10.0 s | decode 78.6 tok/s, 12.6 ms/tok, 87.8 ms/step (113 steps / 787 tok, 99 % of wall) | mtp 1.78 tok/step/req, accept p1 78 % | prefill 0 prompts / 0 tok, 0 tok cached (0/0 hits) | live 2, queued 0 | pool 6/3072 blocks (0 %) | prefix cache 0/232 entries
2026-10-06 14:03:40.650 INFO  sched: request 'chatcmpl-8fa7cab9f946689e' retired (steps): 256 tok in 13.0 s — prefill 32 tok (0 cached) in 198 ms; decode 255 tok / 143 passes in 12.8 s: 19.9 tok/s, 50.1 ms/tok, 89 ms/pass, 1.78 tok/pass, accept p1 79 %
2026-10-06 14:03:40.690 INFO  sched: request 'chatcmpl-8fa7cab9f946689f' retired (steps): 256 tok in 12.7 s — prefill 31 tok (0 cached) in 197 ms; decode 255 tok / 143 passes in 12.5 s: 20.3 tok/s, 49.2 ms/tok, 88 ms/pass, 1.78 tok/pass, accept p1 79 %
2026-10-06 14:03:40.725 INFO  sched: request 'chatcmpl-8fa7cab9f94668a0' starting prefill in slot 0 (31 prompt tokens)
2026-10-06 14:03:40.725 INFO  sched: request 'chatcmpl-8fa7cab9f94668a1' starting prefill in slot 1 (30 prompt tokens)
2026-10-06 14:03:40.726 INFO  sched: request 'chatcmpl-8fa7cab9f94668a2' starting prefill in slot 2 (31 prompt tokens)
2026-10-06 14:03:40.726 INFO  sched: request 'chatcmpl-8fa7cab9f94668a3' starting prefill in slot 3 (31 prompt tokens)
2026-10-06 14:03:41.047 INFO  sched: request 'chatcmpl-8fa7cab9f94668a0' prefix cache miss — 2 cut(s), the cache is empty
2026-10-06 14:03:41.047 INFO  sched: request 'chatcmpl-8fa7cab9f94668a0' admitted to slot 0 (reserve 3 blocks; pool 6/3072 blocks in use) — first token 785
2026-10-06 14:03:41.047 INFO  sched: request 'chatcmpl-8fa7cab9f94668a1' prefix cache miss — 2 cut(s), the cache is empty
2026-10-06 14:03:41.047 INFO  sched: request 'chatcmpl-8fa7cab9f94668a1' admitted to slot 1 (reserve 3 blocks; pool 8/3072 blocks in use) — first token 785
2026-10-06 14:03:41.047 INFO  sched: request 'chatcmpl-8fa7cab9f94668a2' prefix cache miss — 2 cut(s), the cache is empty
2026-10-06 14:03:41.047 INFO  sched: request 'chatcmpl-8fa7cab9f94668a2' admitted to slot 2 (reserve 3 blocks; pool 10/3072 blocks in use) — first token 785
2026-10-06 14:03:41.047 INFO  sched: request 'chatcmpl-8fa7cab9f94668a3' prefix cache miss — 2 cut(s), the cache is empty
2026-10-06 14:03:41.047 INFO  sched: request 'chatcmpl-8fa7cab9f94668a3' admitted to slot 3 (reserve 3 blocks; pool 12/3072 blocks in use) — first token 785
2026-10-06 14:03:41.047 INFO  sched: 4 requests admitted together in one prefill (321 ms)
2026-10-06 14:03:41.112 INFO  sched: request 'chatcmpl-8fa7cab9f94668a4' deferred (needs 3 blocks, 3060 free, 0 slot(s) open) — admits when a peer retires
2026-10-06 14:03:50.416 INFO  stats: rank 2 | 10.1 s | decode 79.3 tok/s, 12.1 ms/tok, 85.4 ms/step (113 steps / 800 tok, 96 % of wall) | mtp 1.81 tok/step/req, accept p1 81 % | prefill 4 prompts / 123 tok, 12 tok/s, 2.61 ms/tok, 80 ms avg (3 % of wall), 0 tok cached (0/4 hits) | live 4, queued 4 | pool 12/3072 blocks (0 %) | prefix cache 0/232 entries
2026-10-06 14:03:53.010 INFO  sched: request 'chatcmpl-8fa7cab9f94668a2' retired (steps): 256 tok in 12.3 s — prefill 31 tok (0 cached) in 321 ms; decode 255 tok / 137 passes in 12.0 s: 21.3 tok/s, 46.9 ms/tok, 87 ms/pass, 1.86 tok/pass, accept p1 86 %
2026-10-06 14:03:53.011 INFO  sched: request 'chatcmpl-8fa7cab9f94668a4' starting prefill in slot 2 (31 prompt tokens)
2026-10-06 14:03:53.206 INFO  sched: request 'chatcmpl-8fa7cab9f94668a4' prefix cache miss — 2 cut(s), the cache is empty
2026-10-06 14:03:53.206 INFO  sched: request 'chatcmpl-8fa7cab9f94668a4' admitted to slot 2 (reserve 3 blocks; pool 12/3072 blocks in use) — first token 785
2026-10-06 14:03:53.296 INFO  sched: request 'chatcmpl-8fa7cab9f94668a5' deferred (needs 3 blocks, 3060 free, 0 slot(s) open) — admits when a peer retires
2026-10-06 14:03:53.573 INFO  sched: request 'chatcmpl-8fa7cab9f94668a0' retired (steps): 256 tok in 12.8 s — prefill 31 tok (0 cached) in 321 ms; decode 255 tok / 141 passes in 12.5 s: 20.4 tok/s, 49.1 ms/tok, 89 ms/pass, 1.81 tok/pass, accept p1 82 %
2026-10-06 14:03:53.574 INFO  sched: request 'chatcmpl-8fa7cab9f94668a5' starting prefill in slot 0 (30 prompt tokens)
2026-10-06 14:03:53.767 INFO  sched: request 'chatcmpl-8fa7cab9f94668a5' prefix cache miss — 2 cut(s), the cache is empty
2026-10-06 14:03:53.767 INFO  sched: request 'chatcmpl-8fa7cab9f94668a5' admitted to slot 0 (reserve 3 blocks; pool 12/3072 blocks in use) — first token 785
2026-10-06 14:03:53.856 INFO  sched: request 'chatcmpl-8fa7cab9f94668a6' deferred (needs 3 blocks, 3060 free, 0 slot(s) open) — admits when a peer retires
2026-10-06 14:03:53.949 INFO  sched: request 'chatcmpl-8fa7cab9f94668a3' retired (steps): 256 tok in 13.2 s — prefill 31 tok (0 cached) in 321 ms; decode 255 tok / 143 passes in 12.9 s: 19.8 tok/s, 50.6 ms/tok, 90 ms/pass, 1.78 tok/pass, accept p1 79 %
2026-10-06 14:03:53.950 INFO  sched: request 'chatcmpl-8fa7cab9f94668a6' starting prefill in slot 3 (32 prompt tokens)
2026-10-06 14:03:54.148 INFO  sched: request 'chatcmpl-8fa7cab9f94668a6' prefix cache miss — 2 cut(s), the cache is empty
2026-10-06 14:03:54.148 INFO  sched: request 'chatcmpl-8fa7cab9f94668a6' admitted to slot 3 (reserve 3 blocks; pool 12/3072 blocks in use) — first token 785
2026-10-06 14:03:54.235 INFO  sched: request 'chatcmpl-8fa7cab9f94668a7' deferred (needs 3 blocks, 3060 free, 0 slot(s) open) — admits when a peer retires
2026-10-06 14:03:54.415 INFO  sched: request 'chatcmpl-8fa7cab9f94668a1' retired (steps): 256 tok in 13.7 s — prefill 30 tok (0 cached) in 321 ms; decode 255 tok / 146 passes in 13.4 s: 19.1 tok/s, 52.4 ms/tok, 92 ms/pass, 1.75 tok/pass, accept p1 75 %
2026-10-06 14:03:54.416 INFO  sched: request 'chatcmpl-8fa7cab9f94668a7' starting prefill in slot 1 (30 prompt tokens)
2026-10-06 14:03:54.607 INFO  sched: request 'chatcmpl-8fa7cab9f94668a7' prefix cache miss — 2 cut(s), the cache is empty
2026-10-06 14:03:54.607 INFO  sched: request 'chatcmpl-8fa7cab9f94668a7' admitted to slot 1 (reserve 3 blocks; pool 12/3072 blocks in use) — first token 785
2026-10-06 14:04:00.496 INFO  stats: rank 2 | 10.1 s | decode 75.4 tok/s, 12.1 ms/tok, 87.8 ms/step (105 steps / 760 tok, 91 % of wall) | mtp 1.81 tok/step/req, accept p1 80 % | prefill 4 prompts / 123 tok, 12 tok/s, 6.33 ms/tok, 195 ms avg (8 % of wall), 0 tok cached (0/4 hits) | live 4, queued 0 | pool 12/3072 blocks (0 %) | prefix cache 0/232 entries
2026-10-06 14:04:06.167 INFO  sched: request 'chatcmpl-8fa7cab9f94668a4' retired (steps): 256 tok in 13.2 s — prefill 31 tok (0 cached) in 195 ms; decode 255 tok / 139 passes in 13.0 s: 19.7 tok/s, 50.8 ms/tok, 93 ms/pass, 1.83 tok/pass, accept p1 84 %
2026-10-06 14:04:07.047 INFO  sched: request 'chatcmpl-8fa7cab9f94668a5' retired (steps): 256 tok in 13.5 s — prefill 30 tok (0 cached) in 193 ms; decode 255 tok / 145 passes in 13.3 s: 19.2 tok/s, 52.1 ms/tok, 92 ms/pass, 1.76 tok/pass, accept p1 76 %
2026-10-06 14:04:07.047 INFO  sched: request 'chatcmpl-8fa7cab9f94668a6' retired (steps): 256 tok in 13.1 s — prefill 32 tok (0 cached) in 198 ms; decode 255 tok / 143 passes in 12.9 s: 19.8 tok/s, 50.6 ms/tok, 90 ms/pass, 1.78 tok/pass, accept p1 79 %
2026-10-06 14:04:07.087 INFO  sched: request 'chatcmpl-8fa7cab9f94668a7' retired (steps): 256 tok in 12.7 s — prefill 30 tok (0 cached) in 191 ms; decode 255 tok / 141 passes in 12.5 s: 20.4 tok/s, 48.9 ms/tok, 89 ms/pass, 1.81 tok/pass, accept p1 81 %
2026-10-06 14:04:07.106 INFO  sched: request 'chatcmpl-8fa7cab9f94668a8' starting prefill in slot 0 (31 prompt tokens)
2026-10-06 14:04:07.106 INFO  sched: request 'chatcmpl-8fa7cab9f94668a9' starting prefill in slot 1 (30 prompt tokens)
2026-10-06 14:04:07.106 INFO  sched: request 'chatcmpl-8fa7cab9f94668aa' starting prefill in slot 2 (31 prompt tokens)
2026-10-06 14:04:07.106 INFO  sched: request 'chatcmpl-8fa7cab9f94668ab' starting prefill in slot 3 (31 prompt tokens)
2026-10-06 14:04:07.428 INFO  sched: request 'chatcmpl-8fa7cab9f94668a8' prefix cache miss — 2 cut(s), the cache is empty
2026-10-06 14:04:07.428 INFO  sched: request 'chatcmpl-8fa7cab9f94668a8' admitted to slot 0 (reserve 3 blocks; pool 6/3072 blocks in use) — first token 785
2026-10-06 14:04:07.428 INFO  sched: request 'chatcmpl-8fa7cab9f94668a9' prefix cache miss — 2 cut(s), the cache is empty
2026-10-06 14:04:07.428 INFO  sched: request 'chatcmpl-8fa7cab9f94668a9' admitted to slot 1 (reserve 3 blocks; pool 8/3072 blocks in use) — first token 785
2026-10-06 14:04:07.428 INFO  sched: request 'chatcmpl-8fa7cab9f94668aa' prefix cache miss — 2 cut(s), the cache is empty
2026-10-06 14:04:07.428 INFO  sched: request 'chatcmpl-8fa7cab9f94668aa' admitted to slot 2 (reserve 3 blocks; pool 10/3072 blocks in use) — first token 785
2026-10-06 14:04:07.428 INFO  sched: request 'chatcmpl-8fa7cab9f94668ab' prefix cache miss — 2 cut(s), the cache is empty
2026-10-06 14:04:07.428 INFO  sched: request 'chatcmpl-8fa7cab9f94668ab' admitted to slot 3 (reserve 3 blocks; pool 12/3072 blocks in use) — first token 785
2026-10-06 14:04:07.428 INFO  sched: 4 requests admitted together in one prefill (322 ms)
2026-10-06 14:04:07.496 INFO  sched: request 'chatcmpl-8fa7cab9f94668ac' deferred (needs 3 blocks, 3060 free, 0 slot(s) open) — admits when a peer retires
2026-10-06 14:04:10.516 INFO  stats: rank 2 | 10.0 s | decode 76.7 tok/s, 12.5 ms/tok, 87.3 ms/step (110 steps / 769 tok, 96 % of wall) | mtp 1.80 tok/step/req, accept p1 80 % | prefill 4 prompts / 123 tok, 12 tok/s, 2.62 ms/tok, 81 ms avg (3 % of wall), 0 tok cached (0/4 hits) | live 4, queued 4 | pool 12/3072 blocks (0 %) | prefix cache 0/232 entries
2026-10-06 14:04:19.619 INFO  sched: request 'chatcmpl-8fa7cab9f94668ab' retired (steps): 256 tok in 12.5 s — prefill 31 tok (0 cached) in 322 ms; decode 255 tok / 137 passes in 12.2 s: 20.9 tok/s, 47.8 ms/tok, 89 ms/pass, 1.86 tok/pass, accept p1 86 %
2026-10-06 14:04:19.619 INFO  sched: request 'chatcmpl-8fa7cab9f94668ac' starting prefill in slot 3 (32 prompt tokens)
2026-10-06 14:04:19.817 INFO  sched: request 'chatcmpl-8fa7cab9f94668ac' prefix cache miss — 2 cut(s), the cache is empty
2026-10-06 14:04:19.817 INFO  sched: request 'chatcmpl-8fa7cab9f94668ac' admitted to slot 3 (reserve 3 blocks; pool 12/3072 blocks in use) — first token 785
2026-10-06 14:04:19.905 INFO  sched: request 'chatcmpl-8fa7cab9f94668ad' deferred (needs 3 blocks, 3060 free, 0 slot(s) open) — admits when a peer retires
2026-10-06 14:04:19.998 INFO  sched: request 'chatcmpl-8fa7cab9f94668a8' retired (steps): 256 tok in 12.9 s — prefill 31 tok (0 cached) in 322 ms; decode 255 tok / 139 passes in 12.6 s: 20.3 tok/s, 49.3 ms/tok, 90 ms/pass, 1.83 tok/pass, accept p1 84 %
2026-10-06 14:04:19.999 INFO  sched: request 'chatcmpl-8fa7cab9f94668ad' starting prefill in slot 0 (30 prompt tokens)
2026-10-06 14:04:20.190 INFO  sched: request 'chatcmpl-8fa7cab9f94668ad' prefix cache miss — 2 cut(s), the cache is empty
2026-10-06 14:04:20.190 INFO  sched: request 'chatcmpl-8fa7cab9f94668ad' admitted to slot 0 (reserve 3 blocks; pool 12/3072 blocks in use) — first token 785
2026-10-06 14:04:20.281 INFO  sched: request 'chatcmpl-8fa7cab9f94668ae' deferred (needs 3 blocks, 3060 free, 0 slot(s) open) — admits when a peer retires
2026-10-06 14:04:20.375 INFO  sched: request 'chatcmpl-8fa7cab9f94668aa' retired (steps): 256 tok in 13.3 s — prefill 31 tok (0 cached) in 322 ms; decode 255 tok / 141 passes in 12.9 s: 19.7 tok/s, 50.8 ms/tok, 92 ms/pass, 1.81 tok/pass, accept p1 82 %
2026-10-06 14:04:20.376 INFO  sched: request 'chatcmpl-8fa7cab9f94668ae' starting prefill in slot 2 (30 prompt tokens)
2026-10-06 14:04:20.566 INFO  sched: request 'chatcmpl-8fa7cab9f94668ae' prefix cache miss — 2 cut(s), the cache is empty
2026-10-06 14:04:20.566 INFO  sched: request 'chatcmpl-8fa7cab9f94668ae' admitted to slot 2 (reserve 3 blocks; pool 12/3072 blocks in use) — first token 785
2026-10-06 14:04:20.658 INFO  stats: rank 2 | 10.1 s | decode 76.0 tok/s, 12.3 ms/tok, 89.5 ms/step (106 steps / 771 tok, 93 % of wall) | mtp 1.82 tok/step/req, accept p1 82 % | prefill 3 prompts / 92 tok, 9 tok/s, 6.31 ms/tok, 193 ms avg (6 % of wall), 0 tok cached (0/3 hits) | live 4, queued 1 | pool 12/3072 blocks (0 %) | prefix cache 0/232 entries
2026-10-06 14:04:20.659 INFO  sched: request 'chatcmpl-8fa7cab9f94668af' deferred (needs 3 blocks, 3060 free, 0 slot(s) open) — admits when a peer retires
2026-10-06 14:04:20.929 INFO  sched: request 'chatcmpl-8fa7cab9f94668a9' retired (steps): 256 tok in 13.8 s — prefill 30 tok (0 cached) in 322 ms; decode 255 tok / 145 passes in 13.5 s: 18.9 tok/s, 52.9 ms/tok, 93 ms/pass, 1.76 tok/pass, accept p1 76 %
2026-10-06 14:04:20.929 INFO  sched: request 'chatcmpl-8fa7cab9f94668af' starting prefill in slot 1 (31 prompt tokens)
2026-10-06 14:04:21.130 INFO  sched: request 'chatcmpl-8fa7cab9f94668af' prefix cache miss — 2 cut(s), the cache is empty
2026-10-06 14:04:21.130 INFO  sched: request 'chatcmpl-8fa7cab9f94668af' admitted to slot 1 (reserve 3 blocks; pool 12/3072 blocks in use) — first token 785
2026-10-06 14:04:30.732 INFO  stats: rank 2 | 10.1 s | decode 79.8 tok/s, 12.2 ms/tok, 87.5 ms/step (112 steps / 804 tok, 97 % of wall) | mtp 1.79 tok/step/req, accept p1 79 % | prefill 1 prompt / 31 tok, 3 tok/s, 6.48 ms/tok, 201 ms avg (2 % of wall), 0 tok cached (0/1 hit) | live 4, queued 0 | pool 12/3072 blocks (0 %) | prefix cache 0/232 entries
2026-10-06 14:04:33.052 INFO  sched: request 'chatcmpl-8fa7cab9f94668ac' retired (steps): 256 tok in 13.4 s — prefill 32 tok (0 cached) in 198 ms; decode 255 tok / 143 passes in 13.2 s: 19.3 tok/s, 51.9 ms/tok, 93 ms/pass, 1.78 tok/pass, accept p1 79 %
2026-10-06 14:04:33.202 INFO  sched: request 'chatcmpl-8fa7cab9f94668ae' retired (steps): 256 tok in 12.8 s — prefill 30 tok (0 cached) in 191 ms; decode 255 tok / 141 passes in 12.6 s: 20.2 tok/s, 49.6 ms/tok, 90 ms/pass, 1.81 tok/pass, accept p1 81 %
2026-10-06 14:04:33.374 INFO  sched: request 'chatcmpl-8fa7cab9f94668ad' retired (steps): 256 tok in 13.4 s — prefill 30 tok (0 cached) in 192 ms; decode 255 tok / 146 passes in 13.2 s: 19.3 tok/s, 51.7 ms/tok, 90 ms/pass, 1.75 tok/pass, accept p1 75 %
2026-10-06 14:04:33.491 INFO  sched: request 'chatcmpl-8fa7cab9f94668af' retired (steps): 256 tok in 12.6 s — prefill 31 tok (0 cached) in 201 ms; decode 255 tok / 143 passes in 12.4 s: 20.6 tok/s, 48.5 ms/tok, 86 ms/pass, 1.78 tok/pass, accept p1 79 %
2026-10-06 14:04:33.651 INFO  sched: request 'chatcmpl-8fa7cab9f94668b0' starting prefill in slot 0 (542 prompt tokens)
2026-10-06 14:04:34.241 INFO  sched: request 'chatcmpl-8fa7cab9f94668b0' prefix cache miss — 2 cut(s), the cache is empty
2026-10-06 14:04:34.241 INFO  sched: request 'chatcmpl-8fa7cab9f94668b0' admitted to slot 0 (reserve 5 blocks; pool 5/3072 blocks in use) — first token 785
2026-10-06 14:04:34.241 INFO  sched: request 'chatcmpl-8fa7cab9f94668b0' retired (steps): 1 tok in 0.6 s — prefill 542 tok (0 cached) in 590 ms; decode 0 tok / 0 passes in 0.0 s
2026-10-06 14:04:34.261 INFO  sched: request 'chatcmpl-8fa7cab9f94668b1' starting prefill in slot 0 (2019 prompt tokens)
2026-10-06 14:04:35.586 INFO  sched: request 'chatcmpl-8fa7cab9f94668b1' prefix cache miss — 2 cut(s), the cache is empty
2026-10-06 14:04:35.586 INFO  sched: request 'chatcmpl-8fa7cab9f94668b1' admitted to slot 0 (reserve 16 blocks; pool 17/3072 blocks in use) — first token 785
2026-10-06 14:04:35.586 INFO  sched: request 'chatcmpl-8fa7cab9f94668b1' retired (steps): 1 tok in 1.3 s — prefill 2019 tok (0 cached) in 1325 ms; decode 0 tok / 0 passes in 0.0 s
2026-10-06 14:04:35.610 INFO  sched: request 'chatcmpl-8fa7cab9f94668b2' starting prefill in slot 0 (2050 prompt tokens)
2026-10-06 14:04:35.610 INFO  sched: request 'chatcmpl-8fa7cab9f94668b2' prefix cache miss — 2 cut(s) probed against 1 entries; the nearest entry (position 2016) shares the first 38 of the prompt's 2050 tokens (the prompt differs from it from that token on)
2026-10-06 14:04:35.611 INFO  sched: request 'chatcmpl-8fa7cab9f94668b2' prefilling in slot 0 (2048 tokens/tick)
2026-10-06 14:04:36.954 INFO  sched: request 'chatcmpl-8fa7cab9f94668b2' admitted to slot 0 (reserve 17 blocks; pool 33/3072 blocks in use) — first token 785
2026-10-06 14:04:36.954 INFO  sched: request 'chatcmpl-8fa7cab9f94668b2' retired (steps): 1 tok in 1.3 s — prefill 2050 tok (0 cached) in 1343 ms; decode 0 tok / 0 passes in 0.0 s
2026-10-06 14:04:36.984 INFO  sched: request 'chatcmpl-8fa7cab9f94668b3' starting prefill in slot 0 (2026 prompt tokens)
2026-10-06 14:04:38.318 INFO  sched: request 'chatcmpl-8fa7cab9f94668b3' prefix cache miss — 2 cut(s) probed against 2 entries; the nearest entry (position 2048) shares the first 38 of the prompt's 2026 tokens (the prompt differs from it from that token on)
2026-10-06 14:04:38.318 INFO  sched: request 'chatcmpl-8fa7cab9f94668b3' admitted to slot 0 (reserve 16 blocks; pool 49/3072 blocks in use) — first token 785
2026-10-06 14:04:38.318 INFO  sched: request 'chatcmpl-8fa7cab9f94668b3' retired (steps): 1 tok in 1.3 s — prefill 2026 tok (0 cached) in 1334 ms; decode 0 tok / 0 passes in 0.0 s
2026-10-06 14:04:38.333 INFO  sched: request 'chatcmpl-8fa7cab9f94668b4' starting prefill in slot 0 (7986 prompt tokens)
2026-10-06 14:04:38.333 INFO  sched: request 'chatcmpl-8fa7cab9f94668b4' prefix cache miss — 5 cut(s) probed against 3 entries; the nearest entry (position 2048) shares the first 35 of the prompt's 7986 tokens (the prompt differs from it from that token on)
2026-10-06 14:04:38.333 INFO  sched: request 'chatcmpl-8fa7cab9f94668b4' prefilling in slot 0 (2048 tokens/tick)
2026-10-06 14:04:41.046 INFO  stats: rank 2 | 10.3 s | decode 20.3 tok/s, 13.0 ms/tok, 80.1 ms/step (34 steps / 209 tok, 26 % of wall) | mtp 1.76 tok/step/req, accept p1 74 % | prefill 4 prompts / 10733 tok, 1041 tok/s, 0.68 ms/tok, 1826 ms avg (71 % of wall), 0 tok cached (0/5 hits) | live 1, queued 0 | pool 111/3072 blocks (4 %) | prefix cache 3/232 entries | 1 prefilling
2026-10-06 14:04:43.987 INFO  sched: request 'chatcmpl-8fa7cab9f94668b4' admitted to slot 0 (reserve 63 blocks; pool 112/3072 blocks in use) — first token 785
2026-10-06 14:04:43.987 INFO  sched: request 'chatcmpl-8fa7cab9f94668b4' retired (steps): 1 tok in 5.7 s — prefill 7986 tok (0 cached) in 5652 ms; decode 0 tok / 0 passes in 0.0 s
2026-10-06 14:04:44.018 INFO  sched: request 'chatcmpl-8fa7cab9f94668b5' starting prefill in slot 0 (8038 prompt tokens)
2026-10-06 14:04:44.018 INFO  sched: request 'chatcmpl-8fa7cab9f94668b5' prefix cache miss — 5 cut(s) probed against 4 entries; the nearest entry (position 7984) shares the first 39 of the prompt's 8038 tokens (the prompt differs from it from that token on)
2026-10-06 14:04:44.018 INFO  sched: request 'chatcmpl-8fa7cab9f94668b5' prefilling in slot 0 (2048 tokens/tick)
2026-10-06 14:04:49.703 INFO  sched: request 'chatcmpl-8fa7cab9f94668b5' admitted to slot 0 (reserve 63 blocks; pool 175/3072 blocks in use) — first token 785
2026-10-06 14:04:49.703 INFO  sched: request 'chatcmpl-8fa7cab9f94668b5' retired (steps): 1 tok in 5.7 s — prefill 8038 tok (0 cached) in 5684 ms; decode 0 tok / 0 passes in 0.0 s
2026-10-06 14:04:49.728 INFO  sched: request 'chatcmpl-8fa7cab9f94668b6' starting prefill in slot 0 (8174 prompt tokens)
2026-10-06 14:04:49.728 INFO  sched: request 'chatcmpl-8fa7cab9f94668b6' prefix cache miss — 5 cut(s) probed against 5 entries; the nearest entry (position 8036) shares the first 39 of the prompt's 8174 tokens (the prompt differs from it from that token on)
2026-10-06 14:04:49.728 INFO  sched: request 'chatcmpl-8fa7cab9f94668b6' prefilling in slot 0 (2048 tokens/tick)
2026-10-06 14:04:52.455 INFO  stats: rank 2 | 11.4 s | decode 0.2 tok/s, 0.0 ms/tok, 0.0 ms/step (0 steps / 2 tok, 0 % of wall) | prefill 2 prompts / 16024 tok, 1404 tok/s, 0.71 ms/tok, 5675 ms avg (99 % of wall), 0 tok cached (0/2 hits) | live 1, queued 0 | pool 238/3072 blocks (8 %) | prefix cache 5/232 entries | 1 prefilling
2026-10-06 14:04:55.483 INFO  sched: request 'chatcmpl-8fa7cab9f94668b6' admitted to slot 0 (reserve 64 blocks; pool 239/3072 blocks in use) — first token 785
2026-10-06 14:04:55.483 INFO  sched: request 'chatcmpl-8fa7cab9f94668b6' retired (steps): 1 tok in 5.8 s — prefill 8174 tok (0 cached) in 5752 ms; decode 0 tok / 0 passes in 0.0 s
2026-10-06 14:04:55.516 INFO  sched: request 'chatcmpl-8fa7cab9f94668b7' starting prefill in slot 0 (32153 prompt tokens)
2026-10-06 14:04:55.516 INFO  sched: request 'chatcmpl-8fa7cab9f94668b7' prefix cache miss — 17 cut(s) probed against 6 entries; the nearest entry (position 8172) shares the first 35 of the prompt's 32153 tokens (the prompt differs from it from that token on)
2026-10-06 14:04:55.516 INFO  sched: request 'chatcmpl-8fa7cab9f94668b7' prefilling in slot 0 (2048 tokens/tick)
2026-10-06 14:05:02.755 INFO  stats: rank 2 | 10.3 s | decode 0.1 tok/s, 0.0 ms/tok, 0.0 ms/step (0 steps / 1 tok, 0 % of wall) | prefill 1 prompt / 14318 tok, 1390 tok/s, 0.72 ms/tok, 10263 ms avg (100 % of wall), 0 tok cached (0/1 hit) | live 1, queued 0 | pool 490/3072 blocks (16 %) | prefix cache 6/232 entries | 1 prefilling
2026-10-06 14:05:14.487 INFO  stats: rank 2 | 11.7 s | decode 0.0 tok/s, 0.0 ms/tok, 0.0 ms/step (0 steps / 0 tok, 0 % of wall) | prefill 0 prompts / 14336 tok, 1222 tok/s, 0.82 ms/tok (100 % of wall), 0 tok cached (0/0 hits) | live 1, queued 0 | pool 490/3072 blocks (16 %) | prefix cache 6/232 entries | 1 prefilling
2026-10-06 14:05:21.776 INFO  sched: request 'chatcmpl-8fa7cab9f94668b7' admitted to slot 0 (reserve 252 blocks; pool 491/3072 blocks in use) — first token 785
2026-10-06 14:05:21.776 INFO  sched: request 'chatcmpl-8fa7cab9f94668b7' retired (steps): 1 tok in 26.3 s — prefill 32153 tok (0 cached) in 26254 ms; decode 0 tok / 0 passes in 0.0 s
2026-10-06 14:05:21.803 INFO  sched: request 'chatcmpl-8fa7cab9f94668b8' starting prefill in slot 0 (32185 prompt tokens)
2026-10-06 14:05:21.803 INFO  sched: request 'chatcmpl-8fa7cab9f94668b8' prefix cache miss — 17 cut(s) probed against 8 entries; the nearest entry (position 32148) shares the first 39 of the prompt's 32185 tokens (the prompt differs from it from that token on)
2026-10-06 14:05:21.803 INFO  sched: request 'chatcmpl-8fa7cab9f94668b8' prefilling in slot 0 (2048 tokens/tick)
2026-10-06 14:05:24.526 INFO  stats: rank 2 | 10.0 s | decode 0.1 tok/s, 0.0 ms/tok, 0.0 ms/step (0 steps / 1 tok, 0 % of wall) | prefill 1 prompt / 11673 tok, 1163 tok/s, 0.86 ms/tok, 10009 ms avg (100 % of wall), 0 tok cached (0/1 hit) | live 1, queued 0 | pool 742/3072 blocks (24 %) | prefix cache 8/232 entries | 1 prefilling
2026-10-06 14:05:35.488 INFO  stats: rank 2 | 11.0 s | decode 0.0 tok/s, 0.0 ms/tok, 0.0 ms/step (0 steps / 0 tok, 0 % of wall) | prefill 0 prompts / 14336 tok, 1308 tok/s, 0.76 ms/tok (100 % of wall), 0 tok cached (0/0 hits) | live 1, queued 0 | pool 742/3072 blocks (24 %) | prefix cache 8/232 entries | 1 prefilling
2026-10-06 14:05:46.445 INFO  stats: rank 2 | 11.0 s | decode 0.0 tok/s, 0.0 ms/tok, 0.0 ms/step (0 steps / 0 tok, 0 % of wall) | prefill 0 prompts / 12288 tok, 1121 tok/s, 0.89 ms/tok (100 % of wall), 0 tok cached (0/0 hits) | live 1, queued 0 | pool 742/3072 blocks (24 %) | prefix cache 8/232 entries | 1 prefilling
2026-10-06 14:05:48.074 INFO  sched: request 'chatcmpl-8fa7cab9f94668b8' admitted to slot 0 (reserve 252 blocks; pool 743/3072 blocks in use) — first token 785
2026-10-06 14:05:48.074 INFO  sched: request 'chatcmpl-8fa7cab9f94668b8' retired (steps): 1 tok in 26.3 s — prefill 32185 tok (0 cached) in 26266 ms; decode 0 tok / 0 passes in 0.0 s
2026-10-06 14:05:48.102 INFO  sched: request 'chatcmpl-8fa7cab9f94668b9' starting prefill in slot 0 (32149 prompt tokens)
2026-10-06 14:05:48.102 INFO  sched: request 'chatcmpl-8fa7cab9f94668b9' prefix cache miss — 17 cut(s) probed against 10 entries; the nearest entry (position 32180) shares the first 39 of the prompt's 32149 tokens (the prompt differs from it from that token on)
2026-10-06 14:05:48.102 INFO  sched: request 'chatcmpl-8fa7cab9f94668b9' prefilling in slot 0 (2048 tokens/tick)
2026-10-06 14:05:56.880 INFO  stats: rank 2 | 10.4 s | decode 0.1 tok/s, 0.0 ms/tok, 0.0 ms/step (0 steps / 1 tok, 0 % of wall) | prefill 1 prompt / 13753 tok, 1318 tok/s, 0.76 ms/tok, 10402 ms avg (100 % of wall), 0 tok cached (0/1 hit) | live 1, queued 0 | pool 994/3072 blocks (32 %) | prefix cache 10/232 entries | 1 prefilling
2026-10-06 14:06:07.046 INFO  stats: rank 2 | 10.2 s | decode 0.0 tok/s, 0.0 ms/tok, 0.0 ms/step (0 steps / 0 tok, 0 % of wall) | prefill 0 prompts / 12288 tok, 1209 tok/s, 0.83 ms/tok (100 % of wall), 0 tok cached (0/0 hits) | live 1, queued 0 | pool 994/3072 blocks (32 %) | prefix cache 10/232 entries | 1 prefilling
2026-10-06 14:06:14.336 INFO  sched: request 'chatcmpl-8fa7cab9f94668b9' admitted to slot 0 (reserve 252 blocks; pool 995/3072 blocks in use) — first token 785
2026-10-06 14:06:14.336 INFO  sched: request 'chatcmpl-8fa7cab9f94668b9' retired (steps): 1 tok in 26.2 s — prefill 32149 tok (0 cached) in 26228 ms; decode 0 tok / 0 passes in 0.0 s
2026-10-06 14:06:14.794 INFO  sched: request 'chatcmpl-8fa7cab9f94668ba' starting prefill in slot 0 (99 prompt tokens)
2026-10-06 14:06:15.125 INFO  sched: request 'chatcmpl-8fa7cab9f94668ba' prefix cache miss — 2 cut(s) probed against 12 entries; the nearest entry (position 32180) shares the first 10 of the prompt's 99 tokens (the prompt differs from it from that token on)
2026-10-06 14:06:15.125 INFO  sched: request 'chatcmpl-8fa7cab9f94668ba' admitted to slot 0 (reserve 3 blocks; pool 997/3072 blocks in use) — first token 785
2026-10-06 14:06:17.083 INFO  stats: rank 2 | 10.0 s | decode 9.5 tok/s, 20.3 ms/tok, 37.8 ms/step (51 steps / 95 tok, 19 % of wall) | mtp 1.86 tok/step/req, accept p1 82 % | prefill 2 prompts / 7672 tok, 764 tok/s, 0.99 ms/tok, 3810 ms avg (76 % of wall), 0 tok cached (0/1 hit) | live 1, queued 0 | pool 997/3072 blocks (32 %) | prefix cache 12/232 entries
2026-10-06 14:06:20.523 INFO  sched: request 'chatcmpl-8fa7cab9f94668ba' retired (steps): 256 tok in 5.7 s — prefill 99 tok (0 cached) in 331 ms; decode 255 tok / 140 passes in 5.4 s: 47.2 tok/s, 21.2 ms/tok, 39 ms/pass, 1.82 tok/pass, accept p1 83 %
2026-10-06 14:06:20.548 INFO  sched: request 'chatcmpl-8fa7cab9f94668bb' starting prefill in slot 0 (99 prompt tokens)
2026-10-06 14:06:20.870 INFO  sched: request 'chatcmpl-8fa7cab9f94668bb' prefix cache miss — 2 cut(s) probed against 12 entries; the nearest entry (position 32180) shares the first 10 of the prompt's 99 tokens (the prompt differs from it from that token on)
2026-10-06 14:06:20.870 INFO  sched: request 'chatcmpl-8fa7cab9f94668bb' admitted to slot 0 (reserve 3 blocks; pool 997/3072 blocks in use) — first token 785
2026-10-06 14:06:26.260 INFO  sched: request 'chatcmpl-8fa7cab9f94668bb' retired (steps): 256 tok in 5.7 s — prefill 99 tok (0 cached) in 322 ms; decode 255 tok / 140 passes in 5.4 s: 47.3 tok/s, 21.1 ms/tok, 38 ms/pass, 1.82 tok/pass, accept p1 83 %
2026-10-06 14:06:26.274 INFO  sched: request 'chatcmpl-8fa7cab9f94668bc' starting prefill in slot 0 (99 prompt tokens)
2026-10-06 14:06:26.592 INFO  sched: request 'chatcmpl-8fa7cab9f94668bc' prefix cache miss — 2 cut(s) probed against 12 entries; the nearest entry (position 32180) shares the first 10 of the prompt's 99 tokens (the prompt differs from it from that token on)
2026-10-06 14:06:26.592 INFO  sched: request 'chatcmpl-8fa7cab9f94668bc' admitted to slot 0 (reserve 3 blocks; pool 997/3072 blocks in use) — first token 785
2026-10-06 14:06:27.092 INFO  stats: rank 2 | 10.0 s | decode 44.4 tok/s, 20.7 ms/tok, 38.0 ms/step (242 steps / 444 tok, 92 % of wall) | mtp 1.83 tok/step/req, accept p1 83 % | prefill 2 prompts / 198 tok, 20 tok/s, 3.24 ms/tok, 320 ms avg (6 % of wall), 0 tok cached (0/2 hits) | live 1, queued 0 | pool 997/3072 blocks (32 %) | prefix cache 12/232 entries
2026-10-06 14:06:31.986 INFO  sched: request 'chatcmpl-8fa7cab9f94668bc' retired (steps): 256 tok in 5.7 s — prefill 99 tok (0 cached) in 318 ms; decode 255 tok / 140 passes in 5.4 s: 47.3 tok/s, 21.2 ms/tok, 39 ms/pass, 1.82 tok/pass, accept p1 83 %
2026-10-06 14:06:32.764 INFO  sched: request 'chatcmpl-8fa7cab9f94668bd' starting prefill in slot 0 (32238 prompt tokens)
2026-10-06 14:06:32.764 INFO  sched: request 'chatcmpl-8fa7cab9f94668bd' prefix cache miss — 17 cut(s) probed against 12 entries; the nearest entry (position 32180) shares the first 10 of the prompt's 32238 tokens (the prompt differs from it from that token on)
2026-10-06 14:06:32.765 INFO  sched: request 'chatcmpl-8fa7cab9f94668bd' prefilling in slot 0 (2048 tokens/tick)
2026-10-06 14:06:38.452 INFO  stats: rank 2 | 11.4 s | decode 20.2 tok/s, 21.0 ms/tok, 38.0 ms/step (127 steps / 230 tok, 42 % of wall) | mtp 1.81 tok/step/req, accept p1 82 % | prefill 0 prompts / 8192 tok, 721 tok/s, 0.69 ms/tok (50 % of wall), 0 tok cached (0/1 hit) | live 1, queued 0 | pool 1248/3072 blocks (41 %) | prefix cache 12/232 entries | 1 prefilling
2026-10-06 14:06:49.799 INFO  stats: rank 2 | 11.3 s | decode 0.0 tok/s, 0.0 ms/tok, 0.0 ms/step (0 steps / 0 tok, 0 % of wall) | prefill 0 prompts / 14336 tok, 1263 tok/s, 0.79 ms/tok (100 % of wall), 0 tok cached (0/0 hits) | live 1, queued 0 | pool 1248/3072 blocks (41 %) | prefix cache 12/232 entries | 1 prefilling
2026-10-06 14:06:58.820 INFO  sched: request 'chatcmpl-8fa7cab9f94668bd' admitted to slot 0 (reserve 254 blocks; pool 1249/3072 blocks in use) — first token 785
2026-10-06 14:06:59.820 INFO  stats: rank 2 | 10.0 s | decode 4.9 tok/s, 20.2 ms/tok, 39.5 ms/step (25 steps / 49 tok, 10 % of wall) | mtp 1.96 tok/step/req, accept p1 92 % | prefill 1 prompt / 9710 tok, 969 tok/s, 0.93 ms/tok, 9019 ms avg (90 % of wall), 0 tok cached (0/0 hits) | live 1, queued 0 | pool 1250/3072 blocks (41 %) | prefix cache 14/232 entries
2026-10-06 14:07:04.032 INFO  sched: request 'chatcmpl-8fa7cab9f94668bd' retired (steps): 256 tok in 31.3 s — prefill 32238 tok (0 cached) in 26047 ms; decode 255 tok / 129 passes in 5.2 s: 48.8 tok/s, 20.5 ms/tok, 40 ms/pass, 1.98 tok/pass, accept p1 98 %
2026-10-06 14:07:04.060 INFO  sched: request 'chatcmpl-8fa7cab9f94668be' starting prefill in slot 0 (32238 prompt tokens)
2026-10-06 14:07:04.060 INFO  sched: request 'chatcmpl-8fa7cab9f94668be' prefilling in slot 0 (2048 tokens/tick)
2026-10-06 14:07:04.126 INFO  sched: request 'chatcmpl-8fa7cab9f94668be' admitted to slot 0 (reserve 254 blocks; pool 1252/3072 blocks in use) — first token 785
2026-10-06 14:07:09.335 INFO  sched: request 'chatcmpl-8fa7cab9f94668be' retired (steps): 256 tok in 5.3 s — prefill 32238 tok (32236 cached) in 66 ms; decode 255 tok / 129 passes in 5.2 s: 49.0 tok/s, 20.4 ms/tok, 40 ms/pass, 1.98 tok/pass, accept p1 98 %
2026-10-06 14:07:09.367 INFO  sched: request 'chatcmpl-8fa7cab9f94668bf' starting prefill in slot 0 (32238 prompt tokens)
2026-10-06 14:07:09.367 INFO  sched: request 'chatcmpl-8fa7cab9f94668bf' prefilling in slot 0 (2048 tokens/tick)
2026-10-06 14:07:09.435 INFO  sched: request 'chatcmpl-8fa7cab9f94668bf' admitted to slot 0 (reserve 254 blocks; pool 1252/3072 blocks in use) — first token 785
2026-10-06 14:07:09.836 INFO  stats: rank 2 | 10.0 s | decode 48.3 tok/s, 20.0 ms/tok, 39.8 ms/step (243 steps / 484 tok, 97 % of wall) | mtp 1.99 tok/step/req, accept p1 99 % | prefill 2 prompts / 4 tok, 0 tok/s, 33.55 ms/tok, 67 ms avg (1 % of wall), 64472 tok cached (2/2 hits) | live 1, queued 0 | pool 1252/3072 blocks (41 %) | prefix cache 15/232 entries
2026-10-06 14:07:14.644 INFO  sched: request 'chatcmpl-8fa7cab9f94668bf' retired (steps): 256 tok in 5.3 s — prefill 32238 tok (32236 cached) in 68 ms; decode 255 tok / 129 passes in 5.2 s: 49.0 tok/s, 20.4 ms/tok, 40 ms/pass, 1.98 tok/pass, accept p1 98 %
2026-10-06 14:07:15.765 INFO  sched: request 'chatcmpl-8fa7cab9f94668c0' starting prefill in slot 0 (65010 prompt tokens)
2026-10-06 14:07:15.765 INFO  sched: request 'chatcmpl-8fa7cab9f94668c0' prefix cache miss — 33 cut(s) probed against 15 entries; the nearest entry (position 32492) shares the first 12 of the prompt's 65010 tokens (the prompt differs from it from that token on)
2026-10-06 14:07:15.765 INFO  sched: request 'chatcmpl-8fa7cab9f94668c0' prefilling in slot 0 (2048 tokens/tick)
2026-10-06 14:07:19.958 INFO  stats: rank 2 | 10.1 s | decode 23.2 tok/s, 20.1 ms/tok, 39.7 ms/step (119 steps / 235 tok, 47 % of wall) | mtp 1.97 tok/step/req, accept p1 98 % | prefill 0 prompts / 6144 tok, 607 tok/s, 0.68 ms/tok (41 % of wall), 0 tok cached (0/1 hit) | live 1, queued 0 | pool 1759/3072 blocks (57 %) | prefix cache 15/232 entries | 1 prefilling
2026-10-06 14:07:31.072 INFO  stats: rank 2 | 11.1 s | decode 0.0 tok/s, 0.0 ms/tok, 0.0 ms/step (0 steps / 0 tok, 0 % of wall) | prefill 0 prompts / 14336 tok, 1290 tok/s, 0.78 ms/tok (100 % of wall), 0 tok cached (0/0 hits) | live 1, queued 0 | pool 1759/3072 blocks (57 %) | prefix cache 15/232 entries | 1 prefilling
2026-10-06 14:07:42.206 INFO  stats: rank 2 | 11.1 s | decode 0.0 tok/s, 0.0 ms/tok, 0.0 ms/step (0 steps / 0 tok, 0 % of wall) | prefill 0 prompts / 12288 tok, 1104 tok/s, 0.91 ms/tok (100 % of wall), 0 tok cached (0/0 hits) | live 1, queued 0 | pool 1759/3072 blocks (57 %) | prefix cache 15/232 entries | 1 prefilling
2026-10-06 14:07:53.008 INFO  stats: rank 2 | 10.8 s | decode 0.0 tok/s, 0.0 ms/tok, 0.0 ms/step (0 steps / 0 tok, 0 % of wall) | prefill 0 prompts / 10240 tok, 948 tok/s, 1.05 ms/tok (100 % of wall), 0 tok cached (0/0 hits) | live 1, queued 0 | pool 1759/3072 blocks (57 %) | prefix cache 15/232 entries | 1 prefilling
2026-10-06 14:08:05.564 INFO  stats: rank 2 | 12.6 s | decode 0.0 tok/s, 0.0 ms/tok, 0.0 ms/step (0 steps / 0 tok, 0 % of wall) | prefill 0 prompts / 10240 tok, 816 tok/s, 1.23 ms/tok (100 % of wall), 0 tok cached (0/0 hits) | live 1, queued 0 | pool 1759/3072 blocks (57 %) | prefix cache 15/232 entries | 1 prefilling
2026-10-06 14:08:17.090 INFO  stats: rank 2 | 11.5 s | decode 0.0 tok/s, 0.0 ms/tok, 0.0 ms/step (0 steps / 0 tok, 0 % of wall) | prefill 0 prompts / 8192 tok, 711 tok/s, 1.41 ms/tok (100 % of wall), 0 tok cached (0/0 hits) | live 1, queued 0 | pool 1759/3072 blocks (57 %) | prefix cache 15/232 entries | 1 prefilling
2026-10-06 14:08:22.784 INFO  sched: request 'chatcmpl-8fa7cab9f94668c0' admitted to slot 0 (reserve 510 blocks; pool 1760/3072 blocks in use) — first token 785
2026-10-06 14:08:27.131 INFO  stats: rank 2 | 10.0 s | decode 20.8 tok/s, 20.5 ms/tok, 40.8 ms/step (105 steps / 209 tok, 43 % of wall) | mtp 1.99 tok/step/req, accept p1 98 % | prefill 1 prompt / 3570 tok, 356 tok/s, 1.59 ms/tok, 5692 ms avg (57 % of wall), 0 tok cached (0/0 hits) | live 1, queued 0 | pool 1761/3072 blocks (57 %) | prefix cache 17/232 entries
2026-10-06 14:08:28.130 INFO  sched: request 'chatcmpl-8fa7cab9f94668c0' retired (steps): 256 tok in 72.4 s — prefill 65010 tok (0 cached) in 67004 ms; decode 255 tok / 129 passes in 5.4 s: 47.6 tok/s, 21.0 ms/tok, 42 ms/pass, 1.98 tok/pass, accept p1 98 %
2026-10-06 14:08:28.161 INFO  sched: request 'chatcmpl-8fa7cab9f94668c1' starting prefill in slot 0 (65010 prompt tokens)
2026-10-06 14:08:28.161 INFO  sched: request 'chatcmpl-8fa7cab9f94668c1' prefilling in slot 0 (2048 tokens/tick)
2026-10-06 14:08:28.237 INFO  sched: request 'chatcmpl-8fa7cab9f94668c1' admitted to slot 0 (reserve 510 blocks; pool 1763/3072 blocks in use) — first token 785
2026-10-06 14:08:33.587 INFO  sched: request 'chatcmpl-8fa7cab9f94668c1' retired (steps): 256 tok in 5.4 s — prefill 65010 tok (65008 cached) in 76 ms; decode 255 tok / 129 passes in 5.3 s: 47.7 tok/s, 21.0 ms/tok, 41 ms/pass, 1.98 tok/pass, accept p1 98 %
2026-10-06 14:08:33.626 INFO  sched: request 'chatcmpl-8fa7cab9f94668c2' starting prefill in slot 0 (65010 prompt tokens)
2026-10-06 14:08:33.626 INFO  sched: request 'chatcmpl-8fa7cab9f94668c2' prefilling in slot 0 (2048 tokens/tick)
2026-10-06 14:08:33.704 INFO  sched: request 'chatcmpl-8fa7cab9f94668c2' admitted to slot 0 (reserve 510 blocks; pool 1763/3072 blocks in use) — first token 785
2026-10-06 14:08:37.137 INFO  stats: rank 2 | 10.0 s | decode 46.8 tok/s, 20.6 ms/tok, 40.8 ms/step (236 steps / 468 tok, 96 % of wall) | mtp 1.98 tok/step/req, accept p1 98 % | prefill 2 prompts / 4 tok, 0 tok/s, 38.70 ms/tok, 77 ms avg (2 % of wall), 130016 tok cached (2/2 hits) | live 1, queued 0 | pool 1764/3072 blocks (57 %) | prefix cache 18/232 entries
2026-10-06 14:08:39.049 INFO  sched: request 'chatcmpl-8fa7cab9f94668c2' retired (steps): 256 tok in 5.4 s — prefill 65010 tok (65008 cached) in 78 ms; decode 255 tok / 129 passes in 5.3 s: 47.7 tok/s, 21.0 ms/tok, 41 ms/pass, 1.98 tok/pass, accept p1 98 %
2026-10-06 14:08:40.893 INFO  sched: request 'chatcmpl-8fa7cab9f94668c3' starting prefill in slot 0 (130570 prompt tokens)
2026-10-06 14:08:40.893 INFO  sched: request 'chatcmpl-8fa7cab9f94668c3' prefix cache miss — 65 cut(s) probed against 18 entries; the nearest entry (position 65264) shares the first 12 of the prompt's 130570 tokens (the prompt differs from it from that token on)
2026-10-06 14:08:40.893 INFO  sched: request 'chatcmpl-8fa7cab9f94668c3' prefilling in slot 0 (2048 tokens/tick)
2026-10-06 14:08:48.089 INFO  stats: rank 2 | 11.0 s | decode 8.3 tok/s, 20.7 ms/tok, 40.9 ms/step (46 steps / 91 tok, 17 % of wall) | mtp 1.98 tok/step/req, accept p1 100 % | prefill 0 prompts / 10240 tok, 935 tok/s, 0.70 ms/tok (66 % of wall), 0 tok cached (0/1 hit) | live 1, queued 0 | pool 2783/3072 blocks (91 %) | prefix cache 18/232 entries | 1 prefilling
2026-10-06 14:08:59.702 INFO  stats: rank 2 | 11.6 s | decode 0.0 tok/s, 0.0 ms/tok, 0.0 ms/step (0 steps / 0 tok, 0 % of wall) | prefill 0 prompts / 14336 tok, 1234 tok/s, 0.81 ms/tok (100 % of wall), 0 tok cached (0/0 hits) | live 1, queued 0 | pool 2783/3072 blocks (91 %) | prefix cache 18/232 entries | 1 prefilling
2026-10-06 14:09:11.488 INFO  stats: rank 2 | 11.8 s | decode 0.0 tok/s, 0.0 ms/tok, 0.0 ms/step (0 steps / 0 tok, 0 % of wall) | prefill 0 prompts / 12288 tok, 1043 tok/s, 0.96 ms/tok (100 % of wall), 0 tok cached (0/0 hits) | live 1, queued 0 | pool 2783/3072 blocks (91 %) | prefix cache 18/232 entries | 1 prefilling
2026-10-06 14:09:22.940 INFO  stats: rank 2 | 11.5 s | decode 0.0 tok/s, 0.0 ms/tok, 0.0 ms/step (0 steps / 0 tok, 0 % of wall) | prefill 0 prompts / 10240 tok, 894 tok/s, 1.12 ms/tok (100 % of wall), 0 tok cached (0/0 hits) | live 1, queued 0 | pool 2783/3072 blocks (91 %) | prefix cache 18/232 entries | 1 prefilling
2026-10-06 14:09:33.543 INFO  stats: rank 2 | 10.6 s | decode 0.0 tok/s, 0.0 ms/tok, 0.0 ms/step (0 steps / 0 tok, 0 % of wall) | prefill 0 prompts / 8192 tok, 773 tok/s, 1.29 ms/tok (100 % of wall), 0 tok cached (0/0 hits) | live 1, queued 0 | pool 2783/3072 blocks (91 %) | prefix cache 18/232 entries | 1 prefilling
2026-10-06 14:09:45.458 INFO  stats: rank 2 | 11.9 s | decode 0.0 tok/s, 0.0 ms/tok, 0.0 ms/step (0 steps / 0 tok, 0 % of wall) | prefill 0 prompts / 8192 tok, 688 tok/s, 1.45 ms/tok (100 % of wall), 0 tok cached (0/0 hits) | live 1, queued 0 | pool 2783/3072 blocks (91 %) | prefix cache 18/232 entries | 1 prefilling
2026-10-06 14:09:58.930 INFO  stats: rank 2 | 13.5 s | decode 0.0 tok/s, 0.0 ms/tok, 0.0 ms/step (0 steps / 0 tok, 0 % of wall) | prefill 0 prompts / 8192 tok, 608 tok/s, 1.64 ms/tok (100 % of wall), 0 tok cached (0/0 hits) | live 1, queued 0 | pool 2783/3072 blocks (91 %) | prefix cache 18/232 entries | 1 prefilling
2026-10-06 14:10:10.231 INFO  stats: rank 2 | 11.3 s | decode 0.0 tok/s, 0.0 ms/tok, 0.0 ms/step (0 steps / 0 tok, 0 % of wall) | prefill 0 prompts / 6144 tok, 544 tok/s, 1.84 ms/tok (100 % of wall), 0 tok cached (0/0 hits) | live 1, queued 0 | pool 2783/3072 blocks (91 %) | prefix cache 18/232 entries | 1 prefilling
2026-10-06 14:10:22.531 INFO  stats: rank 2 | 12.3 s | decode 0.0 tok/s, 0.0 ms/tok, 0.0 ms/step (0 steps / 0 tok, 0 % of wall) | prefill 0 prompts / 6144 tok, 499 tok/s, 2.00 ms/tok (100 % of wall), 0 tok cached (0/0 hits) | live 1, queued 0 | pool 2783/3072 blocks (91 %) | prefix cache 18/232 entries | 1 prefilling
2026-10-06 14:10:36.161 INFO  stats: rank 2 | 13.6 s | decode 0.0 tok/s, 0.0 ms/tok, 0.0 ms/step (0 steps / 0 tok, 0 % of wall) | prefill 0 prompts / 6144 tok, 451 tok/s, 2.22 ms/tok (100 % of wall), 0 tok cached (0/0 hits) | live 1, queued 0 | pool 2783/3072 blocks (91 %) | prefix cache 18/232 entries | 1 prefilling
2026-10-06 14:10:50.914 INFO  stats: rank 2 | 14.8 s | decode 0.0 tok/s, 0.0 ms/tok, 0.0 ms/step (0 steps / 0 tok, 0 % of wall) | prefill 0 prompts / 6144 tok, 416 tok/s, 2.40 ms/tok (100 % of wall), 0 tok cached (0/0 hits) | live 1, queued 0 | pool 2783/3072 blocks (91 %) | prefix cache 18/232 entries | 1 prefilling
2026-10-06 14:11:01.427 INFO  stats: rank 2 | 10.5 s | decode 0.0 tok/s, 0.0 ms/tok, 0.0 ms/step (0 steps / 0 tok, 0 % of wall) | prefill 0 prompts / 4096 tok, 390 tok/s, 2.57 ms/tok (100 % of wall), 0 tok cached (0/0 hits) | live 1, queued 0 | pool 2783/3072 blocks (91 %) | prefix cache 18/232 entries | 1 prefilling
2026-10-06 14:11:12.594 INFO  stats: rank 2 | 11.2 s | decode 0.0 tok/s, 0.0 ms/tok, 0.0 ms/step (0 steps / 0 tok, 0 % of wall) | prefill 0 prompts / 4096 tok, 367 tok/s, 2.73 ms/tok (100 % of wall), 0 tok cached (0/0 hits) | live 1, queued 0 | pool 2783/3072 blocks (91 %) | prefix cache 18/232 entries | 1 prefilling
2026-10-06 14:11:24.410 INFO  stats: rank 2 | 11.8 s | decode 0.0 tok/s, 0.0 ms/tok, 0.0 ms/step (0 steps / 0 tok, 0 % of wall) | prefill 0 prompts / 4096 tok, 347 tok/s, 2.88 ms/tok (100 % of wall), 0 tok cached (0/0 hits) | live 1, queued 0 | pool 2783/3072 blocks (91 %) | prefix cache 18/232 entries | 1 prefilling
2026-10-06 14:11:36.951 INFO  stats: rank 2 | 12.5 s | decode 0.0 tok/s, 0.0 ms/tok, 0.0 ms/step (0 steps / 0 tok, 0 % of wall) | prefill 0 prompts / 4096 tok, 327 tok/s, 3.06 ms/tok (100 % of wall), 0 tok cached (0/0 hits) | live 1, queued 0 | pool 2783/3072 blocks (91 %) | prefix cache 18/232 entries | 1 prefilling
2026-10-06 14:11:50.174 INFO  stats: rank 2 | 13.2 s | decode 0.0 tok/s, 0.0 ms/tok, 0.0 ms/step (0 steps / 0 tok, 0 % of wall) | prefill 0 prompts / 4096 tok, 310 tok/s, 3.23 ms/tok (100 % of wall), 0 tok cached (0/0 hits) | live 1, queued 0 | pool 2783/3072 blocks (91 %) | prefix cache 18/232 entries | 1 prefilling
2026-10-06 14:12:03.933 INFO  stats: rank 2 | 13.8 s | decode 0.0 tok/s, 0.0 ms/tok, 0.0 ms/step (0 steps / 0 tok, 0 % of wall) | prefill 0 prompts / 4096 tok, 298 tok/s, 3.36 ms/tok (100 % of wall), 0 tok cached (0/0 hits) | live 1, queued 0 | pool 2783/3072 blocks (91 %) | prefix cache 18/232 entries | 1 prefilling
2026-10-06 14:12:18.457 INFO  stats: rank 2 | 14.5 s | decode 0.0 tok/s, 0.0 ms/tok, 0.0 ms/step (0 steps / 0 tok, 0 % of wall) | prefill 0 prompts / 4096 tok, 282 tok/s, 3.55 ms/tok (100 % of wall), 0 tok cached (0/0 hits) | live 1, queued 0 | pool 2783/3072 blocks (91 %) | prefix cache 18/232 entries | 1 prefilling
2026-10-06 14:12:33.591 INFO  stats: rank 2 | 15.1 s | decode 0.0 tok/s, 0.0 ms/tok, 0.0 ms/step (0 steps / 0 tok, 0 % of wall) | prefill 0 prompts / 4096 tok, 271 tok/s, 3.69 ms/tok (100 % of wall), 0 tok cached (0/0 hits) | live 1, queued 0 | pool 2783/3072 blocks (91 %) | prefix cache 18/232 entries | 1 prefilling
2026-10-06 14:12:39.659 INFO  sched: request 'chatcmpl-8fa7cab9f94668c3' admitted to slot 0 (reserve 1023 blocks; pool 2784/3072 blocks in use) — first token 785
2026-10-06 14:12:43.599 INFO  stats: rank 2 | 10.0 s | decode 18.1 tok/s, 21.5 ms/tok, 42.3 ms/step (92 steps / 181 tok, 39 % of wall) | mtp 1.97 tok/step/req, accept p1 96 % | prefill 1 prompt / 1546 tok, 154 tok/s, 3.92 ms/tok, 6064 ms avg (61 % of wall), 0 tok cached (0/0 hits) | live 1, queued 0 | pool 2785/3072 blocks (91 %) | prefix cache 20/232 entries
2026-10-06 14:12:45.231 INFO  sched: request 'chatcmpl-8fa7cab9f94668c3' retired (steps): 256 tok in 244.3 s — prefill 130570 tok (0 cached) in 238736 ms; decode 255 tok / 130 passes in 5.6 s: 45.5 tok/s, 22.0 ms/tok, 43 ms/pass, 1.96 tok/pass, accept p1 96 %
2026-10-06 14:12:45.271 INFO  sched: request 'chatcmpl-8fa7cab9f94668c4' starting prefill in slot 0 (130570 prompt tokens)
2026-10-06 14:12:45.272 INFO  sched: request 'chatcmpl-8fa7cab9f94668c4' prefilling in slot 0 (2048 tokens/tick)
2026-10-06 14:12:45.371 INFO  sched: request 'chatcmpl-8fa7cab9f94668c4' admitted to slot 0 (reserve 1023 blocks; pool 2787/3072 blocks in use) — first token 785
2026-10-06 14:12:50.944 INFO  sched: request 'chatcmpl-8fa7cab9f94668c4' retired (steps): 256 tok in 5.7 s — prefill 130570 tok (130568 cached) in 100 ms; decode 255 tok / 130 passes in 5.6 s: 45.8 tok/s, 21.9 ms/tok, 43 ms/pass, 1.96 tok/pass, accept p1 96 %
2026-10-06 14:12:51.008 INFO  sched: request 'chatcmpl-8fa7cab9f94668c5' starting prefill in slot 0 (130570 prompt tokens)
2026-10-06 14:12:51.009 INFO  sched: request 'chatcmpl-8fa7cab9f94668c5' prefilling in slot 0 (2048 tokens/tick)
2026-10-06 14:12:51.110 INFO  sched: request 'chatcmpl-8fa7cab9f94668c5' admitted to slot 0 (reserve 1023 blocks; pool 2787/3072 blocks in use) — first token 785
2026-10-06 14:12:53.627 INFO  stats: rank 2 | 10.0 s | decode 44.5 tok/s, 21.5 ms/tok, 42.2 ms/step (227 steps / 446 tok, 96 % of wall) | mtp 1.96 tok/step/req, accept p1 96 % | prefill 2 prompts / 4 tok, 0 tok/s, 50.42 ms/tok, 101 ms avg (2 % of wall), 261136 tok cached (2/2 hits) | live 1, queued 0 | pool 2788/3072 blocks (91 %) | prefix cache 21/232 entries
2026-10-06 14:12:56.677 INFO  sched: request 'chatcmpl-8fa7cab9f94668c5' retired (steps): 256 tok in 5.7 s — prefill 130570 tok (130568 cached) in 102 ms; decode 255 tok / 130 passes in 5.6 s: 45.8 tok/s, 21.8 ms/tok, 43 ms/pass, 1.96 tok/pass, accept p1 96 %
2026-10-06 14:13:00.786 INFO  sched: request 'chatcmpl-8fa7cab9f94668c6' starting prefill in slot 0 (261627 prompt tokens)
2026-10-06 14:13:00.786 INFO  sched: request 'chatcmpl-8fa7cab9f94668c6' prefix cache miss — 129 cut(s) probed against 3 entries; the nearest entry (position 130824) shares the first 12 of the prompt's 261627 tokens (the prompt differs from it from that token on)
2026-10-06 14:13:00.787 INFO  sched: request 'chatcmpl-8fa7cab9f94668c6' prefilling in slot 0 (2048 tokens/tick)
2026-10-06 14:13:05.018 INFO  stats: rank 2 | 11.4 s | decode 12.4 tok/s, 21.3 ms/tok, 42.3 ms/step (71 steps / 141 tok, 26 % of wall) | mtp 1.99 tok/step/req, accept p1 99 % | prefill 0 prompts / 6144 tok, 539 tok/s, 0.69 ms/tok (37 % of wall), 0 tok cached (0/1 hit) | live 1, queued 0 | pool 3070/3072 blocks (100 %) | prefix cache 3/232 entries | 1 prefilling
2026-10-06 14:13:16.134 INFO  stats: rank 2 | 11.1 s | decode 0.0 tok/s, 0.0 ms/tok, 0.0 ms/step (0 steps / 0 tok, 0 % of wall) | prefill 0 prompts / 14336 tok, 1290 tok/s, 0.78 ms/tok (100 % of wall), 0 tok cached (0/0 hits) | live 1, queued 0 | pool 3070/3072 blocks (100 %) | prefix cache 3/232 entries | 1 prefilling
2026-10-06 14:13:27.263 INFO  stats: rank 2 | 11.1 s | decode 0.0 tok/s, 0.0 ms/tok, 0.0 ms/step (0 steps / 0 tok, 0 % of wall) | prefill 0 prompts / 12288 tok, 1104 tok/s, 0.91 ms/tok (100 % of wall), 0 tok cached (0/0 hits) | live 1, queued 0 | pool 3070/3072 blocks (100 %) | prefix cache 3/232 entries | 1 prefilling
2026-10-06 14:13:38.065 INFO  stats: rank 2 | 10.8 s | decode 0.0 tok/s, 0.0 ms/tok, 0.0 ms/step (0 steps / 0 tok, 0 % of wall) | prefill 0 prompts / 10240 tok, 948 tok/s, 1.05 ms/tok (100 % of wall), 0 tok cached (0/0 hits) | live 1, queued 0 | pool 3070/3072 blocks (100 %) | prefix cache 3/232 entries | 1 prefilling
2026-10-06 14:13:50.607 INFO  stats: rank 2 | 12.5 s | decode 0.0 tok/s, 0.0 ms/tok, 0.0 ms/step (0 steps / 0 tok, 0 % of wall) | prefill 0 prompts / 10240 tok, 816 tok/s, 1.22 ms/tok (100 % of wall), 0 tok cached (0/0 hits) | live 1, queued 0 | pool 3070/3072 blocks (100 %) | prefix cache 3/232 entries | 1 prefilling
2026-10-06 14:14:02.126 INFO  stats: rank 2 | 11.5 s | decode 0.0 tok/s, 0.0 ms/tok, 0.0 ms/step (0 steps / 0 tok, 0 % of wall) | prefill 0 prompts / 8192 tok, 711 tok/s, 1.41 ms/tok (100 % of wall), 0 tok cached (0/0 hits) | live 1, queued 0 | pool 3070/3072 blocks (100 %) | prefix cache 3/232 entries | 1 prefilling
2026-10-06 14:14:15.211 INFO  stats: rank 2 | 13.1 s | decode 0.0 tok/s, 0.0 ms/tok, 0.0 ms/step (0 steps / 0 tok, 0 % of wall) | prefill 0 prompts / 8192 tok, 626 tok/s, 1.60 ms/tok (100 % of wall), 0 tok cached (0/0 hits) | live 1, queued 0 | pool 3070/3072 blocks (100 %) | prefix cache 3/232 entries | 1 prefilling
2026-10-06 14:14:26.439 INFO  stats: rank 2 | 11.2 s | decode 0.0 tok/s, 0.0 ms/tok, 0.0 ms/step (0 steps / 0 tok, 0 % of wall) | prefill 0 prompts / 6144 tok, 547 tok/s, 1.83 ms/tok (100 % of wall), 0 tok cached (0/0 hits) | live 1, queued 0 | pool 3070/3072 blocks (100 %) | prefix cache 3/232 entries | 1 prefilling
2026-10-06 14:14:38.589 INFO  stats: rank 2 | 12.2 s | decode 0.0 tok/s, 0.0 ms/tok, 0.0 ms/step (0 steps / 0 tok, 0 % of wall) | prefill 0 prompts / 6144 tok, 506 tok/s, 1.98 ms/tok (100 % of wall), 0 tok cached (0/0 hits) | live 1, queued 0 | pool 3070/3072 blocks (100 %) | prefix cache 3/232 entries | 1 prefilling
2026-10-06 14:14:51.978 INFO  stats: rank 2 | 13.4 s | decode 0.0 tok/s, 0.0 ms/tok, 0.0 ms/step (0 steps / 0 tok, 0 % of wall) | prefill 0 prompts / 6144 tok, 459 tok/s, 2.18 ms/tok (100 % of wall), 0 tok cached (0/0 hits) | live 1, queued 0 | pool 3070/3072 blocks (100 %) | prefix cache 3/232 entries | 1 prefilling
2026-10-06 14:15:06.607 INFO  stats: rank 2 | 14.6 s | decode 0.0 tok/s, 0.0 ms/tok, 0.0 ms/step (0 steps / 0 tok, 0 % of wall) | prefill 0 prompts / 6144 tok, 420 tok/s, 2.38 ms/tok (100 % of wall), 0 tok cached (0/0 hits) | live 1, queued 0 | pool 3070/3072 blocks (100 %) | prefix cache 3/232 entries | 1 prefilling
2026-10-06 14:15:16.809 INFO  stats: rank 2 | 10.2 s | decode 0.0 tok/s, 0.0 ms/tok, 0.0 ms/step (0 steps / 0 tok, 0 % of wall) | prefill 0 prompts / 4096 tok, 401 tok/s, 2.49 ms/tok (100 % of wall), 0 tok cached (0/0 hits) | live 1, queued 0 | pool 3070/3072 blocks (100 %) | prefix cache 3/232 entries | 1 prefilling
2026-10-06 14:15:27.595 INFO  stats: rank 2 | 10.8 s | decode 0.0 tok/s, 0.0 ms/tok, 0.0 ms/step (0 steps / 0 tok, 0 % of wall) | prefill 0 prompts / 4096 tok, 380 tok/s, 2.63 ms/tok (100 % of wall), 0 tok cached (0/0 hits) | live 1, queued 0 | pool 3070/3072 blocks (100 %) | prefix cache 3/232 entries | 1 prefilling
2026-10-06 14:15:39.214 INFO  stats: rank 2 | 11.6 s | decode 0.0 tok/s, 0.0 ms/tok, 0.0 ms/step (0 steps / 0 tok, 0 % of wall) | prefill 0 prompts / 4096 tok, 353 tok/s, 2.84 ms/tok (100 % of wall), 0 tok cached (0/0 hits) | live 1, queued 0 | pool 3070/3072 blocks (100 %) | prefix cache 3/232 entries | 1 prefilling
2026-10-06 14:15:51.342 INFO  stats: rank 2 | 12.1 s | decode 0.0 tok/s, 0.0 ms/tok, 0.0 ms/step (0 steps / 0 tok, 0 % of wall) | prefill 0 prompts / 4096 tok, 338 tok/s, 2.96 ms/tok (100 % of wall), 0 tok cached (0/0 hits) | live 1, queued 0 | pool 3070/3072 blocks (100 %) | prefix cache 3/232 entries | 1 prefilling
2026-10-06 14:16:04.105 INFO  stats: rank 2 | 12.8 s | decode 0.0 tok/s, 0.0 ms/tok, 0.0 ms/step (0 steps / 0 tok, 0 % of wall) | prefill 0 prompts / 4096 tok, 321 tok/s, 3.12 ms/tok (100 % of wall), 0 tok cached (0/0 hits) | live 1, queued 0 | pool 3070/3072 blocks (100 %) | prefix cache 3/232 entries | 1 prefilling
2026-10-06 14:16:17.630 INFO  stats: rank 2 | 13.5 s | decode 0.0 tok/s, 0.0 ms/tok, 0.0 ms/step (0 steps / 0 tok, 0 % of wall) | prefill 0 prompts / 4096 tok, 303 tok/s, 3.30 ms/tok (100 % of wall), 0 tok cached (0/0 hits) | live 1, queued 0 | pool 3070/3072 blocks (100 %) | prefix cache 3/232 entries | 1 prefilling
2026-10-06 14:16:31.606 INFO  stats: rank 2 | 14.0 s | decode 0.0 tok/s, 0.0 ms/tok, 0.0 ms/step (0 steps / 0 tok, 0 % of wall) | prefill 0 prompts / 4096 tok, 293 tok/s, 3.41 ms/tok (100 % of wall), 0 tok cached (0/0 hits) | live 1, queued 0 | pool 3070/3072 blocks (100 %) | prefix cache 3/232 entries | 1 prefilling
2026-10-06 14:16:46.493 INFO  stats: rank 2 | 14.9 s | decode 0.0 tok/s, 0.0 ms/tok, 0.0 ms/step (0 steps / 0 tok, 0 % of wall) | prefill 0 prompts / 4096 tok, 275 tok/s, 3.63 ms/tok (100 % of wall), 0 tok cached (0/0 hits) | live 1, queued 0 | pool 3070/3072 blocks (100 %) | prefix cache 3/232 entries | 1 prefilling
2026-10-06 14:17:01.877 INFO  stats: rank 2 | 15.4 s | decode 0.0 tok/s, 0.0 ms/tok, 0.0 ms/step (0 steps / 0 tok, 0 % of wall) | prefill 0 prompts / 4096 tok, 266 tok/s, 3.76 ms/tok (100 % of wall), 0 tok cached (0/0 hits) | live 1, queued 0 | pool 3070/3072 blocks (100 %) | prefix cache 3/232 entries | 1 prefilling
2026-10-06 14:17:18.405 INFO  stats: rank 2 | 16.5 s | decode 0.0 tok/s, 0.0 ms/tok, 0.0 ms/step (0 steps / 0 tok, 0 % of wall) | prefill 0 prompts / 4096 tok, 248 tok/s, 4.04 ms/tok (100 % of wall), 0 tok cached (0/0 hits) | live 1, queued 0 | pool 3070/3072 blocks (100 %) | prefix cache 3/232 entries | 1 prefilling
2026-10-06 14:17:35.480 INFO  stats: rank 2 | 17.1 s | decode 0.0 tok/s, 0.0 ms/tok, 0.0 ms/step (0 steps / 0 tok, 0 % of wall) | prefill 0 prompts / 4096 tok, 240 tok/s, 4.17 ms/tok (100 % of wall), 0 tok cached (0/0 hits) | live 1, queued 0 | pool 3070/3072 blocks (100 %) | prefix cache 3/232 entries | 1 prefilling
2026-10-06 14:17:53.853 INFO  stats: rank 2 | 18.4 s | decode 0.0 tok/s, 0.0 ms/tok, 0.0 ms/step (0 steps / 0 tok, 0 % of wall) | prefill 0 prompts / 4096 tok, 223 tok/s, 4.49 ms/tok (100 % of wall), 0 tok cached (0/0 hits) | live 1, queued 0 | pool 3070/3072 blocks (100 %) | prefix cache 3/232 entries | 1 prefilling
2026-10-06 14:18:12.648 INFO  stats: rank 2 | 18.8 s | decode 0.0 tok/s, 0.0 ms/tok, 0.0 ms/step (0 steps / 0 tok, 0 % of wall) | prefill 0 prompts / 4096 tok, 218 tok/s, 4.59 ms/tok (100 % of wall), 0 tok cached (0/0 hits) | live 1, queued 0 | pool 3070/3072 blocks (100 %) | prefix cache 3/232 entries | 1 prefilling
2026-10-06 14:18:32.575 INFO  stats: rank 2 | 19.9 s | decode 0.0 tok/s, 0.0 ms/tok, 0.0 ms/step (0 steps / 0 tok, 0 % of wall) | prefill 0 prompts / 4096 tok, 206 tok/s, 4.86 ms/tok (100 % of wall), 0 tok cached (0/0 hits) | live 1, queued 0 | pool 3070/3072 blocks (100 %) | prefix cache 3/232 entries | 1 prefilling
2026-10-06 14:18:42.991 INFO  stats: rank 2 | 10.4 s | decode 0.0 tok/s, 0.0 ms/tok, 0.0 ms/step (0 steps / 0 tok, 0 % of wall) | prefill 0 prompts / 2048 tok, 197 tok/s, 5.09 ms/tok (100 % of wall), 0 tok cached (0/0 hits) | live 1, queued 0 | pool 3070/3072 blocks (100 %) | prefix cache 3/232 entries | 1 prefilling
2026-10-06 14:18:53.590 INFO  stats: rank 2 | 10.6 s | decode 0.0 tok/s, 0.0 ms/tok, 0.0 ms/step (0 steps / 0 tok, 0 % of wall) | prefill 0 prompts / 2048 tok, 193 tok/s, 5.17 ms/tok (100 % of wall), 0 tok cached (0/0 hits) | live 1, queued 0 | pool 3070/3072 blocks (100 %) | prefix cache 3/232 entries | 1 prefilling
2026-10-06 14:19:04.202 INFO  stats: rank 2 | 10.6 s | decode 0.0 tok/s, 0.0 ms/tok, 0.0 ms/step (0 steps / 0 tok, 0 % of wall) | prefill 0 prompts / 2048 tok, 193 tok/s, 5.18 ms/tok (100 % of wall), 0 tok cached (0/0 hits) | live 1, queued 0 | pool 3070/3072 blocks (100 %) | prefix cache 3/232 entries | 1 prefilling
2026-10-06 14:19:14.924 INFO  stats: rank 2 | 10.7 s | decode 0.0 tok/s, 0.0 ms/tok, 0.0 ms/step (0 steps / 0 tok, 0 % of wall) | prefill 0 prompts / 2048 tok, 191 tok/s, 5.24 ms/tok (100 % of wall), 0 tok cached (0/0 hits) | live 1, queued 0 | pool 3070/3072 blocks (100 %) | prefix cache 3/232 entries | 1 prefilling
2026-10-06 14:19:25.777 INFO  stats: rank 2 | 10.9 s | decode 0.0 tok/s, 0.0 ms/tok, 0.0 ms/step (0 steps / 0 tok, 0 % of wall) | prefill 0 prompts / 2048 tok, 189 tok/s, 5.30 ms/tok (100 % of wall), 0 tok cached (0/0 hits) | live 1, queued 0 | pool 3070/3072 blocks (100 %) | prefix cache 3/232 entries | 1 prefilling
2026-10-06 14:19:36.756 INFO  stats: rank 2 | 11.0 s | decode 0.0 tok/s, 0.0 ms/tok, 0.0 ms/step (0 steps / 0 tok, 0 % of wall) | prefill 0 prompts / 2048 tok, 187 tok/s, 5.36 ms/tok (100 % of wall), 0 tok cached (0/0 hits) | live 1, queued 0 | pool 3070/3072 blocks (100 %) | prefix cache 3/232 entries | 1 prefilling
2026-10-06 14:19:48.593 INFO  stats: rank 2 | 11.8 s | decode 0.0 tok/s, 0.0 ms/tok, 0.0 ms/step (0 steps / 0 tok, 0 % of wall) | prefill 0 prompts / 2048 tok, 173 tok/s, 5.78 ms/tok (100 % of wall), 0 tok cached (0/0 hits) | live 1, queued 0 | pool 3070/3072 blocks (100 %) | prefix cache 3/232 entries | 1 prefilling
2026-10-06 14:20:00.635 INFO  stats: rank 2 | 12.0 s | decode 0.0 tok/s, 0.0 ms/tok, 0.0 ms/step (0 steps / 0 tok, 0 % of wall) | prefill 0 prompts / 2048 tok, 170 tok/s, 5.88 ms/tok (100 % of wall), 0 tok cached (0/0 hits) | live 1, queued 0 | pool 3070/3072 blocks (100 %) | prefix cache 3/232 entries | 1 prefilling
2026-10-06 14:20:12.828 INFO  stats: rank 2 | 12.2 s | decode 0.0 tok/s, 0.0 ms/tok, 0.0 ms/step (0 steps / 0 tok, 0 % of wall) | prefill 0 prompts / 2048 tok, 168 tok/s, 5.95 ms/tok (100 % of wall), 0 tok cached (0/0 hits) | live 1, queued 0 | pool 3070/3072 blocks (100 %) | prefix cache 3/232 entries | 1 prefilling
2026-10-06 14:20:25.313 INFO  stats: rank 2 | 12.5 s | decode 0.0 tok/s, 0.0 ms/tok, 0.0 ms/step (0 steps / 0 tok, 0 % of wall) | prefill 0 prompts / 2048 tok, 164 tok/s, 6.10 ms/tok (100 % of wall), 0 tok cached (0/0 hits) | live 1, queued 0 | pool 3070/3072 blocks (100 %) | prefix cache 3/232 entries | 1 prefilling
2026-10-06 14:20:37.756 INFO  stats: rank 2 | 12.4 s | decode 0.0 tok/s, 0.0 ms/tok, 0.0 ms/step (0 steps / 0 tok, 0 % of wall) | prefill 0 prompts / 2048 tok, 165 tok/s, 6.08 ms/tok (100 % of wall), 0 tok cached (0/0 hits) | live 1, queued 0 | pool 3070/3072 blocks (100 %) | prefix cache 3/232 entries | 1 prefilling
2026-10-06 14:20:50.266 INFO  stats: rank 2 | 12.5 s | decode 0.0 tok/s, 0.0 ms/tok, 0.0 ms/step (0 steps / 0 tok, 0 % of wall) | prefill 0 prompts / 2048 tok, 164 tok/s, 6.11 ms/tok (100 % of wall), 0 tok cached (0/0 hits) | live 1, queued 0 | pool 3070/3072 blocks (100 %) | prefix cache 3/232 entries | 1 prefilling
2026-10-06 14:21:02.983 INFO  stats: rank 2 | 12.7 s | decode 0.0 tok/s, 0.0 ms/tok, 0.0 ms/step (0 steps / 0 tok, 0 % of wall) | prefill 0 prompts / 2048 tok, 161 tok/s, 6.21 ms/tok (100 % of wall), 0 tok cached (0/0 hits) | live 1, queued 0 | pool 3070/3072 blocks (100 %) | prefix cache 3/232 entries | 1 prefilling
2026-10-06 14:21:16.806 INFO  stats: rank 2 | 13.8 s | decode 0.0 tok/s, 0.0 ms/tok, 0.0 ms/step (0 steps / 0 tok, 0 % of wall) | prefill 0 prompts / 2048 tok, 148 tok/s, 6.75 ms/tok (100 % of wall), 0 tok cached (0/0 hits) | live 1, queued 0 | pool 3070/3072 blocks (100 %) | prefix cache 3/232 entries | 1 prefilling
2026-10-06 14:21:30.742 INFO  stats: rank 2 | 13.9 s | decode 0.0 tok/s, 0.0 ms/tok, 0.0 ms/step (0 steps / 0 tok, 0 % of wall) | prefill 0 prompts / 2048 tok, 147 tok/s, 6.80 ms/tok (100 % of wall), 0 tok cached (0/0 hits) | live 1, queued 0 | pool 3070/3072 blocks (100 %) | prefix cache 3/232 entries | 1 prefilling
2026-10-06 14:21:44.783 INFO  stats: rank 2 | 14.0 s | decode 0.0 tok/s, 0.0 ms/tok, 0.0 ms/step (0 steps / 0 tok, 0 % of wall) | prefill 0 prompts / 2048 tok, 146 tok/s, 6.86 ms/tok (100 % of wall), 0 tok cached (0/0 hits) | live 1, queued 0 | pool 3070/3072 blocks (100 %) | prefix cache 3/232 entries | 1 prefilling
2026-10-06 14:21:59.097 INFO  stats: rank 2 | 14.3 s | decode 0.0 tok/s, 0.0 ms/tok, 0.0 ms/step (0 steps / 0 tok, 0 % of wall) | prefill 0 prompts / 2048 tok, 143 tok/s, 6.99 ms/tok (100 % of wall), 0 tok cached (0/0 hits) | live 1, queued 0 | pool 3070/3072 blocks (100 %) | prefix cache 3/232 entries | 1 prefilling
2026-10-06 14:22:13.447 INFO  stats: rank 2 | 14.3 s | decode 0.0 tok/s, 0.0 ms/tok, 0.0 ms/step (0 steps / 0 tok, 0 % of wall) | prefill 0 prompts / 2048 tok, 143 tok/s, 7.01 ms/tok (100 % of wall), 0 tok cached (0/0 hits) | live 1, queued 0 | pool 3070/3072 blocks (100 %) | prefix cache 3/232 entries | 1 prefilling
2026-10-06 14:22:27.950 INFO  stats: rank 2 | 14.5 s | decode 0.0 tok/s, 0.0 ms/tok, 0.0 ms/step (0 steps / 0 tok, 0 % of wall) | prefill 0 prompts / 2048 tok, 141 tok/s, 7.08 ms/tok (100 % of wall), 0 tok cached (0/0 hits) | live 1, queued 0 | pool 3070/3072 blocks (100 %) | prefix cache 3/232 entries | 1 prefilling
2026-10-06 14:22:42.552 INFO  stats: rank 2 | 14.6 s | decode 0.0 tok/s, 0.0 ms/tok, 0.0 ms/step (0 steps / 0 tok, 0 % of wall) | prefill 0 prompts / 2048 tok, 140 tok/s, 7.13 ms/tok (100 % of wall), 0 tok cached (0/0 hits) | live 1, queued 0 | pool 3070/3072 blocks (100 %) | prefix cache 3/232 entries | 1 prefilling
2026-10-06 14:22:57.371 INFO  stats: rank 2 | 14.8 s | decode 0.0 tok/s, 0.0 ms/tok, 0.0 ms/step (0 steps / 0 tok, 0 % of wall) | prefill 0 prompts / 2048 tok, 138 tok/s, 7.24 ms/tok (100 % of wall), 0 tok cached (0/0 hits) | live 1, queued 0 | pool 3070/3072 blocks (100 %) | prefix cache 3/232 entries | 1 prefilling
2026-10-06 14:23:12.335 INFO  stats: rank 2 | 15.0 s | decode 0.0 tok/s, 0.0 ms/tok, 0.0 ms/step (0 steps / 0 tok, 0 % of wall) | prefill 0 prompts / 2048 tok, 137 tok/s, 7.31 ms/tok (100 % of wall), 0 tok cached (0/0 hits) | live 1, queued 0 | pool 3070/3072 blocks (100 %) | prefix cache 3/232 entries | 1 prefilling
2026-10-06 14:23:28.735 INFO  stats: rank 2 | 16.4 s | decode 0.0 tok/s, 0.0 ms/tok, 0.0 ms/step (0 steps / 0 tok, 0 % of wall) | prefill 0 prompts / 2048 tok, 125 tok/s, 8.01 ms/tok (100 % of wall), 0 tok cached (0/0 hits) | live 1, queued 0 | pool 3070/3072 blocks (100 %) | prefix cache 3/232 entries | 1 prefilling
2026-10-06 14:23:45.502 INFO  stats: rank 2 | 16.8 s | decode 0.0 tok/s, 0.0 ms/tok, 0.0 ms/step (0 steps / 0 tok, 0 % of wall) | prefill 0 prompts / 2048 tok, 122 tok/s, 8.19 ms/tok (100 % of wall), 0 tok cached (0/0 hits) | live 1, queued 0 | pool 3070/3072 blocks (100 %) | prefix cache 3/232 entries | 1 prefilling
2026-10-06 14:24:02.294 INFO  stats: rank 2 | 16.8 s | decode 0.0 tok/s, 0.0 ms/tok, 0.0 ms/step (0 steps / 0 tok, 0 % of wall) | prefill 0 prompts / 2048 tok, 122 tok/s, 8.20 ms/tok (100 % of wall), 0 tok cached (0/0 hits) | live 1, queued 0 | pool 3070/3072 blocks (100 %) | prefix cache 3/232 entries | 1 prefilling
2026-10-06 14:24:19.232 INFO  stats: rank 2 | 16.9 s | decode 0.0 tok/s, 0.0 ms/tok, 0.0 ms/step (0 steps / 0 tok, 0 % of wall) | prefill 0 prompts / 2048 tok, 121 tok/s, 8.27 ms/tok (100 % of wall), 0 tok cached (0/0 hits) | live 1, queued 0 | pool 3070/3072 blocks (100 %) | prefix cache 3/232 entries | 1 prefilling
2026-10-06 14:24:36.350 INFO  stats: rank 2 | 17.1 s | decode 0.0 tok/s, 0.0 ms/tok, 0.0 ms/step (0 steps / 0 tok, 0 % of wall) | prefill 0 prompts / 2048 tok, 120 tok/s, 8.36 ms/tok (100 % of wall), 0 tok cached (0/0 hits) | live 1, queued 0 | pool 3070/3072 blocks (100 %) | prefix cache 3/232 entries | 1 prefilling
2026-10-06 14:24:53.687 INFO  stats: rank 2 | 17.3 s | decode 0.0 tok/s, 0.0 ms/tok, 0.0 ms/step (0 steps / 0 tok, 0 % of wall) | prefill 0 prompts / 2048 tok, 118 tok/s, 8.47 ms/tok (100 % of wall), 0 tok cached (0/0 hits) | live 1, queued 0 | pool 3070/3072 blocks (100 %) | prefix cache 3/232 entries | 1 prefilling
2026-10-06 14:25:11.053 INFO  stats: rank 2 | 17.4 s | decode 0.0 tok/s, 0.0 ms/tok, 0.0 ms/step (0 steps / 0 tok, 0 % of wall) | prefill 0 prompts / 2048 tok, 118 tok/s, 8.48 ms/tok (100 % of wall), 0 tok cached (0/0 hits) | live 1, queued 0 | pool 3070/3072 blocks (100 %) | prefix cache 3/232 entries | 1 prefilling
2026-10-06 14:25:28.651 INFO  stats: rank 2 | 17.6 s | decode 0.0 tok/s, 0.0 ms/tok, 0.0 ms/step (0 steps / 0 tok, 0 % of wall) | prefill 0 prompts / 2048 tok, 116 tok/s, 8.59 ms/tok (100 % of wall), 0 tok cached (0/0 hits) | live 1, queued 0 | pool 3070/3072 blocks (100 %) | prefix cache 3/232 entries | 1 prefilling
2026-10-06 14:25:46.315 INFO  stats: rank 2 | 17.7 s | decode 0.0 tok/s, 0.0 ms/tok, 0.0 ms/step (0 steps / 0 tok, 0 % of wall) | prefill 0 prompts / 2048 tok, 116 tok/s, 8.62 ms/tok (100 % of wall), 0 tok cached (0/0 hits) | live 1, queued 0 | pool 3070/3072 blocks (100 %) | prefix cache 3/232 entries | 1 prefilling
2026-10-06 14:26:04.328 INFO  stats: rank 2 | 18.0 s | decode 0.0 tok/s, 0.0 ms/tok, 0.0 ms/step (0 steps / 0 tok, 0 % of wall) | prefill 0 prompts / 2048 tok, 114 tok/s, 8.79 ms/tok (100 % of wall), 0 tok cached (0/0 hits) | live 1, queued 0 | pool 3070/3072 blocks (100 %) | prefix cache 3/232 entries | 1 prefilling
2026-10-06 14:26:24.351 INFO  stats: rank 2 | 20.0 s | decode 0.0 tok/s, 0.0 ms/tok, 0.0 ms/step (0 steps / 0 tok, 0 % of wall) | prefill 0 prompts / 2048 tok, 102 tok/s, 9.78 ms/tok (100 % of wall), 0 tok cached (0/0 hits) | live 1, queued 0 | pool 3070/3072 blocks (100 %) | prefix cache 3/232 entries | 1 prefilling
2026-10-06 14:26:44.519 INFO  stats: rank 2 | 20.2 s | decode 0.0 tok/s, 0.0 ms/tok, 0.0 ms/step (0 steps / 0 tok, 0 % of wall) | prefill 0 prompts / 2048 tok, 102 tok/s, 9.85 ms/tok (100 % of wall), 0 tok cached (0/0 hits) | live 1, queued 0 | pool 3070/3072 blocks (100 %) | prefix cache 3/232 entries | 1 prefilling
2026-10-06 14:27:04.846 INFO  stats: rank 2 | 20.3 s | decode 0.0 tok/s, 0.0 ms/tok, 0.0 ms/step (0 steps / 0 tok, 0 % of wall) | prefill 0 prompts / 2048 tok, 101 tok/s, 9.93 ms/tok (100 % of wall), 0 tok cached (0/0 hits) | live 1, queued 0 | pool 3070/3072 blocks (100 %) | prefix cache 3/232 entries | 1 prefilling
2026-10-06 14:27:25.232 INFO  stats: rank 2 | 20.4 s | decode 0.0 tok/s, 0.0 ms/tok, 0.0 ms/step (0 steps / 0 tok, 0 % of wall) | prefill 0 prompts / 2048 tok, 100 tok/s, 9.95 ms/tok (100 % of wall), 0 tok cached (0/0 hits) | live 1, queued 0 | pool 3070/3072 blocks (100 %) | prefix cache 3/232 entries | 1 prefilling
2026-10-06 14:27:45.875 INFO  stats: rank 2 | 20.6 s | decode 0.0 tok/s, 0.0 ms/tok, 0.0 ms/step (0 steps / 0 tok, 0 % of wall) | prefill 0 prompts / 2048 tok, 99 tok/s, 10.08 ms/tok (100 % of wall), 0 tok cached (0/0 hits) | live 1, queued 0 | pool 3070/3072 blocks (100 %) | prefix cache 3/232 entries | 1 prefilling
2026-10-06 14:28:06.754 INFO  stats: rank 2 | 20.9 s | decode 0.0 tok/s, 0.0 ms/tok, 0.0 ms/step (0 steps / 0 tok, 0 % of wall) | prefill 0 prompts / 2048 tok, 98 tok/s, 10.19 ms/tok (100 % of wall), 0 tok cached (0/0 hits) | live 1, queued 0 | pool 3070/3072 blocks (100 %) | prefix cache 3/232 entries | 1 prefilling
2026-10-06 14:28:27.774 INFO  stats: rank 2 | 21.0 s | decode 0.0 tok/s, 0.0 ms/tok, 0.0 ms/step (0 steps / 0 tok, 0 % of wall) | prefill 0 prompts / 2048 tok, 97 tok/s, 10.26 ms/tok (100 % of wall), 0 tok cached (0/0 hits) | live 1, queued 0 | pool 3070/3072 blocks (100 %) | prefix cache 3/232 entries | 1 prefilling
2026-10-06 14:28:48.953 INFO  stats: rank 2 | 21.2 s | decode 0.0 tok/s, 0.0 ms/tok, 0.0 ms/step (0 steps / 0 tok, 0 % of wall) | prefill 0 prompts / 2048 tok, 97 tok/s, 10.34 ms/tok (100 % of wall), 0 tok cached (0/0 hits) | live 1, queued 0 | pool 3070/3072 blocks (100 %) | prefix cache 3/232 entries | 1 prefilling
2026-10-06 14:29:10.294 INFO  stats: rank 2 | 21.3 s | decode 0.0 tok/s, 0.0 ms/tok, 0.0 ms/step (0 steps / 0 tok, 0 % of wall) | prefill 0 prompts / 2048 tok, 96 tok/s, 10.42 ms/tok (100 % of wall), 0 tok cached (0/0 hits) | live 1, queued 0 | pool 3070/3072 blocks (100 %) | prefix cache 3/232 entries | 1 prefilling
2026-10-06 14:29:32.173 INFO  stats: rank 2 | 21.9 s | decode 0.0 tok/s, 0.0 ms/tok, 0.0 ms/step (0 steps / 0 tok, 0 % of wall) | prefill 0 prompts / 2048 tok, 94 tok/s, 10.68 ms/tok (100 % of wall), 0 tok cached (0/0 hits) | live 1, queued 0 | pool 3070/3072 blocks (100 %) | prefix cache 3/232 entries | 1 prefilling
2026-10-06 14:29:53.885 INFO  stats: rank 2 | 21.7 s | decode 0.0 tok/s, 0.0 ms/tok, 0.0 ms/step (0 steps / 0 tok, 0 % of wall) | prefill 0 prompts / 2048 tok, 94 tok/s, 10.60 ms/tok (100 % of wall), 0 tok cached (0/0 hits) | live 1, queued 0 | pool 3070/3072 blocks (100 %) | prefix cache 3/232 entries | 1 prefilling
2026-10-06 14:30:15.724 INFO  stats: rank 2 | 21.8 s | decode 0.0 tok/s, 0.0 ms/tok, 0.0 ms/step (0 steps / 0 tok, 0 % of wall) | prefill 0 prompts / 2048 tok, 94 tok/s, 10.66 ms/tok (100 % of wall), 0 tok cached (0/0 hits) | live 1, queued 0 | pool 3070/3072 blocks (100 %) | prefix cache 3/232 entries | 1 prefilling
2026-10-06 14:30:37.830 INFO  stats: rank 2 | 22.1 s | decode 0.0 tok/s, 0.0 ms/tok, 0.0 ms/step (0 steps / 0 tok, 0 % of wall) | prefill 0 prompts / 2048 tok, 93 tok/s, 10.79 ms/tok (100 % of wall), 0 tok cached (0/0 hits) | live 1, queued 0 | pool 3070/3072 blocks (100 %) | prefix cache 3/232 entries | 1 prefilling
2026-10-06 14:31:00.253 INFO  stats: rank 2 | 22.4 s | decode 0.0 tok/s, 0.0 ms/tok, 0.0 ms/step (0 steps / 0 tok, 0 % of wall) | prefill 0 prompts / 2048 tok, 91 tok/s, 10.95 ms/tok (100 % of wall), 0 tok cached (0/0 hits) | live 1, queued 0 | pool 3070/3072 blocks (100 %) | prefix cache 3/232 entries | 1 prefilling
2026-10-06 14:31:25.475 INFO  stats: rank 2 | 25.2 s | decode 0.0 tok/s, 0.0 ms/tok, 0.0 ms/step (0 steps / 0 tok, 0 % of wall) | prefill 0 prompts / 2048 tok, 81 tok/s, 12.31 ms/tok (100 % of wall), 0 tok cached (0/0 hits) | live 1, queued 0 | pool 3070/3072 blocks (100 %) | prefix cache 3/232 entries | 1 prefilling
2026-10-06 14:31:50.948 INFO  stats: rank 2 | 25.5 s | decode 0.0 tok/s, 0.0 ms/tok, 0.0 ms/step (0 steps / 0 tok, 0 % of wall) | prefill 0 prompts / 2048 tok, 80 tok/s, 12.44 ms/tok (100 % of wall), 0 tok cached (0/0 hits) | live 1, queued 0 | pool 3070/3072 blocks (100 %) | prefix cache 3/232 entries | 1 prefilling
2026-10-06 14:32:16.585 INFO  stats: rank 2 | 25.6 s | decode 0.0 tok/s, 0.0 ms/tok, 0.0 ms/step (0 steps / 0 tok, 0 % of wall) | prefill 0 prompts / 2048 tok, 80 tok/s, 12.52 ms/tok (100 % of wall), 0 tok cached (0/0 hits) | live 1, queued 0 | pool 3070/3072 blocks (100 %) | prefix cache 3/232 entries | 1 prefilling
2026-10-06 14:32:42.347 INFO  stats: rank 2 | 25.8 s | decode 0.0 tok/s, 0.0 ms/tok, 0.0 ms/step (0 steps / 0 tok, 0 % of wall) | prefill 0 prompts / 2048 tok, 79 tok/s, 12.58 ms/tok (100 % of wall), 0 tok cached (0/0 hits) | live 1, queued 0 | pool 3070/3072 blocks (100 %) | prefix cache 3/232 entries | 1 prefilling
2026-10-06 14:33:08.355 INFO  stats: rank 2 | 26.0 s | decode 0.0 tok/s, 0.0 ms/tok, 0.0 ms/step (0 steps / 0 tok, 0 % of wall) | prefill 0 prompts / 2048 tok, 79 tok/s, 12.70 ms/tok (100 % of wall), 0 tok cached (0/0 hits) | live 1, queued 0 | pool 3070/3072 blocks (100 %) | prefix cache 3/232 entries | 1 prefilling
2026-10-06 14:33:34.535 INFO  stats: rank 2 | 26.2 s | decode 0.0 tok/s, 0.0 ms/tok, 0.0 ms/step (0 steps / 0 tok, 0 % of wall) | prefill 0 prompts / 2048 tok, 78 tok/s, 12.78 ms/tok (100 % of wall), 0 tok cached (0/0 hits) | live 1, queued 0 | pool 3070/3072 blocks (100 %) | prefix cache 3/232 entries | 1 prefilling
2026-10-06 14:33:51.789 INFO  hunt qp: rank 2 seq 1202933 pool=bulk  p0l0[RTS sq_psn=12747796 rq_psn=12747666 ack_timeout=14 retry_cnt=7 rnr_retry=7 min_rnr=12 sq_draining=0] p0l1[RTS sq_psn=11878240 rq_psn=11878110 ack_timeout=14 retry_cnt=7 rnr_retry=7 min_rnr=12 sq_draining=0] p1l0[RTS sq_psn=12436060 rq_psn=12436060 ack_timeout=14 retry_cnt=7 rnr_retry=7 min_rnr=12 sq_draining=0] p1l1[RTS sq_psn=11753500 rq_psn=11753500 ack_timeout=14 retry_cnt=7 rnr_retry=7 min_rnr=12 sq_draining=0] p3l0[RTS sq_psn=12115602 rq_psn=12115602 ack_timeout=14 retry_cnt=7 rnr_retry=7 min_rnr=12 sq_draining=0] p3l1[RTS sq_psn=11663418 rq_psn=11663418 ack_timeout=14 retry_cnt=7 rnr_retry=7 min_rnr=12 sq_draining=0]
2026-10-06 14:33:51.789 INFO  allreduce: rank 2 seq 1202933 bulk RS seg 1/4 STALLED 508ms launched=true tx_retired=2633060/2633060 ctl(done=0 status=0 gate_redos=0)  p0:posted=4/staged=4/expected=4 p1:posted=4/staged=4/expected=4 p3:posted=4/staged=4/expected=4  p0l0:[143109c1183050/143109=0x3dd2beba.143109c1183051/143109=0x3f2b3f2f.143109c1183052/143109=0x001e0014.143109c1183053/143109=0x3f0b3d8c.143109c1183054/143109=0x3e2ebf1b.143109c1183055/143109=0x00370013.143108c1183048/143108=0xbd813cec.143108c1183049/143108=0xbdd53c3d. B[56052/56052.56052/56052.56052/56052.56051/56051!56051/56051!56051/56051.56051/56051.56051/56051.] p0l1:[0c0/0=0000000000.0c0/0=0000000000.0c0/0=0000000000.0c0/0=0000000000.0c0/0=0000000000.0c0/0=0000000000.0c0/0=0000000000.0c0/0=0000000000. B[54263/54263.54263/54263.54263/54263.54263/54263.54263/54263.54262/54262!54262/54262!54262/54262.] p1l0:[143109c1183050/143109=0x3d8c3cbe.143109c1183051/143109=0xbfb83e0a.143109c1183052/143109=0000000000.143109c1183053/143109=0x3e94bd5a.143109c1183054/143109=0xbf863f11.143109c1183055/143109=0000000000.143108c1183048/143108=0xba313de5.143108c1183049/143108=0xbf1c3e6a. B[55748/55748.55748/55748.55748/55748.55748/55748.55748/55748.55748/55747!55748/55747!55747/55747.] p1l1:[0c0/0=0000000000.0c0/0=0000000000.0c0/0=0000000000.0c0/0=0000000000.0c0/0=0000000000.0c0/0=0000000000.0c0/0=0000000000.0c0/0=0000000000. B[54027/54027.54027/54027.54027/54027.54027/54026!54027/54026!54026/54026.54026/54026.54026/54026.] p3l0:[143109c1183050/143109=0xbcd13e0d.143109c1183051/143109=0xbf8a3e8e.143109c1183052/143109=0000000000.143109c1183053/143109=0xbee8bd0e.143109c1183054/143109=0x3e60bdf3.143109c1183055/143109=0000000000.143108c1183048/143108=0x3da7bb3b.143108c1183049/143108=0xbe1a3ebd. B[55138/55138.55138/55138.55138/55137!55138/55137!55137/55137.55137/55137.55137/55137.55137/55137.] p3l1:[0c0/0=0000000000.0c0/0=0000000000.0c0/0=0000000000.0c0/0=0000000000.0c0/0=0000000000.0c0/0=0000000000.0c0/0=0000000000.0c0/0=0000000000. B[53906/53906.53906/53906.53906/53906.53906/53906.53906/53906.53906/53906.53906/53905!53906/53905!]
2026-10-06 14:34:01.519 INFO  stats: rank 2 | 27.0 s | decode 0.0 tok/s, 0.0 ms/tok, 0.0 ms/step (0 steps / 0 tok, 0 % of wall) | prefill 0 prompts / 2048 tok, 76 tok/s, 13.18 ms/tok (100 % of wall), 0 tok cached (0/0 hits) | live 1, queued 0 | pool 3070/3072 blocks (100 %) | prefix cache 3/232 entries | 1 prefilling
2026-10-06 14:34:22.549 INFO  stats: rank 2 | 21.0 s | decode 0.0 tok/s, 0.0 ms/tok, 0.0 ms/step (0 steps / 0 tok, 0 % of wall) | prefill 0 prompts / 1528 tok, 73 tok/s, 13.76 ms/tok (100 % of wall), 0 tok cached (0/0 hits) | live 1, queued 0 | pool 3071/3072 blocks (100 %) | prefix cache 3/232 entries | 1 prefilling
2026-10-06 14:34:22.714 INFO  sched: request 'chatcmpl-8fa7cab9f94668c6' admitted to slot 0 (reserve 2046 blocks; pool 3071/3072 blocks in use) — first token 785
2026-10-06 14:34:28.815 INFO  sched: request 'chatcmpl-8fa7cab9f94668c6' retired (steps): 256 tok in 1288.0 s — prefill 261627 tok (0 cached) in 1281844 ms; decode 255 tok / 131 passes in 6.2 s: 41.2 tok/s, 24.3 ms/tok, 47 ms/pass, 1.95 tok/pass, accept p1 95 %
2026-10-06 14:34:28.908 INFO  sched: request 'chatcmpl-8fa7cab9f94668c7' starting prefill in slot 0 (261627 prompt tokens)
2026-10-06 14:34:28.909 INFO  sched: request 'chatcmpl-8fa7cab9f94668c7' prefilling in slot 0 (2048 tokens/tick)
2026-10-06 14:34:29.073 INFO  sched: request 'chatcmpl-8fa7cab9f94668c7' admitted to slot 0 (reserve 2046 blocks; pool 3071/3072 blocks in use) — first token 785
2026-10-06 14:34:32.576 INFO  stats: rank 2 | 10.0 s | decode 40.3 tok/s, 23.5 ms/tok, 45.8 ms/step (207 steps / 404 tok, 95 % of wall) | mtp 1.95 tok/step/req, accept p1 94 % | prefill 2 prompts / 6 tok, 1 tok/s, 54.19 ms/tok, 163 ms avg (3 % of wall), 261624 tok cached (1/1 hit) | live 1, queued 0 | pool 3072/3072 blocks (100 %) | prefix cache 4/232 entries
2026-10-06 14:34:35.162 INFO  sched: request 'chatcmpl-8fa7cab9f94668c7' retired (steps): 256 tok in 6.3 s — prefill 261627 tok (261624 cached) in 164 ms; decode 255 tok / 131 passes in 6.1 s: 41.9 tok/s, 23.9 ms/tok, 46 ms/pass, 1.95 tok/pass, accept p1 95 %
2026-10-06 14:34:35.256 INFO  sched: request 'chatcmpl-8fa7cab9f94668c8' starting prefill in slot 0 (261627 prompt tokens)
2026-10-06 14:34:35.257 INFO  sched: request 'chatcmpl-8fa7cab9f94668c8' prefilling in slot 0 (2048 tokens/tick)
2026-10-06 14:34:35.460 INFO  sched: request 'chatcmpl-8fa7cab9f94668c8' admitted to slot 0 (reserve 2046 blocks; pool 3071/3072 blocks in use) — first token 785
2026-10-06 14:34:41.981 INFO  sched: request 'chatcmpl-8fa7cab9f94668c8' retired (steps): 256 tok in 6.7 s — prefill 261627 tok (261624 cached) in 204 ms; decode 255 tok / 131 passes in 6.5 s: 39.1 tok/s, 25.6 ms/tok, 50 ms/pass, 1.95 tok/pass, accept p1 95 %
2026-10-06 14:34:42.580 INFO  stats: rank 2 | 10.0 s | decode 36.4 tok/s, 24.7 ms/tok, 48.4 ms/step (186 steps / 364 tok, 90 % of wall) | mtp 1.96 tok/step/req, accept p1 95 % | prefill 1 prompt / 3 tok, 0 tok/s, 68.06 ms/tok, 204 ms avg (2 % of wall), 261624 tok cached (1/1 hit) | live 0, queued 0 | pool 3068/3072 blocks (100 %) | prefix cache 4/232 entries
2026-10-06 14:34:43.539 INFO  journal: stop record — exiting
2026-10-06 14:34:43.561 INFO  rank 2: graph engine sampling summary — 0 sampled decode steps, 0 served by the exact gather fallback (0.0%), 112 candidates per rank
2026-10-06 14:34:45.089 INFO  rank 2: exited cleanly
