2026-10-07 00:43:13.065 INFO  dgpp-serve 0.1.0+g8f1c4cbcc1e9.dirty (git 8f1c4cbcc1e9)
2026-10-07 00:43:13.065 INFO  config /tmp/bus4/deployments/c5631815b1134cfe/cluster.json: model HawkBearPig/GLM-5.3-Int4-Int8Mix-RTN-g64, world 4, rank 3, http :18080, fabric :29970, journal :29971
2026-10-07 00:43:13.066 INFO  model HawkBearPig/GLM-5.3-Int4-Int8Mix-RTN-g64 -> /home/stephen/.cache/huggingface/hub/models--HawkBearPig--GLM-5.3-Int4-Int8Mix-RTN-g64/snapshots/147684fbad20c1e283ddff46fd07cb9d4ccbb3da
2026-10-07 00:43:13.066 INFO  journal: connected to rank 0 at 192.168.88.11:29971 (120000 attempt window)
2026-10-07 00:43:13.084 INFO  rank 3: settings from rank 0: model=HawkBearPig/GLM-5.3-Int4-Int8Mix-RTN-g64 world=4 fabric=29970 journal=29971 conc=8 kv=262144 kvdt=fp4 ngt=resident dw=checkpoint mtpef=fp8 bfw=bf12 fp8head=gemv pf=bounded emsh=vocab maxtok=32768 queue=8 eos=1 graph=1 compact=0 mtp=1 mtpd=1 mss=0 msrow=8 msbase=28 mslam=0 msmin=1 msad=1 msss=0.93 mdr=auto mdt=1 mvf=token dbr=0 batchmin=2 cand=128 pcgib=1.5 adm=full win=256 pfbudget=-1 pfidle=0 pmin=1024 phead=1 pace=-1 inflight=-1 reasoning_in_content=0 rs=off dflash=off dfw=checkpoint
2026-10-07 00:43:13.084 INFO  config: model=HawkBearPig/GLM-5.3-Int4-Int8Mix-RTN-g64 world=4 fabric=29970 journal=29971 conc=8 kv=262144 kvdt=fp4 ngt=resident dw=checkpoint mtpef=fp8 bfw=bf12 fp8head=gemv pf=bounded emsh=vocab maxtok=32768 queue=8 eos=1 graph=1 compact=0 mtp=1 mtpd=1 mss=0 msrow=8 msbase=28 mslam=0 msmin=1 msad=1 msss=0.93 mdr=auto mdt=1 mvf=token dbr=0 batchmin=2 cand=128 pcgib=1.5 adm=full win=256 pfbudget=-1 pfidle=0 pmin=1024 phead=1 pace=-1 inflight=-1 reasoning_in_content=0 rs=off dflash=off dfw=checkpoint (digest 31b5de35132e9a77)
2026-10-07 00:43:13.215 INFO  serve: model family glm_moe_dsa (/home/stephen/.cache/huggingface/hub/models--HawkBearPig--GLM-5.3-Int4-Int8Mix-RTN-g64/snapshots/147684fbad20c1e283ddff46fd07cb9d4ccbb3da)
2026-10-07 00:43:13.215 INFO  serve: decode rows 16 (8 slot(s) x 2 row(s) per request, floor 8, the glm_moe_dsa family's cap 16)
2026-10-07 00:43:13.225 WARN  generation config /home/stephen/.cache/huggingface/hub/models--HawkBearPig--GLM-5.3-Int4-Int8Mix-RTN-g64/snapshots/147684fbad20c1e283ddff46fd07cb9d4ccbb3da/generation_config.json omits top_k, min_p, repetition_penalty; using greedy-safe/neutral fallbacks for those fields
2026-10-07 00:43:13.225 INFO  generation defaults: temperature=1 top_p=0.95 top_k=0 min_p=0 repetition_penalty=1
2026-10-07 00:43:13.225 INFO  serve: sampling defaults temperature 1 top_p 0.95 top_k 0 min_p 0 repetition_penalty 1 (from generation_config.json; overrides: none)
2026-10-07 00:43:13.225 INFO  serve: request context limit 262144 tokens (the 262144-token K/V pool from engine.kv_capacity 262144; this family states no positional ceiling of its own)
2026-10-07 00:43:13.225 INFO  rank 3: prefix cache plan — 1.5 GiB budget, 4096 slots of 0.012 MiB, 0.047 GiB allocated; cached K/V blocks share the 262144-token pool
2026-10-07 00:43:13.387 INFO  tokenizer: loaded vocab 154820 merges 321649 added 36 (revision 0x700b4469fc43f23b; glm pattern, no normalizer, ignore_merges true)
2026-10-07 00:43:13.396 INFO  serve: grammar vocabulary built (154880 ids, tool markers present, call-turn EOS 154829)
2026-10-07 00:43:13.495 INFO  serve: JSON grammar tables built in 0.10 s
2026-10-07 00:43:13.715 INFO  bus: globaltimer offset 20864429427 ns (+-2 us)
2026-10-07 00:43:13.734 INFO  verbs: device roceP2p1s0f0 port 1 gid_index 3
2026-10-07 00:43:13.737 INFO  verbs: device rocep1s0f0 port 1 gid_index 3
2026-10-07 00:43:14.394 INFO  bus: rank 3 up — 3 peer(s) x 2 lane(s), lat 8x196608B, bulk 8x262144B, bulk pace 28.3 Gb/s per QP, window 4 per lane
2026-10-07 00:43:14.394 INFO  rank 3: boundary reducer host-driven
2026-10-07 00:43:14.532 INFO  bus engine: rank 3 pinned to cpu 19
2026-10-07 00:43:14.594 INFO  rank 3: process memory locked (mlockall MCL_CURRENT, 14546 MiB)
2026-10-07 00:43:14.594 INFO  rank 3: resident image cache at /home/stephen/.cache/dgpp/resident
2026-10-07 00:43:14.726 INFO  rank 3: memory plan for a 262144-token context — model weights (resident, packed bf16 matrices released) 96.32 GiB; bf16 decode packing (12-bit companions) 1.27 GiB; bf16 prefill expansion scratch 0.05 GiB; gemm workspace (at least) 0.06 GiB; dsa cache pool (latent fp4 + rope keys on every layer, fp8 index caches on the indexed layers) 8.81 GiB; dsa scratch (projections, selection, attention, the prefill dot tiles) 0.27 GiB; rotary table (bf16 cos/sin per position) 0.03 GiB; activations (session core, residual, block io, dense scratch, route staging) 0.14 GiB (0.01 GiB pinned); moe scratch (routed slots, shared expert, graph tables) 0.75 GiB (0.01 GiB pinned); draft block (gathered hidden, the fused input, its residual, the sharded embedding's rows) 0.12 GiB; prefix cache 0.05 GiB; engine 0.08 GiB
2026-10-07 00:43:14.726 INFO  rank 3: memory plan total 107.95 GiB (107.81 GiB device + 0.14 GiB pinned) + 4.00 GiB headroom against 116.08 GiB free (device free 114.78 GiB of 121.69 GiB, host available 116.08 GiB)
2026-10-07 00:43:14.727 INFO  memory ledger: rank 3 after the plan check — rss 1.19 GiB (anon 0.42, shmem 0.11, file 0.67; locked 14.21); device free 114.78 GiB, node available 116.08 GiB
2026-10-07 00:43:14.727 INFO  memory ledger: rank 3 after the bus — rss 1.19 GiB (anon 0.42, shmem 0.11, file 0.67; locked 14.21); device free 114.78 GiB, node available 116.08 GiB
2026-10-07 00:43:15.204 INFO  glm_dsa loader: rank 3 resident footprint 98.0 GiB; device free 114.7 of 121.7 GiB, host available 116.0 GiB
2026-10-07 00:43:15.859 INFO  glm_dsa loader: rank 3 resident image /home/stephen/.cache/dgpp/resident/4e19ad9a970d9938.img — 79/79 layers present, direct I/O
2026-10-07 00:43:15.879 INFO  l2 prefetch: on, window budget 12 MiB, boundary rate light, layer rate light
2026-10-07 00:43:15.879 INFO  memory ledger: glm_dsa: loader opened — rss 2.76 GiB (anon 0.49, shmem 1.57, file 0.69; locked 14.21); device free 112.76 GiB, node available 114.06 GiB
2026-10-07 00:43:16.644 INFO  memory ledger: glm_dsa: globals resident — rss 3.65 GiB (anon 0.49, shmem 1.57, file 1.58; locked 14.21); device free 111.42 GiB, node available 113.60 GiB
2026-10-07 00:43:31.853 INFO  rank 3 bf12: 89 decode matrices packed (1.65 GiB of bf16 -> 1.24 GiB, 166058 escapes, widest row 12, 0 rows kept raw; 0 matrices kept bf16) in 0.9 s
2026-10-07 00:43:31.853 INFO  rank 3 bf12: 89 of them released their bf16 bytes (1.71 GiB returned; prefill expands through a 48 MiB scratch)
2026-10-07 00:43:32.191 INFO  glm_dsa loader: rank 3 resident load complete — released 79 shard mappings (398.1 GiB) and evicted their page cache, freed the 1.46 GiB pinned staging mirror; image: 79 layers restored, 0 captured
2026-10-07 00:43:32.236 INFO  memory ledger: glm_dsa: layers resident, sources released — rss 1.26 GiB (anon 0.48, shmem 0.11, file 0.67; locked 14.19); device free 14.81 GiB, node available 16.07 GiB
2026-10-07 00:43:32.551 INFO  memory ledger: glm_dsa: arena, pool and scratch — rss 1.26 GiB (anon 0.48, shmem 0.11, file 0.67; locked 14.19); device free 5.51 GiB, node available 6.77 GiB
2026-10-07 00:43:32.662 INFO  memory ledger: rank 3 after the model — rss 1.27 GiB (anon 0.48, shmem 0.12, file 0.67; locked 14.19); device free 5.25 GiB, node available 6.51 GiB
2026-10-07 00:43:32.662 INFO  rank 3: model constructed in 17.9s (resident, 8 request slots, 262144-token pool in fp4, 2048-row forwards)
2026-10-07 00:43:32.662 INFO  rank 3: prefix cache on — 4096 snapshot slot(s) of 0.0 MiB (1.50 GiB asked)
2026-10-07 00:43:32.667 INFO  rank 3: graph engine samples on the device — 128 candidates per rank (16 rows x 4 ranks in a 196608-byte latency slot; the planned width is 128); constrained decoding available
2026-10-07 00:43:32.667 INFO  rank 3: prefill budget 0 tokens/tick (0 = full prompt), 0 with nothing decoding
2026-10-07 00:43:32.667 INFO  rank 3: sampled requests draft a draw from the draft's distribution under the ratio verify (engine.mtp_draft auto)
2026-10-07 00:43:42.078 INFO  memory ledger: rank 3 after the graph engine — rss 1.28 GiB (anon 0.48, shmem 0.13, file 0.67; locked 14.19); device free 5.30 GiB, node available 6.56 GiB
2026-10-07 00:43:42.081 INFO  allreduce: device clock rate 2418000 kHz (stamps conversion)
2026-10-07 00:43:42.081 INFO  allreduce: rank 3 seq 1 launched (3 peers)
2026-10-07 00:43:42.081 INFO  allreduce: rank 3 seq 1 ready after 52.4us
2026-10-07 00:43:42.081 INFO  allreduce: rank 3 seq 1 done status=0 after 147.7us
2026-10-07 00:43:42.510 INFO  allreduce: rank 3 seq 2 launched (3 peers)
2026-10-07 00:43:42.510 INFO  allreduce: rank 3 seq 2 ready after 23.8us
2026-10-07 00:43:42.510 INFO  allreduce: rank 3 seq 2 done status=0 after 70.2us
2026-10-07 00:43:42.510 INFO  allreduce: rank 3 seq 3 launched (3 peers)
2026-10-07 00:43:42.510 INFO  allreduce: rank 3 seq 3 ready after 21.2us
2026-10-07 00:43:42.510 INFO  allreduce: rank 3 seq 3 done status=0 after 262.6us
2026-10-07 00:43:42.511 INFO  allreduce: rank 3 seq 4 launched (3 peers)
2026-10-07 00:43:42.511 INFO  allreduce: rank 3 seq 4 ready after 19.5us
2026-10-07 00:43:42.511 INFO  allreduce: rank 3 seq 4 done status=0 after 81.7us
2026-10-07 00:43:42.512 INFO  allreduce: rank 3 seq 5 launched (3 peers)
2026-10-07 00:43:42.512 INFO  allreduce: rank 3 seq 5 ready after 21.7us
2026-10-07 00:43:42.512 INFO  allreduce: rank 3 seq 5 done status=0 after 66.7us
2026-10-07 00:43:42.513 INFO  allreduce: rank 3 seq 6 launched (3 peers)
2026-10-07 00:43:42.513 INFO  allreduce: rank 3 seq 6 ready after 19.6us
2026-10-07 00:43:42.513 INFO  allreduce: rank 3 seq 6 done status=0 after 175.5us
2026-10-07 00:43:42.513 INFO  allreduce: rank 3 seq 7 launched (3 peers)
2026-10-07 00:43:42.513 INFO  allreduce: rank 3 seq 7 ready after 20.3us
2026-10-07 00:43:42.513 INFO  allreduce: rank 3 seq 7 done status=0 after 104.1us
2026-10-07 00:43:42.559 INFO  allreduce: rank 3 seq 8 launched (3 peers)
2026-10-07 00:43:42.559 INFO  allreduce: rank 3 seq 8 ready after 27.2us
2026-10-07 00:43:42.559 INFO  allreduce: rank 3 seq 8 done status=0 after 74.2us
2026-10-07 00:43:42.604 INFO  allreduce: rank 3 seq 9 launched (3 peers)
2026-10-07 00:43:42.604 INFO  allreduce: rank 3 seq 9 ready after 21.9us
2026-10-07 00:43:42.604 INFO  allreduce: rank 3 seq 9 done status=0 after 67.8us
2026-10-07 00:43:42.604 INFO  allreduce: rank 3 seq 10 launched (3 peers)
2026-10-07 00:43:42.604 INFO  allreduce: rank 3 seq 10 ready after 20.6us
2026-10-07 00:43:42.604 INFO  allreduce: rank 3 seq 10 done status=0 after 147.5us
2026-10-07 00:43:42.605 INFO  allreduce: rank 3 seq 11 launched (3 peers)
2026-10-07 00:43:42.605 INFO  allreduce: rank 3 seq 11 ready after 21.4us
2026-10-07 00:43:42.605 INFO  allreduce: rank 3 seq 11 done status=0 after 74.7us
2026-10-07 00:43:42.605 INFO  allreduce: rank 3 seq 12 launched (3 peers)
2026-10-07 00:43:42.605 INFO  allreduce: rank 3 seq 12 ready after 20.4us
2026-10-07 00:43:42.605 INFO  allreduce: rank 3 seq 12 done status=0 after 90.5us
2026-10-07 00:43:42.606 INFO  allreduce: rank 3 seq 13 launched (3 peers)
2026-10-07 00:43:42.606 INFO  allreduce: rank 3 seq 13 ready after 20.9us
2026-10-07 00:43:42.606 INFO  allreduce: rank 3 seq 13 done status=0 after 80.1us
2026-10-07 00:43:42.607 INFO  allreduce: rank 3 seq 14 launched (3 peers)
2026-10-07 00:43:42.607 INFO  allreduce: rank 3 seq 14 ready after 19.5us
2026-10-07 00:43:42.607 INFO  allreduce: rank 3 seq 14 done status=0 after 91.7us
2026-10-07 00:43:42.607 INFO  allreduce: rank 3 seq 15 launched (3 peers)
2026-10-07 00:43:42.607 INFO  allreduce: rank 3 seq 15 ready after 19.7us
2026-10-07 00:43:42.607 INFO  allreduce: rank 3 seq 15 done status=0 after 72.4us
2026-10-07 00:43:42.608 INFO  allreduce: rank 3 seq 16 launched (3 peers)
2026-10-07 00:43:42.608 INFO  allreduce: rank 3 seq 16 ready after 18.2us
2026-10-07 00:43:42.608 INFO  allreduce: rank 3 seq 16 done status=0 after 74.8us
2026-10-07 00:43:42.730 INFO  bus graph era: variant 0 recorded with 162 collective node(s)
2026-10-07 00:43:42.731 INFO  rank 3: graph variant 0 shape: 2492 nodes, 2729 edges: kernel 2492 empty 0 memcpy 0 memset 0 host 0 event 0 other 0; max in-degree 2
2026-10-07 00:43:42.736 INFO  rank 3: graph variant 0 instantiated — 15.4 MiB of device memory (4.3 GiB free)
2026-10-07 00:43:42.738 INFO  bus graph era: variant 1 recorded with 162 collective node(s)
2026-10-07 00:43:42.738 INFO  rank 3: graph variant 1 shape: 2492 nodes, 2729 edges: kernel 2492 empty 0 memcpy 0 memset 0 host 0 event 0 other 0; max in-degree 2
2026-10-07 00:43:42.744 INFO  rank 3: graph variant 1 instantiated — 14.9 MiB of device memory (4.3 GiB free)
2026-10-07 00:43:42.744 INFO  rank 3: serving scalar graph variants 0/1 captured for request slot 0 (2 rows, MTP)
2026-10-07 00:43:42.746 INFO  bus graph era: variant 16 recorded with 162 collective node(s)
2026-10-07 00:43:42.746 INFO  rank 3: graph variant 16 shape: 2493 nodes, 2730 edges: kernel 2493 empty 0 memcpy 0 memset 0 host 0 event 0 other 0; max in-degree 2
2026-10-07 00:43:42.753 INFO  rank 3: graph variant 16 instantiated — 13.6 MiB of device memory (4.3 GiB free)
2026-10-07 00:43:42.755 INFO  bus graph era: variant 17 recorded with 162 collective node(s)
2026-10-07 00:43:42.755 INFO  rank 3: graph variant 17 shape: 2493 nodes, 2730 edges: kernel 2493 empty 0 memcpy 0 memset 0 host 0 event 0 other 0; max in-degree 2
2026-10-07 00:43:42.764 INFO  rank 3: graph variant 17 instantiated — 15.4 MiB of device memory (4.3 GiB free)
2026-10-07 00:43:42.764 INFO  rank 3: serving row-batched graph variants 16/17 captured for 2 slots x 2 rows = 4 fixed rows, MTP (a batch is selected at 2+ live requests, the smallest that covers the live slots)
2026-10-07 00:43:42.766 INFO  bus graph era: variant 18 recorded with 162 collective node(s)
2026-10-07 00:43:42.766 INFO  rank 3: graph variant 18 shape: 2719 nodes, 2956 edges: kernel 2719 empty 0 memcpy 0 memset 0 host 0 event 0 other 0; max in-degree 2
2026-10-07 00:43:42.775 INFO  rank 3: graph variant 18 instantiated — 17.5 MiB of device memory (4.3 GiB free)
2026-10-07 00:43:42.777 INFO  bus graph era: variant 19 recorded with 162 collective node(s)
2026-10-07 00:43:42.778 INFO  rank 3: graph variant 19 shape: 2719 nodes, 2956 edges: kernel 2719 empty 0 memcpy 0 memset 0 host 0 event 0 other 0; max in-degree 2
2026-10-07 00:43:42.786 INFO  rank 3: graph variant 19 instantiated — 13.6 MiB of device memory (4.2 GiB free)
2026-10-07 00:43:42.786 INFO  rank 3: serving row-batched graph variants 18/19 captured for 3 slots x 2 rows = 6 fixed rows, MTP (a batch is selected at 2+ live requests, the smallest that covers the live slots)
2026-10-07 00:43:42.788 INFO  bus graph era: variant 20 recorded with 162 collective node(s)
2026-10-07 00:43:42.788 INFO  rank 3: graph variant 20 shape: 2720 nodes, 2957 edges: kernel 2720 empty 0 memcpy 0 memset 0 host 0 event 0 other 0; max in-degree 2
2026-10-07 00:43:42.798 INFO  rank 3: graph variant 20 instantiated — 17.5 MiB of device memory (4.2 GiB free)
2026-10-07 00:43:42.800 INFO  bus graph era: variant 21 recorded with 162 collective node(s)
2026-10-07 00:43:42.800 INFO  rank 3: graph variant 21 shape: 2720 nodes, 2957 edges: kernel 2720 empty 0 memcpy 0 memset 0 host 0 event 0 other 0; max in-degree 2
2026-10-07 00:43:42.809 INFO  rank 3: graph variant 21 instantiated — 15.8 MiB of device memory (4.2 GiB free)
2026-10-07 00:43:42.809 INFO  rank 3: serving row-batched graph variants 20/21 captured for 4 slots x 2 rows = 8 fixed rows, MTP (a batch is selected at 2+ live requests, the smallest that covers the live slots)
2026-10-07 00:43:42.812 INFO  bus graph era: variant 22 recorded with 162 collective node(s)
2026-10-07 00:43:42.812 INFO  rank 3: graph variant 22 shape: 3081 nodes, 3318 edges: kernel 3081 empty 0 memcpy 0 memset 0 host 0 event 0 other 0; max in-degree 2
2026-10-07 00:43:42.821 INFO  rank 3: graph variant 22 instantiated — 16.2 MiB of device memory (4.2 GiB free)
2026-10-07 00:43:42.823 INFO  bus graph era: variant 23 recorded with 162 collective node(s)
2026-10-07 00:43:42.824 INFO  rank 3: graph variant 23 shape: 3081 nodes, 3318 edges: kernel 3081 empty 0 memcpy 0 memset 0 host 0 event 0 other 0; max in-degree 2
2026-10-07 00:43:42.834 INFO  rank 3: graph variant 23 instantiated — 16.7 MiB of device memory (4.2 GiB free)
2026-10-07 00:43:42.834 INFO  rank 3: serving row-batched graph variants 22/23 captured for 6 slots x 2 rows = 12 fixed rows, MTP (a batch is selected at 2+ live requests, the smallest that covers the live slots)
2026-10-07 00:43:42.836 INFO  bus graph era: variant 24 recorded with 162 collective node(s)
2026-10-07 00:43:42.837 INFO  rank 3: graph variant 24 shape: 3308 nodes, 3545 edges: kernel 3308 empty 0 memcpy 0 memset 0 host 0 event 0 other 0; max in-degree 2
2026-10-07 00:43:42.847 INFO  rank 3: graph variant 24 instantiated — 16.7 MiB of device memory (4.2 GiB free)
2026-10-07 00:43:42.850 INFO  bus graph era: variant 25 recorded with 162 collective node(s)
2026-10-07 00:43:42.850 INFO  rank 3: graph variant 25 shape: 3308 nodes, 3545 edges: kernel 3308 empty 0 memcpy 0 memset 0 host 0 event 0 other 0; max in-degree 2
2026-10-07 00:43:42.861 INFO  rank 3: graph variant 25 instantiated — 17.1 MiB of device memory (4.1 GiB free)
2026-10-07 00:43:42.861 INFO  rank 3: serving row-batched graph variants 24/25 captured for 8 slots x 2 rows = 16 fixed rows, MTP (a batch is selected at 2+ live requests, the smallest that covers the live slots)
2026-10-07 00:43:42.970 INFO  bus graph era: variant 2 recorded with 162 collective node(s)
2026-10-07 00:43:42.970 INFO  rank 3: graph variant 2 shape: 2492 nodes, 2729 edges: kernel 2492 empty 0 memcpy 0 memset 0 host 0 event 0 other 0; max in-degree 2
2026-10-07 00:43:42.978 INFO  rank 3: graph variant 2 instantiated — 15.4 MiB of device memory (4.1 GiB free)
2026-10-07 00:43:42.980 INFO  bus graph era: variant 3 recorded with 162 collective node(s)
2026-10-07 00:43:42.980 INFO  rank 3: graph variant 3 shape: 2492 nodes, 2729 edges: kernel 2492 empty 0 memcpy 0 memset 0 host 0 event 0 other 0; max in-degree 2
2026-10-07 00:43:42.989 INFO  rank 3: graph variant 3 instantiated — 15.4 MiB of device memory (4.1 GiB free)
2026-10-07 00:43:42.989 INFO  rank 3: serving scalar graph variants 2/3 captured for request slot 1 (2 rows, MTP)
2026-10-07 00:43:43.095 INFO  bus graph era: variant 4 recorded with 162 collective node(s)
2026-10-07 00:43:43.096 INFO  rank 3: graph variant 4 shape: 2492 nodes, 2729 edges: kernel 2492 empty 0 memcpy 0 memset 0 host 0 event 0 other 0; max in-degree 2
2026-10-07 00:43:43.104 INFO  rank 3: graph variant 4 instantiated — 17.1 MiB of device memory (4.1 GiB free)
2026-10-07 00:43:43.106 INFO  bus graph era: variant 5 recorded with 162 collective node(s)
2026-10-07 00:43:43.106 INFO  rank 3: graph variant 5 shape: 2492 nodes, 2729 edges: kernel 2492 empty 0 memcpy 0 memset 0 host 0 event 0 other 0; max in-degree 2
2026-10-07 00:43:43.115 INFO  rank 3: graph variant 5 instantiated — 13.2 MiB of device memory (4.1 GiB free)
2026-10-07 00:43:43.115 INFO  rank 3: serving scalar graph variants 4/5 captured for request slot 2 (2 rows, MTP)
2026-10-07 00:43:43.222 INFO  bus graph era: variant 6 recorded with 162 collective node(s)
2026-10-07 00:43:43.222 INFO  rank 3: graph variant 6 shape: 2492 nodes, 2729 edges: kernel 2492 empty 0 memcpy 0 memset 0 host 0 event 0 other 0; max in-degree 2
2026-10-07 00:43:43.232 INFO  rank 3: graph variant 6 instantiated — 19.7 MiB of device memory (4.1 GiB free)
2026-10-07 00:43:43.234 INFO  bus graph era: variant 7 recorded with 162 collective node(s)
2026-10-07 00:43:43.234 INFO  rank 3: graph variant 7 shape: 2492 nodes, 2729 edges: kernel 2492 empty 0 memcpy 0 memset 0 host 0 event 0 other 0; max in-degree 2
2026-10-07 00:43:43.242 INFO  rank 3: graph variant 7 instantiated — 21.5 MiB of device memory (4.0 GiB free)
2026-10-07 00:43:43.242 INFO  rank 3: serving scalar graph variants 6/7 captured for request slot 3 (2 rows, MTP)
2026-10-07 00:43:43.350 INFO  bus graph era: variant 8 recorded with 162 collective node(s)
2026-10-07 00:43:43.350 INFO  rank 3: graph variant 8 shape: 2492 nodes, 2729 edges: kernel 2492 empty 0 memcpy 0 memset 0 host 0 event 0 other 0; max in-degree 2
2026-10-07 00:43:43.359 INFO  rank 3: graph variant 8 instantiated — 31.9 MiB of device memory (4.0 GiB free)
2026-10-07 00:43:43.361 INFO  bus graph era: variant 9 recorded with 162 collective node(s)
2026-10-07 00:43:43.361 INFO  rank 3: graph variant 9 shape: 2492 nodes, 2729 edges: kernel 2492 empty 0 memcpy 0 memset 0 host 0 event 0 other 0; max in-degree 2
2026-10-07 00:43:43.370 INFO  rank 3: graph variant 9 instantiated — 32.3 MiB of device memory (4.0 GiB free)
2026-10-07 00:43:43.370 INFO  rank 3: serving scalar graph variants 8/9 captured for request slot 4 (2 rows, MTP)
2026-10-07 00:43:43.477 INFO  bus graph era: variant 10 recorded with 162 collective node(s)
2026-10-07 00:43:43.477 INFO  rank 3: graph variant 10 shape: 2492 nodes, 2729 edges: kernel 2492 empty 0 memcpy 0 memset 0 host 0 event 0 other 0; max in-degree 2
2026-10-07 00:43:43.485 INFO  rank 3: graph variant 10 instantiated — 30.2 MiB of device memory (3.9 GiB free)
2026-10-07 00:43:43.487 INFO  bus graph era: variant 11 recorded with 162 collective node(s)
2026-10-07 00:43:43.488 INFO  rank 3: graph variant 11 shape: 2492 nodes, 2729 edges: kernel 2492 empty 0 memcpy 0 memset 0 host 0 event 0 other 0; max in-degree 2
2026-10-07 00:43:43.497 INFO  rank 3: graph variant 11 instantiated — 30.5 MiB of device memory (3.9 GiB free)
2026-10-07 00:43:43.497 INFO  rank 3: serving scalar graph variants 10/11 captured for request slot 5 (2 rows, MTP)
2026-10-07 00:43:43.603 INFO  bus graph era: variant 12 recorded with 162 collective node(s)
2026-10-07 00:43:43.603 INFO  rank 3: graph variant 12 shape: 2492 nodes, 2729 edges: kernel 2492 empty 0 memcpy 0 memset 0 host 0 event 0 other 0; max in-degree 2
2026-10-07 00:43:43.612 INFO  rank 3: graph variant 12 instantiated — 31.0 MiB of device memory (3.9 GiB free)
2026-10-07 00:43:43.614 INFO  bus graph era: variant 13 recorded with 162 collective node(s)
2026-10-07 00:43:43.614 INFO  rank 3: graph variant 13 shape: 2492 nodes, 2729 edges: kernel 2492 empty 0 memcpy 0 memset 0 host 0 event 0 other 0; max in-degree 2
2026-10-07 00:43:43.623 INFO  rank 3: graph variant 13 instantiated — 32.3 MiB of device memory (3.9 GiB free)
2026-10-07 00:43:43.623 INFO  rank 3: serving scalar graph variants 12/13 captured for request slot 6 (2 rows, MTP)
2026-10-07 00:43:43.729 INFO  bus graph era: variant 14 recorded with 162 collective node(s)
2026-10-07 00:43:43.729 INFO  rank 3: graph variant 14 shape: 2492 nodes, 2729 edges: kernel 2492 empty 0 memcpy 0 memset 0 host 0 event 0 other 0; max in-degree 2
2026-10-07 00:43:43.738 INFO  rank 3: graph variant 14 instantiated — 33.6 MiB of device memory (3.8 GiB free)
2026-10-07 00:43:43.740 INFO  bus graph era: variant 15 recorded with 162 collective node(s)
2026-10-07 00:43:43.740 INFO  rank 3: graph variant 15 shape: 2492 nodes, 2729 edges: kernel 2492 empty 0 memcpy 0 memset 0 host 0 event 0 other 0; max in-degree 2
2026-10-07 00:43:43.751 INFO  rank 3: graph variant 15 instantiated — 32.3 MiB of device memory (3.8 GiB free)
2026-10-07 00:43:43.751 INFO  rank 3: serving scalar graph variants 14/15 captured for request slot 7 (2 rows, MTP)
2026-10-07 00:43:43.751 INFO  rank 3: warm capture complete — 8 scalar variants and the row batches for 2 slots, 3 slots, 4 slots, 6 slots, 8 slots recorded before the first request
2026-10-07 00:43:43.751 INFO  memory ledger: rank 3 after the warm capture — rss 2.03 GiB (anon 1.22, shmem 0.13, file 0.68; locked 14.19); device free 3.80 GiB, node available 5.15 GiB
2026-10-07 00:43:43.751 INFO  rank 3: graph variants warm-captured in 1.67s
2026-10-07 00:43:43.751 INFO  rank 3: following rank 0's journal (admission full, window 256)
2026-10-07 00:43:44.171 INFO  sched: request 'chatcmpl-82f92900b89bb6d7' starting prefill in slot 0 (62 prompt tokens)
2026-10-07 00:43:44.797 INFO  sched: request 'chatcmpl-82f92900b89bb6d7' prefix cache miss — 3 cut(s), the cache is empty
2026-10-07 00:43:44.797 INFO  sched: request 'chatcmpl-82f92900b89bb6d7' admitted to slot 0 (reserve 1 blocks; pool 1/2048 blocks in use) — first token 785
2026-10-07 00:43:47.050 INFO  sched: request 'chatcmpl-82f92900b89bb6d7' retired (steps): 64 tok in 2.9 s — prefill 62 tok (0 cached) in 625 ms; decode 63 tok / 35 passes in 2.3 s: 28.0 tok/s, 35.8 ms/tok, 64 ms/pass, 1.80 tok/pass, accept p1 83 %
2026-10-07 00:43:47.059 INFO  sched: request 'chatcmpl-82f92900b89bb6d8' starting prefill in slot 0 (37 prompt tokens)
2026-10-07 00:43:47.496 INFO  sched: request 'chatcmpl-82f92900b89bb6d8' prefix cache miss — 3 cut(s), the cache is empty
2026-10-07 00:43:47.496 INFO  sched: request 'chatcmpl-82f92900b89bb6d8' admitted to slot 0 (reserve 3 blocks; pool 3/2048 blocks in use) — first token 785
2026-10-07 00:43:53.914 INFO  stats: rank 3 | 10.0 s | decode 25.9 tok/s, 33.1 ms/tok, 62.7 ms/step (137 steps / 259 tok, 86 % of wall) | mtp 1.89 tok/step/req, accept p1 88 % | prefill 2 prompts / 99 tok, 10 tok/s, 10.73 ms/tok, 531 ms avg (11 % of wall), 0 tok cached (0/2 hits) | live 1, queued 0 | pool 3/2048 blocks (0 %) | prefix cache 0/4096 entries
2026-10-07 00:43:55.999 INFO  sched: request 'chatcmpl-82f92900b89bb6d8' retired (steps): 256 tok in 8.9 s — prefill 37 tok (0 cached) in 436 ms; decode 255 tok / 135 passes in 8.5 s: 30.0 tok/s, 33.3 ms/tok, 63 ms/pass, 1.89 tok/pass, accept p1 89 %
2026-10-07 00:43:56.013 INFO  sched: request 'chatcmpl-82f92900b89bb6d9' starting prefill in slot 0 (37 prompt tokens)
2026-10-07 00:43:56.457 INFO  sched: request 'chatcmpl-82f92900b89bb6d9' prefix cache miss — 3 cut(s), the cache is empty
2026-10-07 00:43:56.457 INFO  sched: request 'chatcmpl-82f92900b89bb6d9' admitted to slot 0 (reserve 3 blocks; pool 3/2048 blocks in use) — first token 785
2026-10-07 00:44:03.961 INFO  stats: rank 3 | 10.0 s | decode 28.8 tok/s, 32.8 ms/tok, 62.4 ms/step (152 steps / 289 tok, 94 % of wall) | mtp 1.90 tok/step/req, accept p1 89 % | prefill 1 prompt / 37 tok, 4 tok/s, 11.99 ms/tok, 443 ms avg (4 % of wall), 0 tok cached (0/1 hit) | live 1, queued 0 | pool 3/2048 blocks (0 %) | prefix cache 0/4096 entries
2026-10-07 00:44:04.972 INFO  sched: request 'chatcmpl-82f92900b89bb6d9' retired (steps): 256 tok in 9.0 s — prefill 37 tok (0 cached) in 443 ms; decode 255 tok / 135 passes in 8.5 s: 29.9 tok/s, 33.4 ms/tok, 63 ms/pass, 1.89 tok/pass, accept p1 89 %
2026-10-07 00:44:04.991 INFO  sched: request 'chatcmpl-82f92900b89bb6da' starting prefill in slot 0 (37 prompt tokens)
2026-10-07 00:44:05.433 INFO  sched: request 'chatcmpl-82f92900b89bb6da' prefix cache miss — 3 cut(s), the cache is empty
2026-10-07 00:44:05.433 INFO  sched: request 'chatcmpl-82f92900b89bb6da' admitted to slot 0 (reserve 3 blocks; pool 3/2048 blocks in use) — first token 785
2026-10-07 00:44:13.961 INFO  sched: request 'chatcmpl-82f92900b89bb6da' retired (steps): 256 tok in 9.0 s — prefill 37 tok (0 cached) in 442 ms; decode 255 tok / 135 passes in 8.5 s: 29.9 tok/s, 33.4 ms/tok, 63 ms/pass, 1.89 tok/pass, accept p1 89 %
2026-10-07 00:44:13.961 INFO  stats: rank 3 | 10.0 s | decode 28.4 tok/s, 33.2 ms/tok, 62.4 ms/step (151 steps / 284 tok, 94 % of wall) | mtp 1.88 tok/step/req, accept p1 87 % | prefill 1 prompt / 37 tok, 4 tok/s, 11.95 ms/tok, 442 ms avg (4 % of wall), 0 tok cached (0/1 hit) | live 0, queued 0 | pool 0/2048 blocks (0 %) | prefix cache 0/4096 entries
2026-10-07 00:44:13.995 INFO  sched: request 'chatcmpl-82f92900b89bb6db' starting prefill in slot 0 (36 prompt tokens)
2026-10-07 00:44:13.995 INFO  sched: request 'chatcmpl-82f92900b89bb6dc' starting prefill in slot 1 (36 prompt tokens)
2026-10-07 00:44:14.676 INFO  sched: request 'chatcmpl-82f92900b89bb6db' prefix cache miss — 3 cut(s), the cache is empty
2026-10-07 00:44:14.676 INFO  sched: request 'chatcmpl-82f92900b89bb6db' admitted to slot 0 (reserve 3 blocks; pool 4/2048 blocks in use) — first token 785
2026-10-07 00:44:14.676 INFO  sched: request 'chatcmpl-82f92900b89bb6dc' prefix cache miss — 3 cut(s), the cache is empty
2026-10-07 00:44:14.676 INFO  sched: request 'chatcmpl-82f92900b89bb6dc' admitted to slot 1 (reserve 3 blocks; pool 6/2048 blocks in use) — first token 785
2026-10-07 00:44:14.676 INFO  sched: 2 requests admitted together in one prefill (681 ms)
2026-10-07 00:44:24.037 INFO  stats: rank 3 | 10.1 s | decode 36.9 tok/s, 25.0 ms/tok, 89.4 ms/step (104 steps / 372 tok, 92 % of wall) | mtp 1.79 tok/step/req, accept p1 78 % | prefill 2 prompts / 72 tok, 7 tok/s, 9.46 ms/tok, 341 ms avg (7 % of wall), 0 tok cached (0/2 hits) | live 2, queued 0 | pool 6/2048 blocks (0 %) | prefix cache 0/4096 entries
2026-10-07 00:44:27.491 INFO  sched: request 'chatcmpl-82f92900b89bb6db' retired (steps): 256 tok in 13.5 s — prefill 36 tok (0 cached) in 681 ms; decode 255 tok / 142 passes in 12.8 s: 19.9 tok/s, 50.3 ms/tok, 90 ms/pass, 1.80 tok/pass, accept p1 80 %
2026-10-07 00:44:27.799 INFO  sched: request 'chatcmpl-82f92900b89bb6dc' retired (steps): 256 tok in 13.8 s — prefill 36 tok (0 cached) in 681 ms; decode 255 tok / 147 passes in 13.1 s: 19.4 tok/s, 51.5 ms/tok, 89 ms/pass, 1.73 tok/pass, accept p1 74 %
2026-10-07 00:44:27.824 INFO  sched: request 'chatcmpl-82f92900b89bb6dd' starting prefill in slot 0 (36 prompt tokens)
2026-10-07 00:44:27.824 INFO  sched: request 'chatcmpl-82f92900b89bb6de' starting prefill in slot 1 (36 prompt tokens)
2026-10-07 00:44:28.505 INFO  sched: request 'chatcmpl-82f92900b89bb6dd' prefix cache miss — 3 cut(s), the cache is empty
2026-10-07 00:44:28.505 INFO  sched: request 'chatcmpl-82f92900b89bb6dd' admitted to slot 0 (reserve 3 blocks; pool 4/2048 blocks in use) — first token 785
2026-10-07 00:44:28.505 INFO  sched: request 'chatcmpl-82f92900b89bb6de' prefix cache miss — 3 cut(s), the cache is empty
2026-10-07 00:44:28.505 INFO  sched: request 'chatcmpl-82f92900b89bb6de' admitted to slot 1 (reserve 3 blocks; pool 6/2048 blocks in use) — first token 785
2026-10-07 00:44:28.505 INFO  sched: 2 requests admitted together in one prefill (680 ms)
2026-10-07 00:44:34.057 INFO  stats: rank 3 | 10.0 s | decode 36.6 tok/s, 25.2 ms/tok, 88.0 ms/step (105 steps / 367 tok, 92 % of wall) | mtp 1.79 tok/step/req, accept p1 79 % | prefill 2 prompts / 72 tok, 7 tok/s, 9.45 ms/tok, 340 ms avg (7 % of wall), 0 tok cached (0/2 hits) | live 2, queued 0 | pool 6/2048 blocks (0 %) | prefix cache 0/4096 entries
2026-10-07 00:44:41.312 INFO  sched: request 'chatcmpl-82f92900b89bb6dd' retired (steps): 256 tok in 13.5 s — prefill 36 tok (0 cached) in 680 ms; decode 255 tok / 142 passes in 12.8 s: 19.9 tok/s, 50.2 ms/tok, 90 ms/pass, 1.80 tok/pass, accept p1 80 %
2026-10-07 00:44:41.620 INFO  sched: request 'chatcmpl-82f92900b89bb6de' retired (steps): 256 tok in 13.8 s — prefill 36 tok (0 cached) in 680 ms; decode 255 tok / 147 passes in 13.1 s: 19.4 tok/s, 51.4 ms/tok, 89 ms/pass, 1.73 tok/pass, accept p1 74 %
2026-10-07 00:44:41.634 INFO  sched: request 'chatcmpl-82f92900b89bb6df' starting prefill in slot 0 (36 prompt tokens)
2026-10-07 00:44:41.634 INFO  sched: request 'chatcmpl-82f92900b89bb6e0' starting prefill in slot 1 (36 prompt tokens)
2026-10-07 00:44:42.321 INFO  sched: request 'chatcmpl-82f92900b89bb6df' prefix cache miss — 3 cut(s), the cache is empty
2026-10-07 00:44:42.321 INFO  sched: request 'chatcmpl-82f92900b89bb6df' admitted to slot 0 (reserve 3 blocks; pool 4/2048 blocks in use) — first token 785
2026-10-07 00:44:42.321 INFO  sched: request 'chatcmpl-82f92900b89bb6e0' prefix cache miss — 3 cut(s), the cache is empty
2026-10-07 00:44:42.321 INFO  sched: request 'chatcmpl-82f92900b89bb6e0' admitted to slot 1 (reserve 3 blocks; pool 6/2048 blocks in use) — first token 785
2026-10-07 00:44:42.321 INFO  sched: 2 requests admitted together in one prefill (687 ms)
2026-10-07 00:44:44.103 INFO  stats: rank 3 | 10.0 s | decode 36.2 tok/s, 25.5 ms/tok, 88.3 ms/step (105 steps / 364 tok, 92 % of wall) | mtp 1.78 tok/step/req, accept p1 77 % | prefill 2 prompts / 72 tok, 7 tok/s, 9.54 ms/tok, 343 ms avg (7 % of wall), 0 tok cached (0/2 hits) | live 2, queued 0 | pool 6/2048 blocks (0 %) | prefix cache 0/4096 entries
2026-10-07 00:44:54.125 INFO  stats: rank 3 | 10.0 s | decode 38.2 tok/s, 26.0 ms/tok, 89.7 ms/step (111 steps / 383 tok, 99 % of wall) | mtp 1.73 tok/step/req, accept p1 73 % | prefill 0 prompts / 0 tok, 0 tok cached (0/0 hits) | live 2, queued 0 | pool 6/2048 blocks (0 %) | prefix cache 0/4096 entries
2026-10-07 00:44:55.135 INFO  sched: request 'chatcmpl-82f92900b89bb6df' retired (steps): 256 tok in 13.5 s — prefill 36 tok (0 cached) in 687 ms; decode 255 tok / 142 passes in 12.8 s: 19.9 tok/s, 50.3 ms/tok, 90 ms/pass, 1.80 tok/pass, accept p1 80 %
2026-10-07 00:44:55.445 INFO  sched: request 'chatcmpl-82f92900b89bb6e0' retired (steps): 256 tok in 13.8 s — prefill 36 tok (0 cached) in 687 ms; decode 255 tok / 147 passes in 13.1 s: 19.4 tok/s, 51.5 ms/tok, 89 ms/pass, 1.73 tok/pass, accept p1 74 %
2026-10-07 00:44:55.469 INFO  sched: request 'chatcmpl-82f92900b89bb6e1' starting prefill in slot 0 (35 prompt tokens)
2026-10-07 00:44:55.469 INFO  sched: request 'chatcmpl-82f92900b89bb6e2' starting prefill in slot 1 (32 prompt tokens)
2026-10-07 00:44:55.470 INFO  sched: request 'chatcmpl-82f92900b89bb6e3' starting prefill in slot 2 (31 prompt tokens)
2026-10-07 00:44:55.470 INFO  sched: request 'chatcmpl-82f92900b89bb6e4' starting prefill in slot 3 (32 prompt tokens)
2026-10-07 00:44:56.328 INFO  sched: request 'chatcmpl-82f92900b89bb6e1' prefix cache miss — 3 cut(s), the cache is empty
2026-10-07 00:44:56.328 INFO  sched: request 'chatcmpl-82f92900b89bb6e1' admitted to slot 0 (reserve 3 blocks; pool 6/2048 blocks in use) — first token 785
2026-10-07 00:44:56.328 INFO  sched: request 'chatcmpl-82f92900b89bb6e2' prefix cache miss — 3 cut(s), the cache is empty
2026-10-07 00:44:56.328 INFO  sched: request 'chatcmpl-82f92900b89bb6e2' admitted to slot 1 (reserve 3 blocks; pool 8/2048 blocks in use) — first token 785
2026-10-07 00:44:56.328 INFO  sched: request 'chatcmpl-82f92900b89bb6e3' prefix cache miss — 3 cut(s), the cache is empty
2026-10-07 00:44:56.328 INFO  sched: request 'chatcmpl-82f92900b89bb6e3' admitted to slot 2 (reserve 3 blocks; pool 10/2048 blocks in use) — first token 785
2026-10-07 00:44:56.328 INFO  sched: request 'chatcmpl-82f92900b89bb6e4' prefix cache miss — 3 cut(s), the cache is empty
2026-10-07 00:44:56.328 INFO  sched: request 'chatcmpl-82f92900b89bb6e4' admitted to slot 3 (reserve 3 blocks; pool 12/2048 blocks in use) — first token 785
2026-10-07 00:44:56.328 INFO  sched: 4 requests admitted together in one prefill (858 ms)
2026-10-07 00:45:04.222 INFO  stats: rank 3 | 10.1 s | decode 45.5 tok/s, 20.0 ms/tok, 129.0 ms/step (71 steps / 459 tok, 91 % of wall) | mtp 1.86 tok/step/req, accept p1 85 % | prefill 4 prompts / 130 tok, 13 tok/s, 6.60 ms/tok, 215 ms avg (8 % of wall), 0 tok cached (0/4 hits) | live 4, queued 0 | pool 12/2048 blocks (1 %) | prefix cache 0/4096 entries
2026-10-07 00:45:14.275 INFO  stats: rank 3 | 10.1 s | decode 47.7 tok/s, 20.8 ms/tok, 147.1 ms/step (68 steps / 480 tok, 100 % of wall) | mtp 1.76 tok/step/req, accept p1 76 % | prefill 0 prompts / 0 tok, 0 tok cached (0/0 hits) | live 4, queued 0 | pool 12/2048 blocks (1 %) | prefix cache 0/4096 entries
2026-10-07 00:45:16.682 INFO  sched: request 'chatcmpl-82f92900b89bb6e4' retired (steps): 256 tok in 21.2 s — prefill 32 tok (0 cached) in 858 ms; decode 255 tok / 139 passes in 20.4 s: 12.5 tok/s, 79.8 ms/tok, 146 ms/pass, 1.83 tok/pass, accept p1 83 %
2026-10-07 00:45:16.807 INFO  sched: request 'chatcmpl-82f92900b89bb6e2' retired (steps): 256 tok in 21.3 s — prefill 32 tok (0 cached) in 858 ms; decode 255 tok / 140 passes in 20.5 s: 12.5 tok/s, 80.3 ms/tok, 146 ms/pass, 1.82 tok/pass, accept p1 82 %
2026-10-07 00:45:17.056 INFO  sched: request 'chatcmpl-82f92900b89bb6e3' retired (steps): 256 tok in 21.6 s — prefill 31 tok (0 cached) in 858 ms; decode 255 tok / 142 passes in 20.7 s: 12.3 tok/s, 81.3 ms/tok, 146 ms/pass, 1.80 tok/pass, accept p1 80 %
2026-10-07 00:45:17.317 INFO  sched: request 'chatcmpl-82f92900b89bb6e1' retired (steps): 256 tok in 21.8 s — prefill 35 tok (0 cached) in 858 ms; decode 255 tok / 146 passes in 21.0 s: 12.1 tok/s, 82.3 ms/tok, 144 ms/pass, 1.75 tok/pass, accept p1 75 %
2026-10-07 00:45:17.343 INFO  sched: request 'chatcmpl-82f92900b89bb6e5' starting prefill in slot 0 (35 prompt tokens)
2026-10-07 00:45:17.343 INFO  sched: request 'chatcmpl-82f92900b89bb6e6' starting prefill in slot 1 (32 prompt tokens)
2026-10-07 00:45:17.343 INFO  sched: request 'chatcmpl-82f92900b89bb6e7' starting prefill in slot 2 (31 prompt tokens)
2026-10-07 00:45:17.343 INFO  sched: request 'chatcmpl-82f92900b89bb6e8' starting prefill in slot 3 (32 prompt tokens)
2026-10-07 00:45:18.210 INFO  sched: request 'chatcmpl-82f92900b89bb6e5' prefix cache miss — 3 cut(s), the cache is empty
2026-10-07 00:45:18.210 INFO  sched: request 'chatcmpl-82f92900b89bb6e5' admitted to slot 0 (reserve 3 blocks; pool 6/2048 blocks in use) — first token 785
2026-10-07 00:45:18.210 INFO  sched: request 'chatcmpl-82f92900b89bb6e6' prefix cache miss — 3 cut(s), the cache is empty
2026-10-07 00:45:18.210 INFO  sched: request 'chatcmpl-82f92900b89bb6e6' admitted to slot 1 (reserve 3 blocks; pool 8/2048 blocks in use) — first token 785
2026-10-07 00:45:18.210 INFO  sched: request 'chatcmpl-82f92900b89bb6e7' prefix cache miss — 3 cut(s), the cache is empty
2026-10-07 00:45:18.210 INFO  sched: request 'chatcmpl-82f92900b89bb6e7' admitted to slot 2 (reserve 3 blocks; pool 10/2048 blocks in use) — first token 785
2026-10-07 00:45:18.210 INFO  sched: request 'chatcmpl-82f92900b89bb6e8' prefix cache miss — 3 cut(s), the cache is empty
2026-10-07 00:45:18.210 INFO  sched: request 'chatcmpl-82f92900b89bb6e8' admitted to slot 3 (reserve 3 blocks; pool 12/2048 blocks in use) — first token 785
2026-10-07 00:45:18.210 INFO  sched: 4 requests admitted together in one prefill (867 ms)
2026-10-07 00:45:24.304 INFO  stats: rank 3 | 10.0 s | decode 45.8 tok/s, 19.8 ms/tok, 137.6 ms/step (66 steps / 459 tok, 91 % of wall) | mtp 1.86 tok/step/req, accept p1 84 % | prefill 4 prompts / 130 tok, 13 tok/s, 6.67 ms/tok, 217 ms avg (9 % of wall), 0 tok cached (0/4 hits) | live 4, queued 0 | pool 12/2048 blocks (1 %) | prefix cache 0/4096 entries
2026-10-07 00:45:34.379 INFO  stats: rank 3 | 10.1 s | decode 47.6 tok/s, 20.9 ms/tok, 147.5 ms/step (68 steps / 480 tok, 100 % of wall) | mtp 1.76 tok/step/req, accept p1 76 % | prefill 0 prompts / 0 tok, 0 tok cached (0/0 hits) | live 4, queued 0 | pool 12/2048 blocks (1 %) | prefix cache 0/4096 entries
2026-10-07 00:45:38.559 INFO  sched: request 'chatcmpl-82f92900b89bb6e6' retired (steps): 256 tok in 21.2 s — prefill 32 tok (0 cached) in 867 ms; decode 255 tok / 139 passes in 20.3 s: 12.5 tok/s, 79.8 ms/tok, 146 ms/pass, 1.83 tok/pass, accept p1 83 %
2026-10-07 00:45:38.710 INFO  sched: request 'chatcmpl-82f92900b89bb6e8' retired (steps): 256 tok in 21.4 s — prefill 32 tok (0 cached) in 867 ms; decode 255 tok / 140 passes in 20.5 s: 12.4 tok/s, 80.4 ms/tok, 146 ms/pass, 1.82 tok/pass, accept p1 82 %
2026-10-07 00:45:38.949 INFO  sched: request 'chatcmpl-82f92900b89bb6e7' retired (steps): 256 tok in 21.6 s — prefill 31 tok (0 cached) in 867 ms; decode 255 tok / 142 passes in 20.7 s: 12.3 tok/s, 81.3 ms/tok, 146 ms/pass, 1.80 tok/pass, accept p1 80 %
2026-10-07 00:45:39.211 INFO  sched: request 'chatcmpl-82f92900b89bb6e5' retired (steps): 256 tok in 21.9 s — prefill 35 tok (0 cached) in 867 ms; decode 255 tok / 146 passes in 21.0 s: 12.1 tok/s, 82.4 ms/tok, 144 ms/pass, 1.75 tok/pass, accept p1 75 %
2026-10-07 00:45:39.237 INFO  sched: request 'chatcmpl-82f92900b89bb6e9' starting prefill in slot 0 (35 prompt tokens)
2026-10-07 00:45:39.237 INFO  sched: request 'chatcmpl-82f92900b89bb6ea' starting prefill in slot 1 (32 prompt tokens)
2026-10-07 00:45:39.237 INFO  sched: request 'chatcmpl-82f92900b89bb6eb' starting prefill in slot 2 (32 prompt tokens)
2026-10-07 00:45:39.237 INFO  sched: request 'chatcmpl-82f92900b89bb6ec' starting prefill in slot 3 (31 prompt tokens)
2026-10-07 00:45:40.088 INFO  sched: request 'chatcmpl-82f92900b89bb6e9' prefix cache miss — 3 cut(s), the cache is empty
2026-10-07 00:45:40.088 INFO  sched: request 'chatcmpl-82f92900b89bb6e9' admitted to slot 0 (reserve 3 blocks; pool 6/2048 blocks in use) — first token 785
2026-10-07 00:45:40.088 INFO  sched: request 'chatcmpl-82f92900b89bb6ea' prefix cache miss — 3 cut(s), the cache is empty
2026-10-07 00:45:40.088 INFO  sched: request 'chatcmpl-82f92900b89bb6ea' admitted to slot 1 (reserve 3 blocks; pool 8/2048 blocks in use) — first token 785
2026-10-07 00:45:40.088 INFO  sched: request 'chatcmpl-82f92900b89bb6eb' prefix cache miss — 3 cut(s), the cache is empty
2026-10-07 00:45:40.088 INFO  sched: request 'chatcmpl-82f92900b89bb6eb' admitted to slot 2 (reserve 3 blocks; pool 10/2048 blocks in use) — first token 785
2026-10-07 00:45:40.088 INFO  sched: request 'chatcmpl-82f92900b89bb6ec' prefix cache miss — 3 cut(s), the cache is empty
2026-10-07 00:45:40.088 INFO  sched: request 'chatcmpl-82f92900b89bb6ec' admitted to slot 3 (reserve 3 blocks; pool 12/2048 blocks in use) — first token 785
2026-10-07 00:45:40.088 INFO  sched: 4 requests admitted together in one prefill (850 ms)
2026-10-07 00:45:44.406 INFO  stats: rank 3 | 10.0 s | decode 45.8 tok/s, 19.8 ms/tok, 137.7 ms/step (66 steps / 459 tok, 91 % of wall) | mtp 1.86 tok/step/req, accept p1 84 % | prefill 4 prompts / 130 tok, 13 tok/s, 6.54 ms/tok, 213 ms avg (8 % of wall), 0 tok cached (0/4 hits) | live 4, queued 0 | pool 12/2048 blocks (1 %) | prefix cache 0/4096 entries
2026-10-07 00:45:54.454 INFO  stats: rank 3 | 10.0 s | decode 47.7 tok/s, 20.9 ms/tok, 147.1 ms/step (68 steps / 479 tok, 100 % of wall) | mtp 1.76 tok/step/req, accept p1 76 % | prefill 0 prompts / 0 tok, 0 tok cached (0/0 hits) | live 4, queued 0 | pool 12/2048 blocks (1 %) | prefix cache 0/4096 entries
2026-10-07 00:46:00.404 INFO  sched: request 'chatcmpl-82f92900b89bb6eb' retired (steps): 256 tok in 21.2 s — prefill 32 tok (0 cached) in 850 ms; decode 255 tok / 139 passes in 20.3 s: 12.6 tok/s, 79.7 ms/tok, 146 ms/pass, 1.83 tok/pass, accept p1 83 %
2026-10-07 00:46:00.555 INFO  sched: request 'chatcmpl-82f92900b89bb6ea' retired (steps): 256 tok in 21.3 s — prefill 32 tok (0 cached) in 850 ms; decode 255 tok / 140 passes in 20.5 s: 12.5 tok/s, 80.3 ms/tok, 146 ms/pass, 1.82 tok/pass, accept p1 82 %
2026-10-07 00:46:00.836 INFO  sched: request 'chatcmpl-82f92900b89bb6ec' retired (steps): 256 tok in 21.6 s — prefill 31 tok (0 cached) in 850 ms; decode 255 tok / 142 passes in 20.7 s: 12.3 tok/s, 81.4 ms/tok, 146 ms/pass, 1.80 tok/pass, accept p1 80 %
2026-10-07 00:46:01.094 INFO  sched: request 'chatcmpl-82f92900b89bb6e9' retired (steps): 256 tok in 21.9 s — prefill 35 tok (0 cached) in 850 ms; decode 255 tok / 146 passes in 21.0 s: 12.1 tok/s, 82.4 ms/tok, 144 ms/pass, 1.75 tok/pass, accept p1 75 %
2026-10-07 00:46:01.161 INFO  sched: request 'chatcmpl-82f92900b89bb6ed' starting prefill in slot 0 (31 prompt tokens)
2026-10-07 00:46:01.161 INFO  sched: request 'chatcmpl-82f92900b89bb6ee' starting prefill in slot 1 (31 prompt tokens)
2026-10-07 00:46:01.161 INFO  sched: request 'chatcmpl-82f92900b89bb6ef' starting prefill in slot 2 (31 prompt tokens)
2026-10-07 00:46:01.162 INFO  sched: request 'chatcmpl-82f92900b89bb6f0' starting prefill in slot 3 (31 prompt tokens)
2026-10-07 00:46:01.162 INFO  sched: request 'chatcmpl-82f92900b89bb6f1' starting prefill in slot 4 (31 prompt tokens)
2026-10-07 00:46:01.162 INFO  sched: request 'chatcmpl-82f92900b89bb6f2' starting prefill in slot 5 (32 prompt tokens)
2026-10-07 00:46:01.162 INFO  sched: request 'chatcmpl-82f92900b89bb6f3' starting prefill in slot 6 (32 prompt tokens)
2026-10-07 00:46:01.162 INFO  sched: request 'chatcmpl-82f92900b89bb6f4' starting prefill in slot 7 (32 prompt tokens)
2026-10-07 00:46:02.558 INFO  sched: request 'chatcmpl-82f92900b89bb6ed' prefix cache miss — 3 cut(s), the cache is empty
2026-10-07 00:46:02.558 INFO  sched: request 'chatcmpl-82f92900b89bb6ed' admitted to slot 0 (reserve 3 blocks; pool 10/2048 blocks in use) — first token 785
2026-10-07 00:46:02.558 INFO  sched: request 'chatcmpl-82f92900b89bb6ee' prefix cache miss — 3 cut(s), the cache is empty
2026-10-07 00:46:02.558 INFO  sched: request 'chatcmpl-82f92900b89bb6ee' admitted to slot 1 (reserve 3 blocks; pool 12/2048 blocks in use) — first token 785
2026-10-07 00:46:02.558 INFO  sched: request 'chatcmpl-82f92900b89bb6ef' prefix cache miss — 3 cut(s), the cache is empty
2026-10-07 00:46:02.559 INFO  sched: request 'chatcmpl-82f92900b89bb6ef' admitted to slot 2 (reserve 3 blocks; pool 14/2048 blocks in use) — first token 785
2026-10-07 00:46:02.559 INFO  sched: request 'chatcmpl-82f92900b89bb6f0' prefix cache miss — 3 cut(s), the cache is empty
2026-10-07 00:46:02.559 INFO  sched: request 'chatcmpl-82f92900b89bb6f0' admitted to slot 3 (reserve 3 blocks; pool 16/2048 blocks in use) — first token 785
2026-10-07 00:46:02.559 INFO  sched: request 'chatcmpl-82f92900b89bb6f1' prefix cache miss — 3 cut(s), the cache is empty
2026-10-07 00:46:02.559 INFO  sched: request 'chatcmpl-82f92900b89bb6f1' admitted to slot 4 (reserve 3 blocks; pool 18/2048 blocks in use) — first token 785
2026-10-07 00:46:02.559 INFO  sched: request 'chatcmpl-82f92900b89bb6f2' prefix cache miss — 3 cut(s), the cache is empty
2026-10-07 00:46:02.559 INFO  sched: request 'chatcmpl-82f92900b89bb6f2' admitted to slot 5 (reserve 3 blocks; pool 20/2048 blocks in use) — first token 785
2026-10-07 00:46:02.559 INFO  sched: request 'chatcmpl-82f92900b89bb6f3' prefix cache miss — 3 cut(s), the cache is empty
2026-10-07 00:46:02.559 INFO  sched: request 'chatcmpl-82f92900b89bb6f3' admitted to slot 6 (reserve 3 blocks; pool 22/2048 blocks in use) — first token 785
2026-10-07 00:46:02.559 INFO  sched: request 'chatcmpl-82f92900b89bb6f4' prefix cache miss — 3 cut(s), the cache is empty
2026-10-07 00:46:02.559 INFO  sched: request 'chatcmpl-82f92900b89bb6f4' admitted to slot 7 (reserve 3 blocks; pool 24/2048 blocks in use) — first token 785
2026-10-07 00:46:02.559 INFO  sched: 8 requests admitted together in one prefill (1397 ms)
2026-10-07 00:46:04.485 INFO  stats: rank 3 | 10.0 s | decode 45.4 tok/s, 18.7 ms/tok, 151.9 ms/step (56 steps / 455 tok, 85 % of wall) | mtp 1.87 tok/step/req, accept p1 84 % | prefill 8 prompts / 251 tok, 25 tok/s, 5.56 ms/tok, 175 ms avg (14 % of wall), 0 tok cached (0/8 hits) | live 8, queued 0 | pool 24/2048 blocks (1 %) | prefix cache 0/4096 entries
2026-10-07 00:46:14.566 INFO  stats: rank 3 | 10.1 s | decode 60.6 tok/s, 16.4 ms/tok, 239.3 ms/step (42 steps / 611 tok, 100 % of wall) | mtp 1.82 tok/step/req, accept p1 82 % | prefill 0 prompts / 0 tok, 0 tok cached (0/0 hits) | live 8, queued 0 | pool 24/2048 blocks (1 %) | prefix cache 0/4096 entries
2026-10-07 00:46:24.655 INFO  stats: rank 3 | 10.1 s | decode 57.0 tok/s, 17.5 ms/tok, 251.5 ms/step (40 steps / 575 tok, 100 % of wall) | mtp 1.80 tok/step/req, accept p1 80 % | prefill 0 prompts / 0 tok, 0 tok cached (0/0 hits) | live 8, queued 0 | pool 24/2048 blocks (1 %) | prefix cache 0/4096 entries
2026-10-07 00:46:34.789 INFO  stats: rank 3 | 10.1 s | decode 54.6 tok/s, 18.3 ms/tok, 259.1 ms/step (39 steps / 553 tok, 100 % of wall) | mtp 1.77 tok/step/req, accept p1 77 % | prefill 0 prompts / 0 tok, 0 tok cached (0/0 hits) | live 8, queued 0 | pool 24/2048 blocks (1 %) | prefix cache 0/4096 entries
2026-10-07 00:46:36.590 INFO  sched: request 'chatcmpl-82f92900b89bb6ed' retired (steps): 256 tok in 35.4 s — prefill 31 tok (0 cached) in 1397 ms; decode 255 tok / 137 passes in 34.0 s: 7.5 tok/s, 133.5 ms/tok, 248 ms/pass, 1.86 tok/pass, accept p1 86 %
2026-10-07 00:46:36.859 INFO  sched: request 'chatcmpl-82f92900b89bb6ee' retired (steps): 256 tok in 35.7 s — prefill 31 tok (0 cached) in 1397 ms; decode 255 tok / 138 passes in 34.3 s: 7.4 tok/s, 134.5 ms/tok, 249 ms/pass, 1.85 tok/pass, accept p1 85 %
2026-10-07 00:46:37.614 INFO  sched: request 'chatcmpl-82f92900b89bb6f0' retired (steps): 256 tok in 36.5 s — prefill 31 tok (0 cached) in 1397 ms; decode 255 tok / 141 passes in 35.1 s: 7.3 tok/s, 137.5 ms/tok, 249 ms/pass, 1.81 tok/pass, accept p1 82 %
2026-10-07 00:46:37.614 INFO  sched: request 'chatcmpl-82f92900b89bb6f1' retired (steps): 256 tok in 36.5 s — prefill 31 tok (0 cached) in 1397 ms; decode 255 tok / 141 passes in 35.1 s: 7.3 tok/s, 137.5 ms/tok, 249 ms/pass, 1.81 tok/pass, accept p1 82 %
2026-10-07 00:46:37.855 INFO  sched: request 'chatcmpl-82f92900b89bb6ef' retired (steps): 256 tok in 36.7 s — prefill 31 tok (0 cached) in 1397 ms; decode 255 tok / 142 passes in 35.3 s: 7.2 tok/s, 138.4 ms/tok, 249 ms/pass, 1.80 tok/pass, accept p1 80 %
2026-10-07 00:46:38.301 INFO  sched: request 'chatcmpl-82f92900b89bb6f2' retired (steps): 256 tok in 37.1 s — prefill 32 tok (0 cached) in 1397 ms; decode 255 tok / 144 passes in 35.7 s: 7.1 tok/s, 140.2 ms/tok, 248 ms/pass, 1.77 tok/pass, accept p1 77 %
2026-10-07 00:46:38.301 INFO  sched: request 'chatcmpl-82f92900b89bb6f4' retired (steps): 256 tok in 37.1 s — prefill 32 tok (0 cached) in 1397 ms; decode 255 tok / 144 passes in 35.7 s: 7.1 tok/s, 140.2 ms/tok, 248 ms/pass, 1.77 tok/pass, accept p1 77 %
2026-10-07 00:46:38.368 INFO  sched: request 'chatcmpl-82f92900b89bb6f3' retired (steps): 256 tok in 37.2 s — prefill 32 tok (0 cached) in 1397 ms; decode 255 tok / 145 passes in 35.8 s: 7.1 tok/s, 140.4 ms/tok, 247 ms/pass, 1.76 tok/pass, accept p1 76 %
2026-10-07 00:46:38.382 INFO  sched: request 'chatcmpl-82f92900b89bb6f5' starting prefill in slot 0 (31 prompt tokens)
2026-10-07 00:46:38.382 INFO  sched: request 'chatcmpl-82f92900b89bb6f6' starting prefill in slot 1 (32 prompt tokens)
2026-10-07 00:46:38.382 INFO  sched: request 'chatcmpl-82f92900b89bb6f7' starting prefill in slot 2 (31 prompt tokens)
2026-10-07 00:46:38.382 INFO  sched: request 'chatcmpl-82f92900b89bb6f8' starting prefill in slot 3 (31 prompt tokens)
2026-10-07 00:46:38.383 INFO  sched: request 'chatcmpl-82f92900b89bb6f9' starting prefill in slot 4 (31 prompt tokens)
2026-10-07 00:46:38.383 INFO  sched: request 'chatcmpl-82f92900b89bb6fa' starting prefill in slot 5 (31 prompt tokens)
2026-10-07 00:46:38.383 INFO  sched: request 'chatcmpl-82f92900b89bb6fb' starting prefill in slot 6 (32 prompt tokens)
2026-10-07 00:46:38.383 INFO  sched: request 'chatcmpl-82f92900b89bb6fc' starting prefill in slot 7 (32 prompt tokens)
2026-10-07 00:46:39.788 INFO  sched: request 'chatcmpl-82f92900b89bb6f5' prefix cache miss — 3 cut(s), the cache is empty
2026-10-07 00:46:39.788 INFO  sched: request 'chatcmpl-82f92900b89bb6f5' admitted to slot 0 (reserve 3 blocks; pool 10/2048 blocks in use) — first token 785
2026-10-07 00:46:39.788 INFO  sched: request 'chatcmpl-82f92900b89bb6f6' prefix cache miss — 3 cut(s), the cache is empty
2026-10-07 00:46:39.788 INFO  sched: request 'chatcmpl-82f92900b89bb6f6' admitted to slot 1 (reserve 3 blocks; pool 12/2048 blocks in use) — first token 785
2026-10-07 00:46:39.788 INFO  sched: request 'chatcmpl-82f92900b89bb6f7' prefix cache miss — 3 cut(s), the cache is empty
2026-10-07 00:46:39.788 INFO  sched: request 'chatcmpl-82f92900b89bb6f7' admitted to slot 2 (reserve 3 blocks; pool 14/2048 blocks in use) — first token 785
2026-10-07 00:46:39.788 INFO  sched: request 'chatcmpl-82f92900b89bb6f8' prefix cache miss — 3 cut(s), the cache is empty
2026-10-07 00:46:39.788 INFO  sched: request 'chatcmpl-82f92900b89bb6f8' admitted to slot 3 (reserve 3 blocks; pool 16/2048 blocks in use) — first token 785
2026-10-07 00:46:39.788 INFO  sched: request 'chatcmpl-82f92900b89bb6f9' prefix cache miss — 3 cut(s), the cache is empty
2026-10-07 00:46:39.788 INFO  sched: request 'chatcmpl-82f92900b89bb6f9' admitted to slot 4 (reserve 3 blocks; pool 18/2048 blocks in use) — first token 785
2026-10-07 00:46:39.788 INFO  sched: request 'chatcmpl-82f92900b89bb6fa' prefix cache miss — 3 cut(s), the cache is empty
2026-10-07 00:46:39.788 INFO  sched: request 'chatcmpl-82f92900b89bb6fa' admitted to slot 5 (reserve 3 blocks; pool 20/2048 blocks in use) — first token 785
2026-10-07 00:46:39.788 INFO  sched: request 'chatcmpl-82f92900b89bb6fb' prefix cache miss — 3 cut(s), the cache is empty
2026-10-07 00:46:39.788 INFO  sched: request 'chatcmpl-82f92900b89bb6fb' admitted to slot 6 (reserve 3 blocks; pool 22/2048 blocks in use) — first token 785
2026-10-07 00:46:39.788 INFO  sched: request 'chatcmpl-82f92900b89bb6fc' prefix cache miss — 3 cut(s), the cache is empty
2026-10-07 00:46:39.788 INFO  sched: request 'chatcmpl-82f92900b89bb6fc' admitted to slot 7 (reserve 3 blocks; pool 24/2048 blocks in use) — first token 785
2026-10-07 00:46:39.788 INFO  sched: 8 requests admitted together in one prefill (1405 ms)
2026-10-07 00:46:44.857 INFO  stats: rank 3 | 10.1 s | decode 51.5 tok/s, 16.5 ms/tok, 225.8 ms/step (38 steps / 519 tok, 85 % of wall) | mtp 1.88 tok/step/req, accept p1 86 % | prefill 8 prompts / 251 tok, 25 tok/s, 5.60 ms/tok, 176 ms avg (14 % of wall), 0 tok cached (0/8 hits) | live 8, queued 0 | pool 24/2048 blocks (1 %) | prefix cache 0/4096 entries
2026-10-07 00:46:55.028 INFO  stats: rank 3 | 10.2 s | decode 57.1 tok/s, 17.5 ms/tok, 247.5 ms/step (41 steps / 581 tok, 100 % of wall) | mtp 1.77 tok/step/req, accept p1 77 % | prefill 0 prompts / 0 tok, 0 tok cached (0/0 hits) | live 8, queued 0 | pool 24/2048 blocks (1 %) | prefix cache 0/4096 entries
2026-10-07 00:47:05.232 INFO  stats: rank 3 | 10.2 s | decode 56.3 tok/s, 17.7 ms/tok, 254.3 ms/step (40 steps / 574 tok, 100 % of wall) | mtp 1.79 tok/step/req, accept p1 79 % | prefill 0 prompts / 0 tok, 0 tok cached (0/0 hits) | live 8, queued 0 | pool 24/2048 blocks (1 %) | prefix cache 0/4096 entries
2026-10-07 00:47:13.750 INFO  sched: request 'chatcmpl-82f92900b89bb6f5' retired (steps): 256 tok in 35.4 s — prefill 31 tok (0 cached) in 1405 ms; decode 255 tok / 137 passes in 34.0 s: 7.5 tok/s, 133.2 ms/tok, 248 ms/pass, 1.86 tok/pass, accept p1 86 %
2026-10-07 00:47:14.015 INFO  sched: request 'chatcmpl-82f92900b89bb6f8' retired (steps): 256 tok in 35.6 s — prefill 31 tok (0 cached) in 1405 ms; decode 255 tok / 138 passes in 34.2 s: 7.5 tok/s, 134.2 ms/tok, 248 ms/pass, 1.85 tok/pass, accept p1 85 %
2026-10-07 00:47:14.778 INFO  sched: request 'chatcmpl-82f92900b89bb6fa' retired (steps): 256 tok in 36.4 s — prefill 31 tok (0 cached) in 1405 ms; decode 255 tok / 141 passes in 35.0 s: 7.3 tok/s, 137.2 ms/tok, 248 ms/pass, 1.81 tok/pass, accept p1 82 %
2026-10-07 00:47:15.023 INFO  sched: request 'chatcmpl-82f92900b89bb6f7' retired (steps): 256 tok in 36.6 s — prefill 31 tok (0 cached) in 1405 ms; decode 255 tok / 142 passes in 35.2 s: 7.2 tok/s, 138.2 ms/tok, 248 ms/pass, 1.80 tok/pass, accept p1 80 %
2026-10-07 00:47:15.269 INFO  sched: request 'chatcmpl-82f92900b89bb6f9' retired (steps): 256 tok in 36.9 s — prefill 31 tok (0 cached) in 1405 ms; decode 255 tok / 143 passes in 35.5 s: 7.2 tok/s, 139.1 ms/tok, 248 ms/pass, 1.78 tok/pass, accept p1 78 %
2026-10-07 00:47:15.269 INFO  stats: rank 3 | 10.0 s | decode 52.4 tok/s, 18.9 ms/tok, 255.6 ms/step (39 steps / 526 tok, 99 % of wall) | mtp 1.77 tok/step/req, accept p1 77 % | prefill 0 prompts / 0 tok, 0 tok cached (0/0 hits) | live 3, queued 0 | pool 9/2048 blocks (0 %) | prefix cache 0/4096 entries
2026-10-07 00:47:15.496 INFO  sched: request 'chatcmpl-82f92900b89bb6fb' retired (steps): 256 tok in 37.1 s — prefill 32 tok (0 cached) in 1405 ms; decode 255 tok / 144 passes in 35.7 s: 7.1 tok/s, 140.0 ms/tok, 248 ms/pass, 1.77 tok/pass, accept p1 77 %
2026-10-07 00:47:15.496 INFO  sched: request 'chatcmpl-82f92900b89bb6fc' retired (steps): 256 tok in 37.1 s — prefill 32 tok (0 cached) in 1405 ms; decode 255 tok / 144 passes in 35.7 s: 7.1 tok/s, 140.0 ms/tok, 248 ms/pass, 1.77 tok/pass, accept p1 77 %
2026-10-07 00:47:15.563 INFO  sched: request 'chatcmpl-82f92900b89bb6f6' retired (steps): 256 tok in 37.2 s — prefill 32 tok (0 cached) in 1405 ms; decode 255 tok / 145 passes in 35.8 s: 7.1 tok/s, 140.3 ms/tok, 247 ms/pass, 1.76 tok/pass, accept p1 76 %
2026-10-07 00:47:15.589 INFO  sched: request 'chatcmpl-82f92900b89bb6fd' starting prefill in slot 0 (31 prompt tokens)
2026-10-07 00:47:15.589 INFO  sched: request 'chatcmpl-82f92900b89bb6fe' starting prefill in slot 1 (31 prompt tokens)
2026-10-07 00:47:15.589 INFO  sched: request 'chatcmpl-82f92900b89bb6ff' starting prefill in slot 2 (31 prompt tokens)
2026-10-07 00:47:15.589 INFO  sched: request 'chatcmpl-82f92900b89bb700' starting prefill in slot 3 (32 prompt tokens)
2026-10-07 00:47:15.589 INFO  sched: request 'chatcmpl-82f92900b89bb701' starting prefill in slot 4 (31 prompt tokens)
2026-10-07 00:47:15.590 INFO  sched: request 'chatcmpl-82f92900b89bb702' starting prefill in slot 5 (32 prompt tokens)
2026-10-07 00:47:15.590 INFO  sched: request 'chatcmpl-82f92900b89bb703' starting prefill in slot 6 (31 prompt tokens)
2026-10-07 00:47:15.590 INFO  sched: request 'chatcmpl-82f92900b89bb704' starting prefill in slot 7 (32 prompt tokens)
2026-10-07 00:47:16.980 INFO  sched: request 'chatcmpl-82f92900b89bb6fd' prefix cache miss — 3 cut(s), the cache is empty
2026-10-07 00:47:16.980 INFO  sched: request 'chatcmpl-82f92900b89bb6fd' admitted to slot 0 (reserve 3 blocks; pool 10/2048 blocks in use) — first token 785
2026-10-07 00:47:16.980 INFO  sched: request 'chatcmpl-82f92900b89bb6fe' prefix cache miss — 3 cut(s), the cache is empty
2026-10-07 00:47:16.980 INFO  sched: request 'chatcmpl-82f92900b89bb6fe' admitted to slot 1 (reserve 3 blocks; pool 12/2048 blocks in use) — first token 785
2026-10-07 00:47:16.980 INFO  sched: request 'chatcmpl-82f92900b89bb6ff' prefix cache miss — 3 cut(s), the cache is empty
2026-10-07 00:47:16.980 INFO  sched: request 'chatcmpl-82f92900b89bb6ff' admitted to slot 2 (reserve 3 blocks; pool 14/2048 blocks in use) — first token 785
2026-10-07 00:47:16.980 INFO  sched: request 'chatcmpl-82f92900b89bb700' prefix cache miss — 3 cut(s), the cache is empty
2026-10-07 00:47:16.980 INFO  sched: request 'chatcmpl-82f92900b89bb700' admitted to slot 3 (reserve 3 blocks; pool 16/2048 blocks in use) — first token 785
2026-10-07 00:47:16.980 INFO  sched: request 'chatcmpl-82f92900b89bb701' prefix cache miss — 3 cut(s), the cache is empty
2026-10-07 00:47:16.980 INFO  sched: request 'chatcmpl-82f92900b89bb701' admitted to slot 4 (reserve 3 blocks; pool 18/2048 blocks in use) — first token 785
2026-10-07 00:47:16.980 INFO  sched: request 'chatcmpl-82f92900b89bb702' prefix cache miss — 3 cut(s), the cache is empty
2026-10-07 00:47:16.980 INFO  sched: request 'chatcmpl-82f92900b89bb702' admitted to slot 5 (reserve 3 blocks; pool 20/2048 blocks in use) — first token 785
2026-10-07 00:47:16.980 INFO  sched: request 'chatcmpl-82f92900b89bb703' prefix cache miss — 3 cut(s), the cache is empty
2026-10-07 00:47:16.980 INFO  sched: request 'chatcmpl-82f92900b89bb703' admitted to slot 6 (reserve 3 blocks; pool 22/2048 blocks in use) — first token 785
2026-10-07 00:47:16.980 INFO  sched: request 'chatcmpl-82f92900b89bb704' prefix cache miss — 3 cut(s), the cache is empty
2026-10-07 00:47:16.980 INFO  sched: request 'chatcmpl-82f92900b89bb704' admitted to slot 7 (reserve 3 blocks; pool 24/2048 blocks in use) — first token 785
2026-10-07 00:47:16.980 INFO  sched: 8 requests admitted together in one prefill (1390 ms)
2026-10-07 00:47:25.275 INFO  stats: rank 3 | 10.0 s | decode 55.5 tok/s, 15.4 ms/tok, 225.1 ms/step (38 steps / 555 tok, 85 % of wall) | mtp 1.90 tok/step/req, accept p1 87 % | prefill 8 prompts / 251 tok, 25 tok/s, 5.54 ms/tok, 174 ms avg (14 % of wall), 0 tok cached (0/8 hits) | live 8, queued 0 | pool 24/2048 blocks (1 %) | prefix cache 0/4096 entries
2026-10-07 00:47:35.309 INFO  stats: rank 3 | 10.0 s | decode 56.7 tok/s, 17.6 ms/tok, 250.2 ms/step (40 steps / 569 tok, 100 % of wall) | mtp 1.78 tok/step/req, accept p1 78 % | prefill 0 prompts / 0 tok, 0 tok cached (0/0 hits) | live 8, queued 0 | pool 24/2048 blocks (1 %) | prefix cache 0/4096 entries
2026-10-07 00:47:45.381 INFO  stats: rank 3 | 10.1 s | decode 55.3 tok/s, 18.0 ms/tok, 257.5 ms/step (39 steps / 557 tok, 100 % of wall) | mtp 1.79 tok/step/req, accept p1 79 % | prefill 0 prompts / 0 tok, 0 tok cached (0/0 hits) | live 8, queued 0 | pool 24/2048 blocks (1 %) | prefix cache 0/4096 entries
2026-10-07 00:47:51.056 INFO  sched: request 'chatcmpl-82f92900b89bb6fd' retired (steps): 256 tok in 35.5 s — prefill 31 tok (0 cached) in 1390 ms; decode 255 tok / 137 passes in 34.1 s: 7.5 tok/s, 133.6 ms/tok, 249 ms/pass, 1.86 tok/pass, accept p1 86 %
2026-10-07 00:47:51.319 INFO  sched: request 'chatcmpl-82f92900b89bb6fe' retired (steps): 256 tok in 35.7 s — prefill 31 tok (0 cached) in 1390 ms; decode 255 tok / 138 passes in 34.3 s: 7.4 tok/s, 134.7 ms/tok, 249 ms/pass, 1.85 tok/pass, accept p1 85 %
2026-10-07 00:47:52.115 INFO  sched: request 'chatcmpl-82f92900b89bb701' retired (steps): 256 tok in 36.5 s — prefill 31 tok (0 cached) in 1390 ms; decode 255 tok / 141 passes in 35.1 s: 7.3 tok/s, 137.8 ms/tok, 249 ms/pass, 1.81 tok/pass, accept p1 82 %
2026-10-07 00:47:52.365 INFO  sched: request 'chatcmpl-82f92900b89bb6ff' retired (steps): 256 tok in 36.8 s — prefill 31 tok (0 cached) in 1390 ms; decode 255 tok / 142 passes in 35.4 s: 7.2 tok/s, 138.8 ms/tok, 249 ms/pass, 1.80 tok/pass, accept p1 80 %
2026-10-07 00:47:52.365 INFO  sched: request 'chatcmpl-82f92900b89bb703' retired (steps): 256 tok in 36.8 s — prefill 31 tok (0 cached) in 1390 ms; decode 255 tok / 142 passes in 35.4 s: 7.2 tok/s, 138.8 ms/tok, 249 ms/pass, 1.80 tok/pass, accept p1 80 %
2026-10-07 00:47:52.823 INFO  sched: request 'chatcmpl-82f92900b89bb702' retired (steps): 256 tok in 37.2 s — prefill 32 tok (0 cached) in 1390 ms; decode 255 tok / 144 passes in 35.8 s: 7.1 tok/s, 140.6 ms/tok, 249 ms/pass, 1.77 tok/pass, accept p1 77 %
2026-10-07 00:47:52.823 INFO  sched: request 'chatcmpl-82f92900b89bb704' retired (steps): 256 tok in 37.2 s — prefill 32 tok (0 cached) in 1390 ms; decode 255 tok / 144 passes in 35.8 s: 7.1 tok/s, 140.6 ms/tok, 249 ms/pass, 1.77 tok/pass, accept p1 77 %
2026-10-07 00:47:52.890 INFO  sched: request 'chatcmpl-82f92900b89bb700' retired (steps): 256 tok in 37.3 s — prefill 32 tok (0 cached) in 1390 ms; decode 255 tok / 145 passes in 35.9 s: 7.1 tok/s, 140.8 ms/tok, 248 ms/pass, 1.76 tok/pass, accept p1 76 %
2026-10-07 00:47:52.925 INFO  sched: request 'chatcmpl-82f92900b89bb705' starting prefill in slot 0 (51 prompt tokens)
2026-10-07 00:47:53.461 INFO  sched: request 'chatcmpl-82f92900b89bb705' prefix cache miss — 3 cut(s), the cache is empty
2026-10-07 00:47:53.461 INFO  sched: request 'chatcmpl-82f92900b89bb705' admitted to slot 0 (reserve 3 blocks; pool 3/2048 blocks in use) — first token 785
2026-10-07 00:47:55.394 INFO  stats: rank 3 | 10.0 s | decode 43.1 tok/s, 21.6 ms/tok, 155.4 ms/step (60 steps / 432 tok, 93 % of wall) | mtp 1.78 tok/step/req, accept p1 78 % | prefill 1 prompt / 51 tok, 5 tok/s, 10.50 ms/tok, 536 ms avg (5 % of wall), 0 tok cached (0/1 hit) | live 1, queued 0 | pool 3/2048 blocks (0 %) | prefix cache 0/4096 entries
2026-10-07 00:48:02.175 INFO  sched: request 'chatcmpl-82f92900b89bb705' retired (steps): 256 tok in 9.2 s — prefill 51 tok (0 cached) in 536 ms; decode 255 tok / 135 passes in 8.7 s: 29.3 tok/s, 34.2 ms/tok, 65 ms/pass, 1.89 tok/pass, accept p1 90 %
2026-10-07 00:48:02.184 INFO  sched: request 'chatcmpl-82f92900b89bb706' starting prefill in slot 0 (51 prompt tokens)
2026-10-07 00:48:02.724 INFO  sched: request 'chatcmpl-82f92900b89bb706' prefix cache miss — 3 cut(s), the cache is empty
2026-10-07 00:48:02.725 INFO  sched: request 'chatcmpl-82f92900b89bb706' admitted to slot 0 (reserve 3 blocks; pool 3/2048 blocks in use) — first token 785
2026-10-07 00:48:05.419 INFO  stats: rank 3 | 10.0 s | decode 27.7 tok/s, 33.7 ms/tok, 63.8 ms/step (147 steps / 278 tok, 93 % of wall) | mtp 1.89 tok/step/req, accept p1 89 % | prefill 1 prompt / 51 tok, 5 tok/s, 10.60 ms/tok, 541 ms avg (5 % of wall), 0 tok cached (0/1 hit) | live 1, queued 0 | pool 3/2048 blocks (0 %) | prefix cache 0/4096 entries
2026-10-07 00:48:11.435 INFO  sched: request 'chatcmpl-82f92900b89bb706' retired (steps): 256 tok in 9.3 s — prefill 51 tok (0 cached) in 541 ms; decode 255 tok / 135 passes in 8.7 s: 29.3 tok/s, 34.2 ms/tok, 65 ms/pass, 1.89 tok/pass, accept p1 90 %
2026-10-07 00:48:11.466 INFO  sched: request 'chatcmpl-82f92900b89bb707' starting prefill in slot 0 (51 prompt tokens)
2026-10-07 00:48:12.008 INFO  sched: request 'chatcmpl-82f92900b89bb707' prefix cache miss — 3 cut(s), the cache is empty
2026-10-07 00:48:12.008 INFO  sched: request 'chatcmpl-82f92900b89bb707' admitted to slot 0 (reserve 3 blocks; pool 3/2048 blocks in use) — first token 785
2026-10-07 00:48:15.472 INFO  stats: rank 3 | 10.1 s | decode 27.9 tok/s, 33.5 ms/tok, 63.8 ms/step (147 steps / 280 tok, 93 % of wall) | mtp 1.90 tok/step/req, accept p1 90 % | prefill 1 prompt / 51 tok, 5 tok/s, 10.63 ms/tok, 542 ms avg (5 % of wall), 0 tok cached (0/1 hit) | live 1, queued 0 | pool 3/2048 blocks (0 %) | prefix cache 0/4096 entries
2026-10-07 00:48:20.719 INFO  sched: request 'chatcmpl-82f92900b89bb707' retired (steps): 256 tok in 9.3 s — prefill 51 tok (0 cached) in 542 ms; decode 255 tok / 135 passes in 8.7 s: 29.3 tok/s, 34.2 ms/tok, 65 ms/pass, 1.89 tok/pass, accept p1 90 %
2026-10-07 00:48:20.792 INFO  sched: request 'chatcmpl-82f92900b89bb708' starting prefill in slot 0 (47 prompt tokens)
2026-10-07 00:48:20.792 INFO  sched: request 'chatcmpl-82f92900b89bb709' starting prefill in slot 1 (51 prompt tokens)
2026-10-07 00:48:21.649 INFO  sched: request 'chatcmpl-82f92900b89bb708' prefix cache miss — 3 cut(s), the cache is empty
2026-10-07 00:48:21.649 INFO  sched: request 'chatcmpl-82f92900b89bb708' admitted to slot 0 (reserve 3 blocks; pool 4/2048 blocks in use) — first token 785
2026-10-07 00:48:21.649 INFO  sched: request 'chatcmpl-82f92900b89bb709' prefix cache miss — 3 cut(s), the cache is empty
2026-10-07 00:48:21.649 INFO  sched: request 'chatcmpl-82f92900b89bb709' admitted to slot 1 (reserve 3 blocks; pool 6/2048 blocks in use) — first token 785
2026-10-07 00:48:21.649 INFO  sched: 2 requests admitted together in one prefill (857 ms)
2026-10-07 00:48:25.499 INFO  stats: rank 3 | 10.0 s | decode 31.4 tok/s, 28.6 ms/tok, 73.3 ms/step (123 steps / 315 tok, 90 % of wall) | mtp 1.91 tok/step/req, accept p1 90 % | prefill 2 prompts / 98 tok, 10 tok/s, 8.74 ms/tok, 428 ms avg (9 % of wall), 0 tok cached (0/2 hits) | live 2, queued 0 | pool 6/2048 blocks (0 %) | prefix cache 0/4096 entries
2026-10-07 00:48:34.310 INFO  sched: request 'chatcmpl-82f92900b89bb709' retired (steps): 256 tok in 13.5 s — prefill 51 tok (0 cached) in 857 ms; decode 255 tok / 136 passes in 12.7 s: 20.1 tok/s, 49.6 ms/tok, 93 ms/pass, 1.88 tok/pass, accept p1 88 %
2026-10-07 00:48:34.442 INFO  sched: request 'chatcmpl-82f92900b89bb708' retired (steps): 256 tok in 13.7 s — prefill 47 tok (0 cached) in 857 ms; decode 255 tok / 138 passes in 12.8 s: 19.9 tok/s, 50.2 ms/tok, 93 ms/pass, 1.85 tok/pass, accept p1 85 %
2026-10-07 00:48:34.457 INFO  sched: request 'chatcmpl-82f92900b89bb70a' starting prefill in slot 0 (47 prompt tokens)
2026-10-07 00:48:34.458 INFO  sched: request 'chatcmpl-82f92900b89bb70b' starting prefill in slot 1 (51 prompt tokens)
2026-10-07 00:48:35.323 INFO  sched: request 'chatcmpl-82f92900b89bb70a' prefix cache miss — 3 cut(s), the cache is empty
2026-10-07 00:48:35.323 INFO  sched: request 'chatcmpl-82f92900b89bb70a' admitted to slot 0 (reserve 3 blocks; pool 4/2048 blocks in use) — first token 785
2026-10-07 00:48:35.323 INFO  sched: request 'chatcmpl-82f92900b89bb70b' prefix cache miss — 3 cut(s), the cache is empty
2026-10-07 00:48:35.323 INFO  sched: request 'chatcmpl-82f92900b89bb70b' admitted to slot 1 (reserve 3 blocks; pool 6/2048 blocks in use) — first token 785
2026-10-07 00:48:35.323 INFO  sched: 2 requests admitted together in one prefill (866 ms)
2026-10-07 00:48:35.574 INFO  stats: rank 3 | 10.1 s | decode 36.0 tok/s, 25.1 ms/tok, 92.2 ms/step (99 steps / 363 tok, 91 % of wall) | mtp 1.85 tok/step/req, accept p1 84 % | prefill 2 prompts / 98 tok, 10 tok/s, 8.83 ms/tok, 433 ms avg (9 % of wall), 0 tok cached (0/2 hits) | live 2, queued 0 | pool 6/2048 blocks (0 %) | prefix cache 0/4096 entries
2026-10-07 00:48:45.618 INFO  stats: rank 3 | 10.0 s | decode 40.5 tok/s, 24.5 ms/tok, 92.4 ms/step (108 steps / 407 tok, 99 % of wall) | mtp 1.88 tok/step/req, accept p1 88 % | prefill 0 prompts / 0 tok, 0 tok cached (0/0 hits) | live 2, queued 0 | pool 6/2048 blocks (0 %) | prefix cache 0/4096 entries
2026-10-07 00:48:47.987 INFO  sched: request 'chatcmpl-82f92900b89bb70b' retired (steps): 256 tok in 13.5 s — prefill 51 tok (0 cached) in 866 ms; decode 255 tok / 136 passes in 12.7 s: 20.1 tok/s, 49.7 ms/tok, 93 ms/pass, 1.88 tok/pass, accept p1 88 %
2026-10-07 00:48:48.119 INFO  sched: request 'chatcmpl-82f92900b89bb70a' retired (steps): 256 tok in 13.7 s — prefill 47 tok (0 cached) in 866 ms; decode 255 tok / 138 passes in 12.8 s: 19.9 tok/s, 50.2 ms/tok, 93 ms/pass, 1.85 tok/pass, accept p1 85 %
2026-10-07 00:48:48.150 INFO  sched: request 'chatcmpl-82f92900b89bb70c' starting prefill in slot 0 (47 prompt tokens)
2026-10-07 00:48:48.150 INFO  sched: request 'chatcmpl-82f92900b89bb70d' starting prefill in slot 1 (51 prompt tokens)
2026-10-07 00:48:49.003 INFO  sched: request 'chatcmpl-82f92900b89bb70c' prefix cache miss — 3 cut(s), the cache is empty
2026-10-07 00:48:49.003 INFO  sched: request 'chatcmpl-82f92900b89bb70c' admitted to slot 0 (reserve 3 blocks; pool 4/2048 blocks in use) — first token 785
2026-10-07 00:48:49.003 INFO  sched: request 'chatcmpl-82f92900b89bb70d' prefix cache miss — 3 cut(s), the cache is empty
2026-10-07 00:48:49.003 INFO  sched: request 'chatcmpl-82f92900b89bb70d' admitted to slot 1 (reserve 3 blocks; pool 6/2048 blocks in use) — first token 785
2026-10-07 00:48:49.003 INFO  sched: 2 requests admitted together in one prefill (854 ms)
2026-10-07 00:48:55.654 INFO  stats: rank 3 | 10.0 s | decode 36.6 tok/s, 24.7 ms/tok, 91.7 ms/step (99 steps / 367 tok, 90 % of wall) | mtp 1.87 tok/step/req, accept p1 86 % | prefill 2 prompts / 98 tok, 10 tok/s, 8.71 ms/tok, 427 ms avg (9 % of wall), 0 tok cached (0/2 hits) | live 2, queued 0 | pool 6/2048 blocks (0 %) | prefix cache 0/4096 entries
2026-10-07 00:49:01.680 INFO  sched: request 'chatcmpl-82f92900b89bb70d' retired (steps): 256 tok in 13.5 s — prefill 51 tok (0 cached) in 854 ms; decode 255 tok / 136 passes in 12.7 s: 20.1 tok/s, 49.7 ms/tok, 93 ms/pass, 1.88 tok/pass, accept p1 88 %
2026-10-07 00:49:01.812 INFO  sched: request 'chatcmpl-82f92900b89bb70c' retired (steps): 256 tok in 13.7 s — prefill 47 tok (0 cached) in 854 ms; decode 255 tok / 138 passes in 12.8 s: 19.9 tok/s, 50.2 ms/tok, 93 ms/pass, 1.85 tok/pass, accept p1 85 %
2026-10-07 00:49:01.843 INFO  sched: request 'chatcmpl-82f92900b89bb70e' starting prefill in slot 0 (45 prompt tokens)
2026-10-07 00:49:01.843 INFO  sched: request 'chatcmpl-82f92900b89bb70f' starting prefill in slot 1 (33 prompt tokens)
2026-10-07 00:49:01.843 INFO  sched: request 'chatcmpl-82f92900b89bb710' starting prefill in slot 2 (33 prompt tokens)
2026-10-07 00:49:01.843 INFO  sched: request 'chatcmpl-82f92900b89bb711' starting prefill in slot 3 (34 prompt tokens)
2026-10-07 00:49:02.776 INFO  sched: request 'chatcmpl-82f92900b89bb70e' prefix cache miss — 3 cut(s), the cache is empty
2026-10-07 00:49:02.776 INFO  sched: request 'chatcmpl-82f92900b89bb70e' admitted to slot 0 (reserve 3 blocks; pool 6/2048 blocks in use) — first token 785
2026-10-07 00:49:02.776 INFO  sched: request 'chatcmpl-82f92900b89bb70f' prefix cache miss — 3 cut(s), the cache is empty
2026-10-07 00:49:02.776 INFO  sched: request 'chatcmpl-82f92900b89bb70f' admitted to slot 1 (reserve 3 blocks; pool 8/2048 blocks in use) — first token 785
2026-10-07 00:49:02.776 INFO  sched: request 'chatcmpl-82f92900b89bb710' prefix cache miss — 3 cut(s), the cache is empty
2026-10-07 00:49:02.776 INFO  sched: request 'chatcmpl-82f92900b89bb710' admitted to slot 2 (reserve 3 blocks; pool 10/2048 blocks in use) — first token 785
2026-10-07 00:49:02.776 INFO  sched: request 'chatcmpl-82f92900b89bb711' prefix cache miss — 3 cut(s), the cache is empty
2026-10-07 00:49:02.776 INFO  sched: request 'chatcmpl-82f92900b89bb711' admitted to slot 3 (reserve 3 blocks; pool 12/2048 blocks in use) — first token 785
2026-10-07 00:49:02.776 INFO  sched: 4 requests admitted together in one prefill (933 ms)
2026-10-07 00:49:05.657 INFO  stats: rank 3 | 10.0 s | decode 39.3 tok/s, 22.8 ms/tok, 104.3 ms/step (86 steps / 393 tok, 90 % of wall) | mtp 1.87 tok/step/req, accept p1 85 % | prefill 4 prompts / 145 tok, 14 tok/s, 6.43 ms/tok, 233 ms avg (9 % of wall), 0 tok cached (0/4 hits) | live 4, queued 0 | pool 12/2048 blocks (1 %) | prefix cache 0/4096 entries
2026-10-07 00:49:15.760 INFO  stats: rank 3 | 10.1 s | decode 48.3 tok/s, 20.6 ms/tok, 152.4 ms/step (66 steps / 488 tok, 100 % of wall) | mtp 1.85 tok/step/req, accept p1 85 % | prefill 0 prompts / 0 tok, 0 tok cached (0/0 hits) | live 4, queued 0 | pool 12/2048 blocks (1 %) | prefix cache 0/4096 entries
2026-10-07 00:49:23.344 INFO  sched: request 'chatcmpl-82f92900b89bb70e' retired (steps): 256 tok in 21.5 s — prefill 45 tok (0 cached) in 933 ms; decode 255 tok / 135 passes in 20.6 s: 12.4 tok/s, 80.7 ms/tok, 152 ms/pass, 1.89 tok/pass, accept p1 90 %
2026-10-07 00:49:23.344 INFO  sched: request 'chatcmpl-82f92900b89bb70f' retired (steps): 256 tok in 21.5 s — prefill 33 tok (0 cached) in 933 ms; decode 255 tok / 135 passes in 20.6 s: 12.4 tok/s, 80.7 ms/tok, 152 ms/pass, 1.89 tok/pass, accept p1 89 %
2026-10-07 00:49:24.165 INFO  sched: request 'chatcmpl-82f92900b89bb711' retired (steps): 256 tok in 22.3 s — prefill 34 tok (0 cached) in 933 ms; decode 255 tok / 141 passes in 21.4 s: 11.9 tok/s, 83.9 ms/tok, 152 ms/pass, 1.81 tok/pass, accept p1 82 %
2026-10-07 00:49:24.297 INFO  sched: request 'chatcmpl-82f92900b89bb710' retired (steps): 256 tok in 22.5 s — prefill 33 tok (0 cached) in 933 ms; decode 255 tok / 143 passes in 21.5 s: 11.8 tok/s, 84.4 ms/tok, 150 ms/pass, 1.78 tok/pass, accept p1 78 %
2026-10-07 00:49:24.323 INFO  sched: request 'chatcmpl-82f92900b89bb712' starting prefill in slot 0 (45 prompt tokens)
2026-10-07 00:49:24.323 INFO  sched: request 'chatcmpl-82f92900b89bb713' starting prefill in slot 1 (34 prompt tokens)
2026-10-07 00:49:24.323 INFO  sched: request 'chatcmpl-82f92900b89bb714' starting prefill in slot 2 (33 prompt tokens)
2026-10-07 00:49:24.323 INFO  sched: request 'chatcmpl-82f92900b89bb715' starting prefill in slot 3 (33 prompt tokens)
2026-10-07 00:49:25.252 INFO  sched: request 'chatcmpl-82f92900b89bb712' prefix cache miss — 3 cut(s), the cache is empty
2026-10-07 00:49:25.252 INFO  sched: request 'chatcmpl-82f92900b89bb712' admitted to slot 0 (reserve 3 blocks; pool 6/2048 blocks in use) — first token 785
2026-10-07 00:49:25.252 INFO  sched: request 'chatcmpl-82f92900b89bb713' prefix cache miss — 3 cut(s), the cache is empty
2026-10-07 00:49:25.252 INFO  sched: request 'chatcmpl-82f92900b89bb713' admitted to slot 1 (reserve 3 blocks; pool 8/2048 blocks in use) — first token 785
2026-10-07 00:49:25.252 INFO  sched: request 'chatcmpl-82f92900b89bb714' prefix cache miss — 3 cut(s), the cache is empty
2026-10-07 00:49:25.252 INFO  sched: request 'chatcmpl-82f92900b89bb714' admitted to slot 2 (reserve 3 blocks; pool 10/2048 blocks in use) — first token 785
2026-10-07 00:49:25.252 INFO  sched: request 'chatcmpl-82f92900b89bb715' prefix cache miss — 3 cut(s), the cache is empty
2026-10-07 00:49:25.252 INFO  sched: request 'chatcmpl-82f92900b89bb715' admitted to slot 3 (reserve 3 blocks; pool 12/2048 blocks in use) — first token 785
2026-10-07 00:49:25.252 INFO  sched: 4 requests admitted together in one prefill (929 ms)
2026-10-07 00:49:25.780 INFO  stats: rank 3 | 10.0 s | decode 41.2 tok/s, 21.8 ms/tok, 147.7 ms/step (61 steps / 413 tok, 90 % of wall) | mtp 1.83 tok/step/req, accept p1 82 % | prefill 4 prompts / 145 tok, 14 tok/s, 6.41 ms/tok, 232 ms avg (9 % of wall), 0 tok cached (0/4 hits) | live 4, queued 0 | pool 12/2048 blocks (1 %) | prefix cache 0/4096 entries
2026-10-07 00:49:35.901 INFO  stats: rank 3 | 10.1 s | decode 48.9 tok/s, 20.4 ms/tok, 150.4 ms/step (67 steps / 495 tok, 100 % of wall) | mtp 1.85 tok/step/req, accept p1 85 % | prefill 0 prompts / 0 tok, 0 tok cached (0/0 hits) | live 4, queued 0 | pool 12/2048 blocks (1 %) | prefix cache 0/4096 entries
2026-10-07 00:49:45.783 INFO  sched: request 'chatcmpl-82f92900b89bb712' retired (steps): 256 tok in 21.5 s — prefill 45 tok (0 cached) in 929 ms; decode 255 tok / 135 passes in 20.5 s: 12.4 tok/s, 80.5 ms/tok, 152 ms/pass, 1.89 tok/pass, accept p1 90 %
2026-10-07 00:49:45.935 INFO  sched: request 'chatcmpl-82f92900b89bb715' retired (steps): 256 tok in 21.6 s — prefill 33 tok (0 cached) in 929 ms; decode 255 tok / 136 passes in 20.7 s: 12.3 tok/s, 81.1 ms/tok, 152 ms/pass, 1.88 tok/pass, accept p1 88 %
2026-10-07 00:49:45.935 INFO  stats: rank 3 | 10.0 s | decode 47.5 tok/s, 20.9 ms/tok, 153.4 ms/step (65 steps / 477 tok, 99 % of wall) | mtp 1.84 tok/step/req, accept p1 85 % | prefill 0 prompts / 0 tok, 0 tok cached (0/0 hits) | live 2, queued 0 | pool 6/2048 blocks (0 %) | prefix cache 0/4096 entries
2026-10-07 00:49:46.677 INFO  sched: request 'chatcmpl-82f92900b89bb713' retired (steps): 256 tok in 22.4 s — prefill 34 tok (0 cached) in 929 ms; decode 255 tok / 142 passes in 21.4 s: 11.9 tok/s, 84.0 ms/tok, 151 ms/pass, 1.80 tok/pass, accept p1 80 %
2026-10-07 00:49:46.744 INFO  sched: request 'chatcmpl-82f92900b89bb714' retired (steps): 256 tok in 22.4 s — prefill 33 tok (0 cached) in 929 ms; decode 255 tok / 143 passes in 21.5 s: 11.9 tok/s, 84.3 ms/tok, 150 ms/pass, 1.78 tok/pass, accept p1 78 %
2026-10-07 00:49:46.770 INFO  sched: request 'chatcmpl-82f92900b89bb716' starting prefill in slot 0 (33 prompt tokens)
2026-10-07 00:49:46.770 INFO  sched: request 'chatcmpl-82f92900b89bb717' starting prefill in slot 1 (45 prompt tokens)
2026-10-07 00:49:46.770 INFO  sched: request 'chatcmpl-82f92900b89bb718' starting prefill in slot 2 (33 prompt tokens)
2026-10-07 00:49:46.770 INFO  sched: request 'chatcmpl-82f92900b89bb719' starting prefill in slot 3 (34 prompt tokens)
2026-10-07 00:49:47.693 INFO  sched: request 'chatcmpl-82f92900b89bb716' prefix cache miss — 3 cut(s), the cache is empty
2026-10-07 00:49:47.693 INFO  sched: request 'chatcmpl-82f92900b89bb716' admitted to slot 0 (reserve 3 blocks; pool 6/2048 blocks in use) — first token 785
2026-10-07 00:49:47.693 INFO  sched: request 'chatcmpl-82f92900b89bb717' prefix cache miss — 3 cut(s), the cache is empty
2026-10-07 00:49:47.693 INFO  sched: request 'chatcmpl-82f92900b89bb717' admitted to slot 1 (reserve 3 blocks; pool 8/2048 blocks in use) — first token 785
2026-10-07 00:49:47.693 INFO  sched: request 'chatcmpl-82f92900b89bb718' prefix cache miss — 3 cut(s), the cache is empty
2026-10-07 00:49:47.693 INFO  sched: request 'chatcmpl-82f92900b89bb718' admitted to slot 2 (reserve 3 blocks; pool 10/2048 blocks in use) — first token 785
2026-10-07 00:49:47.693 INFO  sched: request 'chatcmpl-82f92900b89bb719' prefix cache miss — 3 cut(s), the cache is empty
2026-10-07 00:49:47.693 INFO  sched: request 'chatcmpl-82f92900b89bb719' admitted to slot 3 (reserve 3 blocks; pool 12/2048 blocks in use) — first token 785
2026-10-07 00:49:47.693 INFO  sched: 4 requests admitted together in one prefill (923 ms)
2026-10-07 00:49:56.064 INFO  stats: rank 3 | 10.1 s | decode 43.0 tok/s, 20.9 ms/tok, 144.9 ms/step (63 steps / 436 tok, 90 % of wall) | mtp 1.84 tok/step/req, accept p1 83 % | prefill 4 prompts / 145 tok, 14 tok/s, 6.36 ms/tok, 231 ms avg (9 % of wall), 0 tok cached (0/4 hits) | live 4, queued 0 | pool 12/2048 blocks (1 %) | prefix cache 0/4096 entries
2026-10-07 00:50:06.216 INFO  stats: rank 3 | 10.2 s | decode 47.1 tok/s, 21.1 ms/tok, 153.1 ms/step (66 steps / 478 tok, 100 % of wall) | mtp 1.81 tok/step/req, accept p1 81 % | prefill 0 prompts / 0 tok, 0 tok cached (0/0 hits) | live 4, queued 0 | pool 12/2048 blocks (1 %) | prefix cache 0/4096 entries
2026-10-07 00:50:08.546 INFO  sched: request 'chatcmpl-82f92900b89bb718' retired (steps): 256 tok in 21.8 s — prefill 33 tok (0 cached) in 923 ms; decode 255 tok / 137 passes in 20.9 s: 12.2 tok/s, 81.8 ms/tok, 152 ms/pass, 1.86 tok/pass, accept p1 87 %
2026-10-07 00:50:08.702 INFO  sched: request 'chatcmpl-82f92900b89bb717' retired (steps): 256 tok in 21.9 s — prefill 45 tok (0 cached) in 923 ms; decode 255 tok / 138 passes in 21.0 s: 12.1 tok/s, 82.4 ms/tok, 152 ms/pass, 1.85 tok/pass, accept p1 86 %
2026-10-07 00:50:09.252 INFO  sched: request 'chatcmpl-82f92900b89bb719' retired (steps): 256 tok in 22.5 s — prefill 34 tok (0 cached) in 923 ms; decode 255 tok / 142 passes in 21.6 s: 11.8 tok/s, 84.5 ms/tok, 152 ms/pass, 1.80 tok/pass, accept p1 80 %
2026-10-07 00:50:09.386 INFO  sched: request 'chatcmpl-82f92900b89bb716' retired (steps): 256 tok in 22.6 s — prefill 33 tok (0 cached) in 923 ms; decode 255 tok / 144 passes in 21.7 s: 11.8 tok/s, 85.1 ms/tok, 151 ms/pass, 1.77 tok/pass, accept p1 77 %
2026-10-07 00:50:09.427 INFO  sched: request 'chatcmpl-82f92900b89bb71a' starting prefill in slot 0 (35 prompt tokens)
2026-10-07 00:50:09.427 INFO  sched: request 'chatcmpl-82f92900b89bb71b' starting prefill in slot 1 (32 prompt tokens)
2026-10-07 00:50:09.428 INFO  sched: request 'chatcmpl-82f92900b89bb71c' starting prefill in slot 2 (33 prompt tokens)
2026-10-07 00:50:09.428 INFO  sched: request 'chatcmpl-82f92900b89bb71d' starting prefill in slot 3 (33 prompt tokens)
2026-10-07 00:50:09.428 INFO  sched: request 'chatcmpl-82f92900b89bb71e' starting prefill in slot 4 (35 prompt tokens)
2026-10-07 00:50:09.428 INFO  sched: request 'chatcmpl-82f92900b89bb71f' starting prefill in slot 5 (33 prompt tokens)
2026-10-07 00:50:09.428 INFO  sched: request 'chatcmpl-82f92900b89bb720' starting prefill in slot 6 (33 prompt tokens)
2026-10-07 00:50:09.428 INFO  sched: request 'chatcmpl-82f92900b89bb721' starting prefill in slot 7 (35 prompt tokens)
2026-10-07 00:50:10.929 INFO  sched: request 'chatcmpl-82f92900b89bb71a' prefix cache miss — 3 cut(s), the cache is empty
2026-10-07 00:50:10.929 INFO  sched: request 'chatcmpl-82f92900b89bb71a' admitted to slot 0 (reserve 3 blocks; pool 10/2048 blocks in use) — first token 785
2026-10-07 00:50:10.929 INFO  sched: request 'chatcmpl-82f92900b89bb71b' prefix cache miss — 3 cut(s), the cache is empty
2026-10-07 00:50:10.929 INFO  sched: request 'chatcmpl-82f92900b89bb71b' admitted to slot 1 (reserve 3 blocks; pool 12/2048 blocks in use) — first token 785
2026-10-07 00:50:10.929 INFO  sched: request 'chatcmpl-82f92900b89bb71c' prefix cache miss — 3 cut(s), the cache is empty
2026-10-07 00:50:10.929 INFO  sched: request 'chatcmpl-82f92900b89bb71c' admitted to slot 2 (reserve 3 blocks; pool 14/2048 blocks in use) — first token 785
2026-10-07 00:50:10.929 INFO  sched: request 'chatcmpl-82f92900b89bb71d' prefix cache miss — 3 cut(s), the cache is empty
2026-10-07 00:50:10.929 INFO  sched: request 'chatcmpl-82f92900b89bb71d' admitted to slot 3 (reserve 3 blocks; pool 16/2048 blocks in use) — first token 785
2026-10-07 00:50:10.929 INFO  sched: request 'chatcmpl-82f92900b89bb71e' prefix cache miss — 3 cut(s), the cache is empty
2026-10-07 00:50:10.929 INFO  sched: request 'chatcmpl-82f92900b89bb71e' admitted to slot 4 (reserve 3 blocks; pool 18/2048 blocks in use) — first token 785
2026-10-07 00:50:10.929 INFO  sched: request 'chatcmpl-82f92900b89bb71f' prefix cache miss — 3 cut(s), the cache is empty
2026-10-07 00:50:10.929 INFO  sched: request 'chatcmpl-82f92900b89bb71f' admitted to slot 5 (reserve 3 blocks; pool 20/2048 blocks in use) — first token 785
2026-10-07 00:50:10.929 INFO  sched: request 'chatcmpl-82f92900b89bb720' prefix cache miss — 3 cut(s), the cache is empty
2026-10-07 00:50:10.929 INFO  sched: request 'chatcmpl-82f92900b89bb720' admitted to slot 6 (reserve 3 blocks; pool 22/2048 blocks in use) — first token 785
2026-10-07 00:50:10.929 INFO  sched: request 'chatcmpl-82f92900b89bb721' prefix cache miss — 3 cut(s), the cache is empty
2026-10-07 00:50:10.929 INFO  sched: request 'chatcmpl-82f92900b89bb721' admitted to slot 7 (reserve 3 blocks; pool 24/2048 blocks in use) — first token 785
2026-10-07 00:50:10.929 INFO  sched: 8 requests admitted together in one prefill (1502 ms)
2026-10-07 00:50:16.288 INFO  stats: rank 3 | 10.1 s | decode 46.8 tok/s, 18.0 ms/tok, 192.8 ms/step (44 steps / 471 tok, 84 % of wall) | mtp 1.89 tok/step/req, accept p1 87 % | prefill 8 prompts / 269 tok, 27 tok/s, 5.58 ms/tok, 188 ms avg (15 % of wall), 0 tok cached (0/8 hits) | live 8, queued 0 | pool 24/2048 blocks (1 %) | prefix cache 0/4096 entries
2026-10-07 00:50:26.370 INFO  stats: rank 3 | 10.1 s | decode 54.7 tok/s, 18.2 ms/tok, 264.7 ms/step (38 steps / 552 tok, 100 % of wall) | mtp 1.82 tok/step/req, accept p1 82 % | prefill 0 prompts / 0 tok, 0 tok cached (0/0 hits) | live 8, queued 0 | pool 24/2048 blocks (1 %) | prefix cache 0/4096 entries
2026-10-07 00:50:36.554 INFO  stats: rank 3 | 10.2 s | decode 54.8 tok/s, 18.2 ms/tok, 267.3 ms/step (38 steps / 558 tok, 100 % of wall) | mtp 1.84 tok/step/req, accept p1 84 % | prefill 0 prompts / 0 tok, 0 tok cached (0/0 hits) | live 8, queued 0 | pool 24/2048 blocks (1 %) | prefix cache 0/4096 entries
2026-10-07 00:50:46.506 INFO  sched: request 'chatcmpl-82f92900b89bb71a' retired (steps): 256 tok in 37.1 s — prefill 35 tok (0 cached) in 1502 ms; decode 255 tok / 135 passes in 35.6 s: 7.2 tok/s, 139.5 ms/tok, 264 ms/pass, 1.89 tok/pass, accept p1 89 %
2026-10-07 00:50:46.766 INFO  stats: rank 3 | 10.2 s | decode 53.3 tok/s, 18.7 ms/tok, 267.6 ms/step (38 steps / 544 tok, 100 % of wall) | mtp 1.80 tok/step/req, accept p1 80 % | prefill 0 prompts / 0 tok, 0 tok cached (0/0 hits) | live 7, queued 0 | pool 21/2048 blocks (1 %) | prefix cache 0/4096 entries
2026-10-07 00:50:47.046 INFO  sched: request 'chatcmpl-82f92900b89bb71d' retired (steps): 256 tok in 37.6 s — prefill 33 tok (0 cached) in 1502 ms; decode 255 tok / 137 passes in 36.1 s: 7.1 tok/s, 141.6 ms/tok, 264 ms/pass, 1.86 tok/pass, accept p1 86 %
2026-10-07 00:50:47.046 INFO  sched: request 'chatcmpl-82f92900b89bb720' retired (steps): 256 tok in 37.6 s — prefill 33 tok (0 cached) in 1502 ms; decode 255 tok / 137 passes in 36.1 s: 7.1 tok/s, 141.6 ms/tok, 264 ms/pass, 1.86 tok/pass, accept p1 86 %
2026-10-07 00:50:47.309 INFO  sched: request 'chatcmpl-82f92900b89bb71f' retired (steps): 256 tok in 37.9 s — prefill 33 tok (0 cached) in 1502 ms; decode 255 tok / 138 passes in 36.4 s: 7.0 tok/s, 142.7 ms/tok, 264 ms/pass, 1.85 tok/pass, accept p1 86 %
2026-10-07 00:50:48.034 INFO  sched: request 'chatcmpl-82f92900b89bb721' retired (steps): 256 tok in 38.6 s — prefill 35 tok (0 cached) in 1502 ms; decode 255 tok / 141 passes in 37.1 s: 6.9 tok/s, 145.5 ms/tok, 263 ms/pass, 1.81 tok/pass, accept p1 81 %
2026-10-07 00:50:48.411 INFO  sched: request 'chatcmpl-82f92900b89bb71c' retired (steps): 256 tok in 39.0 s — prefill 33 tok (0 cached) in 1502 ms; decode 255 tok / 143 passes in 37.5 s: 6.8 tok/s, 147.0 ms/tok, 262 ms/pass, 1.78 tok/pass, accept p1 79 %
2026-10-07 00:50:48.411 INFO  sched: request 'chatcmpl-82f92900b89bb71e' retired (steps): 256 tok in 39.0 s — prefill 35 tok (0 cached) in 1502 ms; decode 255 tok / 143 passes in 37.5 s: 6.8 tok/s, 147.0 ms/tok, 262 ms/pass, 1.78 tok/pass, accept p1 79 %
2026-10-07 00:50:48.483 INFO  sched: request 'chatcmpl-82f92900b89bb71b' retired (steps): 256 tok in 39.1 s — prefill 32 tok (0 cached) in 1502 ms; decode 255 tok / 144 passes in 37.6 s: 6.8 tok/s, 147.3 ms/tok, 261 ms/pass, 1.77 tok/pass, accept p1 78 %
2026-10-07 00:50:48.514 INFO  sched: request 'chatcmpl-82f92900b89bb722' starting prefill in slot 0 (35 prompt tokens)
2026-10-07 00:50:48.514 INFO  sched: request 'chatcmpl-82f92900b89bb723' starting prefill in slot 1 (33 prompt tokens)
2026-10-07 00:50:48.514 INFO  sched: request 'chatcmpl-82f92900b89bb724' starting prefill in slot 2 (33 prompt tokens)
2026-10-07 00:50:48.514 INFO  sched: request 'chatcmpl-82f92900b89bb725' starting prefill in slot 3 (35 prompt tokens)
2026-10-07 00:50:48.514 INFO  sched: request 'chatcmpl-82f92900b89bb726' starting prefill in slot 4 (32 prompt tokens)
2026-10-07 00:50:48.514 INFO  sched: request 'chatcmpl-82f92900b89bb727' starting prefill in slot 5 (35 prompt tokens)
2026-10-07 00:50:48.514 INFO  sched: request 'chatcmpl-82f92900b89bb728' starting prefill in slot 6 (33 prompt tokens)
2026-10-07 00:50:48.514 INFO  sched: request 'chatcmpl-82f92900b89bb729' starting prefill in slot 7 (33 prompt tokens)
2026-10-07 00:50:50.012 INFO  sched: request 'chatcmpl-82f92900b89bb722' prefix cache miss — 3 cut(s), the cache is empty
2026-10-07 00:50:50.012 INFO  sched: request 'chatcmpl-82f92900b89bb722' admitted to slot 0 (reserve 3 blocks; pool 10/2048 blocks in use) — first token 785
2026-10-07 00:50:50.012 INFO  sched: request 'chatcmpl-82f92900b89bb723' prefix cache miss — 3 cut(s), the cache is empty
2026-10-07 00:50:50.012 INFO  sched: request 'chatcmpl-82f92900b89bb723' admitted to slot 1 (reserve 3 blocks; pool 12/2048 blocks in use) — first token 785
2026-10-07 00:50:50.012 INFO  sched: request 'chatcmpl-82f92900b89bb724' prefix cache miss — 3 cut(s), the cache is empty
2026-10-07 00:50:50.012 INFO  sched: request 'chatcmpl-82f92900b89bb724' admitted to slot 2 (reserve 3 blocks; pool 14/2048 blocks in use) — first token 785
2026-10-07 00:50:50.012 INFO  sched: request 'chatcmpl-82f92900b89bb725' prefix cache miss — 3 cut(s), the cache is empty
2026-10-07 00:50:50.012 INFO  sched: request 'chatcmpl-82f92900b89bb725' admitted to slot 3 (reserve 3 blocks; pool 16/2048 blocks in use) — first token 785
2026-10-07 00:50:50.012 INFO  sched: request 'chatcmpl-82f92900b89bb726' prefix cache miss — 3 cut(s), the cache is empty
2026-10-07 00:50:50.012 INFO  sched: request 'chatcmpl-82f92900b89bb726' admitted to slot 4 (reserve 3 blocks; pool 18/2048 blocks in use) — first token 785
2026-10-07 00:50:50.012 INFO  sched: request 'chatcmpl-82f92900b89bb727' prefix cache miss — 3 cut(s), the cache is empty
2026-10-07 00:50:50.012 INFO  sched: request 'chatcmpl-82f92900b89bb727' admitted to slot 5 (reserve 3 blocks; pool 20/2048 blocks in use) — first token 785
2026-10-07 00:50:50.012 INFO  sched: request 'chatcmpl-82f92900b89bb728' prefix cache miss — 3 cut(s), the cache is empty
2026-10-07 00:50:50.012 INFO  sched: request 'chatcmpl-82f92900b89bb728' admitted to slot 6 (reserve 3 blocks; pool 22/2048 blocks in use) — first token 785
2026-10-07 00:50:50.012 INFO  sched: request 'chatcmpl-82f92900b89bb729' prefix cache miss — 3 cut(s), the cache is empty
2026-10-07 00:50:50.012 INFO  sched: request 'chatcmpl-82f92900b89bb729' admitted to slot 7 (reserve 3 blocks; pool 24/2048 blocks in use) — first token 785
2026-10-07 00:50:50.012 INFO  sched: 8 requests admitted together in one prefill (1498 ms)
2026-10-07 00:50:56.920 INFO  stats: rank 3 | 10.2 s | decode 47.6 tok/s, 17.7 ms/tok, 238.0 ms/step (36 steps / 483 tok, 84 % of wall) | mtp 1.89 tok/step/req, accept p1 88 % | prefill 8 prompts / 269 tok, 26 tok/s, 5.57 ms/tok, 187 ms avg (15 % of wall), 0 tok cached (0/8 hits) | live 8, queued 0 | pool 24/2048 blocks (1 %) | prefix cache 0/4096 entries
2026-10-07 00:51:07.049 INFO  stats: rank 3 | 10.1 s | decode 54.6 tok/s, 18.3 ms/tok, 265.8 ms/step (38 steps / 553 tok, 100 % of wall) | mtp 1.82 tok/step/req, accept p1 82 % | prefill 0 prompts / 0 tok, 0 tok cached (0/0 hits) | live 8, queued 0 | pool 24/2048 blocks (1 %) | prefix cache 0/4096 entries
2026-10-07 00:51:17.223 INFO  stats: rank 3 | 10.2 s | decode 54.5 tok/s, 18.3 ms/tok, 266.9 ms/step (38 steps / 555 tok, 100 % of wall) | mtp 1.83 tok/step/req, accept p1 83 % | prefill 0 prompts / 0 tok, 0 tok cached (0/0 hits) | live 8, queued 0 | pool 24/2048 blocks (1 %) | prefix cache 0/4096 entries
2026-10-07 00:51:25.867 INFO  sched: request 'chatcmpl-82f92900b89bb722' retired (steps): 256 tok in 37.4 s — prefill 35 tok (0 cached) in 1498 ms; decode 255 tok / 136 passes in 35.9 s: 7.1 tok/s, 140.6 ms/tok, 264 ms/pass, 1.88 tok/pass, accept p1 88 %
2026-10-07 00:51:25.867 INFO  sched: request 'chatcmpl-82f92900b89bb728' retired (steps): 256 tok in 37.4 s — prefill 33 tok (0 cached) in 1498 ms; decode 255 tok / 136 passes in 35.9 s: 7.1 tok/s, 140.6 ms/tok, 264 ms/pass, 1.88 tok/pass, accept p1 88 %
2026-10-07 00:51:26.140 INFO  sched: request 'chatcmpl-82f92900b89bb723' retired (steps): 256 tok in 37.6 s — prefill 33 tok (0 cached) in 1498 ms; decode 255 tok / 137 passes in 36.1 s: 7.1 tok/s, 141.7 ms/tok, 264 ms/pass, 1.86 tok/pass, accept p1 87 %
2026-10-07 00:51:26.140 INFO  sched: request 'chatcmpl-82f92900b89bb724' retired (steps): 256 tok in 37.6 s — prefill 33 tok (0 cached) in 1498 ms; decode 255 tok / 137 passes in 36.1 s: 7.1 tok/s, 141.7 ms/tok, 264 ms/pass, 1.86 tok/pass, accept p1 86 %
2026-10-07 00:51:27.335 INFO  sched: request 'chatcmpl-82f92900b89bb725' retired (steps): 256 tok in 38.8 s — prefill 35 tok (0 cached) in 1498 ms; decode 255 tok / 142 passes in 37.3 s: 6.8 tok/s, 146.4 ms/tok, 263 ms/pass, 1.80 tok/pass, accept p1 80 %
2026-10-07 00:51:27.335 INFO  sched: request 'chatcmpl-82f92900b89bb729' retired (steps): 256 tok in 38.8 s — prefill 33 tok (0 cached) in 1498 ms; decode 255 tok / 142 passes in 37.3 s: 6.8 tok/s, 146.4 ms/tok, 263 ms/pass, 1.80 tok/pass, accept p1 80 %
2026-10-07 00:51:27.335 INFO  stats: rank 3 | 10.1 s | decode 49.7 tok/s, 20.0 ms/tok, 264.6 ms/step (38 steps / 503 tok, 99 % of wall) | mtp 1.78 tok/step/req, accept p1 79 % | prefill 0 prompts / 0 tok, 0 tok cached (0/0 hits) | live 2, queued 0 | pool 6/2048 blocks (0 %) | prefix cache 0/4096 entries
2026-10-07 00:51:27.526 INFO  sched: request 'chatcmpl-82f92900b89bb727' retired (steps): 256 tok in 39.0 s — prefill 35 tok (0 cached) in 1498 ms; decode 255 tok / 143 passes in 37.5 s: 6.8 tok/s, 147.1 ms/tok, 262 ms/pass, 1.78 tok/pass, accept p1 79 %
2026-10-07 00:51:27.665 INFO  sched: request 'chatcmpl-82f92900b89bb726' retired (steps): 256 tok in 39.2 s — prefill 32 tok (0 cached) in 1498 ms; decode 255 tok / 145 passes in 37.7 s: 6.8 tok/s, 147.7 ms/tok, 260 ms/pass, 1.76 tok/pass, accept p1 77 %
2026-10-07 00:51:27.675 INFO  sched: request 'chatcmpl-82f92900b89bb72a' starting prefill in slot 0 (35 prompt tokens)
2026-10-07 00:51:27.675 INFO  sched: request 'chatcmpl-82f92900b89bb72b' starting prefill in slot 1 (35 prompt tokens)
2026-10-07 00:51:27.675 INFO  sched: request 'chatcmpl-82f92900b89bb72c' starting prefill in slot 2 (33 prompt tokens)
2026-10-07 00:51:27.675 INFO  sched: request 'chatcmpl-82f92900b89bb72d' starting prefill in slot 3 (33 prompt tokens)
2026-10-07 00:51:27.675 INFO  sched: request 'chatcmpl-82f92900b89bb72e' starting prefill in slot 4 (33 prompt tokens)
2026-10-07 00:51:27.675 INFO  sched: request 'chatcmpl-82f92900b89bb72f' starting prefill in slot 5 (33 prompt tokens)
2026-10-07 00:51:27.675 INFO  sched: request 'chatcmpl-82f92900b89bb730' starting prefill in slot 6 (32 prompt tokens)
2026-10-07 00:51:27.675 INFO  sched: request 'chatcmpl-82f92900b89bb731' starting prefill in slot 7 (35 prompt tokens)
2026-10-07 00:51:29.176 INFO  sched: request 'chatcmpl-82f92900b89bb72a' prefix cache miss — 3 cut(s), the cache is empty
2026-10-07 00:51:29.176 INFO  sched: request 'chatcmpl-82f92900b89bb72a' admitted to slot 0 (reserve 3 blocks; pool 10/2048 blocks in use) — first token 785
2026-10-07 00:51:29.176 INFO  sched: request 'chatcmpl-82f92900b89bb72b' prefix cache miss — 3 cut(s), the cache is empty
2026-10-07 00:51:29.176 INFO  sched: request 'chatcmpl-82f92900b89bb72b' admitted to slot 1 (reserve 3 blocks; pool 12/2048 blocks in use) — first token 785
2026-10-07 00:51:29.176 INFO  sched: request 'chatcmpl-82f92900b89bb72c' prefix cache miss — 3 cut(s), the cache is empty
2026-10-07 00:51:29.176 INFO  sched: request 'chatcmpl-82f92900b89bb72c' admitted to slot 2 (reserve 3 blocks; pool 14/2048 blocks in use) — first token 785
2026-10-07 00:51:29.176 INFO  sched: request 'chatcmpl-82f92900b89bb72d' prefix cache miss — 3 cut(s), the cache is empty
2026-10-07 00:51:29.176 INFO  sched: request 'chatcmpl-82f92900b89bb72d' admitted to slot 3 (reserve 3 blocks; pool 16/2048 blocks in use) — first token 785
2026-10-07 00:51:29.176 INFO  sched: request 'chatcmpl-82f92900b89bb72e' prefix cache miss — 3 cut(s), the cache is empty
2026-10-07 00:51:29.176 INFO  sched: request 'chatcmpl-82f92900b89bb72e' admitted to slot 4 (reserve 3 blocks; pool 18/2048 blocks in use) — first token 785
2026-10-07 00:51:29.176 INFO  sched: request 'chatcmpl-82f92900b89bb72f' prefix cache miss — 3 cut(s), the cache is empty
2026-10-07 00:51:29.176 INFO  sched: request 'chatcmpl-82f92900b89bb72f' admitted to slot 5 (reserve 3 blocks; pool 20/2048 blocks in use) — first token 785
2026-10-07 00:51:29.176 INFO  sched: request 'chatcmpl-82f92900b89bb730' prefix cache miss — 3 cut(s), the cache is empty
2026-10-07 00:51:29.176 INFO  sched: request 'chatcmpl-82f92900b89bb730' admitted to slot 6 (reserve 3 blocks; pool 22/2048 blocks in use) — first token 785
2026-10-07 00:51:29.176 INFO  sched: request 'chatcmpl-82f92900b89bb731' prefix cache miss — 3 cut(s), the cache is empty
2026-10-07 00:51:29.176 INFO  sched: request 'chatcmpl-82f92900b89bb731' admitted to slot 7 (reserve 3 blocks; pool 24/2048 blocks in use) — first token 785
2026-10-07 00:51:29.176 INFO  sched: 8 requests admitted together in one prefill (1501 ms)
2026-10-07 00:51:37.417 INFO  stats: rank 3 | 10.1 s | decode 50.7 tok/s, 16.7 ms/tok, 237.3 ms/step (36 steps / 511 tok, 85 % of wall) | mtp 1.91 tok/step/req, accept p1 88 % | prefill 8 prompts / 269 tok, 27 tok/s, 5.58 ms/tok, 188 ms avg (15 % of wall), 0 tok cached (0/8 hits) | live 8, queued 0 | pool 24/2048 blocks (1 %) | prefix cache 0/4096 entries
2026-10-07 00:51:47.543 INFO  stats: rank 3 | 10.1 s | decode 55.1 tok/s, 18.1 ms/tok, 265.7 ms/step (38 steps / 558 tok, 100 % of wall) | mtp 1.84 tok/step/req, accept p1 84 % | prefill 0 prompts / 0 tok, 0 tok cached (0/0 hits) | live 8, queued 0 | pool 24/2048 blocks (1 %) | prefix cache 0/4096 entries
2026-10-07 00:51:57.724 INFO  stats: rank 3 | 10.2 s | decode 54.0 tok/s, 18.5 ms/tok, 267.2 ms/step (38 steps / 550 tok, 100 % of wall) | mtp 1.81 tok/step/req, accept p1 81 % | prefill 0 prompts / 0 tok, 0 tok cached (0/0 hits) | live 8, queued 0 | pool 24/2048 blocks (1 %) | prefix cache 0/4096 entries
2026-10-07 00:52:05.040 INFO  sched: request 'chatcmpl-82f92900b89bb72b' retired (steps): 256 tok in 37.4 s — prefill 35 tok (0 cached) in 1501 ms; decode 255 tok / 136 passes in 35.9 s: 7.1 tok/s, 140.6 ms/tok, 264 ms/pass, 1.88 tok/pass, accept p1 88 %
2026-10-07 00:52:05.315 INFO  sched: request 'chatcmpl-82f92900b89bb72c' retired (steps): 256 tok in 37.6 s — prefill 33 tok (0 cached) in 1501 ms; decode 255 tok / 137 passes in 36.1 s: 7.1 tok/s, 141.7 ms/tok, 264 ms/pass, 1.86 tok/pass, accept p1 86 %
2026-10-07 00:52:05.315 INFO  sched: request 'chatcmpl-82f92900b89bb72d' retired (steps): 256 tok in 37.6 s — prefill 33 tok (0 cached) in 1501 ms; decode 255 tok / 137 passes in 36.1 s: 7.1 tok/s, 141.7 ms/tok, 264 ms/pass, 1.86 tok/pass, accept p1 86 %
2026-10-07 00:52:05.823 INFO  sched: request 'chatcmpl-82f92900b89bb72f' retired (steps): 256 tok in 38.1 s — prefill 33 tok (0 cached) in 1501 ms; decode 255 tok / 139 passes in 36.6 s: 7.0 tok/s, 143.7 ms/tok, 264 ms/pass, 1.83 tok/pass, accept p1 84 %
2026-10-07 00:52:06.304 INFO  sched: request 'chatcmpl-82f92900b89bb72e' retired (steps): 256 tok in 38.6 s — prefill 33 tok (0 cached) in 1501 ms; decode 255 tok / 141 passes in 37.1 s: 6.9 tok/s, 145.6 ms/tok, 263 ms/pass, 1.81 tok/pass, accept p1 82 %
2026-10-07 00:52:06.541 INFO  sched: request 'chatcmpl-82f92900b89bb731' retired (steps): 256 tok in 38.9 s — prefill 35 tok (0 cached) in 1501 ms; decode 255 tok / 142 passes in 37.4 s: 6.8 tok/s, 146.5 ms/tok, 263 ms/pass, 1.80 tok/pass, accept p1 80 %
2026-10-07 00:52:06.974 INFO  sched: request 'chatcmpl-82f92900b89bb72a' retired (steps): 256 tok in 39.3 s — prefill 35 tok (0 cached) in 1501 ms; decode 255 tok / 144 passes in 37.8 s: 6.7 tok/s, 148.2 ms/tok, 262 ms/pass, 1.77 tok/pass, accept p1 78 %
2026-10-07 00:52:06.974 INFO  sched: request 'chatcmpl-82f92900b89bb730' retired (steps): 256 tok in 39.3 s — prefill 32 tok (0 cached) in 1501 ms; decode 255 tok / 144 passes in 37.8 s: 6.7 tok/s, 148.2 ms/tok, 262 ms/pass, 1.77 tok/pass, accept p1 78 %
2026-10-07 00:52:07.059 INFO  sched: request 'chatcmpl-82f92900b89bb732' starting prefill in slot 0 (46 prompt tokens)
2026-10-07 00:52:07.560 INFO  sched: request 'chatcmpl-82f92900b89bb732' prefix cache miss — 3 cut(s), the cache is empty
2026-10-07 00:52:07.560 INFO  sched: request 'chatcmpl-82f92900b89bb732' admitted to slot 0 (reserve 3 blocks; pool 3/2048 blocks in use) — first token 785
2026-10-07 00:52:07.752 INFO  stats: rank 3 | 10.0 s | decode 44.1 tok/s, 21.2 ms/tok, 246.5 ms/step (38 steps / 442 tok, 93 % of wall) | mtp 1.76 tok/step/req, accept p1 77 % | prefill 1 prompt / 46 tok, 5 tok/s, 10.90 ms/tok, 502 ms avg (5 % of wall), 0 tok cached (0/1 hit) | live 1, queued 0 | pool 3/2048 blocks (0 %) | prefix cache 0/4096 entries
2026-10-07 00:52:15.953 INFO  sched: request 'chatcmpl-82f92900b89bb732' retired (steps): 256 tok in 8.9 s — prefill 46 tok (0 cached) in 502 ms; decode 255 tok / 131 passes in 8.4 s: 30.4 tok/s, 32.9 ms/tok, 64 ms/pass, 1.95 tok/pass, accept p1 95 %
2026-10-07 00:52:15.985 INFO  sched: request 'chatcmpl-82f92900b89bb733' starting prefill in slot 0 (46 prompt tokens)
2026-10-07 00:52:16.494 INFO  sched: request 'chatcmpl-82f92900b89bb733' prefix cache miss — 3 cut(s), the cache is empty
2026-10-07 00:52:16.494 INFO  sched: request 'chatcmpl-82f92900b89bb733' admitted to slot 0 (reserve 3 blocks; pool 3/2048 blocks in use) — first token 785
2026-10-07 00:52:17.779 INFO  stats: rank 3 | 10.0 s | decode 28.8 tok/s, 32.5 ms/tok, 63.4 ms/step (148 steps / 289 tok, 94 % of wall) | mtp 1.95 tok/step/req, accept p1 95 % | prefill 1 prompt / 46 tok, 5 tok/s, 11.05 ms/tok, 508 ms avg (5 % of wall), 0 tok cached (0/1 hit) | live 1, queued 0 | pool 3/2048 blocks (0 %) | prefix cache 0/4096 entries
2026-10-07 00:52:24.872 INFO  sched: request 'chatcmpl-82f92900b89bb733' retired (steps): 256 tok in 8.9 s — prefill 46 tok (0 cached) in 508 ms; decode 255 tok / 131 passes in 8.4 s: 30.4 tok/s, 32.9 ms/tok, 64 ms/pass, 1.95 tok/pass, accept p1 95 %
2026-10-07 00:52:24.887 INFO  sched: request 'chatcmpl-82f92900b89bb734' starting prefill in slot 0 (46 prompt tokens)
2026-10-07 00:52:25.397 INFO  sched: request 'chatcmpl-82f92900b89bb734' prefix cache miss — 3 cut(s), the cache is empty
2026-10-07 00:52:25.397 INFO  sched: request 'chatcmpl-82f92900b89bb734' admitted to slot 0 (reserve 3 blocks; pool 3/2048 blocks in use) — first token 785
2026-10-07 00:52:27.829 INFO  stats: rank 3 | 10.1 s | decode 28.7 tok/s, 32.7 ms/tok, 63.2 ms/step (149 steps / 288 tok, 94 % of wall) | mtp 1.93 tok/step/req, accept p1 93 % | prefill 1 prompt / 46 tok, 5 tok/s, 11.10 ms/tok, 511 ms avg (5 % of wall), 0 tok cached (0/1 hit) | live 1, queued 0 | pool 3/2048 blocks (0 %) | prefix cache 0/4096 entries
2026-10-07 00:52:33.769 INFO  sched: request 'chatcmpl-82f92900b89bb734' retired (steps): 256 tok in 8.9 s — prefill 46 tok (0 cached) in 511 ms; decode 255 tok / 131 passes in 8.4 s: 30.5 tok/s, 32.8 ms/tok, 64 ms/pass, 1.95 tok/pass, accept p1 95 %
2026-10-07 00:52:33.813 INFO  sched: request 'chatcmpl-82f92900b89bb735' starting prefill in slot 0 (47 prompt tokens)
2026-10-07 00:52:33.813 INFO  sched: request 'chatcmpl-82f92900b89bb736' starting prefill in slot 1 (46 prompt tokens)
2026-10-07 00:52:34.636 INFO  sched: request 'chatcmpl-82f92900b89bb735' prefix cache miss — 3 cut(s), the cache is empty
2026-10-07 00:52:34.636 INFO  sched: request 'chatcmpl-82f92900b89bb735' admitted to slot 0 (reserve 3 blocks; pool 4/2048 blocks in use) — first token 785
2026-10-07 00:52:34.636 INFO  sched: request 'chatcmpl-82f92900b89bb736' prefix cache miss — 3 cut(s), the cache is empty
2026-10-07 00:52:34.636 INFO  sched: request 'chatcmpl-82f92900b89bb736' admitted to slot 1 (reserve 3 blocks; pool 6/2048 blocks in use) — first token 785
2026-10-07 00:52:34.636 INFO  sched: 2 requests admitted together in one prefill (823 ms)
2026-10-07 00:52:37.874 INFO  stats: rank 3 | 10.0 s | decode 31.9 tok/s, 28.4 ms/tok, 70.4 ms/step (129 steps / 320 tok, 90 % of wall) | mtp 1.94 tok/step/req, accept p1 93 % | prefill 2 prompts / 93 tok, 9 tok/s, 8.85 ms/tok, 412 ms avg (8 % of wall), 0 tok cached (0/2 hits) | live 2, queued 0 | pool 6/2048 blocks (0 %) | prefix cache 0/4096 entries
2026-10-07 00:52:47.012 INFO  sched: request 'chatcmpl-82f92900b89bb736' retired (steps): 256 tok in 13.2 s — prefill 46 tok (0 cached) in 823 ms; decode 255 tok / 133 passes in 12.4 s: 20.6 tok/s, 48.5 ms/tok, 93 ms/pass, 1.92 tok/pass, accept p1 92 %
2026-10-07 00:52:47.526 INFO  sched: request 'chatcmpl-82f92900b89bb735' retired (steps): 256 tok in 13.7 s — prefill 47 tok (0 cached) in 823 ms; decode 255 tok / 141 passes in 12.9 s: 19.8 tok/s, 50.5 ms/tok, 91 ms/pass, 1.81 tok/pass, accept p1 81 %
2026-10-07 00:52:47.545 INFO  sched: request 'chatcmpl-82f92900b89bb737' starting prefill in slot 0 (46 prompt tokens)
2026-10-07 00:52:47.545 INFO  sched: request 'chatcmpl-82f92900b89bb738' starting prefill in slot 1 (47 prompt tokens)
2026-10-07 00:52:48.358 INFO  sched: request 'chatcmpl-82f92900b89bb737' prefix cache miss — 3 cut(s), the cache is empty
2026-10-07 00:52:48.358 INFO  sched: request 'chatcmpl-82f92900b89bb737' admitted to slot 0 (reserve 3 blocks; pool 4/2048 blocks in use) — first token 785
2026-10-07 00:52:48.358 INFO  sched: request 'chatcmpl-82f92900b89bb738' prefix cache miss — 3 cut(s), the cache is empty
2026-10-07 00:52:48.358 INFO  sched: request 'chatcmpl-82f92900b89bb738' admitted to slot 1 (reserve 3 blocks; pool 6/2048 blocks in use) — first token 785
2026-10-07 00:52:48.358 INFO  sched: 2 requests admitted together in one prefill (813 ms)
2026-10-07 00:52:48.441 INFO  stats: rank 3 | 10.6 s | decode 36.1 tok/s, 25.3 ms/tok, 91.1 ms/step (106 steps / 381 tok, 91 % of wall) | mtp 1.87 tok/step/req, accept p1 86 % | prefill 2 prompts / 93 tok, 9 tok/s, 8.74 ms/tok, 406 ms avg (8 % of wall), 0 tok cached (0/2 hits) | live 2, queued 0 | pool 6/2048 blocks (0 %) | prefix cache 0/4096 entries
2026-10-07 00:52:58.479 INFO  stats: rank 3 | 10.0 s | decode 40.2 tok/s, 24.7 ms/tok, 92.3 ms/step (108 steps / 404 tok, 99 % of wall) | mtp 1.87 tok/step/req, accept p1 87 % | prefill 0 prompts / 0 tok, 0 tok cached (0/0 hits) | live 2, queued 0 | pool 6/2048 blocks (0 %) | prefix cache 0/4096 entries
2026-10-07 00:53:00.675 INFO  sched: request 'chatcmpl-82f92900b89bb737' retired (steps): 256 tok in 13.1 s — prefill 46 tok (0 cached) in 813 ms; decode 255 tok / 132 passes in 12.3 s: 20.7 tok/s, 48.3 ms/tok, 93 ms/pass, 1.93 tok/pass, accept p1 93 %
2026-10-07 00:53:01.311 INFO  sched: request 'chatcmpl-82f92900b89bb738' retired (steps): 256 tok in 13.8 s — prefill 47 tok (0 cached) in 813 ms; decode 255 tok / 142 passes in 13.0 s: 19.7 tok/s, 50.8 ms/tok, 91 ms/pass, 1.80 tok/pass, accept p1 80 %
2026-10-07 00:53:01.343 INFO  sched: request 'chatcmpl-82f92900b89bb739' starting prefill in slot 0 (46 prompt tokens)
2026-10-07 00:53:01.343 INFO  sched: request 'chatcmpl-82f92900b89bb73a' starting prefill in slot 1 (47 prompt tokens)
2026-10-07 00:53:02.161 INFO  sched: request 'chatcmpl-82f92900b89bb739' prefix cache miss — 3 cut(s), the cache is empty
2026-10-07 00:53:02.161 INFO  sched: request 'chatcmpl-82f92900b89bb739' admitted to slot 0 (reserve 3 blocks; pool 4/2048 blocks in use) — first token 785
2026-10-07 00:53:02.161 INFO  sched: request 'chatcmpl-82f92900b89bb73a' prefix cache miss — 3 cut(s), the cache is empty
2026-10-07 00:53:02.161 INFO  sched: request 'chatcmpl-82f92900b89bb73a' admitted to slot 1 (reserve 3 blocks; pool 6/2048 blocks in use) — first token 785
2026-10-07 00:53:02.161 INFO  sched: 2 requests admitted together in one prefill (819 ms)
2026-10-07 00:53:08.499 INFO  stats: rank 3 | 10.0 s | decode 36.3 tok/s, 25.0 ms/tok, 88.3 ms/step (103 steps / 364 tok, 91 % of wall) | mtp 1.86 tok/step/req, accept p1 85 % | prefill 2 prompts / 93 tok, 9 tok/s, 8.80 ms/tok, 409 ms avg (8 % of wall), 0 tok cached (0/2 hits) | live 2, queued 0 | pool 6/2048 blocks (0 %) | prefix cache 0/4096 entries
2026-10-07 00:53:14.399 INFO  sched: request 'chatcmpl-82f92900b89bb739' retired (steps): 256 tok in 13.1 s — prefill 46 tok (0 cached) in 819 ms; decode 255 tok / 132 passes in 12.2 s: 20.8 tok/s, 48.0 ms/tok, 93 ms/pass, 1.93 tok/pass, accept p1 93 %
2026-10-07 00:53:14.981 INFO  sched: request 'chatcmpl-82f92900b89bb73a' retired (steps): 256 tok in 13.6 s — prefill 47 tok (0 cached) in 819 ms; decode 255 tok / 141 passes in 12.8 s: 19.9 tok/s, 50.3 ms/tok, 91 ms/pass, 1.81 tok/pass, accept p1 81 %
2026-10-07 00:53:15.039 INFO  sched: request 'chatcmpl-82f92900b89bb73b' starting prefill in slot 0 (34 prompt tokens)
2026-10-07 00:53:15.040 INFO  sched: request 'chatcmpl-82f92900b89bb73c' starting prefill in slot 1 (45 prompt tokens)
2026-10-07 00:53:15.040 INFO  sched: request 'chatcmpl-82f92900b89bb73d' starting prefill in slot 2 (33 prompt tokens)
2026-10-07 00:53:15.040 INFO  sched: request 'chatcmpl-82f92900b89bb73e' starting prefill in slot 3 (36 prompt tokens)
2026-10-07 00:53:15.987 INFO  sched: request 'chatcmpl-82f92900b89bb73b' prefix cache miss — 3 cut(s), the cache is empty
2026-10-07 00:53:15.987 INFO  sched: request 'chatcmpl-82f92900b89bb73b' admitted to slot 0 (reserve 3 blocks; pool 6/2048 blocks in use) — first token 785
2026-10-07 00:53:15.987 INFO  sched: request 'chatcmpl-82f92900b89bb73c' prefix cache miss — 3 cut(s), the cache is empty
2026-10-07 00:53:15.987 INFO  sched: request 'chatcmpl-82f92900b89bb73c' admitted to slot 1 (reserve 3 blocks; pool 8/2048 blocks in use) — first token 785
2026-10-07 00:53:15.987 INFO  sched: request 'chatcmpl-82f92900b89bb73d' prefix cache miss — 3 cut(s), the cache is empty
2026-10-07 00:53:15.987 INFO  sched: request 'chatcmpl-82f92900b89bb73d' admitted to slot 2 (reserve 3 blocks; pool 10/2048 blocks in use) — first token 785
2026-10-07 00:53:15.987 INFO  sched: request 'chatcmpl-82f92900b89bb73e' prefix cache miss — 3 cut(s), the cache is empty
2026-10-07 00:53:15.987 INFO  sched: request 'chatcmpl-82f92900b89bb73e' admitted to slot 3 (reserve 3 blocks; pool 12/2048 blocks in use) — first token 785
2026-10-07 00:53:15.987 INFO  sched: 4 requests admitted together in one prefill (948 ms)
2026-10-07 00:53:18.598 INFO  stats: rank 3 | 10.1 s | decode 39.6 tok/s, 22.6 ms/tok, 100.3 ms/step (90 steps / 400 tok, 89 % of wall) | mtp 1.91 tok/step/req, accept p1 89 % | prefill 4 prompts / 148 tok, 15 tok/s, 6.40 ms/tok, 237 ms avg (9 % of wall), 0 tok cached (0/4 hits) | live 4, queued 0 | pool 12/2048 blocks (1 %) | prefix cache 0/4096 entries
2026-10-07 00:53:28.610 INFO  stats: rank 3 | 10.0 s | decode 51.5 tok/s, 19.3 ms/tok, 151.0 ms/step (66 steps / 516 tok, 100 % of wall) | mtp 1.95 tok/step/req, accept p1 95 % | prefill 0 prompts / 0 tok, 0 tok cached (0/0 hits) | live 4, queued 0 | pool 12/2048 blocks (1 %) | prefix cache 0/4096 entries
2026-10-07 00:53:35.498 INFO  sched: request 'chatcmpl-82f92900b89bb73c' retired (steps): 256 tok in 20.5 s — prefill 45 tok (0 cached) in 948 ms; decode 255 tok / 130 passes in 19.5 s: 13.1 tok/s, 76.5 ms/tok, 150 ms/pass, 1.96 tok/pass, accept p1 96 %
2026-10-07 00:53:35.654 INFO  sched: request 'chatcmpl-82f92900b89bb73e' retired (steps): 256 tok in 20.6 s — prefill 36 tok (0 cached) in 948 ms; decode 255 tok / 131 passes in 19.7 s: 13.0 tok/s, 77.1 ms/tok, 150 ms/pass, 1.95 tok/pass, accept p1 95 %
2026-10-07 00:53:35.778 INFO  sched: request 'chatcmpl-82f92900b89bb73b' retired (steps): 256 tok in 20.7 s — prefill 34 tok (0 cached) in 948 ms; decode 255 tok / 132 passes in 19.8 s: 12.9 tok/s, 77.6 ms/tok, 150 ms/pass, 1.93 tok/pass, accept p1 94 %
2026-10-07 00:53:35.778 INFO  sched: request 'chatcmpl-82f92900b89bb73d' retired (steps): 256 tok in 20.7 s — prefill 33 tok (0 cached) in 948 ms; decode 255 tok / 132 passes in 19.8 s: 12.9 tok/s, 77.6 ms/tok, 150 ms/pass, 1.93 tok/pass, accept p1 93 %
2026-10-07 00:53:35.798 INFO  sched: request 'chatcmpl-82f92900b89bb73f' starting prefill in slot 0 (34 prompt tokens)
2026-10-07 00:53:35.798 INFO  sched: request 'chatcmpl-82f92900b89bb740' starting prefill in slot 1 (33 prompt tokens)
2026-10-07 00:53:35.798 INFO  sched: request 'chatcmpl-82f92900b89bb741' starting prefill in slot 2 (45 prompt tokens)
2026-10-07 00:53:35.798 INFO  sched: request 'chatcmpl-82f92900b89bb742' starting prefill in slot 3 (36 prompt tokens)
2026-10-07 00:53:36.745 INFO  sched: request 'chatcmpl-82f92900b89bb73f' prefix cache miss — 3 cut(s), the cache is empty
2026-10-07 00:53:36.745 INFO  sched: request 'chatcmpl-82f92900b89bb73f' admitted to slot 0 (reserve 3 blocks; pool 6/2048 blocks in use) — first token 785
2026-10-07 00:53:36.745 INFO  sched: request 'chatcmpl-82f92900b89bb740' prefix cache miss — 3 cut(s), the cache is empty
2026-10-07 00:53:36.745 INFO  sched: request 'chatcmpl-82f92900b89bb740' admitted to slot 1 (reserve 3 blocks; pool 8/2048 blocks in use) — first token 785
2026-10-07 00:53:36.745 INFO  sched: request 'chatcmpl-82f92900b89bb741' prefix cache miss — 3 cut(s), the cache is empty
2026-10-07 00:53:36.745 INFO  sched: request 'chatcmpl-82f92900b89bb741' admitted to slot 2 (reserve 3 blocks; pool 10/2048 blocks in use) — first token 785
2026-10-07 00:53:36.745 INFO  sched: request 'chatcmpl-82f92900b89bb742' prefix cache miss — 3 cut(s), the cache is empty
2026-10-07 00:53:36.745 INFO  sched: request 'chatcmpl-82f92900b89bb742' admitted to slot 3 (reserve 3 blocks; pool 12/2048 blocks in use) — first token 785
2026-10-07 00:53:36.745 INFO  sched: 4 requests admitted together in one prefill (946 ms)
2026-10-07 00:53:38.632 INFO  stats: rank 3 | 10.0 s | decode 46.6 tok/s, 19.3 ms/tok, 147.6 ms/step (61 steps / 467 tok, 90 % of wall) | mtp 1.94 tok/step/req, accept p1 93 % | prefill 4 prompts / 148 tok, 15 tok/s, 6.39 ms/tok, 237 ms avg (9 % of wall), 0 tok cached (0/4 hits) | live 4, queued 0 | pool 12/2048 blocks (1 %) | prefix cache 0/4096 entries
2026-10-07 00:53:48.765 INFO  stats: rank 3 | 10.1 s | decode 51.6 tok/s, 19.3 ms/tok, 150.6 ms/step (67 steps / 523 tok, 100 % of wall) | mtp 1.95 tok/step/req, accept p1 95 % | prefill 0 prompts / 0 tok, 0 tok cached (0/0 hits) | live 4, queued 0 | pool 12/2048 blocks (1 %) | prefix cache 0/4096 entries
2026-10-07 00:53:56.453 INFO  sched: request 'chatcmpl-82f92900b89bb741' retired (steps): 256 tok in 20.7 s — prefill 45 tok (0 cached) in 946 ms; decode 255 tok / 131 passes in 19.7 s: 12.9 tok/s, 77.3 ms/tok, 150 ms/pass, 1.95 tok/pass, accept p1 95 %
2026-10-07 00:53:56.453 INFO  sched: request 'chatcmpl-82f92900b89bb742' retired (steps): 256 tok in 20.7 s — prefill 36 tok (0 cached) in 946 ms; decode 255 tok / 131 passes in 19.7 s: 12.9 tok/s, 77.3 ms/tok, 150 ms/pass, 1.95 tok/pass, accept p1 95 %
2026-10-07 00:53:56.551 INFO  sched: request 'chatcmpl-82f92900b89bb73f' retired (steps): 256 tok in 20.8 s — prefill 34 tok (0 cached) in 946 ms; decode 255 tok / 132 passes in 19.8 s: 12.9 tok/s, 77.7 ms/tok, 150 ms/pass, 1.93 tok/pass, accept p1 94 %
2026-10-07 00:53:56.551 INFO  sched: request 'chatcmpl-82f92900b89bb740' retired (steps): 256 tok in 20.8 s — prefill 33 tok (0 cached) in 946 ms; decode 255 tok / 132 passes in 19.8 s: 12.9 tok/s, 77.7 ms/tok, 150 ms/pass, 1.93 tok/pass, accept p1 93 %
2026-10-07 00:53:56.582 INFO  sched: request 'chatcmpl-82f92900b89bb743' starting prefill in slot 0 (36 prompt tokens)
2026-10-07 00:53:56.582 INFO  sched: request 'chatcmpl-82f92900b89bb744' starting prefill in slot 1 (45 prompt tokens)
2026-10-07 00:53:56.582 INFO  sched: request 'chatcmpl-82f92900b89bb745' starting prefill in slot 2 (33 prompt tokens)
2026-10-07 00:53:56.582 INFO  sched: request 'chatcmpl-82f92900b89bb746' starting prefill in slot 3 (34 prompt tokens)
2026-10-07 00:53:57.522 INFO  sched: request 'chatcmpl-82f92900b89bb743' prefix cache miss — 3 cut(s), the cache is empty
2026-10-07 00:53:57.522 INFO  sched: request 'chatcmpl-82f92900b89bb743' admitted to slot 0 (reserve 3 blocks; pool 6/2048 blocks in use) — first token 785
2026-10-07 00:53:57.522 INFO  sched: request 'chatcmpl-82f92900b89bb744' prefix cache miss — 3 cut(s), the cache is empty
2026-10-07 00:53:57.522 INFO  sched: request 'chatcmpl-82f92900b89bb744' admitted to slot 1 (reserve 3 blocks; pool 8/2048 blocks in use) — first token 785
2026-10-07 00:53:57.522 INFO  sched: request 'chatcmpl-82f92900b89bb745' prefix cache miss — 3 cut(s), the cache is empty
2026-10-07 00:53:57.522 INFO  sched: request 'chatcmpl-82f92900b89bb745' admitted to slot 2 (reserve 3 blocks; pool 10/2048 blocks in use) — first token 785
2026-10-07 00:53:57.522 INFO  sched: request 'chatcmpl-82f92900b89bb746' prefix cache miss — 3 cut(s), the cache is empty
2026-10-07 00:53:57.522 INFO  sched: request 'chatcmpl-82f92900b89bb746' admitted to slot 3 (reserve 3 blocks; pool 12/2048 blocks in use) — first token 785
2026-10-07 00:53:57.522 INFO  sched: 4 requests admitted together in one prefill (940 ms)
2026-10-07 00:53:58.841 INFO  stats: rank 3 | 10.1 s | decode 46.9 tok/s, 19.1 ms/tok, 148.4 ms/step (61 steps / 473 tok, 90 % of wall) | mtp 1.95 tok/step/req, accept p1 95 % | prefill 4 prompts / 148 tok, 15 tok/s, 6.35 ms/tok, 235 ms avg (9 % of wall), 0 tok cached (0/4 hits) | live 4, queued 0 | pool 12/2048 blocks (1 %) | prefix cache 0/4096 entries
2026-10-07 00:54:08.916 INFO  stats: rank 3 | 10.1 s | decode 51.5 tok/s, 19.3 ms/tok, 149.6 ms/step (67 steps / 519 tok, 100 % of wall) | mtp 1.94 tok/step/req, accept p1 94 % | prefill 0 prompts / 0 tok, 0 tok cached (0/0 hits) | live 4, queued 0 | pool 12/2048 blocks (1 %) | prefix cache 0/4096 entries
2026-10-07 00:54:17.221 INFO  sched: request 'chatcmpl-82f92900b89bb743' retired (steps): 256 tok in 20.6 s — prefill 36 tok (0 cached) in 940 ms; decode 255 tok / 131 passes in 19.7 s: 12.9 tok/s, 77.3 ms/tok, 150 ms/pass, 1.95 tok/pass, accept p1 95 %
2026-10-07 00:54:17.221 INFO  sched: request 'chatcmpl-82f92900b89bb744' retired (steps): 256 tok in 20.6 s — prefill 45 tok (0 cached) in 940 ms; decode 255 tok / 131 passes in 19.7 s: 12.9 tok/s, 77.3 ms/tok, 150 ms/pass, 1.95 tok/pass, accept p1 95 %
2026-10-07 00:54:17.366 INFO  sched: request 'chatcmpl-82f92900b89bb745' retired (steps): 256 tok in 20.8 s — prefill 33 tok (0 cached) in 940 ms; decode 255 tok / 132 passes in 19.8 s: 12.9 tok/s, 77.8 ms/tok, 150 ms/pass, 1.93 tok/pass, accept p1 93 %
2026-10-07 00:54:17.366 INFO  sched: request 'chatcmpl-82f92900b89bb746' retired (steps): 256 tok in 20.8 s — prefill 34 tok (0 cached) in 940 ms; decode 255 tok / 132 passes in 19.8 s: 12.9 tok/s, 77.8 ms/tok, 150 ms/pass, 1.93 tok/pass, accept p1 94 %
2026-10-07 00:54:17.419 INFO  sched: request 'chatcmpl-82f92900b89bb747' starting prefill in slot 0 (34 prompt tokens)
2026-10-07 00:54:17.419 INFO  sched: request 'chatcmpl-82f92900b89bb748' starting prefill in slot 1 (33 prompt tokens)
2026-10-07 00:54:17.419 INFO  sched: request 'chatcmpl-82f92900b89bb749' starting prefill in slot 2 (33 prompt tokens)
2026-10-07 00:54:17.419 INFO  sched: request 'chatcmpl-82f92900b89bb74a' starting prefill in slot 3 (34 prompt tokens)
2026-10-07 00:54:17.419 INFO  sched: request 'chatcmpl-82f92900b89bb74b' starting prefill in slot 4 (34 prompt tokens)
2026-10-07 00:54:17.419 INFO  sched: request 'chatcmpl-82f92900b89bb74c' starting prefill in slot 5 (33 prompt tokens)
2026-10-07 00:54:17.419 INFO  sched: request 'chatcmpl-82f92900b89bb74d' starting prefill in slot 6 (34 prompt tokens)
2026-10-07 00:54:17.419 INFO  sched: request 'chatcmpl-82f92900b89bb74e' starting prefill in slot 7 (34 prompt tokens)
2026-10-07 00:54:18.920 INFO  sched: request 'chatcmpl-82f92900b89bb747' prefix cache miss — 3 cut(s), the cache is empty
2026-10-07 00:54:18.920 INFO  sched: request 'chatcmpl-82f92900b89bb747' admitted to slot 0 (reserve 3 blocks; pool 10/2048 blocks in use) — first token 785
2026-10-07 00:54:18.920 INFO  sched: request 'chatcmpl-82f92900b89bb748' prefix cache miss — 3 cut(s), the cache is empty
2026-10-07 00:54:18.920 INFO  sched: request 'chatcmpl-82f92900b89bb748' admitted to slot 1 (reserve 3 blocks; pool 12/2048 blocks in use) — first token 785
2026-10-07 00:54:18.920 INFO  sched: request 'chatcmpl-82f92900b89bb749' prefix cache miss — 3 cut(s), the cache is empty
2026-10-07 00:54:18.920 INFO  sched: request 'chatcmpl-82f92900b89bb749' admitted to slot 2 (reserve 3 blocks; pool 14/2048 blocks in use) — first token 785
2026-10-07 00:54:18.920 INFO  sched: request 'chatcmpl-82f92900b89bb74a' prefix cache miss — 3 cut(s), the cache is empty
2026-10-07 00:54:18.920 INFO  sched: request 'chatcmpl-82f92900b89bb74a' admitted to slot 3 (reserve 3 blocks; pool 16/2048 blocks in use) — first token 785
2026-10-07 00:54:18.920 INFO  sched: request 'chatcmpl-82f92900b89bb74b' prefix cache miss — 3 cut(s), the cache is empty
2026-10-07 00:54:18.920 INFO  sched: request 'chatcmpl-82f92900b89bb74b' admitted to slot 4 (reserve 3 blocks; pool 18/2048 blocks in use) — first token 785
2026-10-07 00:54:18.920 INFO  sched: request 'chatcmpl-82f92900b89bb74c' prefix cache miss — 3 cut(s), the cache is empty
2026-10-07 00:54:18.920 INFO  sched: request 'chatcmpl-82f92900b89bb74c' admitted to slot 5 (reserve 3 blocks; pool 20/2048 blocks in use) — first token 785
2026-10-07 00:54:18.920 INFO  sched: request 'chatcmpl-82f92900b89bb74d' prefix cache miss — 3 cut(s), the cache is empty
2026-10-07 00:54:18.920 INFO  sched: request 'chatcmpl-82f92900b89bb74d' admitted to slot 6 (reserve 3 blocks; pool 22/2048 blocks in use) — first token 785
2026-10-07 00:54:18.920 INFO  sched: request 'chatcmpl-82f92900b89bb74e' prefix cache miss — 3 cut(s), the cache is empty
2026-10-07 00:54:18.920 INFO  sched: request 'chatcmpl-82f92900b89bb74e' admitted to slot 7 (reserve 3 blocks; pool 24/2048 blocks in use) — first token 785
2026-10-07 00:54:18.920 INFO  sched: 8 requests admitted together in one prefill (1501 ms)
2026-10-07 00:54:19.122 INFO  stats: rank 3 | 10.2 s | decode 43.6 tok/s, 19.3 ms/tok, 153.6 ms/step (56 steps / 445 tok, 84 % of wall) | mtp 1.97 tok/step/req, accept p1 94 % | prefill 8 prompts / 269 tok, 26 tok/s, 5.58 ms/tok, 188 ms avg (15 % of wall), 0 tok cached (0/8 hits) | live 8, queued 0 | pool 24/2048 blocks (1 %) | prefix cache 0/4096 entries
2026-10-07 00:54:29.214 INFO  stats: rank 3 | 10.1 s | decode 61.4 tok/s, 16.2 ms/tok, 245.4 ms/step (41 steps / 620 tok, 100 % of wall) | mtp 1.89 tok/step/req, accept p1 89 % | prefill 0 prompts / 0 tok, 0 tok cached (0/0 hits) | live 8, queued 0 | pool 24/2048 blocks (1 %) | prefix cache 0/4096 entries
2026-10-07 00:54:39.397 INFO  stats: rank 3 | 10.2 s | decode 59.5 tok/s, 16.8 ms/tok, 260.3 ms/step (39 steps / 606 tok, 100 % of wall) | mtp 1.94 tok/step/req, accept p1 94 % | prefill 0 prompts / 0 tok, 0 tok cached (0/0 hits) | live 8, queued 0 | pool 24/2048 blocks (1 %) | prefix cache 0/4096 entries
2026-10-07 00:54:49.647 INFO  stats: rank 3 | 10.2 s | decode 58.6 tok/s, 17.0 ms/tok, 262.0 ms/step (39 steps / 601 tok, 100 % of wall) | mtp 1.93 tok/step/req, accept p1 93 % | prefill 0 prompts / 0 tok, 0 tok cached (0/0 hits) | live 8, queued 0 | pool 24/2048 blocks (1 %) | prefix cache 0/4096 entries
2026-10-07 00:54:52.330 INFO  sched: request 'chatcmpl-82f92900b89bb749' retired (steps): 256 tok in 34.9 s — prefill 33 tok (0 cached) in 1501 ms; decode 255 tok / 130 passes in 33.4 s: 7.6 tok/s, 131.0 ms/tok, 257 ms/pass, 1.96 tok/pass, accept p1 96 %
2026-10-07 00:54:52.597 INFO  sched: request 'chatcmpl-82f92900b89bb74c' retired (steps): 256 tok in 35.2 s — prefill 33 tok (0 cached) in 1501 ms; decode 255 tok / 131 passes in 33.7 s: 7.6 tok/s, 132.1 ms/tok, 257 ms/pass, 1.95 tok/pass, accept p1 95 %
2026-10-07 00:54:52.597 INFO  sched: request 'chatcmpl-82f92900b89bb74e' retired (steps): 256 tok in 35.2 s — prefill 34 tok (0 cached) in 1501 ms; decode 255 tok / 131 passes in 33.7 s: 7.6 tok/s, 132.1 ms/tok, 257 ms/pass, 1.95 tok/pass, accept p1 95 %
2026-10-07 00:54:52.855 INFO  sched: request 'chatcmpl-82f92900b89bb74b' retired (steps): 256 tok in 35.4 s — prefill 34 tok (0 cached) in 1501 ms; decode 255 tok / 132 passes in 33.9 s: 7.5 tok/s, 133.1 ms/tok, 257 ms/pass, 1.93 tok/pass, accept p1 93 %
2026-10-07 00:54:53.331 INFO  sched: request 'chatcmpl-82f92900b89bb74d' retired (steps): 256 tok in 35.9 s — prefill 34 tok (0 cached) in 1501 ms; decode 255 tok / 134 passes in 34.4 s: 7.4 tok/s, 134.9 ms/tok, 257 ms/pass, 1.90 tok/pass, accept p1 91 %
2026-10-07 00:54:53.481 INFO  sched: request 'chatcmpl-82f92900b89bb748' retired (steps): 256 tok in 36.1 s — prefill 33 tok (0 cached) in 1501 ms; decode 255 tok / 135 passes in 34.6 s: 7.4 tok/s, 135.5 ms/tok, 256 ms/pass, 1.89 tok/pass, accept p1 89 %
2026-10-07 00:54:53.481 INFO  sched: request 'chatcmpl-82f92900b89bb74a' retired (steps): 256 tok in 36.1 s — prefill 34 tok (0 cached) in 1501 ms; decode 255 tok / 135 passes in 34.6 s: 7.4 tok/s, 135.5 ms/tok, 256 ms/pass, 1.89 tok/pass, accept p1 90 %
2026-10-07 00:54:53.614 INFO  sched: request 'chatcmpl-82f92900b89bb747' retired (steps): 256 tok in 36.2 s — prefill 34 tok (0 cached) in 1501 ms; decode 255 tok / 137 passes in 34.7 s: 7.3 tok/s, 136.1 ms/tok, 253 ms/pass, 1.86 tok/pass, accept p1 87 %
2026-10-07 00:54:53.634 INFO  sched: request 'chatcmpl-82f92900b89bb74f' starting prefill in slot 0 (33 prompt tokens)
2026-10-07 00:54:53.634 INFO  sched: request 'chatcmpl-82f92900b89bb750' starting prefill in slot 1 (33 prompt tokens)
2026-10-07 00:54:53.634 INFO  sched: request 'chatcmpl-82f92900b89bb751' starting prefill in slot 2 (34 prompt tokens)
2026-10-07 00:54:53.634 INFO  sched: request 'chatcmpl-82f92900b89bb752' starting prefill in slot 3 (34 prompt tokens)
2026-10-07 00:54:53.634 INFO  sched: request 'chatcmpl-82f92900b89bb753' starting prefill in slot 4 (34 prompt tokens)
2026-10-07 00:54:53.634 INFO  sched: request 'chatcmpl-82f92900b89bb754' starting prefill in slot 5 (33 prompt tokens)
2026-10-07 00:54:53.634 INFO  sched: request 'chatcmpl-82f92900b89bb755' starting prefill in slot 6 (34 prompt tokens)
2026-10-07 00:54:53.634 INFO  sched: request 'chatcmpl-82f92900b89bb756' starting prefill in slot 7 (34 prompt tokens)
2026-10-07 00:54:55.133 INFO  sched: request 'chatcmpl-82f92900b89bb74f' prefix cache miss — 3 cut(s), the cache is empty
2026-10-07 00:54:55.133 INFO  sched: request 'chatcmpl-82f92900b89bb74f' admitted to slot 0 (reserve 3 blocks; pool 10/2048 blocks in use) — first token 785
2026-10-07 00:54:55.133 INFO  sched: request 'chatcmpl-82f92900b89bb750' prefix cache miss — 3 cut(s), the cache is empty
2026-10-07 00:54:55.133 INFO  sched: request 'chatcmpl-82f92900b89bb750' admitted to slot 1 (reserve 3 blocks; pool 12/2048 blocks in use) — first token 785
2026-10-07 00:54:55.133 INFO  sched: request 'chatcmpl-82f92900b89bb751' prefix cache miss — 3 cut(s), the cache is empty
2026-10-07 00:54:55.133 INFO  sched: request 'chatcmpl-82f92900b89bb751' admitted to slot 2 (reserve 3 blocks; pool 14/2048 blocks in use) — first token 785
2026-10-07 00:54:55.133 INFO  sched: request 'chatcmpl-82f92900b89bb752' prefix cache miss — 3 cut(s), the cache is empty
2026-10-07 00:54:55.133 INFO  sched: request 'chatcmpl-82f92900b89bb752' admitted to slot 3 (reserve 3 blocks; pool 16/2048 blocks in use) — first token 785
2026-10-07 00:54:55.133 INFO  sched: request 'chatcmpl-82f92900b89bb753' prefix cache miss — 3 cut(s), the cache is empty
2026-10-07 00:54:55.133 INFO  sched: request 'chatcmpl-82f92900b89bb753' admitted to slot 4 (reserve 3 blocks; pool 18/2048 blocks in use) — first token 785
2026-10-07 00:54:55.133 INFO  sched: request 'chatcmpl-82f92900b89bb754' prefix cache miss — 3 cut(s), the cache is empty
2026-10-07 00:54:55.133 INFO  sched: request 'chatcmpl-82f92900b89bb754' admitted to slot 5 (reserve 3 blocks; pool 20/2048 blocks in use) — first token 785
2026-10-07 00:54:55.133 INFO  sched: request 'chatcmpl-82f92900b89bb755' prefix cache miss — 3 cut(s), the cache is empty
2026-10-07 00:54:55.133 INFO  sched: request 'chatcmpl-82f92900b89bb755' admitted to slot 6 (reserve 3 blocks; pool 22/2048 blocks in use) — first token 785
2026-10-07 00:54:55.133 INFO  sched: request 'chatcmpl-82f92900b89bb756' prefix cache miss — 3 cut(s), the cache is empty
2026-10-07 00:54:55.133 INFO  sched: request 'chatcmpl-82f92900b89bb756' admitted to slot 7 (reserve 3 blocks; pool 24/2048 blocks in use) — first token 785
2026-10-07 00:54:55.133 INFO  sched: 8 requests admitted together in one prefill (1499 ms)
2026-10-07 00:54:59.715 INFO  stats: rank 3 | 10.1 s | decode 49.9 tok/s, 16.9 ms/tok, 229.4 ms/step (37 steps / 502 tok, 84 % of wall) | mtp 1.89 tok/step/req, accept p1 88 % | prefill 8 prompts / 269 tok, 27 tok/s, 5.57 ms/tok, 187 ms avg (15 % of wall), 0 tok cached (0/8 hits) | live 8, queued 0 | pool 24/2048 blocks (1 %) | prefix cache 0/4096 entries
2026-10-07 00:55:09.858 INFO  stats: rank 3 | 10.1 s | decode 59.2 tok/s, 16.9 ms/tok, 259.4 ms/step (39 steps / 600 tok, 100 % of wall) | mtp 1.92 tok/step/req, accept p1 92 % | prefill 0 prompts / 0 tok, 0 tok cached (0/0 hits) | live 8, queued 0 | pool 24/2048 blocks (1 %) | prefix cache 0/4096 entries
2026-10-07 00:55:20.051 INFO  stats: rank 3 | 10.2 s | decode 59.8 tok/s, 16.7 ms/tok, 260.6 ms/step (39 steps / 610 tok, 100 % of wall) | mtp 1.96 tok/step/req, accept p1 96 % | prefill 0 prompts / 0 tok, 0 tok cached (0/0 hits) | live 8, queued 0 | pool 24/2048 blocks (1 %) | prefix cache 0/4096 entries
2026-10-07 00:55:28.503 INFO  sched: request 'chatcmpl-82f92900b89bb74f' retired (steps): 256 tok in 34.9 s — prefill 33 tok (0 cached) in 1499 ms; decode 255 tok / 130 passes in 33.4 s: 7.6 tok/s, 130.9 ms/tok, 257 ms/pass, 1.96 tok/pass, accept p1 96 %
2026-10-07 00:55:28.774 INFO  sched: request 'chatcmpl-82f92900b89bb752' retired (steps): 256 tok in 35.1 s — prefill 34 tok (0 cached) in 1499 ms; decode 255 tok / 131 passes in 33.6 s: 7.6 tok/s, 131.9 ms/tok, 257 ms/pass, 1.95 tok/pass, accept p1 95 %
2026-10-07 00:55:28.774 INFO  sched: request 'chatcmpl-82f92900b89bb754' retired (steps): 256 tok in 35.1 s — prefill 33 tok (0 cached) in 1499 ms; decode 255 tok / 131 passes in 33.6 s: 7.6 tok/s, 131.9 ms/tok, 257 ms/pass, 1.95 tok/pass, accept p1 95 %
2026-10-07 00:55:29.035 INFO  sched: request 'chatcmpl-82f92900b89bb756' retired (steps): 256 tok in 35.4 s — prefill 34 tok (0 cached) in 1499 ms; decode 255 tok / 132 passes in 33.9 s: 7.5 tok/s, 132.9 ms/tok, 257 ms/pass, 1.93 tok/pass, accept p1 93 %
2026-10-07 00:55:29.509 INFO  sched: request 'chatcmpl-82f92900b89bb753' retired (steps): 256 tok in 35.9 s — prefill 34 tok (0 cached) in 1499 ms; decode 255 tok / 134 passes in 34.4 s: 7.4 tok/s, 134.8 ms/tok, 257 ms/pass, 1.90 tok/pass, accept p1 91 %
2026-10-07 00:55:29.509 INFO  sched: request 'chatcmpl-82f92900b89bb755' retired (steps): 256 tok in 35.9 s — prefill 34 tok (0 cached) in 1499 ms; decode 255 tok / 134 passes in 34.4 s: 7.4 tok/s, 134.8 ms/tok, 257 ms/pass, 1.90 tok/pass, accept p1 91 %
2026-10-07 00:55:29.754 INFO  sched: request 'chatcmpl-82f92900b89bb750' retired (steps): 256 tok in 36.1 s — prefill 33 tok (0 cached) in 1499 ms; decode 255 tok / 136 passes in 34.6 s: 7.4 tok/s, 135.8 ms/tok, 255 ms/pass, 1.88 tok/pass, accept p1 88 %
2026-10-07 00:55:29.820 INFO  sched: request 'chatcmpl-82f92900b89bb751' retired (steps): 256 tok in 36.2 s — prefill 34 tok (0 cached) in 1499 ms; decode 255 tok / 137 passes in 34.7 s: 7.4 tok/s, 136.0 ms/tok, 253 ms/pass, 1.86 tok/pass, accept p1 87 %
2026-10-07 00:55:29.835 INFO  sched: request 'chatcmpl-82f92900b89bb757' starting prefill in slot 0 (34 prompt tokens)
2026-10-07 00:55:29.835 INFO  sched: request 'chatcmpl-82f92900b89bb758' starting prefill in slot 1 (33 prompt tokens)
2026-10-07 00:55:29.835 INFO  sched: request 'chatcmpl-82f92900b89bb759' starting prefill in slot 2 (33 prompt tokens)
2026-10-07 00:55:29.835 INFO  sched: request 'chatcmpl-82f92900b89bb75a' starting prefill in slot 3 (34 prompt tokens)
2026-10-07 00:55:29.835 INFO  sched: request 'chatcmpl-82f92900b89bb75b' starting prefill in slot 4 (34 prompt tokens)
2026-10-07 00:55:29.835 INFO  sched: request 'chatcmpl-82f92900b89bb75c' starting prefill in slot 5 (33 prompt tokens)
2026-10-07 00:55:29.835 INFO  sched: request 'chatcmpl-82f92900b89bb75d' starting prefill in slot 6 (34 prompt tokens)
2026-10-07 00:55:29.835 INFO  sched: request 'chatcmpl-82f92900b89bb75e' starting prefill in slot 7 (34 prompt tokens)
2026-10-07 00:55:31.340 INFO  sched: request 'chatcmpl-82f92900b89bb757' prefix cache miss — 3 cut(s), the cache is empty
2026-10-07 00:55:31.340 INFO  sched: request 'chatcmpl-82f92900b89bb757' admitted to slot 0 (reserve 3 blocks; pool 10/2048 blocks in use) — first token 785
2026-10-07 00:55:31.340 INFO  sched: request 'chatcmpl-82f92900b89bb758' prefix cache miss — 3 cut(s), the cache is empty
2026-10-07 00:55:31.340 INFO  sched: request 'chatcmpl-82f92900b89bb758' admitted to slot 1 (reserve 3 blocks; pool 12/2048 blocks in use) — first token 785
2026-10-07 00:55:31.340 INFO  sched: request 'chatcmpl-82f92900b89bb759' prefix cache miss — 3 cut(s), the cache is empty
2026-10-07 00:55:31.340 INFO  sched: request 'chatcmpl-82f92900b89bb759' admitted to slot 2 (reserve 3 blocks; pool 14/2048 blocks in use) — first token 785
2026-10-07 00:55:31.340 INFO  sched: request 'chatcmpl-82f92900b89bb75a' prefix cache miss — 3 cut(s), the cache is empty
2026-10-07 00:55:31.340 INFO  sched: request 'chatcmpl-82f92900b89bb75a' admitted to slot 3 (reserve 3 blocks; pool 16/2048 blocks in use) — first token 785
2026-10-07 00:55:31.340 INFO  sched: request 'chatcmpl-82f92900b89bb75b' prefix cache miss — 3 cut(s), the cache is empty
2026-10-07 00:55:31.340 INFO  sched: request 'chatcmpl-82f92900b89bb75b' admitted to slot 4 (reserve 3 blocks; pool 18/2048 blocks in use) — first token 785
2026-10-07 00:55:31.340 INFO  sched: request 'chatcmpl-82f92900b89bb75c' prefix cache miss — 3 cut(s), the cache is empty
2026-10-07 00:55:31.340 INFO  sched: request 'chatcmpl-82f92900b89bb75c' admitted to slot 5 (reserve 3 blocks; pool 20/2048 blocks in use) — first token 785
2026-10-07 00:55:31.340 INFO  sched: request 'chatcmpl-82f92900b89bb75d' prefix cache miss — 3 cut(s), the cache is empty
2026-10-07 00:55:31.340 INFO  sched: request 'chatcmpl-82f92900b89bb75d' admitted to slot 6 (reserve 3 blocks; pool 22/2048 blocks in use) — first token 785
2026-10-07 00:55:31.340 INFO  sched: request 'chatcmpl-82f92900b89bb75e' prefix cache miss — 3 cut(s), the cache is empty
2026-10-07 00:55:31.340 INFO  sched: request 'chatcmpl-82f92900b89bb75e' admitted to slot 7 (reserve 3 blocks; pool 24/2048 blocks in use) — first token 785
2026-10-07 00:55:31.340 INFO  sched: 8 requests admitted together in one prefill (1504 ms)
2026-10-07 00:55:31.549 INFO  stats: rank 3 | 11.5 s | decode 48.4 tok/s, 17.8 ms/tok, 247.7 ms/step (40 steps / 557 tok, 86 % of wall) | mtp 1.93 tok/step/req, accept p1 91 % | prefill 8 prompts / 269 tok, 23 tok/s, 5.59 ms/tok, 188 ms avg (13 % of wall), 0 tok cached (0/8 hits) | live 8, queued 0 | pool 24/2048 blocks (1 %) | prefix cache 0/4096 entries
2026-10-07 00:55:41.651 INFO  stats: rank 3 | 10.1 s | decode 61.4 tok/s, 16.2 ms/tok, 245.4 ms/step (41 steps / 620 tok, 100 % of wall) | mtp 1.89 tok/step/req, accept p1 89 % | prefill 0 prompts / 0 tok, 0 tok cached (0/0 hits) | live 8, queued 0 | pool 24/2048 blocks (1 %) | prefix cache 0/4096 entries
2026-10-07 00:55:51.817 INFO  stats: rank 3 | 10.2 s | decode 59.4 tok/s, 16.8 ms/tok, 259.9 ms/step (39 steps / 604 tok, 100 % of wall) | mtp 1.94 tok/step/req, accept p1 94 % | prefill 0 prompts / 0 tok, 0 tok cached (0/0 hits) | live 8, queued 0 | pool 24/2048 blocks (1 %) | prefix cache 0/4096 entries
2026-10-07 00:56:02.069 INFO  stats: rank 3 | 10.3 s | decode 58.4 tok/s, 17.0 ms/tok, 261.6 ms/step (39 steps / 599 tok, 100 % of wall) | mtp 1.92 tok/step/req, accept p1 92 % | prefill 0 prompts / 0 tok, 0 tok cached (0/0 hits) | live 8, queued 0 | pool 24/2048 blocks (1 %) | prefix cache 0/4096 entries
2026-10-07 00:56:05.000 INFO  sched: request 'chatcmpl-82f92900b89bb759' retired (steps): 256 tok in 35.2 s — prefill 33 tok (0 cached) in 1504 ms; decode 255 tok / 131 passes in 33.7 s: 7.6 tok/s, 132.0 ms/tok, 257 ms/pass, 1.95 tok/pass, accept p1 95 %
2026-10-07 00:56:05.000 INFO  sched: request 'chatcmpl-82f92900b89bb75b' retired (steps): 256 tok in 35.2 s — prefill 34 tok (0 cached) in 1504 ms; decode 255 tok / 131 passes in 33.7 s: 7.6 tok/s, 132.0 ms/tok, 257 ms/pass, 1.95 tok/pass, accept p1 95 %
2026-10-07 00:56:05.010 INFO  sched: request 'chatcmpl-82f92900b89bb75c' retired (steps): 256 tok in 35.2 s — prefill 33 tok (0 cached) in 1504 ms; decode 255 tok / 131 passes in 33.7 s: 7.6 tok/s, 132.0 ms/tok, 257 ms/pass, 1.95 tok/pass, accept p1 95 %
2026-10-07 00:56:05.271 INFO  sched: request 'chatcmpl-82f92900b89bb75d' retired (steps): 256 tok in 35.4 s — prefill 34 tok (0 cached) in 1504 ms; decode 255 tok / 132 passes in 33.9 s: 7.5 tok/s, 133.1 ms/tok, 257 ms/pass, 1.93 tok/pass, accept p1 93 %
2026-10-07 00:56:05.752 INFO  sched: request 'chatcmpl-82f92900b89bb75e' retired (steps): 256 tok in 35.9 s — prefill 34 tok (0 cached) in 1504 ms; decode 255 tok / 134 passes in 34.4 s: 7.4 tok/s, 134.9 ms/tok, 257 ms/pass, 1.90 tok/pass, accept p1 91 %
2026-10-07 00:56:05.902 INFO  sched: request 'chatcmpl-82f92900b89bb75a' retired (steps): 256 tok in 36.1 s — prefill 34 tok (0 cached) in 1504 ms; decode 255 tok / 135 passes in 34.6 s: 7.4 tok/s, 135.5 ms/tok, 256 ms/pass, 1.89 tok/pass, accept p1 90 %
2026-10-07 00:56:05.999 INFO  sched: request 'chatcmpl-82f92900b89bb758' retired (steps): 256 tok in 36.2 s — prefill 33 tok (0 cached) in 1504 ms; decode 255 tok / 136 passes in 34.7 s: 7.4 tok/s, 135.9 ms/tok, 255 ms/pass, 1.88 tok/pass, accept p1 88 %
2026-10-07 00:56:06.071 INFO  sched: request 'chatcmpl-82f92900b89bb757' retired (steps): 256 tok in 36.2 s — prefill 34 tok (0 cached) in 1504 ms; decode 255 tok / 137 passes in 34.7 s: 7.3 tok/s, 136.2 ms/tok, 254 ms/pass, 1.86 tok/pass, accept p1 87 %
2026-10-07 00:56:06.123 INFO  sched: request 'chatcmpl-82f92900b89bb75f' starting prefill in slot 0 (68 prompt tokens)
2026-10-07 00:56:06.774 INFO  sched: request 'chatcmpl-82f92900b89bb75f' prefix cache miss — 3 cut(s), the cache is empty
2026-10-07 00:56:06.774 INFO  sched: request 'chatcmpl-82f92900b89bb75f' admitted to slot 0 (reserve 3 blocks; pool 3/2048 blocks in use) — first token 1654
2026-10-07 00:56:12.085 INFO  stats: rank 3 | 10.0 s | decode 35.9 tok/s, 25.6 ms/tok, 92.9 ms/step (99 steps / 360 tok, 92 % of wall) | mtp 1.90 tok/step/req, accept p1 92 % | prefill 1 prompt / 68 tok, 7 tok/s, 9.57 ms/tok, 651 ms avg (6 % of wall), 0 tok cached (0/1 hit) | live 1, queued 0 | pool 3/2048 blocks (0 %) | prefix cache 0/4096 entries
2026-10-07 00:56:15.428 INFO  sched: request 'chatcmpl-82f92900b89bb75f' retired (steps): 256 tok in 9.3 s — prefill 68 tok (0 cached) in 651 ms; decode 255 tok / 133 passes in 8.7 s: 29.5 tok/s, 33.9 ms/tok, 65 ms/pass, 1.92 tok/pass, accept p1 92 %
2026-10-07 00:56:15.459 INFO  sched: request 'chatcmpl-82f92900b89bb760' starting prefill in slot 0 (68 prompt tokens)
2026-10-07 00:56:16.107 INFO  sched: request 'chatcmpl-82f92900b89bb760' prefix cache miss — 3 cut(s), the cache is empty
2026-10-07 00:56:16.107 INFO  sched: request 'chatcmpl-82f92900b89bb760' admitted to slot 0 (reserve 3 blocks; pool 3/2048 blocks in use) — first token 1654
2026-10-07 00:56:22.134 INFO  stats: rank 3 | 10.0 s | decode 27.6 tok/s, 33.5 ms/tok, 64.4 ms/step (144 steps / 277 tok, 92 % of wall) | mtp 1.92 tok/step/req, accept p1 92 % | prefill 1 prompt / 68 tok, 7 tok/s, 9.53 ms/tok, 648 ms avg (6 % of wall), 0 tok cached (0/1 hit) | live 1, queued 0 | pool 3/2048 blocks (0 %) | prefix cache 0/4096 entries
2026-10-07 00:56:24.754 INFO  sched: request 'chatcmpl-82f92900b89bb760' retired (steps): 256 tok in 9.3 s — prefill 68 tok (0 cached) in 648 ms; decode 255 tok / 133 passes in 8.6 s: 29.5 tok/s, 33.9 ms/tok, 65 ms/pass, 1.92 tok/pass, accept p1 92 %
2026-10-07 00:56:24.763 INFO  sched: request 'chatcmpl-82f92900b89bb761' starting prefill in slot 0 (68 prompt tokens)
2026-10-07 00:56:25.405 INFO  sched: request 'chatcmpl-82f92900b89bb761' prefix cache miss — 3 cut(s), the cache is empty
2026-10-07 00:56:25.405 INFO  sched: request 'chatcmpl-82f92900b89bb761' admitted to slot 0 (reserve 3 blocks; pool 3/2048 blocks in use) — first token 1654
2026-10-07 00:56:32.154 INFO  stats: rank 3 | 10.0 s | decode 27.7 tok/s, 33.4 ms/tok, 64.4 ms/step (144 steps / 278 tok, 93 % of wall) | mtp 1.93 tok/step/req, accept p1 92 % | prefill 1 prompt / 68 tok, 7 tok/s, 9.44 ms/tok, 642 ms avg (6 % of wall), 0 tok cached (0/1 hit) | live 1, queued 0 | pool 3/2048 blocks (0 %) | prefix cache 0/4096 entries
2026-10-07 00:56:34.051 INFO  sched: request 'chatcmpl-82f92900b89bb761' retired (steps): 256 tok in 9.3 s — prefill 68 tok (0 cached) in 642 ms; decode 255 tok / 133 passes in 8.6 s: 29.5 tok/s, 33.9 ms/tok, 65 ms/pass, 1.92 tok/pass, accept p1 92 %
2026-10-07 00:56:34.147 INFO  sched: request 'chatcmpl-82f92900b89bb762' starting prefill in slot 0 (54 prompt tokens)
2026-10-07 00:56:34.147 INFO  sched: request 'chatcmpl-82f92900b89bb763' starting prefill in slot 1 (61 prompt tokens)
2026-10-07 00:56:35.131 INFO  sched: request 'chatcmpl-82f92900b89bb762' prefix cache miss — 3 cut(s), the cache is empty
2026-10-07 00:56:35.131 INFO  sched: request 'chatcmpl-82f92900b89bb762' admitted to slot 0 (reserve 3 blocks; pool 4/2048 blocks in use) — first token 1654
2026-10-07 00:56:35.131 INFO  sched: request 'chatcmpl-82f92900b89bb763' prefix cache miss — 3 cut(s), the cache is empty
2026-10-07 00:56:35.131 INFO  sched: request 'chatcmpl-82f92900b89bb763' admitted to slot 1 (reserve 3 blocks; pool 6/2048 blocks in use) — first token 1654
2026-10-07 00:56:35.131 INFO  sched: 2 requests admitted together in one prefill (983 ms)
2026-10-07 00:56:42.195 INFO  stats: rank 3 | 10.0 s | decode 34.4 tok/s, 25.8 ms/tok, 85.5 ms/step (104 steps / 345 tok, 89 % of wall) | mtp 1.93 tok/step/req, accept p1 92 % | prefill 2 prompts / 115 tok, 11 tok/s, 8.55 ms/tok, 492 ms avg (10 % of wall), 0 tok cached (0/2 hits) | live 2, queued 0 | pool 6/2048 blocks (0 %) | prefix cache 0/4096 entries
2026-10-07 00:56:47.319 INFO  sched: request 'chatcmpl-82f92900b89bb762' retired (steps): 256 tok in 13.2 s — prefill 54 tok (0 cached) in 983 ms; decode 255 tok / 129 passes in 12.2 s: 20.9 tok/s, 47.8 ms/tok, 94 ms/pass, 1.98 tok/pass, accept p1 98 %
2026-10-07 00:56:47.838 INFO  sched: request 'chatcmpl-82f92900b89bb763' retired (steps): 256 tok in 13.7 s — prefill 61 tok (0 cached) in 983 ms; decode 255 tok / 137 passes in 12.7 s: 20.1 tok/s, 49.8 ms/tok, 93 ms/pass, 1.86 tok/pass, accept p1 86 %
2026-10-07 00:56:47.859 INFO  sched: request 'chatcmpl-82f92900b89bb764' starting prefill in slot 0 (54 prompt tokens)
2026-10-07 00:56:47.859 INFO  sched: request 'chatcmpl-82f92900b89bb765' starting prefill in slot 1 (61 prompt tokens)
2026-10-07 00:56:48.836 INFO  sched: request 'chatcmpl-82f92900b89bb764' prefix cache miss — 3 cut(s), the cache is empty
2026-10-07 00:56:48.836 INFO  sched: request 'chatcmpl-82f92900b89bb764' admitted to slot 0 (reserve 3 blocks; pool 4/2048 blocks in use) — first token 1654
2026-10-07 00:56:48.836 INFO  sched: request 'chatcmpl-82f92900b89bb765' prefix cache miss — 3 cut(s), the cache is empty
2026-10-07 00:56:48.836 INFO  sched: request 'chatcmpl-82f92900b89bb765' admitted to slot 1 (reserve 3 blocks; pool 6/2048 blocks in use) — first token 1654
2026-10-07 00:56:48.836 INFO  sched: 2 requests admitted together in one prefill (977 ms)
2026-10-07 00:56:52.204 INFO  stats: rank 3 | 10.0 s | decode 35.6 tok/s, 25.1 ms/tok, 91.3 ms/step (98 steps / 356 tok, 89 % of wall) | mtp 1.89 tok/step/req, accept p1 89 % | prefill 2 prompts / 115 tok, 11 tok/s, 8.50 ms/tok, 489 ms avg (10 % of wall), 0 tok cached (0/2 hits) | live 2, queued 0 | pool 6/2048 blocks (0 %) | prefix cache 0/4096 entries
2026-10-07 00:57:01.015 INFO  sched: request 'chatcmpl-82f92900b89bb764' retired (steps): 256 tok in 13.2 s — prefill 54 tok (0 cached) in 977 ms; decode 255 tok / 129 passes in 12.2 s: 20.9 tok/s, 47.8 ms/tok, 94 ms/pass, 1.98 tok/pass, accept p1 98 %
2026-10-07 00:57:01.526 INFO  sched: request 'chatcmpl-82f92900b89bb765' retired (steps): 256 tok in 13.7 s — prefill 61 tok (0 cached) in 977 ms; decode 255 tok / 137 passes in 12.7 s: 20.1 tok/s, 49.8 ms/tok, 93 ms/pass, 1.86 tok/pass, accept p1 86 %
2026-10-07 00:57:01.541 INFO  sched: request 'chatcmpl-82f92900b89bb766' starting prefill in slot 0 (61 prompt tokens)
2026-10-07 00:57:01.541 INFO  sched: request 'chatcmpl-82f92900b89bb767' starting prefill in slot 1 (54 prompt tokens)
2026-10-07 00:57:02.535 INFO  sched: request 'chatcmpl-82f92900b89bb766' prefix cache miss — 3 cut(s), the cache is empty
2026-10-07 00:57:02.535 INFO  sched: request 'chatcmpl-82f92900b89bb766' admitted to slot 0 (reserve 3 blocks; pool 4/2048 blocks in use) — first token 1654
2026-10-07 00:57:02.535 INFO  sched: request 'chatcmpl-82f92900b89bb767' prefix cache miss — 3 cut(s), the cache is empty
2026-10-07 00:57:02.535 INFO  sched: request 'chatcmpl-82f92900b89bb767' admitted to slot 1 (reserve 3 blocks; pool 6/2048 blocks in use) — first token 1654
2026-10-07 00:57:02.535 INFO  sched: 2 requests admitted together in one prefill (994 ms)
2026-10-07 00:57:02.614 INFO  stats: rank 3 | 10.4 s | decode 37.1 tok/s, 24.2 ms/tok, 91.5 ms/step (102 steps / 386 tok, 90 % of wall) | mtp 1.97 tok/step/req, accept p1 96 % | prefill 2 prompts / 115 tok, 11 tok/s, 8.64 ms/tok, 497 ms avg (10 % of wall), 0 tok cached (0/2 hits) | live 2, queued 0 | pool 6/2048 blocks (0 %) | prefix cache 0/4096 entries
2026-10-07 00:57:12.615 INFO  stats: rank 3 | 10.0 s | decode 40.8 tok/s, 24.3 ms/tok, 93.7 ms/step (106 steps / 408 tok, 99 % of wall) | mtp 1.92 tok/step/req, accept p1 92 % | prefill 0 prompts / 0 tok, 0 tok cached (0/0 hits) | live 2, queued 0 | pool 6/2048 blocks (0 %) | prefix cache 0/4096 entries
2026-10-07 00:57:14.712 INFO  sched: request 'chatcmpl-82f92900b89bb767' retired (steps): 256 tok in 13.2 s — prefill 54 tok (0 cached) in 994 ms; decode 255 tok / 129 passes in 12.2 s: 20.9 tok/s, 47.8 ms/tok, 94 ms/pass, 1.98 tok/pass, accept p1 98 %
2026-10-07 00:57:15.229 INFO  sched: request 'chatcmpl-82f92900b89bb766' retired (steps): 256 tok in 13.7 s — prefill 61 tok (0 cached) in 994 ms; decode 255 tok / 137 passes in 12.7 s: 20.1 tok/s, 49.8 ms/tok, 93 ms/pass, 1.86 tok/pass, accept p1 86 %
2026-10-07 00:57:15.295 INFO  sched: request 'chatcmpl-82f92900b89bb768' starting prefill in slot 0 (39 prompt tokens)
2026-10-07 00:57:15.295 INFO  sched: request 'chatcmpl-82f92900b89bb769' starting prefill in slot 1 (54 prompt tokens)
2026-10-07 00:57:15.295 INFO  sched: request 'chatcmpl-82f92900b89bb76a' starting prefill in slot 2 (37 prompt tokens)
2026-10-07 00:57:15.295 INFO  sched: request 'chatcmpl-82f92900b89bb76b' starting prefill in slot 3 (35 prompt tokens)
2026-10-07 00:57:16.331 INFO  sched: request 'chatcmpl-82f92900b89bb768' prefix cache miss — 3 cut(s), the cache is empty
2026-10-07 00:57:16.331 INFO  sched: request 'chatcmpl-82f92900b89bb768' admitted to slot 0 (reserve 3 blocks; pool 6/2048 blocks in use) — first token 785
2026-10-07 00:57:16.331 INFO  sched: request 'chatcmpl-82f92900b89bb769' prefix cache miss — 3 cut(s), the cache is empty
2026-10-07 00:57:16.331 INFO  sched: request 'chatcmpl-82f92900b89bb769' admitted to slot 1 (reserve 3 blocks; pool 8/2048 blocks in use) — first token 1654
2026-10-07 00:57:16.331 INFO  sched: request 'chatcmpl-82f92900b89bb76a' prefix cache miss — 3 cut(s), the cache is empty
2026-10-07 00:57:16.331 INFO  sched: request 'chatcmpl-82f92900b89bb76a' admitted to slot 2 (reserve 3 blocks; pool 10/2048 blocks in use) — first token 785
2026-10-07 00:57:16.331 INFO  sched: request 'chatcmpl-82f92900b89bb76b' prefix cache miss — 3 cut(s), the cache is empty
2026-10-07 00:57:16.331 INFO  sched: request 'chatcmpl-82f92900b89bb76b' admitted to slot 3 (reserve 3 blocks; pool 12/2048 blocks in use) — first token 785
2026-10-07 00:57:16.331 INFO  sched: 4 requests admitted together in one prefill (1037 ms)
2026-10-07 00:57:22.627 INFO  stats: rank 3 | 10.0 s | decode 42.3 tok/s, 20.9 ms/tok, 123.0 ms/step (72 steps / 424 tok, 88 % of wall) | mtp 1.93 tok/step/req, accept p1 91 % | prefill 4 prompts / 165 tok, 16 tok/s, 6.28 ms/tok, 259 ms avg (10 % of wall), 0 tok cached (0/4 hits) | live 4, queued 0 | pool 12/2048 blocks (1 %) | prefix cache 0/4096 entries
2026-10-07 00:57:32.772 INFO  stats: rank 3 | 10.1 s | decode 48.4 tok/s, 20.5 ms/tok, 155.0 ms/step (65 steps / 491 tok, 99 % of wall) | mtp 1.89 tok/step/req, accept p1 89 % | prefill 0 prompts / 0 tok, 0 tok cached (0/0 hits) | live 4, queued 0 | pool 12/2048 blocks (1 %) | prefix cache 0/4096 entries
2026-10-07 00:57:36.734 INFO  sched: request 'chatcmpl-82f92900b89bb769' retired (steps): 256 tok in 21.4 s — prefill 54 tok (0 cached) in 1037 ms; decode 255 tok / 132 passes in 20.4 s: 12.5 tok/s, 80.0 ms/tok, 155 ms/pass, 1.93 tok/pass, accept p1 94 %
2026-10-07 00:57:36.888 INFO  sched: request 'chatcmpl-82f92900b89bb768' retired (steps): 256 tok in 21.6 s — prefill 39 tok (0 cached) in 1037 ms; decode 255 tok / 133 passes in 20.6 s: 12.4 tok/s, 80.6 ms/tok, 155 ms/pass, 1.92 tok/pass, accept p1 92 %
2026-10-07 00:57:36.888 INFO  sched: request 'chatcmpl-82f92900b89bb76a' retired (steps): 256 tok in 21.6 s — prefill 37 tok (0 cached) in 1037 ms; decode 255 tok / 133 passes in 20.6 s: 12.4 tok/s, 80.6 ms/tok, 155 ms/pass, 1.92 tok/pass, accept p1 92 %
2026-10-07 00:57:37.292 INFO  sched: request 'chatcmpl-82f92900b89bb76b' retired (steps): 256 tok in 22.0 s — prefill 35 tok (0 cached) in 1037 ms; decode 255 tok / 139 passes in 21.0 s: 12.2 tok/s, 82.2 ms/tok, 151 ms/pass, 1.83 tok/pass, accept p1 83 %
2026-10-07 00:57:37.300 INFO  sched: request 'chatcmpl-82f92900b89bb76c' starting prefill in slot 0 (54 prompt tokens)
2026-10-07 00:57:37.301 INFO  sched: request 'chatcmpl-82f92900b89bb76d' starting prefill in slot 1 (39 prompt tokens)
2026-10-07 00:57:37.301 INFO  sched: request 'chatcmpl-82f92900b89bb76e' starting prefill in slot 2 (37 prompt tokens)
2026-10-07 00:57:37.301 INFO  sched: request 'chatcmpl-82f92900b89bb76f' starting prefill in slot 3 (35 prompt tokens)
2026-10-07 00:57:38.334 INFO  sched: request 'chatcmpl-82f92900b89bb76c' prefix cache miss — 3 cut(s), the cache is empty
2026-10-07 00:57:38.334 INFO  sched: request 'chatcmpl-82f92900b89bb76c' admitted to slot 0 (reserve 3 blocks; pool 6/2048 blocks in use) — first token 1654
2026-10-07 00:57:38.334 INFO  sched: request 'chatcmpl-82f92900b89bb76d' prefix cache miss — 3 cut(s), the cache is empty
2026-10-07 00:57:38.334 INFO  sched: request 'chatcmpl-82f92900b89bb76d' admitted to slot 1 (reserve 3 blocks; pool 8/2048 blocks in use) — first token 785
2026-10-07 00:57:38.334 INFO  sched: request 'chatcmpl-82f92900b89bb76e' prefix cache miss — 3 cut(s), the cache is empty
2026-10-07 00:57:38.334 INFO  sched: request 'chatcmpl-82f92900b89bb76e' admitted to slot 2 (reserve 3 blocks; pool 10/2048 blocks in use) — first token 785
2026-10-07 00:57:38.334 INFO  sched: request 'chatcmpl-82f92900b89bb76f' prefix cache miss — 3 cut(s), the cache is empty
2026-10-07 00:57:38.334 INFO  sched: request 'chatcmpl-82f92900b89bb76f' admitted to slot 3 (reserve 3 blocks; pool 12/2048 blocks in use) — first token 785
2026-10-07 00:57:38.334 INFO  sched: 4 requests admitted together in one prefill (1033 ms)
2026-10-07 00:57:42.774 INFO  stats: rank 3 | 10.0 s | decode 44.1 tok/s, 20.2 ms/tok, 143.7 ms/step (62 steps / 441 tok, 89 % of wall) | mtp 1.93 tok/step/req, accept p1 91 % | prefill 4 prompts / 165 tok, 16 tok/s, 6.26 ms/tok, 258 ms avg (10 % of wall), 0 tok cached (0/4 hits) | live 4, queued 0 | pool 12/2048 blocks (1 %) | prefix cache 0/4096 entries
2026-10-07 00:57:52.862 INFO  stats: rank 3 | 10.1 s | decode 49.0 tok/s, 20.3 ms/tok, 154.5 ms/step (65 steps / 494 tok, 100 % of wall) | mtp 1.90 tok/step/req, accept p1 90 % | prefill 0 prompts / 0 tok, 0 tok cached (0/0 hits) | live 4, queued 0 | pool 12/2048 blocks (1 %) | prefix cache 0/4096 entries
2026-10-07 00:57:58.705 INFO  sched: request 'chatcmpl-82f92900b89bb76c' retired (steps): 256 tok in 21.4 s — prefill 54 tok (0 cached) in 1033 ms; decode 255 tok / 132 passes in 20.4 s: 12.5 tok/s, 79.9 ms/tok, 154 ms/pass, 1.93 tok/pass, accept p1 94 %
2026-10-07 00:57:58.858 INFO  sched: request 'chatcmpl-82f92900b89bb76d' retired (steps): 256 tok in 21.6 s — prefill 39 tok (0 cached) in 1033 ms; decode 255 tok / 133 passes in 20.5 s: 12.4 tok/s, 80.5 ms/tok, 154 ms/pass, 1.92 tok/pass, accept p1 92 %
2026-10-07 00:57:58.858 INFO  sched: request 'chatcmpl-82f92900b89bb76e' retired (steps): 256 tok in 21.6 s — prefill 37 tok (0 cached) in 1033 ms; decode 255 tok / 133 passes in 20.5 s: 12.4 tok/s, 80.5 ms/tok, 154 ms/pass, 1.92 tok/pass, accept p1 92 %
2026-10-07 00:57:59.259 INFO  sched: request 'chatcmpl-82f92900b89bb76f' retired (steps): 256 tok in 22.0 s — prefill 35 tok (0 cached) in 1033 ms; decode 255 tok / 139 passes in 20.9 s: 12.2 tok/s, 82.1 ms/tok, 151 ms/pass, 1.83 tok/pass, accept p1 83 %
2026-10-07 00:57:59.273 INFO  sched: request 'chatcmpl-82f92900b89bb770' starting prefill in slot 0 (39 prompt tokens)
2026-10-07 00:57:59.274 INFO  sched: request 'chatcmpl-82f92900b89bb771' starting prefill in slot 1 (54 prompt tokens)
2026-10-07 00:57:59.274 INFO  sched: request 'chatcmpl-82f92900b89bb772' starting prefill in slot 2 (35 prompt tokens)
2026-10-07 00:57:59.274 INFO  sched: request 'chatcmpl-82f92900b89bb773' starting prefill in slot 3 (37 prompt tokens)
2026-10-07 00:58:00.311 INFO  sched: request 'chatcmpl-82f92900b89bb770' prefix cache miss — 3 cut(s), the cache is empty
2026-10-07 00:58:00.311 INFO  sched: request 'chatcmpl-82f92900b89bb770' admitted to slot 0 (reserve 3 blocks; pool 6/2048 blocks in use) — first token 785
2026-10-07 00:58:00.311 INFO  sched: request 'chatcmpl-82f92900b89bb771' prefix cache miss — 3 cut(s), the cache is empty
2026-10-07 00:58:00.311 INFO  sched: request 'chatcmpl-82f92900b89bb771' admitted to slot 1 (reserve 3 blocks; pool 8/2048 blocks in use) — first token 1654
2026-10-07 00:58:00.311 INFO  sched: request 'chatcmpl-82f92900b89bb772' prefix cache miss — 3 cut(s), the cache is empty
2026-10-07 00:58:00.311 INFO  sched: request 'chatcmpl-82f92900b89bb772' admitted to slot 2 (reserve 3 blocks; pool 10/2048 blocks in use) — first token 785
2026-10-07 00:58:00.311 INFO  sched: request 'chatcmpl-82f92900b89bb773' prefix cache miss — 3 cut(s), the cache is empty
2026-10-07 00:58:00.311 INFO  sched: request 'chatcmpl-82f92900b89bb773' admitted to slot 3 (reserve 3 blocks; pool 12/2048 blocks in use) — first token 785
2026-10-07 00:58:00.311 INFO  sched: 4 requests admitted together in one prefill (1038 ms)
2026-10-07 00:58:02.939 INFO  stats: rank 3 | 10.1 s | decode 43.4 tok/s, 20.5 ms/tok, 144.7 ms/step (62 steps / 437 tok, 89 % of wall) | mtp 1.91 tok/step/req, accept p1 90 % | prefill 4 prompts / 165 tok, 16 tok/s, 6.29 ms/tok, 259 ms avg (10 % of wall), 0 tok cached (0/4 hits) | live 4, queued 0 | pool 12/2048 blocks (1 %) | prefix cache 0/4096 entries
2026-10-07 00:58:12.973 INFO  stats: rank 3 | 10.0 s | decode 49.7 tok/s, 20.0 ms/tok, 153.8 ms/step (65 steps / 499 tok, 100 % of wall) | mtp 1.92 tok/step/req, accept p1 92 % | prefill 0 prompts / 0 tok, 0 tok cached (0/0 hits) | live 4, queued 0 | pool 12/2048 blocks (1 %) | prefix cache 0/4096 entries
2026-10-07 00:58:20.690 INFO  sched: request 'chatcmpl-82f92900b89bb770' retired (steps): 256 tok in 21.4 s — prefill 39 tok (0 cached) in 1038 ms; decode 255 tok / 132 passes in 20.4 s: 12.5 tok/s, 79.9 ms/tok, 154 ms/pass, 1.93 tok/pass, accept p1 93 %
2026-10-07 00:58:20.690 INFO  sched: request 'chatcmpl-82f92900b89bb771' retired (steps): 256 tok in 21.4 s — prefill 54 tok (0 cached) in 1038 ms; decode 255 tok / 132 passes in 20.4 s: 12.5 tok/s, 79.9 ms/tok, 154 ms/pass, 1.93 tok/pass, accept p1 94 %
2026-10-07 00:58:20.842 INFO  sched: request 'chatcmpl-82f92900b89bb773' retired (steps): 256 tok in 21.6 s — prefill 37 tok (0 cached) in 1038 ms; decode 255 tok / 133 passes in 20.5 s: 12.4 tok/s, 80.5 ms/tok, 154 ms/pass, 1.92 tok/pass, accept p1 92 %
2026-10-07 00:58:21.237 INFO  sched: request 'chatcmpl-82f92900b89bb772' retired (steps): 256 tok in 22.0 s — prefill 35 tok (0 cached) in 1038 ms; decode 255 tok / 139 passes in 20.9 s: 12.2 tok/s, 82.1 ms/tok, 151 ms/pass, 1.83 tok/pass, accept p1 83 %
2026-10-07 00:58:21.279 INFO  sched: request 'chatcmpl-82f92900b89bb774' starting prefill in slot 0 (36 prompt tokens)
2026-10-07 00:58:21.279 INFO  sched: request 'chatcmpl-82f92900b89bb775' starting prefill in slot 1 (37 prompt tokens)
2026-10-07 00:58:21.279 INFO  sched: request 'chatcmpl-82f92900b89bb776' starting prefill in slot 2 (42 prompt tokens)
2026-10-07 00:58:21.280 INFO  sched: request 'chatcmpl-82f92900b89bb777' starting prefill in slot 3 (49 prompt tokens)
2026-10-07 00:58:21.280 INFO  sched: request 'chatcmpl-82f92900b89bb778' starting prefill in slot 4 (39 prompt tokens)
2026-10-07 00:58:21.280 INFO  sched: request 'chatcmpl-82f92900b89bb779' starting prefill in slot 5 (38 prompt tokens)
2026-10-07 00:58:21.280 INFO  sched: request 'chatcmpl-82f92900b89bb77a' starting prefill in slot 6 (42 prompt tokens)
2026-10-07 00:58:21.280 INFO  sched: request 'chatcmpl-82f92900b89bb77b' starting prefill in slot 7 (40 prompt tokens)
2026-10-07 00:58:22.981 INFO  sched: request 'chatcmpl-82f92900b89bb774' prefix cache miss — 3 cut(s), the cache is empty
2026-10-07 00:58:22.981 INFO  sched: request 'chatcmpl-82f92900b89bb774' admitted to slot 0 (reserve 3 blocks; pool 10/2048 blocks in use) — first token 785
2026-10-07 00:58:22.981 INFO  sched: request 'chatcmpl-82f92900b89bb775' prefix cache miss — 3 cut(s), the cache is empty
2026-10-07 00:58:22.981 INFO  sched: request 'chatcmpl-82f92900b89bb775' admitted to slot 1 (reserve 3 blocks; pool 12/2048 blocks in use) — first token 785
2026-10-07 00:58:22.981 INFO  sched: request 'chatcmpl-82f92900b89bb776' prefix cache miss — 3 cut(s), the cache is empty
2026-10-07 00:58:22.981 INFO  sched: request 'chatcmpl-82f92900b89bb776' admitted to slot 2 (reserve 3 blocks; pool 14/2048 blocks in use) — first token 785
2026-10-07 00:58:22.981 INFO  sched: request 'chatcmpl-82f92900b89bb777' prefix cache miss — 3 cut(s), the cache is empty
2026-10-07 00:58:22.981 INFO  sched: request 'chatcmpl-82f92900b89bb777' admitted to slot 3 (reserve 3 blocks; pool 16/2048 blocks in use) — first token 785
2026-10-07 00:58:22.981 INFO  sched: request 'chatcmpl-82f92900b89bb778' prefix cache miss — 3 cut(s), the cache is empty
2026-10-07 00:58:22.981 INFO  sched: request 'chatcmpl-82f92900b89bb778' admitted to slot 4 (reserve 3 blocks; pool 18/2048 blocks in use) — first token 785
2026-10-07 00:58:22.981 INFO  sched: request 'chatcmpl-82f92900b89bb779' prefix cache miss — 3 cut(s), the cache is empty
2026-10-07 00:58:22.981 INFO  sched: request 'chatcmpl-82f92900b89bb779' admitted to slot 5 (reserve 3 blocks; pool 20/2048 blocks in use) — first token 785
2026-10-07 00:58:22.981 INFO  sched: request 'chatcmpl-82f92900b89bb77a' prefix cache miss — 3 cut(s), the cache is empty
2026-10-07 00:58:22.981 INFO  sched: request 'chatcmpl-82f92900b89bb77a' admitted to slot 6 (reserve 3 blocks; pool 22/2048 blocks in use) — first token 785
2026-10-07 00:58:22.981 INFO  sched: request 'chatcmpl-82f92900b89bb77b' prefix cache miss — 3 cut(s), the cache is empty
2026-10-07 00:58:22.981 INFO  sched: request 'chatcmpl-82f92900b89bb77b' admitted to slot 7 (reserve 3 blocks; pool 24/2048 blocks in use) — first token 785
2026-10-07 00:58:22.981 INFO  sched: 8 requests admitted together in one prefill (1702 ms)
2026-10-07 00:58:23.186 INFO  stats: rank 3 | 10.2 s | decode 39.8 tok/s, 20.7 ms/tok, 147.7 ms/step (57 steps / 406 tok, 82 % of wall) | mtp 1.92 tok/step/req, accept p1 88 % | prefill 8 prompts / 323 tok, 32 tok/s, 5.27 ms/tok, 213 ms avg (17 % of wall), 0 tok cached (0/8 hits) | live 8, queued 0 | pool 24/2048 blocks (1 %) | prefix cache 0/4096 entries
2026-10-07 00:58:33.332 INFO  stats: rank 3 | 10.1 s | decode 59.8 tok/s, 16.7 ms/tok, 253.0 ms/step (40 steps / 607 tok, 100 % of wall) | mtp 1.90 tok/step/req, accept p1 90 % | prefill 0 prompts / 0 tok, 0 tok cached (0/0 hits) | live 8, queued 0 | pool 24/2048 blocks (1 %) | prefix cache 0/4096 entries
2026-10-07 00:58:43.595 INFO  stats: rank 3 | 10.3 s | decode 56.6 tok/s, 17.6 ms/tok, 269.4 ms/step (38 steps / 581 tok, 100 % of wall) | mtp 1.91 tok/step/req, accept p1 91 % | prefill 0 prompts / 0 tok, 0 tok cached (0/0 hits) | live 8, queued 0 | pool 24/2048 blocks (1 %) | prefix cache 0/4096 entries
2026-10-07 00:58:53.726 INFO  stats: rank 3 | 10.1 s | decode 55.1 tok/s, 18.1 ms/tok, 273.0 ms/step (37 steps / 558 tok, 100 % of wall) | mtp 1.89 tok/step/req, accept p1 89 % | prefill 0 prompts / 0 tok, 0 tok cached (0/0 hits) | live 8, queued 0 | pool 24/2048 blocks (1 %) | prefix cache 0/4096 entries
2026-10-07 00:58:57.846 INFO  sched: request 'chatcmpl-82f92900b89bb774' retired (steps): 256 tok in 36.6 s — prefill 36 tok (0 cached) in 1702 ms; decode 255 tok / 131 passes in 34.9 s: 7.3 tok/s, 136.7 ms/tok, 266 ms/pass, 1.95 tok/pass, accept p1 95 %
2026-10-07 00:58:58.119 INFO  sched: request 'chatcmpl-82f92900b89bb777' retired (steps): 256 tok in 36.8 s — prefill 49 tok (0 cached) in 1702 ms; decode 255 tok / 132 passes in 35.1 s: 7.3 tok/s, 137.8 ms/tok, 266 ms/pass, 1.93 tok/pass, accept p1 93 %
2026-10-07 00:58:58.119 INFO  sched: request 'chatcmpl-82f92900b89bb778' retired (steps): 256 tok in 36.8 s — prefill 39 tok (0 cached) in 1702 ms; decode 255 tok / 132 passes in 35.1 s: 7.3 tok/s, 137.8 ms/tok, 266 ms/pass, 1.93 tok/pass, accept p1 94 %
2026-10-07 00:58:58.394 INFO  sched: request 'chatcmpl-82f92900b89bb77a' retired (steps): 256 tok in 37.1 s — prefill 42 tok (0 cached) in 1702 ms; decode 255 tok / 133 passes in 35.4 s: 7.2 tok/s, 138.9 ms/tok, 266 ms/pass, 1.92 tok/pass, accept p1 92 %
2026-10-07 00:58:58.646 INFO  sched: request 'chatcmpl-82f92900b89bb77b' retired (steps): 256 tok in 37.4 s — prefill 40 tok (0 cached) in 1702 ms; decode 255 tok / 134 passes in 35.7 s: 7.2 tok/s, 139.9 ms/tok, 266 ms/pass, 1.90 tok/pass, accept p1 90 %
2026-10-07 00:58:59.030 INFO  sched: request 'chatcmpl-82f92900b89bb779' retired (steps): 256 tok in 37.8 s — prefill 38 tok (0 cached) in 1702 ms; decode 255 tok / 136 passes in 36.0 s: 7.1 tok/s, 141.4 ms/tok, 265 ms/pass, 1.88 tok/pass, accept p1 88 %
2026-10-07 00:58:59.160 INFO  sched: request 'chatcmpl-82f92900b89bb776' retired (steps): 256 tok in 37.9 s — prefill 42 tok (0 cached) in 1702 ms; decode 255 tok / 137 passes in 36.2 s: 7.0 tok/s, 141.9 ms/tok, 264 ms/pass, 1.86 tok/pass, accept p1 86 %
2026-10-07 00:58:59.229 INFO  sched: request 'chatcmpl-82f92900b89bb775' retired (steps): 256 tok in 37.9 s — prefill 37 tok (0 cached) in 1702 ms; decode 255 tok / 138 passes in 36.2 s: 7.0 tok/s, 142.1 ms/tok, 263 ms/pass, 1.85 tok/pass, accept p1 86 %
2026-10-07 00:58:59.249 INFO  sched: request 'chatcmpl-82f92900b89bb77c' starting prefill in slot 0 (36 prompt tokens)
2026-10-07 00:58:59.249 INFO  sched: request 'chatcmpl-82f92900b89bb77d' starting prefill in slot 1 (37 prompt tokens)
2026-10-07 00:58:59.249 INFO  sched: request 'chatcmpl-82f92900b89bb77e' starting prefill in slot 2 (39 prompt tokens)
2026-10-07 00:58:59.249 INFO  sched: request 'chatcmpl-82f92900b89bb77f' starting prefill in slot 3 (49 prompt tokens)
2026-10-07 00:58:59.249 INFO  sched: request 'chatcmpl-82f92900b89bb780' starting prefill in slot 4 (38 prompt tokens)
2026-10-07 00:58:59.249 INFO  sched: request 'chatcmpl-82f92900b89bb781' starting prefill in slot 5 (40 prompt tokens)
2026-10-07 00:58:59.249 INFO  sched: request 'chatcmpl-82f92900b89bb782' starting prefill in slot 6 (42 prompt tokens)
2026-10-07 00:58:59.249 INFO  sched: request 'chatcmpl-82f92900b89bb783' starting prefill in slot 7 (42 prompt tokens)
2026-10-07 00:59:00.951 INFO  sched: request 'chatcmpl-82f92900b89bb77c' prefix cache miss — 3 cut(s), the cache is empty
2026-10-07 00:59:00.951 INFO  sched: request 'chatcmpl-82f92900b89bb77c' admitted to slot 0 (reserve 3 blocks; pool 10/2048 blocks in use) — first token 785
2026-10-07 00:59:00.951 INFO  sched: request 'chatcmpl-82f92900b89bb77d' prefix cache miss — 3 cut(s), the cache is empty
2026-10-07 00:59:00.951 INFO  sched: request 'chatcmpl-82f92900b89bb77d' admitted to slot 1 (reserve 3 blocks; pool 12/2048 blocks in use) — first token 785
2026-10-07 00:59:00.951 INFO  sched: request 'chatcmpl-82f92900b89bb77e' prefix cache miss — 3 cut(s), the cache is empty
2026-10-07 00:59:00.951 INFO  sched: request 'chatcmpl-82f92900b89bb77e' admitted to slot 2 (reserve 3 blocks; pool 14/2048 blocks in use) — first token 785
2026-10-07 00:59:00.951 INFO  sched: request 'chatcmpl-82f92900b89bb77f' prefix cache miss — 3 cut(s), the cache is empty
2026-10-07 00:59:00.951 INFO  sched: request 'chatcmpl-82f92900b89bb77f' admitted to slot 3 (reserve 3 blocks; pool 16/2048 blocks in use) — first token 785
2026-10-07 00:59:00.951 INFO  sched: request 'chatcmpl-82f92900b89bb780' prefix cache miss — 3 cut(s), the cache is empty
2026-10-07 00:59:00.951 INFO  sched: request 'chatcmpl-82f92900b89bb780' admitted to slot 4 (reserve 3 blocks; pool 18/2048 blocks in use) — first token 785
2026-10-07 00:59:00.951 INFO  sched: request 'chatcmpl-82f92900b89bb781' prefix cache miss — 3 cut(s), the cache is empty
2026-10-07 00:59:00.951 INFO  sched: request 'chatcmpl-82f92900b89bb781' admitted to slot 5 (reserve 3 blocks; pool 20/2048 blocks in use) — first token 785
2026-10-07 00:59:00.951 INFO  sched: request 'chatcmpl-82f92900b89bb782' prefix cache miss — 3 cut(s), the cache is empty
2026-10-07 00:59:00.951 INFO  sched: request 'chatcmpl-82f92900b89bb782' admitted to slot 6 (reserve 3 blocks; pool 22/2048 blocks in use) — first token 785
2026-10-07 00:59:00.951 INFO  sched: request 'chatcmpl-82f92900b89bb783' prefix cache miss — 3 cut(s), the cache is empty
2026-10-07 00:59:00.951 INFO  sched: request 'chatcmpl-82f92900b89bb783' admitted to slot 7 (reserve 3 blocks; pool 24/2048 blocks in use) — first token 785
2026-10-07 00:59:00.951 INFO  sched: 8 requests admitted together in one prefill (1701 ms)
2026-10-07 00:59:03.824 INFO  stats: rank 3 | 10.1 s | decode 47.2 tok/s, 17.4 ms/tok, 244.3 ms/step (34 steps / 477 tok, 82 % of wall) | mtp 1.98 tok/step/req, accept p1 96 % | prefill 8 prompts / 323 tok, 32 tok/s, 5.27 ms/tok, 213 ms avg (17 % of wall), 0 tok cached (0/8 hits) | live 8, queued 0 | pool 24/2048 blocks (1 %) | prefix cache 0/4096 entries
2026-10-07 00:59:13.972 INFO  stats: rank 3 | 10.1 s | decode 58.0 tok/s, 17.2 ms/tok, 259.6 ms/step (39 steps / 589 tok, 100 % of wall) | mtp 1.89 tok/step/req, accept p1 89 % | prefill 0 prompts / 0 tok, 0 tok cached (0/0 hits) | live 8, queued 0 | pool 24/2048 blocks (1 %) | prefix cache 0/4096 entries
2026-10-07 00:59:23.977 INFO  stats: rank 3 | 10.0 s | decode 56.4 tok/s, 17.7 ms/tok, 269.7 ms/step (37 steps / 564 tok, 100 % of wall) | mtp 1.91 tok/step/req, accept p1 91 % | prefill 0 prompts / 0 tok, 0 tok cached (0/0 hits) | live 8, queued 0 | pool 24/2048 blocks (1 %) | prefix cache 0/4096 entries
2026-10-07 00:59:34.129 INFO  stats: rank 3 | 10.2 s | decode 55.7 tok/s, 17.9 ms/tok, 273.6 ms/step (37 steps / 565 tok, 100 % of wall) | mtp 1.91 tok/step/req, accept p1 91 % | prefill 0 prompts / 0 tok, 0 tok cached (0/0 hits) | live 8, queued 0 | pool 24/2048 blocks (1 %) | prefix cache 0/4096 entries
2026-10-07 00:59:35.795 INFO  sched: request 'chatcmpl-82f92900b89bb77c' retired (steps): 256 tok in 36.5 s — prefill 36 tok (0 cached) in 1701 ms; decode 255 tok / 131 passes in 34.8 s: 7.3 tok/s, 136.6 ms/tok, 266 ms/pass, 1.95 tok/pass, accept p1 95 %
2026-10-07 00:59:36.071 INFO  sched: request 'chatcmpl-82f92900b89bb77e' retired (steps): 256 tok in 36.8 s — prefill 39 tok (0 cached) in 1701 ms; decode 255 tok / 132 passes in 35.1 s: 7.3 tok/s, 137.7 ms/tok, 266 ms/pass, 1.93 tok/pass, accept p1 94 %
2026-10-07 00:59:36.072 INFO  sched: request 'chatcmpl-82f92900b89bb77f' retired (steps): 256 tok in 36.8 s — prefill 49 tok (0 cached) in 1701 ms; decode 255 tok / 132 passes in 35.1 s: 7.3 tok/s, 137.7 ms/tok, 266 ms/pass, 1.93 tok/pass, accept p1 93 %
2026-10-07 00:59:36.341 INFO  sched: request 'chatcmpl-82f92900b89bb781' retired (steps): 256 tok in 37.1 s — prefill 40 tok (0 cached) in 1701 ms; decode 255 tok / 133 passes in 35.4 s: 7.2 tok/s, 138.8 ms/tok, 266 ms/pass, 1.92 tok/pass, accept p1 92 %
2026-10-07 00:59:36.341 INFO  sched: request 'chatcmpl-82f92900b89bb783' retired (steps): 256 tok in 37.1 s — prefill 42 tok (0 cached) in 1701 ms; decode 255 tok / 133 passes in 35.4 s: 7.2 tok/s, 138.8 ms/tok, 266 ms/pass, 1.92 tok/pass, accept p1 92 %
2026-10-07 00:59:36.817 INFO  sched: request 'chatcmpl-82f92900b89bb780' retired (steps): 256 tok in 37.6 s — prefill 38 tok (0 cached) in 1701 ms; decode 255 tok / 135 passes in 35.9 s: 7.1 tok/s, 140.7 ms/tok, 266 ms/pass, 1.89 tok/pass, accept p1 89 %
2026-10-07 00:59:37.250 INFO  sched: request 'chatcmpl-82f92900b89bb782' retired (steps): 256 tok in 38.0 s — prefill 42 tok (0 cached) in 1701 ms; decode 255 tok / 137 passes in 36.3 s: 7.0 tok/s, 142.4 ms/tok, 265 ms/pass, 1.86 tok/pass, accept p1 86 %
2026-10-07 00:59:37.317 INFO  sched: request 'chatcmpl-82f92900b89bb77d' retired (steps): 256 tok in 38.1 s — prefill 37 tok (0 cached) in 1701 ms; decode 255 tok / 138 passes in 36.4 s: 7.0 tok/s, 142.6 ms/tok, 264 ms/pass, 1.85 tok/pass, accept p1 86 %
2026-10-07 00:59:37.332 INFO  sched: request 'chatcmpl-82f92900b89bb784' starting prefill in slot 0 (36 prompt tokens)
2026-10-07 00:59:37.332 INFO  sched: request 'chatcmpl-82f92900b89bb785' starting prefill in slot 1 (39 prompt tokens)
2026-10-07 00:59:37.332 INFO  sched: request 'chatcmpl-82f92900b89bb786' starting prefill in slot 2 (42 prompt tokens)
2026-10-07 00:59:37.332 INFO  sched: request 'chatcmpl-82f92900b89bb787' starting prefill in slot 3 (37 prompt tokens)
2026-10-07 00:59:37.332 INFO  sched: request 'chatcmpl-82f92900b89bb788' starting prefill in slot 4 (42 prompt tokens)
2026-10-07 00:59:37.332 INFO  sched: request 'chatcmpl-82f92900b89bb789' starting prefill in slot 5 (40 prompt tokens)
2026-10-07 00:59:37.332 INFO  sched: request 'chatcmpl-82f92900b89bb78a' starting prefill in slot 6 (38 prompt tokens)
2026-10-07 00:59:37.332 INFO  sched: request 'chatcmpl-82f92900b89bb78b' starting prefill in slot 7 (49 prompt tokens)
2026-10-07 00:59:39.043 INFO  sched: request 'chatcmpl-82f92900b89bb784' prefix cache miss — 3 cut(s), the cache is empty
2026-10-07 00:59:39.043 INFO  sched: request 'chatcmpl-82f92900b89bb784' admitted to slot 0 (reserve 3 blocks; pool 10/2048 blocks in use) — first token 785
2026-10-07 00:59:39.043 INFO  sched: request 'chatcmpl-82f92900b89bb785' prefix cache miss — 3 cut(s), the cache is empty
2026-10-07 00:59:39.043 INFO  sched: request 'chatcmpl-82f92900b89bb785' admitted to slot 1 (reserve 3 blocks; pool 12/2048 blocks in use) — first token 785
2026-10-07 00:59:39.043 INFO  sched: request 'chatcmpl-82f92900b89bb786' prefix cache miss — 3 cut(s), the cache is empty
2026-10-07 00:59:39.043 INFO  sched: request 'chatcmpl-82f92900b89bb786' admitted to slot 2 (reserve 3 blocks; pool 14/2048 blocks in use) — first token 785
2026-10-07 00:59:39.043 INFO  sched: request 'chatcmpl-82f92900b89bb787' prefix cache miss — 3 cut(s), the cache is empty
2026-10-07 00:59:39.043 INFO  sched: request 'chatcmpl-82f92900b89bb787' admitted to slot 3 (reserve 3 blocks; pool 16/2048 blocks in use) — first token 785
2026-10-07 00:59:39.043 INFO  sched: request 'chatcmpl-82f92900b89bb788' prefix cache miss — 3 cut(s), the cache is empty
2026-10-07 00:59:39.043 INFO  sched: request 'chatcmpl-82f92900b89bb788' admitted to slot 4 (reserve 3 blocks; pool 18/2048 blocks in use) — first token 785
2026-10-07 00:59:39.043 INFO  sched: request 'chatcmpl-82f92900b89bb789' prefix cache miss — 3 cut(s), the cache is empty
2026-10-07 00:59:39.043 INFO  sched: request 'chatcmpl-82f92900b89bb789' admitted to slot 5 (reserve 3 blocks; pool 20/2048 blocks in use) — first token 785
2026-10-07 00:59:39.043 INFO  sched: request 'chatcmpl-82f92900b89bb78a' prefix cache miss — 3 cut(s), the cache is empty
2026-10-07 00:59:39.043 INFO  sched: request 'chatcmpl-82f92900b89bb78a' admitted to slot 6 (reserve 3 blocks; pool 22/2048 blocks in use) — first token 785
2026-10-07 00:59:39.043 INFO  sched: request 'chatcmpl-82f92900b89bb78b' prefix cache miss — 3 cut(s), the cache is empty
2026-10-07 00:59:39.043 INFO  sched: request 'chatcmpl-82f92900b89bb78b' admitted to slot 7 (reserve 3 blocks; pool 24/2048 blocks in use) — first token 785
2026-10-07 00:59:39.043 INFO  sched: 8 requests admitted together in one prefill (1711 ms)
2026-10-07 00:59:44.134 INFO  stats: rank 3 | 10.0 s | decode 47.0 tok/s, 17.5 ms/tok, 241.6 ms/step (34 steps / 470 tok, 82 % of wall) | mtp 1.97 tok/step/req, accept p1 95 % | prefill 8 prompts / 323 tok, 32 tok/s, 5.30 ms/tok, 214 ms avg (17 % of wall), 0 tok cached (0/8 hits) | live 8, queued 0 | pool 24/2048 blocks (1 %) | prefix cache 0/4096 entries
2026-10-07 00:59:54.350 INFO  stats: rank 3 | 10.2 s | decode 55.4 tok/s, 18.0 ms/tok, 268.2 ms/step (38 steps / 566 tok, 100 % of wall) | mtp 1.86 tok/step/req, accept p1 86 % | prefill 0 prompts / 0 tok, 0 tok cached (0/0 hits) | live 8, queued 0 | pool 24/2048 blocks (1 %) | prefix cache 0/4096 entries
2026-10-07 01:00:04.453 INFO  stats: rank 3 | 10.1 s | decode 56.1 tok/s, 17.8 ms/tok, 272.3 ms/step (37 steps / 567 tok, 100 % of wall) | mtp 1.92 tok/step/req, accept p1 92 % | prefill 0 prompts / 0 tok, 0 tok cached (0/0 hits) | live 8, queued 0 | pool 24/2048 blocks (1 %) | prefix cache 0/4096 entries
2026-10-07 01:00:14.185 INFO  sched: request 'chatcmpl-82f92900b89bb784' retired (steps): 256 tok in 36.9 s — prefill 36 tok (0 cached) in 1711 ms; decode 255 tok / 131 passes in 35.1 s: 7.3 tok/s, 137.8 ms/tok, 268 ms/pass, 1.95 tok/pass, accept p1 95 %
2026-10-07 01:00:14.474 INFO  sched: request 'chatcmpl-82f92900b89bb78b' retired (steps): 256 tok in 37.1 s — prefill 49 tok (0 cached) in 1711 ms; decode 255 tok / 132 passes in 35.4 s: 7.2 tok/s, 138.9 ms/tok, 268 ms/pass, 1.93 tok/pass, accept p1 93 %
2026-10-07 01:00:14.474 INFO  stats: rank 3 | 10.0 s | decode 54.9 tok/s, 18.1 ms/tok, 277.0 ms/step (36 steps / 550 tok, 100 % of wall) | mtp 1.92 tok/step/req, accept p1 92 % | prefill 0 prompts / 0 tok, 0 tok cached (0/0 hits) | live 6, queued 0 | pool 18/2048 blocks (1 %) | prefix cache 0/4096 entries
2026-10-07 01:00:14.742 INFO  sched: request 'chatcmpl-82f92900b89bb785' retired (steps): 256 tok in 37.4 s — prefill 39 tok (0 cached) in 1711 ms; decode 255 tok / 133 passes in 35.7 s: 7.1 tok/s, 140.0 ms/tok, 268 ms/pass, 1.92 tok/pass, accept p1 92 %
2026-10-07 01:00:14.742 INFO  sched: request 'chatcmpl-82f92900b89bb788' retired (steps): 256 tok in 37.4 s — prefill 42 tok (0 cached) in 1711 ms; decode 255 tok / 133 passes in 35.7 s: 7.1 tok/s, 140.0 ms/tok, 268 ms/pass, 1.92 tok/pass, accept p1 92 %
2026-10-07 01:00:14.742 INFO  sched: request 'chatcmpl-82f92900b89bb789' retired (steps): 256 tok in 37.4 s — prefill 40 tok (0 cached) in 1711 ms; decode 255 tok / 133 passes in 35.7 s: 7.1 tok/s, 140.0 ms/tok, 268 ms/pass, 1.92 tok/pass, accept p1 92 %
2026-10-07 01:00:15.233 INFO  sched: request 'chatcmpl-82f92900b89bb78a' retired (steps): 256 tok in 37.9 s — prefill 38 tok (0 cached) in 1711 ms; decode 255 tok / 135 passes in 36.2 s: 7.0 tok/s, 141.9 ms/tok, 268 ms/pass, 1.89 tok/pass, accept p1 89 %
2026-10-07 01:00:15.504 INFO  sched: request 'chatcmpl-82f92900b89bb786' retired (steps): 256 tok in 38.2 s — prefill 42 tok (0 cached) in 1711 ms; decode 255 tok / 137 passes in 36.5 s: 7.0 tok/s, 143.0 ms/tok, 266 ms/pass, 1.86 tok/pass, accept p1 86 %
2026-10-07 01:00:15.577 INFO  sched: request 'chatcmpl-82f92900b89bb787' retired (steps): 256 tok in 38.2 s — prefill 37 tok (0 cached) in 1711 ms; decode 255 tok / 138 passes in 36.5 s: 7.0 tok/s, 143.3 ms/tok, 265 ms/pass, 1.85 tok/pass, accept p1 86 %
2026-10-07 01:00:15.635 INFO  sched: request 'chatcmpl-82f92900b89bb78c' starting prefill in slot 0 (40 prompt tokens)
2026-10-07 01:00:16.106 INFO  sched: request 'chatcmpl-82f92900b89bb78c' prefix cache miss — 3 cut(s), the cache is empty
2026-10-07 01:00:16.106 INFO  sched: request 'chatcmpl-82f92900b89bb78c' admitted to slot 0 (reserve 3 blocks; pool 3/2048 blocks in use) — first token 785
2026-10-07 01:00:24.527 INFO  stats: rank 3 | 10.1 s | decode 26.0 tok/s, 36.1 ms/tok, 69.2 ms/step (136 steps / 261 tok, 94 % of wall) | mtp 1.78 tok/step/req, accept p1 79 % | prefill 1 prompt / 40 tok, 4 tok/s, 11.79 ms/tok, 471 ms avg (5 % of wall), 0 tok cached (0/1 hit) | live 1, queued 0 | pool 3/2048 blocks (0 %) | prefix cache 0/4096 entries
2026-10-07 01:00:25.568 INFO  sched: request 'chatcmpl-82f92900b89bb78c' retired (steps): 256 tok in 9.9 s — prefill 40 tok (0 cached) in 471 ms; decode 255 tok / 146 passes in 9.5 s: 27.0 tok/s, 37.1 ms/tok, 65 ms/pass, 1.75 tok/pass, accept p1 75 %
2026-10-07 01:00:25.589 INFO  sched: request 'chatcmpl-82f92900b89bb78d' starting prefill in slot 0 (40 prompt tokens)
2026-10-07 01:00:26.060 INFO  sched: request 'chatcmpl-82f92900b89bb78d' prefix cache miss — 3 cut(s), the cache is empty
2026-10-07 01:00:26.060 INFO  sched: request 'chatcmpl-82f92900b89bb78d' admitted to slot 0 (reserve 3 blocks; pool 3/2048 blocks in use) — first token 785
2026-10-07 01:00:34.589 INFO  stats: rank 3 | 10.1 s | decode 25.7 tok/s, 36.6 ms/tok, 64.0 ms/step (148 steps / 259 tok, 94 % of wall) | mtp 1.75 tok/step/req, accept p1 74 % | prefill 1 prompt / 40 tok, 4 tok/s, 11.78 ms/tok, 471 ms avg (5 % of wall), 0 tok cached (0/1 hit) | live 1, queued 0 | pool 3/2048 blocks (0 %) | prefix cache 0/4096 entries
2026-10-07 01:00:35.492 INFO  sched: request 'chatcmpl-82f92900b89bb78d' retired (steps): 256 tok in 9.9 s — prefill 40 tok (0 cached) in 471 ms; decode 255 tok / 146 passes in 9.4 s: 27.0 tok/s, 37.0 ms/tok, 65 ms/pass, 1.75 tok/pass, accept p1 75 %
2026-10-07 01:00:35.523 INFO  sched: request 'chatcmpl-82f92900b89bb78e' starting prefill in slot 0 (40 prompt tokens)
2026-10-07 01:00:35.989 INFO  sched: request 'chatcmpl-82f92900b89bb78e' prefix cache miss — 3 cut(s), the cache is empty
2026-10-07 01:00:35.989 INFO  sched: request 'chatcmpl-82f92900b89bb78e' admitted to slot 0 (reserve 3 blocks; pool 3/2048 blocks in use) — first token 785
2026-10-07 01:00:44.608 INFO  stats: rank 3 | 10.0 s | decode 26.1 tok/s, 35.9 ms/tok, 63.2 ms/step (149 steps / 262 tok, 94 % of wall) | mtp 1.76 tok/step/req, accept p1 75 % | prefill 1 prompt / 40 tok, 4 tok/s, 11.65 ms/tok, 466 ms avg (5 % of wall), 0 tok cached (0/1 hit) | live 1, queued 0 | pool 3/2048 blocks (0 %) | prefix cache 0/4096 entries
2026-10-07 01:00:45.326 INFO  sched: request 'chatcmpl-82f92900b89bb78e' retired (steps): 256 tok in 9.8 s — prefill 40 tok (0 cached) in 466 ms; decode 255 tok / 146 passes in 9.3 s: 27.3 tok/s, 36.6 ms/tok, 64 ms/pass, 1.75 tok/pass, accept p1 75 %
2026-10-07 01:00:45.383 INFO  sched: request 'chatcmpl-82f92900b89bb78f' starting prefill in slot 0 (41 prompt tokens)
2026-10-07 01:00:45.383 INFO  sched: request 'chatcmpl-82f92900b89bb790' starting prefill in slot 1 (40 prompt tokens)
2026-10-07 01:00:46.137 INFO  sched: request 'chatcmpl-82f92900b89bb78f' prefix cache miss — 3 cut(s), the cache is empty
2026-10-07 01:00:46.137 INFO  sched: request 'chatcmpl-82f92900b89bb78f' admitted to slot 0 (reserve 3 blocks; pool 4/2048 blocks in use) — first token 785
2026-10-07 01:00:46.137 INFO  sched: request 'chatcmpl-82f92900b89bb790' prefix cache miss — 3 cut(s), the cache is empty
2026-10-07 01:00:46.137 INFO  sched: request 'chatcmpl-82f92900b89bb790' admitted to slot 1 (reserve 3 blocks; pool 6/2048 blocks in use) — first token 785
2026-10-07 01:00:46.137 INFO  sched: 2 requests admitted together in one prefill (754 ms)
2026-10-07 01:00:54.680 INFO  stats: rank 3 | 10.1 s | decode 34.7 tok/s, 26.3 ms/tok, 88.4 ms/step (104 steps / 349 tok, 91 % of wall) | mtp 1.77 tok/step/req, accept p1 76 % | prefill 2 prompts / 81 tok, 8 tok/s, 9.31 ms/tok, 377 ms avg (7 % of wall), 0 tok cached (0/2 hits) | live 2, queued 0 | pool 6/2048 blocks (0 %) | prefix cache 0/4096 entries
2026-10-07 01:00:59.336 INFO  sched: request 'chatcmpl-82f92900b89bb790' retired (steps): 256 tok in 14.0 s — prefill 40 tok (0 cached) in 754 ms; decode 255 tok / 143 passes in 13.2 s: 19.3 tok/s, 51.8 ms/tok, 92 ms/pass, 1.78 tok/pass, accept p1 78 %
2026-10-07 01:00:59.468 INFO  sched: request 'chatcmpl-82f92900b89bb78f' retired (steps): 256 tok in 14.1 s — prefill 41 tok (0 cached) in 754 ms; decode 255 tok / 145 passes in 13.3 s: 19.1 tok/s, 52.3 ms/tok, 92 ms/pass, 1.76 tok/pass, accept p1 77 %
2026-10-07 01:00:59.494 INFO  sched: request 'chatcmpl-82f92900b89bb791' starting prefill in slot 0 (41 prompt tokens)
2026-10-07 01:00:59.494 INFO  sched: request 'chatcmpl-82f92900b89bb792' starting prefill in slot 1 (40 prompt tokens)
2026-10-07 01:01:00.261 INFO  sched: request 'chatcmpl-82f92900b89bb791' prefix cache miss — 3 cut(s), the cache is empty
2026-10-07 01:01:00.261 INFO  sched: request 'chatcmpl-82f92900b89bb791' admitted to slot 0 (reserve 3 blocks; pool 4/2048 blocks in use) — first token 785
2026-10-07 01:01:00.261 INFO  sched: request 'chatcmpl-82f92900b89bb792' prefix cache miss — 3 cut(s), the cache is empty
2026-10-07 01:01:00.261 INFO  sched: request 'chatcmpl-82f92900b89bb792' admitted to slot 1 (reserve 3 blocks; pool 6/2048 blocks in use) — first token 785
2026-10-07 01:01:00.261 INFO  sched: 2 requests admitted together in one prefill (767 ms)
2026-10-07 01:01:04.763 INFO  stats: rank 3 | 10.1 s | decode 35.4 tok/s, 25.8 ms/tok, 91.3 ms/step (101 steps / 357 tok, 91 % of wall) | mtp 1.78 tok/step/req, accept p1 78 % | prefill 2 prompts / 81 tok, 8 tok/s, 9.47 ms/tok, 383 ms avg (8 % of wall), 0 tok cached (0/2 hits) | live 2, queued 0 | pool 6/2048 blocks (0 %) | prefix cache 0/4096 entries
2026-10-07 01:01:13.467 INFO  sched: request 'chatcmpl-82f92900b89bb792' retired (steps): 256 tok in 14.0 s — prefill 40 tok (0 cached) in 767 ms; decode 255 tok / 143 passes in 13.2 s: 19.3 tok/s, 51.8 ms/tok, 92 ms/pass, 1.78 tok/pass, accept p1 78 %
2026-10-07 01:01:13.599 INFO  sched: request 'chatcmpl-82f92900b89bb791' retired (steps): 256 tok in 14.1 s — prefill 41 tok (0 cached) in 767 ms; decode 255 tok / 145 passes in 13.3 s: 19.1 tok/s, 52.3 ms/tok, 92 ms/pass, 1.76 tok/pass, accept p1 77 %
2026-10-07 01:01:13.614 INFO  sched: request 'chatcmpl-82f92900b89bb793' starting prefill in slot 0 (41 prompt tokens)
2026-10-07 01:01:13.614 INFO  sched: request 'chatcmpl-82f92900b89bb794' starting prefill in slot 1 (40 prompt tokens)
2026-10-07 01:01:14.370 INFO  sched: request 'chatcmpl-82f92900b89bb793' prefix cache miss — 3 cut(s), the cache is empty
2026-10-07 01:01:14.370 INFO  sched: request 'chatcmpl-82f92900b89bb793' admitted to slot 0 (reserve 3 blocks; pool 4/2048 blocks in use) — first token 785
2026-10-07 01:01:14.370 INFO  sched: request 'chatcmpl-82f92900b89bb794' prefix cache miss — 3 cut(s), the cache is empty
2026-10-07 01:01:14.370 INFO  sched: request 'chatcmpl-82f92900b89bb794' admitted to slot 1 (reserve 3 blocks; pool 6/2048 blocks in use) — first token 785
2026-10-07 01:01:14.370 INFO  sched: 2 requests admitted together in one prefill (756 ms)
2026-10-07 01:01:14.812 INFO  stats: rank 3 | 10.0 s | decode 35.1 tok/s, 26.1 ms/tok, 91.2 ms/step (101 steps / 353 tok, 92 % of wall) | mtp 1.76 tok/step/req, accept p1 76 % | prefill 2 prompts / 81 tok, 8 tok/s, 9.34 ms/tok, 378 ms avg (8 % of wall), 0 tok cached (0/2 hits) | live 2, queued 0 | pool 6/2048 blocks (0 %) | prefix cache 0/4096 entries
2026-10-07 01:01:24.861 INFO  stats: rank 3 | 10.0 s | decode 38.6 tok/s, 25.7 ms/tok, 91.5 ms/step (109 steps / 388 tok, 99 % of wall) | mtp 1.78 tok/step/req, accept p1 78 % | prefill 0 prompts / 0 tok, 0 tok cached (0/0 hits) | live 2, queued 0 | pool 6/2048 blocks (0 %) | prefix cache 0/4096 entries
2026-10-07 01:01:27.588 INFO  sched: request 'chatcmpl-82f92900b89bb794' retired (steps): 256 tok in 14.0 s — prefill 40 tok (0 cached) in 756 ms; decode 255 tok / 143 passes in 13.2 s: 19.3 tok/s, 51.8 ms/tok, 92 ms/pass, 1.78 tok/pass, accept p1 78 %
2026-10-07 01:01:27.721 INFO  sched: request 'chatcmpl-82f92900b89bb793' retired (steps): 256 tok in 14.1 s — prefill 41 tok (0 cached) in 756 ms; decode 255 tok / 145 passes in 13.4 s: 19.1 tok/s, 52.4 ms/tok, 92 ms/pass, 1.76 tok/pass, accept p1 77 %
2026-10-07 01:01:27.769 INFO  sched: request 'chatcmpl-82f92900b89bb795' starting prefill in slot 0 (40 prompt tokens)
2026-10-07 01:01:27.769 INFO  sched: request 'chatcmpl-82f92900b89bb796' starting prefill in slot 1 (31 prompt tokens)
2026-10-07 01:01:27.769 INFO  sched: request 'chatcmpl-82f92900b89bb797' starting prefill in slot 2 (31 prompt tokens)
2026-10-07 01:01:27.769 INFO  sched: request 'chatcmpl-82f92900b89bb798' starting prefill in slot 3 (31 prompt tokens)
2026-10-07 01:01:28.639 INFO  sched: request 'chatcmpl-82f92900b89bb795' prefix cache miss — 3 cut(s), the cache is empty
2026-10-07 01:01:28.639 INFO  sched: request 'chatcmpl-82f92900b89bb795' admitted to slot 0 (reserve 3 blocks; pool 6/2048 blocks in use) — first token 785
2026-10-07 01:01:28.639 INFO  sched: request 'chatcmpl-82f92900b89bb796' prefix cache miss — 3 cut(s), the cache is empty
2026-10-07 01:01:28.639 INFO  sched: request 'chatcmpl-82f92900b89bb796' admitted to slot 1 (reserve 3 blocks; pool 8/2048 blocks in use) — first token 785
2026-10-07 01:01:28.639 INFO  sched: request 'chatcmpl-82f92900b89bb797' prefix cache miss — 3 cut(s), the cache is empty
2026-10-07 01:01:28.639 INFO  sched: request 'chatcmpl-82f92900b89bb797' admitted to slot 2 (reserve 3 blocks; pool 10/2048 blocks in use) — first token 785
2026-10-07 01:01:28.639 INFO  sched: request 'chatcmpl-82f92900b89bb798' prefix cache miss — 3 cut(s), the cache is empty
2026-10-07 01:01:28.639 INFO  sched: request 'chatcmpl-82f92900b89bb798' admitted to slot 3 (reserve 3 blocks; pool 12/2048 blocks in use) — first token 785
2026-10-07 01:01:28.639 INFO  sched: 4 requests admitted together in one prefill (870 ms)
2026-10-07 01:01:34.976 INFO  stats: rank 3 | 10.1 s | decode 42.3 tok/s, 21.4 ms/tok, 123.6 ms/step (74 steps / 428 tok, 90 % of wall) | mtp 1.84 tok/step/req, accept p1 83 % | prefill 4 prompts / 133 tok, 13 tok/s, 6.54 ms/tok, 218 ms avg (9 % of wall), 0 tok cached (0/4 hits) | live 4, queued 0 | pool 12/2048 blocks (1 %) | prefix cache 0/4096 entries
2026-10-07 01:01:44.994 INFO  stats: rank 3 | 10.0 s | decode 47.8 tok/s, 20.8 ms/tok, 151.1 ms/step (66 steps / 479 tok, 100 % of wall) | mtp 1.81 tok/step/req, accept p1 81 % | prefill 0 prompts / 0 tok, 0 tok cached (0/0 hits) | live 4, queued 0 | pool 12/2048 blocks (1 %) | prefix cache 0/4096 entries
2026-10-07 01:01:49.136 INFO  sched: request 'chatcmpl-82f92900b89bb796' retired (steps): 256 tok in 21.4 s — prefill 31 tok (0 cached) in 870 ms; decode 255 tok / 136 passes in 20.5 s: 12.4 tok/s, 80.4 ms/tok, 151 ms/pass, 1.88 tok/pass, accept p1 88 %
2026-10-07 01:01:49.737 INFO  sched: request 'chatcmpl-82f92900b89bb798' retired (steps): 256 tok in 22.0 s — prefill 31 tok (0 cached) in 870 ms; decode 255 tok / 140 passes in 21.1 s: 12.1 tok/s, 82.7 ms/tok, 151 ms/pass, 1.82 tok/pass, accept p1 83 %
2026-10-07 01:01:49.860 INFO  sched: request 'chatcmpl-82f92900b89bb795' retired (steps): 256 tok in 22.1 s — prefill 40 tok (0 cached) in 870 ms; decode 255 tok / 141 passes in 21.2 s: 12.0 tok/s, 83.2 ms/tok, 151 ms/pass, 1.81 tok/pass, accept p1 82 %
2026-10-07 01:01:49.860 INFO  sched: request 'chatcmpl-82f92900b89bb797' retired (steps): 256 tok in 22.1 s — prefill 31 tok (0 cached) in 870 ms; decode 255 tok / 141 passes in 21.2 s: 12.0 tok/s, 83.2 ms/tok, 151 ms/pass, 1.81 tok/pass, accept p1 81 %
2026-10-07 01:01:49.874 INFO  sched: request 'chatcmpl-82f92900b89bb799' starting prefill in slot 0 (40 prompt tokens)
2026-10-07 01:01:49.874 INFO  sched: request 'chatcmpl-82f92900b89bb79a' starting prefill in slot 1 (31 prompt tokens)
2026-10-07 01:01:49.874 INFO  sched: request 'chatcmpl-82f92900b89bb79b' starting prefill in slot 2 (31 prompt tokens)
2026-10-07 01:01:49.874 INFO  sched: request 'chatcmpl-82f92900b89bb79c' starting prefill in slot 3 (31 prompt tokens)
2026-10-07 01:01:50.761 INFO  sched: request 'chatcmpl-82f92900b89bb799' prefix cache miss — 3 cut(s), the cache is empty
2026-10-07 01:01:50.761 INFO  sched: request 'chatcmpl-82f92900b89bb799' admitted to slot 0 (reserve 3 blocks; pool 6/2048 blocks in use) — first token 785
2026-10-07 01:01:50.761 INFO  sched: request 'chatcmpl-82f92900b89bb79a' prefix cache miss — 3 cut(s), the cache is empty
2026-10-07 01:01:50.761 INFO  sched: request 'chatcmpl-82f92900b89bb79a' admitted to slot 1 (reserve 3 blocks; pool 8/2048 blocks in use) — first token 785
2026-10-07 01:01:50.761 INFO  sched: request 'chatcmpl-82f92900b89bb79b' prefix cache miss — 3 cut(s), the cache is empty
2026-10-07 01:01:50.761 INFO  sched: request 'chatcmpl-82f92900b89bb79b' admitted to slot 2 (reserve 3 blocks; pool 10/2048 blocks in use) — first token 785
2026-10-07 01:01:50.761 INFO  sched: request 'chatcmpl-82f92900b89bb79c' prefix cache miss — 3 cut(s), the cache is empty
2026-10-07 01:01:50.762 INFO  sched: request 'chatcmpl-82f92900b89bb79c' admitted to slot 3 (reserve 3 blocks; pool 12/2048 blocks in use) — first token 785
2026-10-07 01:01:50.762 INFO  sched: 4 requests admitted together in one prefill (887 ms)
2026-10-07 01:01:55.126 INFO  stats: rank 3 | 10.1 s | decode 44.1 tok/s, 20.5 ms/tok, 148.0 ms/step (62 steps / 447 tok, 91 % of wall) | mtp 1.85 tok/step/req, accept p1 84 % | prefill 4 prompts / 133 tok, 13 tok/s, 6.67 ms/tok, 222 ms avg (9 % of wall), 0 tok cached (0/4 hits) | live 4, queued 0 | pool 12/2048 blocks (1 %) | prefix cache 0/4096 entries
2026-10-07 01:02:05.278 INFO  stats: rank 3 | 10.2 s | decode 47.8 tok/s, 20.9 ms/tok, 150.9 ms/step (67 steps / 485 tok, 100 % of wall) | mtp 1.81 tok/step/req, accept p1 81 % | prefill 0 prompts / 0 tok, 0 tok cached (0/0 hits) | live 4, queued 0 | pool 12/2048 blocks (1 %) | prefix cache 0/4096 entries
2026-10-07 01:02:11.269 INFO  sched: request 'chatcmpl-82f92900b89bb79c' retired (steps): 256 tok in 21.4 s — prefill 31 tok (0 cached) in 887 ms; decode 255 tok / 136 passes in 20.5 s: 12.4 tok/s, 80.4 ms/tok, 151 ms/pass, 1.88 tok/pass, accept p1 88 %
2026-10-07 01:02:11.786 INFO  sched: request 'chatcmpl-82f92900b89bb79a' retired (steps): 256 tok in 21.9 s — prefill 31 tok (0 cached) in 887 ms; decode 255 tok / 140 passes in 21.0 s: 12.1 tok/s, 82.4 ms/tok, 150 ms/pass, 1.82 tok/pass, accept p1 83 %
2026-10-07 01:02:11.915 INFO  sched: request 'chatcmpl-82f92900b89bb799' retired (steps): 256 tok in 22.0 s — prefill 40 tok (0 cached) in 887 ms; decode 255 tok / 141 passes in 21.2 s: 12.1 tok/s, 83.0 ms/tok, 150 ms/pass, 1.81 tok/pass, accept p1 82 %
2026-10-07 01:02:11.984 INFO  sched: request 'chatcmpl-82f92900b89bb79b' retired (steps): 256 tok in 22.1 s — prefill 31 tok (0 cached) in 887 ms; decode 255 tok / 142 passes in 21.2 s: 12.0 tok/s, 83.2 ms/tok, 149 ms/pass, 1.80 tok/pass, accept p1 80 %
2026-10-07 01:02:12.004 INFO  sched: request 'chatcmpl-82f92900b89bb79d' starting prefill in slot 0 (31 prompt tokens)
2026-10-07 01:02:12.004 INFO  sched: request 'chatcmpl-82f92900b89bb79e' starting prefill in slot 1 (31 prompt tokens)
2026-10-07 01:02:12.004 INFO  sched: request 'chatcmpl-82f92900b89bb79f' starting prefill in slot 2 (31 prompt tokens)
2026-10-07 01:02:12.005 INFO  sched: request 'chatcmpl-82f92900b89bb7a0' starting prefill in slot 3 (40 prompt tokens)
2026-10-07 01:02:12.890 INFO  sched: request 'chatcmpl-82f92900b89bb79d' prefix cache miss — 3 cut(s), the cache is empty
2026-10-07 01:02:12.890 INFO  sched: request 'chatcmpl-82f92900b89bb79d' admitted to slot 0 (reserve 3 blocks; pool 6/2048 blocks in use) — first token 785
2026-10-07 01:02:12.890 INFO  sched: request 'chatcmpl-82f92900b89bb79e' prefix cache miss — 3 cut(s), the cache is empty
2026-10-07 01:02:12.890 INFO  sched: request 'chatcmpl-82f92900b89bb79e' admitted to slot 1 (reserve 3 blocks; pool 8/2048 blocks in use) — first token 785
2026-10-07 01:02:12.890 INFO  sched: request 'chatcmpl-82f92900b89bb79f' prefix cache miss — 3 cut(s), the cache is empty
2026-10-07 01:02:12.890 INFO  sched: request 'chatcmpl-82f92900b89bb79f' admitted to slot 2 (reserve 3 blocks; pool 10/2048 blocks in use) — first token 785
2026-10-07 01:02:12.890 INFO  sched: request 'chatcmpl-82f92900b89bb7a0' prefix cache miss — 3 cut(s), the cache is empty
2026-10-07 01:02:12.890 INFO  sched: request 'chatcmpl-82f92900b89bb7a0' admitted to slot 3 (reserve 3 blocks; pool 12/2048 blocks in use) — first token 785
2026-10-07 01:02:12.890 INFO  sched: 4 requests admitted together in one prefill (886 ms)
2026-10-07 01:02:15.315 INFO  stats: rank 3 | 10.0 s | decode 44.7 tok/s, 20.2 ms/tok, 146.3 ms/step (62 steps / 449 tok, 90 % of wall) | mtp 1.88 tok/step/req, accept p1 87 % | prefill 4 prompts / 133 tok, 13 tok/s, 6.66 ms/tok, 221 ms avg (9 % of wall), 0 tok cached (0/4 hits) | live 4, queued 0 | pool 12/2048 blocks (1 %) | prefix cache 0/4096 entries
2026-10-07 01:02:25.441 INFO  stats: rank 3 | 10.1 s | decode 48.4 tok/s, 20.6 ms/tok, 150.4 ms/step (67 steps / 490 tok, 99 % of wall) | mtp 1.83 tok/step/req, accept p1 83 % | prefill 0 prompts / 0 tok, 0 tok cached (0/0 hits) | live 4, queued 0 | pool 12/2048 blocks (1 %) | prefix cache 0/4096 entries
2026-10-07 01:02:33.112 INFO  sched: request 'chatcmpl-82f92900b89bb79d' retired (steps): 256 tok in 21.1 s — prefill 31 tok (0 cached) in 886 ms; decode 255 tok / 134 passes in 20.2 s: 12.6 tok/s, 79.3 ms/tok, 151 ms/pass, 1.90 tok/pass, accept p1 90 %
2026-10-07 01:02:33.850 INFO  sched: request 'chatcmpl-82f92900b89bb79e' retired (steps): 256 tok in 21.8 s — prefill 31 tok (0 cached) in 886 ms; decode 255 tok / 139 passes in 21.0 s: 12.2 tok/s, 82.2 ms/tok, 151 ms/pass, 1.83 tok/pass, accept p1 84 %
2026-10-07 01:02:34.131 INFO  sched: request 'chatcmpl-82f92900b89bb79f' retired (steps): 256 tok in 22.1 s — prefill 31 tok (0 cached) in 886 ms; decode 255 tok / 141 passes in 21.2 s: 12.0 tok/s, 83.3 ms/tok, 151 ms/pass, 1.81 tok/pass, accept p1 81 %
2026-10-07 01:02:34.266 INFO  sched: request 'chatcmpl-82f92900b89bb7a0' retired (steps): 256 tok in 22.3 s — prefill 40 tok (0 cached) in 886 ms; decode 255 tok / 143 passes in 21.4 s: 11.9 tok/s, 83.8 ms/tok, 149 ms/pass, 1.78 tok/pass, accept p1 79 %
2026-10-07 01:02:34.330 INFO  sched: request 'chatcmpl-82f92900b89bb7a1' starting prefill in slot 0 (31 prompt tokens)
2026-10-07 01:02:34.330 INFO  sched: request 'chatcmpl-82f92900b89bb7a2' starting prefill in slot 1 (32 prompt tokens)
2026-10-07 01:02:34.330 INFO  sched: request 'chatcmpl-82f92900b89bb7a3' starting prefill in slot 2 (31 prompt tokens)
2026-10-07 01:02:34.330 INFO  sched: request 'chatcmpl-82f92900b89bb7a4' starting prefill in slot 3 (31 prompt tokens)
2026-10-07 01:02:34.330 INFO  sched: request 'chatcmpl-82f92900b89bb7a5' starting prefill in slot 4 (30 prompt tokens)
2026-10-07 01:02:34.330 INFO  sched: request 'chatcmpl-82f92900b89bb7a6' starting prefill in slot 5 (31 prompt tokens)
2026-10-07 01:02:34.330 INFO  sched: request 'chatcmpl-82f92900b89bb7a7' starting prefill in slot 6 (30 prompt tokens)
2026-10-07 01:02:34.330 INFO  sched: request 'chatcmpl-82f92900b89bb7a8' starting prefill in slot 7 (30 prompt tokens)
2026-10-07 01:02:35.723 INFO  sched: request 'chatcmpl-82f92900b89bb7a1' prefix cache miss — 3 cut(s), the cache is empty
2026-10-07 01:02:35.723 INFO  sched: request 'chatcmpl-82f92900b89bb7a1' admitted to slot 0 (reserve 3 blocks; pool 10/2048 blocks in use) — first token 785
2026-10-07 01:02:35.723 INFO  sched: request 'chatcmpl-82f92900b89bb7a2' prefix cache miss — 3 cut(s), the cache is empty
2026-10-07 01:02:35.723 INFO  sched: request 'chatcmpl-82f92900b89bb7a2' admitted to slot 1 (reserve 3 blocks; pool 12/2048 blocks in use) — first token 785
2026-10-07 01:02:35.723 INFO  sched: request 'chatcmpl-82f92900b89bb7a3' prefix cache miss — 3 cut(s), the cache is empty
2026-10-07 01:02:35.723 INFO  sched: request 'chatcmpl-82f92900b89bb7a3' admitted to slot 2 (reserve 3 blocks; pool 14/2048 blocks in use) — first token 785
2026-10-07 01:02:35.723 INFO  sched: request 'chatcmpl-82f92900b89bb7a4' prefix cache miss — 3 cut(s), the cache is empty
2026-10-07 01:02:35.723 INFO  sched: request 'chatcmpl-82f92900b89bb7a4' admitted to slot 3 (reserve 3 blocks; pool 16/2048 blocks in use) — first token 785
2026-10-07 01:02:35.723 INFO  sched: request 'chatcmpl-82f92900b89bb7a5' prefix cache miss — 3 cut(s), the cache is empty
2026-10-07 01:02:35.723 INFO  sched: request 'chatcmpl-82f92900b89bb7a5' admitted to slot 4 (reserve 3 blocks; pool 18/2048 blocks in use) — first token 785
2026-10-07 01:02:35.723 INFO  sched: request 'chatcmpl-82f92900b89bb7a6' prefix cache miss — 3 cut(s), the cache is empty
2026-10-07 01:02:35.723 INFO  sched: request 'chatcmpl-82f92900b89bb7a6' admitted to slot 5 (reserve 3 blocks; pool 20/2048 blocks in use) — first token 785
2026-10-07 01:02:35.723 INFO  sched: request 'chatcmpl-82f92900b89bb7a7' prefix cache miss — 3 cut(s), the cache is empty
2026-10-07 01:02:35.723 INFO  sched: request 'chatcmpl-82f92900b89bb7a7' admitted to slot 6 (reserve 3 blocks; pool 22/2048 blocks in use) — first token 785
2026-10-07 01:02:35.723 INFO  sched: request 'chatcmpl-82f92900b89bb7a8' prefix cache miss — 3 cut(s), the cache is empty
2026-10-07 01:02:35.723 INFO  sched: request 'chatcmpl-82f92900b89bb7a8' admitted to slot 7 (reserve 3 blocks; pool 24/2048 blocks in use) — first token 785
2026-10-07 01:02:35.723 INFO  sched: 8 requests admitted together in one prefill (1393 ms)
2026-10-07 01:02:35.915 INFO  stats: rank 3 | 10.5 s | decode 40.2 tok/s, 21.3 ms/tok, 149.3 ms/step (60 steps / 421 tok, 86 % of wall) | mtp 1.84 tok/step/req, accept p1 81 % | prefill 8 prompts / 246 tok, 23 tok/s, 5.66 ms/tok, 174 ms avg (13 % of wall), 0 tok cached (0/8 hits) | live 8, queued 0 | pool 24/2048 blocks (1 %) | prefix cache 0/4096 entries
2026-10-07 01:02:46.094 INFO  stats: rank 3 | 10.2 s | decode 59.3 tok/s, 16.8 ms/tok, 247.7 ms/step (41 steps / 604 tok, 100 % of wall) | mtp 1.84 tok/step/req, accept p1 84 % | prefill 0 prompts / 0 tok, 0 tok cached (0/0 hits) | live 8, queued 0 | pool 24/2048 blocks (1 %) | prefix cache 0/4096 entries
2026-10-07 01:02:56.119 INFO  stats: rank 3 | 10.0 s | decode 55.7 tok/s, 17.9 ms/tok, 263.0 ms/step (38 steps / 558 tok, 100 % of wall) | mtp 1.84 tok/step/req, accept p1 84 % | prefill 0 prompts / 0 tok, 0 tok cached (0/0 hits) | live 8, queued 0 | pool 24/2048 blocks (1 %) | prefix cache 0/4096 entries
2026-10-07 01:03:06.335 INFO  stats: rank 3 | 10.2 s | decode 55.0 tok/s, 18.1 ms/tok, 268.0 ms/step (38 steps / 562 tok, 100 % of wall) | mtp 1.85 tok/step/req, accept p1 85 % | prefill 0 prompts / 0 tok, 0 tok cached (0/0 hits) | live 8, queued 0 | pool 24/2048 blocks (1 %) | prefix cache 0/4096 entries
2026-10-07 01:03:11.454 INFO  sched: request 'chatcmpl-82f92900b89bb7a4' retired (steps): 256 tok in 37.1 s — prefill 31 tok (0 cached) in 1393 ms; decode 255 tok / 137 passes in 35.7 s: 7.1 tok/s, 140.1 ms/tok, 261 ms/pass, 1.86 tok/pass, accept p1 86 %
2026-10-07 01:03:11.454 INFO  sched: request 'chatcmpl-82f92900b89bb7a6' retired (steps): 256 tok in 37.1 s — prefill 31 tok (0 cached) in 1393 ms; decode 255 tok / 137 passes in 35.7 s: 7.1 tok/s, 140.1 ms/tok, 261 ms/pass, 1.86 tok/pass, accept p1 86 %
2026-10-07 01:03:11.454 INFO  sched: request 'chatcmpl-82f92900b89bb7a7' retired (steps): 256 tok in 37.1 s — prefill 30 tok (0 cached) in 1393 ms; decode 255 tok / 137 passes in 35.7 s: 7.1 tok/s, 140.1 ms/tok, 261 ms/pass, 1.86 tok/pass, accept p1 87 %
2026-10-07 01:03:11.730 INFO  sched: request 'chatcmpl-82f92900b89bb7a2' retired (steps): 256 tok in 37.4 s — prefill 32 tok (0 cached) in 1393 ms; decode 255 tok / 138 passes in 36.0 s: 7.1 tok/s, 141.2 ms/tok, 261 ms/pass, 1.85 tok/pass, accept p1 86 %
2026-10-07 01:03:11.979 INFO  sched: request 'chatcmpl-82f92900b89bb7a1' retired (steps): 256 tok in 37.6 s — prefill 31 tok (0 cached) in 1393 ms; decode 255 tok / 139 passes in 36.3 s: 7.0 tok/s, 142.2 ms/tok, 261 ms/pass, 1.83 tok/pass, accept p1 84 %
2026-10-07 01:03:11.979 INFO  sched: request 'chatcmpl-82f92900b89bb7a5' retired (steps): 256 tok in 37.6 s — prefill 30 tok (0 cached) in 1393 ms; decode 255 tok / 139 passes in 36.3 s: 7.0 tok/s, 142.2 ms/tok, 261 ms/pass, 1.83 tok/pass, accept p1 83 %
2026-10-07 01:03:12.233 INFO  sched: request 'chatcmpl-82f92900b89bb7a8' retired (steps): 256 tok in 37.9 s — prefill 30 tok (0 cached) in 1393 ms; decode 255 tok / 140 passes in 36.5 s: 7.0 tok/s, 143.2 ms/tok, 261 ms/pass, 1.82 tok/pass, accept p1 83 %
2026-10-07 01:03:12.367 INFO  sched: request 'chatcmpl-82f92900b89bb7a3' retired (steps): 256 tok in 38.0 s — prefill 31 tok (0 cached) in 1393 ms; decode 255 tok / 142 passes in 36.6 s: 7.0 tok/s, 143.7 ms/tok, 258 ms/pass, 1.80 tok/pass, accept p1 80 %
2026-10-07 01:03:12.381 INFO  sched: request 'chatcmpl-82f92900b89bb7a9' starting prefill in slot 0 (31 prompt tokens)
2026-10-07 01:03:12.381 INFO  sched: request 'chatcmpl-82f92900b89bb7aa' starting prefill in slot 1 (31 prompt tokens)
2026-10-07 01:03:12.381 INFO  sched: request 'chatcmpl-82f92900b89bb7ab' starting prefill in slot 2 (31 prompt tokens)
2026-10-07 01:03:12.381 INFO  sched: request 'chatcmpl-82f92900b89bb7ac' starting prefill in slot 3 (30 prompt tokens)
2026-10-07 01:03:12.381 INFO  sched: request 'chatcmpl-82f92900b89bb7ad' starting prefill in slot 4 (32 prompt tokens)
2026-10-07 01:03:12.382 INFO  sched: request 'chatcmpl-82f92900b89bb7ae' starting prefill in slot 5 (30 prompt tokens)
2026-10-07 01:03:12.382 INFO  sched: request 'chatcmpl-82f92900b89bb7af' starting prefill in slot 6 (31 prompt tokens)
2026-10-07 01:03:12.382 INFO  sched: request 'chatcmpl-82f92900b89bb7b0' starting prefill in slot 7 (30 prompt tokens)
2026-10-07 01:03:13.778 INFO  sched: request 'chatcmpl-82f92900b89bb7a9' prefix cache miss — 3 cut(s), the cache is empty
2026-10-07 01:03:13.778 INFO  sched: request 'chatcmpl-82f92900b89bb7a9' admitted to slot 0 (reserve 3 blocks; pool 10/2048 blocks in use) — first token 785
2026-10-07 01:03:13.778 INFO  sched: request 'chatcmpl-82f92900b89bb7aa' prefix cache miss — 3 cut(s), the cache is empty
2026-10-07 01:03:13.778 INFO  sched: request 'chatcmpl-82f92900b89bb7aa' admitted to slot 1 (reserve 3 blocks; pool 12/2048 blocks in use) — first token 785
2026-10-07 01:03:13.778 INFO  sched: request 'chatcmpl-82f92900b89bb7ab' prefix cache miss — 3 cut(s), the cache is empty
2026-10-07 01:03:13.778 INFO  sched: request 'chatcmpl-82f92900b89bb7ab' admitted to slot 2 (reserve 3 blocks; pool 14/2048 blocks in use) — first token 785
2026-10-07 01:03:13.778 INFO  sched: request 'chatcmpl-82f92900b89bb7ac' prefix cache miss — 3 cut(s), the cache is empty
2026-10-07 01:03:13.778 INFO  sched: request 'chatcmpl-82f92900b89bb7ac' admitted to slot 3 (reserve 3 blocks; pool 16/2048 blocks in use) — first token 785
2026-10-07 01:03:13.778 INFO  sched: request 'chatcmpl-82f92900b89bb7ad' prefix cache miss — 3 cut(s), the cache is empty
2026-10-07 01:03:13.778 INFO  sched: request 'chatcmpl-82f92900b89bb7ad' admitted to slot 4 (reserve 3 blocks; pool 18/2048 blocks in use) — first token 785
2026-10-07 01:03:13.778 INFO  sched: request 'chatcmpl-82f92900b89bb7ae' prefix cache miss — 3 cut(s), the cache is empty
2026-10-07 01:03:13.778 INFO  sched: request 'chatcmpl-82f92900b89bb7ae' admitted to slot 5 (reserve 3 blocks; pool 20/2048 blocks in use) — first token 785
2026-10-07 01:03:13.778 INFO  sched: request 'chatcmpl-82f92900b89bb7af' prefix cache miss — 3 cut(s), the cache is empty
2026-10-07 01:03:13.778 INFO  sched: request 'chatcmpl-82f92900b89bb7af' admitted to slot 6 (reserve 3 blocks; pool 22/2048 blocks in use) — first token 785
2026-10-07 01:03:13.778 INFO  sched: request 'chatcmpl-82f92900b89bb7b0' prefix cache miss — 3 cut(s), the cache is empty
2026-10-07 01:03:13.778 INFO  sched: request 'chatcmpl-82f92900b89bb7b0' admitted to slot 7 (reserve 3 blocks; pool 24/2048 blocks in use) — first token 785
2026-10-07 01:03:13.778 INFO  sched: 8 requests admitted together in one prefill (1396 ms)
2026-10-07 01:03:16.482 INFO  stats: rank 3 | 10.1 s | decode 47.3 tok/s, 18.0 ms/tok, 240.5 ms/step (36 steps / 480 tok, 85 % of wall) | mtp 1.84 tok/step/req, accept p1 82 % | prefill 8 prompts / 246 tok, 24 tok/s, 5.68 ms/tok, 175 ms avg (14 % of wall), 0 tok cached (0/8 hits) | live 8, queued 0 | pool 24/2048 blocks (1 %) | prefix cache 0/4096 entries
2026-10-07 01:03:26.503 INFO  stats: rank 3 | 10.0 s | decode 58.2 tok/s, 17.1 ms/tok, 256.3 ms/step (39 steps / 583 tok, 100 % of wall) | mtp 1.87 tok/step/req, accept p1 87 % | prefill 0 prompts / 0 tok, 0 tok cached (0/0 hits) | live 8, queued 0 | pool 24/2048 blocks (1 %) | prefix cache 0/4096 entries
2026-10-07 01:03:36.577 INFO  stats: rank 3 | 10.1 s | decode 54.9 tok/s, 18.2 ms/tok, 264.4 ms/step (38 steps / 553 tok, 100 % of wall) | mtp 1.82 tok/step/req, accept p1 82 % | prefill 0 prompts / 0 tok, 0 tok cached (0/0 hits) | live 8, queued 0 | pool 24/2048 blocks (1 %) | prefix cache 0/4096 entries
2026-10-07 01:03:46.796 INFO  stats: rank 3 | 10.2 s | decode 55.1 tok/s, 18.1 ms/tok, 268.1 ms/step (38 steps / 563 tok, 100 % of wall) | mtp 1.85 tok/step/req, accept p1 85 % | prefill 0 prompts / 0 tok, 0 tok cached (0/0 hits) | live 8, queued 0 | pool 24/2048 blocks (1 %) | prefix cache 0/4096 entries
2026-10-07 01:03:49.490 INFO  sched: request 'chatcmpl-82f92900b89bb7aa' retired (steps): 256 tok in 37.1 s — prefill 31 tok (0 cached) in 1396 ms; decode 255 tok / 137 passes in 35.7 s: 7.1 tok/s, 140.0 ms/tok, 261 ms/pass, 1.86 tok/pass, accept p1 86 %
2026-10-07 01:03:49.490 INFO  sched: request 'chatcmpl-82f92900b89bb7ac' retired (steps): 256 tok in 37.1 s — prefill 30 tok (0 cached) in 1396 ms; decode 255 tok / 137 passes in 35.7 s: 7.1 tok/s, 140.0 ms/tok, 261 ms/pass, 1.86 tok/pass, accept p1 87 %
2026-10-07 01:03:49.490 INFO  sched: request 'chatcmpl-82f92900b89bb7af' retired (steps): 256 tok in 37.1 s — prefill 31 tok (0 cached) in 1396 ms; decode 255 tok / 137 passes in 35.7 s: 7.1 tok/s, 140.0 ms/tok, 261 ms/pass, 1.86 tok/pass, accept p1 86 %
2026-10-07 01:03:49.751 INFO  sched: request 'chatcmpl-82f92900b89bb7ad' retired (steps): 256 tok in 37.4 s — prefill 32 tok (0 cached) in 1396 ms; decode 255 tok / 138 passes in 36.0 s: 7.1 tok/s, 141.1 ms/tok, 261 ms/pass, 1.85 tok/pass, accept p1 86 %
2026-10-07 01:03:49.996 INFO  sched: request 'chatcmpl-82f92900b89bb7ab' retired (steps): 256 tok in 37.6 s — prefill 31 tok (0 cached) in 1396 ms; decode 255 tok / 139 passes in 36.2 s: 7.0 tok/s, 142.0 ms/tok, 261 ms/pass, 1.83 tok/pass, accept p1 84 %
2026-10-07 01:03:49.997 INFO  sched: request 'chatcmpl-82f92900b89bb7ae' retired (steps): 256 tok in 37.6 s — prefill 30 tok (0 cached) in 1396 ms; decode 255 tok / 139 passes in 36.2 s: 7.0 tok/s, 142.0 ms/tok, 261 ms/pass, 1.83 tok/pass, accept p1 83 %
2026-10-07 01:03:50.447 INFO  sched: request 'chatcmpl-82f92900b89bb7b0' retired (steps): 256 tok in 38.1 s — prefill 30 tok (0 cached) in 1396 ms; decode 255 tok / 141 passes in 36.7 s: 7.0 tok/s, 143.8 ms/tok, 260 ms/pass, 1.81 tok/pass, accept p1 82 %
2026-10-07 01:03:50.583 INFO  sched: request 'chatcmpl-82f92900b89bb7a9' retired (steps): 256 tok in 38.2 s — prefill 31 tok (0 cached) in 1396 ms; decode 255 tok / 143 passes in 36.8 s: 6.9 tok/s, 144.3 ms/tok, 257 ms/pass, 1.78 tok/pass, accept p1 78 %
2026-10-07 01:03:50.603 INFO  sched: request 'chatcmpl-82f92900b89bb7b1' starting prefill in slot 0 (31 prompt tokens)
2026-10-07 01:03:50.603 INFO  sched: request 'chatcmpl-82f92900b89bb7b2' starting prefill in slot 1 (31 prompt tokens)
2026-10-07 01:03:50.603 INFO  sched: request 'chatcmpl-82f92900b89bb7b3' starting prefill in slot 2 (30 prompt tokens)
2026-10-07 01:03:50.603 INFO  sched: request 'chatcmpl-82f92900b89bb7b4' starting prefill in slot 3 (31 prompt tokens)
2026-10-07 01:03:50.603 INFO  sched: request 'chatcmpl-82f92900b89bb7b5' starting prefill in slot 4 (32 prompt tokens)
2026-10-07 01:03:50.603 INFO  sched: request 'chatcmpl-82f92900b89bb7b6' starting prefill in slot 5 (30 prompt tokens)
2026-10-07 01:03:50.603 INFO  sched: request 'chatcmpl-82f92900b89bb7b7' starting prefill in slot 6 (31 prompt tokens)
2026-10-07 01:03:50.603 INFO  sched: request 'chatcmpl-82f92900b89bb7b8' starting prefill in slot 7 (30 prompt tokens)
2026-10-07 01:03:51.991 INFO  sched: request 'chatcmpl-82f92900b89bb7b1' prefix cache miss — 3 cut(s), the cache is empty
2026-10-07 01:03:51.991 INFO  sched: request 'chatcmpl-82f92900b89bb7b1' admitted to slot 0 (reserve 3 blocks; pool 10/2048 blocks in use) — first token 785
2026-10-07 01:03:51.991 INFO  sched: request 'chatcmpl-82f92900b89bb7b2' prefix cache miss — 3 cut(s), the cache is empty
2026-10-07 01:03:51.991 INFO  sched: request 'chatcmpl-82f92900b89bb7b2' admitted to slot 1 (reserve 3 blocks; pool 12/2048 blocks in use) — first token 785
2026-10-07 01:03:51.991 INFO  sched: request 'chatcmpl-82f92900b89bb7b3' prefix cache miss — 3 cut(s), the cache is empty
2026-10-07 01:03:51.991 INFO  sched: request 'chatcmpl-82f92900b89bb7b3' admitted to slot 2 (reserve 3 blocks; pool 14/2048 blocks in use) — first token 785
2026-10-07 01:03:51.991 INFO  sched: request 'chatcmpl-82f92900b89bb7b4' prefix cache miss — 3 cut(s), the cache is empty
2026-10-07 01:03:51.991 INFO  sched: request 'chatcmpl-82f92900b89bb7b4' admitted to slot 3 (reserve 3 blocks; pool 16/2048 blocks in use) — first token 785
2026-10-07 01:03:51.991 INFO  sched: request 'chatcmpl-82f92900b89bb7b5' prefix cache miss — 3 cut(s), the cache is empty
2026-10-07 01:03:51.991 INFO  sched: request 'chatcmpl-82f92900b89bb7b5' admitted to slot 4 (reserve 3 blocks; pool 18/2048 blocks in use) — first token 785
2026-10-07 01:03:51.991 INFO  sched: request 'chatcmpl-82f92900b89bb7b6' prefix cache miss — 3 cut(s), the cache is empty
2026-10-07 01:03:51.991 INFO  sched: request 'chatcmpl-82f92900b89bb7b6' admitted to slot 5 (reserve 3 blocks; pool 20/2048 blocks in use) — first token 785
2026-10-07 01:03:51.991 INFO  sched: request 'chatcmpl-82f92900b89bb7b7' prefix cache miss — 3 cut(s), the cache is empty
2026-10-07 01:03:51.991 INFO  sched: request 'chatcmpl-82f92900b89bb7b7' admitted to slot 6 (reserve 3 blocks; pool 22/2048 blocks in use) — first token 785
2026-10-07 01:03:51.991 INFO  sched: request 'chatcmpl-82f92900b89bb7b8' prefix cache miss — 3 cut(s), the cache is empty
2026-10-07 01:03:51.992 INFO  sched: request 'chatcmpl-82f92900b89bb7b8' admitted to slot 7 (reserve 3 blocks; pool 24/2048 blocks in use) — first token 785
2026-10-07 01:03:51.992 INFO  sched: 8 requests admitted together in one prefill (1389 ms)
2026-10-07 01:03:56.970 INFO  stats: rank 3 | 10.2 s | decode 47.2 tok/s, 18.1 ms/tok, 235.3 ms/step (37 steps / 480 tok, 86 % of wall) | mtp 1.83 tok/step/req, accept p1 81 % | prefill 8 prompts / 246 tok, 24 tok/s, 5.64 ms/tok, 174 ms avg (14 % of wall), 0 tok cached (0/8 hits) | live 8, queued 0 | pool 24/2048 blocks (1 %) | prefix cache 0/4096 entries
2026-10-07 01:04:07.098 INFO  stats: rank 3 | 10.1 s | decode 57.2 tok/s, 17.4 ms/tok, 259.0 ms/step (39 steps / 579 tok, 100 % of wall) | mtp 1.86 tok/step/req, accept p1 86 % | prefill 0 prompts / 0 tok, 0 tok cached (0/0 hits) | live 8, queued 0 | pool 24/2048 blocks (1 %) | prefix cache 0/4096 entries
2026-10-07 01:04:17.224 INFO  stats: rank 3 | 10.1 s | decode 55.2 tok/s, 18.1 ms/tok, 265.7 ms/step (38 steps / 559 tok, 100 % of wall) | mtp 1.84 tok/step/req, accept p1 84 % | prefill 0 prompts / 0 tok, 0 tok cached (0/0 hits) | live 8, queued 0 | pool 24/2048 blocks (1 %) | prefix cache 0/4096 entries
2026-10-07 01:04:27.464 INFO  stats: rank 3 | 10.2 s | decode 54.7 tok/s, 18.2 ms/tok, 268.6 ms/step (38 steps / 560 tok, 100 % of wall) | mtp 1.84 tok/step/req, accept p1 84 % | prefill 0 prompts / 0 tok, 0 tok cached (0/0 hits) | live 8, queued 0 | pool 24/2048 blocks (1 %) | prefix cache 0/4096 entries
2026-10-07 01:04:27.744 INFO  sched: request 'chatcmpl-82f92900b89bb7b4' retired (steps): 256 tok in 37.1 s — prefill 31 tok (0 cached) in 1389 ms; decode 255 tok / 137 passes in 35.8 s: 7.1 tok/s, 140.2 ms/tok, 261 ms/pass, 1.86 tok/pass, accept p1 86 %
2026-10-07 01:04:27.744 INFO  sched: request 'chatcmpl-82f92900b89bb7b7' retired (steps): 256 tok in 37.1 s — prefill 31 tok (0 cached) in 1389 ms; decode 255 tok / 137 passes in 35.8 s: 7.1 tok/s, 140.2 ms/tok, 261 ms/pass, 1.86 tok/pass, accept p1 86 %
2026-10-07 01:04:28.007 INFO  sched: request 'chatcmpl-82f92900b89bb7b8' retired (steps): 256 tok in 37.4 s — prefill 30 tok (0 cached) in 1389 ms; decode 255 tok / 138 passes in 36.0 s: 7.1 tok/s, 141.2 ms/tok, 261 ms/pass, 1.85 tok/pass, accept p1 86 %
2026-10-07 01:04:28.217 INFO  sched: request 'chatcmpl-82f92900b89bb7b1' retired (steps): 256 tok in 37.6 s — prefill 31 tok (0 cached) in 1389 ms; decode 255 tok / 139 passes in 36.2 s: 7.0 tok/s, 142.1 ms/tok, 261 ms/pass, 1.83 tok/pass, accept p1 84 %
2026-10-07 01:04:28.217 INFO  sched: request 'chatcmpl-82f92900b89bb7b3' retired (steps): 256 tok in 37.6 s — prefill 30 tok (0 cached) in 1389 ms; decode 255 tok / 139 passes in 36.2 s: 7.0 tok/s, 142.1 ms/tok, 261 ms/pass, 1.83 tok/pass, accept p1 83 %
2026-10-07 01:04:28.217 INFO  sched: request 'chatcmpl-82f92900b89bb7b5' retired (steps): 256 tok in 37.6 s — prefill 32 tok (0 cached) in 1389 ms; decode 255 tok / 139 passes in 36.2 s: 7.0 tok/s, 142.1 ms/tok, 261 ms/pass, 1.83 tok/pass, accept p1 84 %
2026-10-07 01:04:28.426 INFO  sched: request 'chatcmpl-82f92900b89bb7b6' retired (steps): 256 tok in 37.8 s — prefill 30 tok (0 cached) in 1389 ms; decode 255 tok / 140 passes in 36.4 s: 7.0 tok/s, 142.9 ms/tok, 260 ms/pass, 1.82 tok/pass, accept p1 83 %
2026-10-07 01:04:28.621 INFO  sched: request 'chatcmpl-82f92900b89bb7b2' retired (steps): 256 tok in 38.0 s — prefill 31 tok (0 cached) in 1389 ms; decode 255 tok / 143 passes in 36.6 s: 7.0 tok/s, 143.6 ms/tok, 256 ms/pass, 1.78 tok/pass, accept p1 78 %
2026-10-07 01:04:28.743 INFO  sched: request 'chatcmpl-82f92900b89bb7b9' starting prefill in slot 0 (541 prompt tokens)
2026-10-07 01:04:29.896 INFO  sched: request 'chatcmpl-82f92900b89bb7b9' prefix cache miss — 3 cut(s), the cache is empty
2026-10-07 01:04:29.896 INFO  sched: request 'chatcmpl-82f92900b89bb7b9' admitted to slot 0 (reserve 5 blocks; pool 5/2048 blocks in use) — first token 785
2026-10-07 01:04:29.896 INFO  sched: request 'chatcmpl-82f92900b89bb7b9' retired (steps): 1 tok in 1.2 s — prefill 541 tok (0 cached) in 1153 ms; decode 0 tok / 0 passes in 0.0 s
2026-10-07 01:04:29.906 INFO  sched: request 'chatcmpl-82f92900b89bb7ba' starting prefill in slot 0 (2021 prompt tokens)
2026-10-07 01:04:34.028 INFO  sched: request 'chatcmpl-82f92900b89bb7ba' prefix cache miss — 3 cut(s), the cache is empty
2026-10-07 01:04:34.028 INFO  sched: request 'chatcmpl-82f92900b89bb7ba' admitted to slot 0 (reserve 16 blocks; pool 17/2048 blocks in use) — first token 785
2026-10-07 01:04:34.029 INFO  sched: request 'chatcmpl-82f92900b89bb7ba' retired (steps): 1 tok in 4.1 s — prefill 2021 tok (0 cached) in 4122 ms; decode 0 tok / 0 passes in 0.0 s
2026-10-07 01:04:34.055 INFO  sched: request 'chatcmpl-82f92900b89bb7bb' starting prefill in slot 0 (2054 prompt tokens)
2026-10-07 01:04:38.416 INFO  sched: request 'chatcmpl-82f92900b89bb7bb' prefix cache miss — 4 cut(s) probed against 2 entries; the nearest entry (position 2021) shares the first 37 of the prompt's 2054 tokens (the prompt differs from it from that token on)
2026-10-07 01:04:38.416 INFO  sched: request 'chatcmpl-82f92900b89bb7bb' admitted to slot 0 (reserve 17 blocks; pool 35/2048 blocks in use) — first token 785
2026-10-07 01:04:38.426 INFO  sched: request 'chatcmpl-82f92900b89bb7bb' retired (steps): 1 tok in 4.4 s — prefill 2054 tok (0 cached) in 4361 ms; decode 0 tok / 0 passes in 0.0 s
2026-10-07 01:04:38.426 INFO  stats: rank 3 | 11.0 s | decode 3.9 tok/s, 26.0 ms/tok, 159.7 ms/step (7 steps / 43 tok, 10 % of wall) | mtp 1.79 tok/step/req, accept p1 83 % | prefill 3 prompts / 4616 tok, 421 tok/s, 2.09 ms/tok, 3212 ms avg (88 % of wall), 0 tok cached (0/3 hits) | live 0, queued 0 | pool 35/2048 blocks (2 %) | prefix cache 4/4096 entries
2026-10-07 01:04:38.427 INFO  sched: request 'chatcmpl-82f92900b89bb7bc' starting prefill in slot 0 (2029 prompt tokens)
2026-10-07 01:04:42.553 INFO  sched: request 'chatcmpl-82f92900b89bb7bc' prefix cache miss — 3 cut(s) probed against 4 entries; the nearest entry (position 2054) shares the first 37 of the prompt's 2029 tokens (the prompt differs from it from that token on)
2026-10-07 01:04:42.553 INFO  sched: request 'chatcmpl-82f92900b89bb7bc' admitted to slot 0 (reserve 16 blocks; pool 52/2048 blocks in use) — first token 785
2026-10-07 01:04:42.554 INFO  sched: request 'chatcmpl-82f92900b89bb7bc' retired (steps): 1 tok in 4.1 s — prefill 2029 tok (0 cached) in 4126 ms; decode 0 tok / 0 passes in 0.0 s
2026-10-07 01:04:42.585 INFO  sched: request 'chatcmpl-82f92900b89bb7bd' starting prefill in slot 0 (8002 prompt tokens)
2026-10-07 01:05:07.770 INFO  sched: request 'chatcmpl-82f92900b89bb7bd' prefix cache miss — 6 cut(s) probed against 6 entries; the nearest entry (position 2054) shares the first 34 of the prompt's 8002 tokens (the prompt differs from it from that token on)
2026-10-07 01:05:07.770 INFO  sched: request 'chatcmpl-82f92900b89bb7bd' admitted to slot 0 (reserve 63 blocks; pool 116/2048 blocks in use) — first token 785
2026-10-07 01:05:07.780 INFO  sched: request 'chatcmpl-82f92900b89bb7bd' retired (steps): 1 tok in 25.2 s — prefill 8002 tok (0 cached) in 25185 ms; decode 0 tok / 0 passes in 0.0 s
2026-10-07 01:05:07.780 INFO  stats: rank 3 | 29.4 s | decode 0.1 tok/s, 0.0 ms/tok, 0.0 ms/step (0 steps / 2 tok, 0 % of wall) | prefill 2 prompts / 10031 tok, 342 tok/s, 2.92 ms/tok, 14655 ms avg (100 % of wall), 0 tok cached (0/2 hits) | live 0, queued 0 | pool 116/2048 blocks (6 %) | prefix cache 8/4096 entries
2026-10-07 01:05:07.787 INFO  sched: request 'chatcmpl-82f92900b89bb7be' starting prefill in slot 0 (8052 prompt tokens)
2026-10-07 01:05:33.081 INFO  sched: request 'chatcmpl-82f92900b89bb7be' prefix cache miss — 6 cut(s) probed against 8 entries; the nearest entry (position 8002) shares the first 38 of the prompt's 8052 tokens (the prompt differs from it from that token on)
2026-10-07 01:05:33.081 INFO  sched: request 'chatcmpl-82f92900b89bb7be' admitted to slot 0 (reserve 63 blocks; pool 180/2048 blocks in use) — first token 785
2026-10-07 01:05:33.082 INFO  sched: request 'chatcmpl-82f92900b89bb7be' retired (steps): 1 tok in 25.3 s — prefill 8052 tok (0 cached) in 25294 ms; decode 0 tok / 0 passes in 0.0 s
2026-10-07 01:05:33.082 INFO  stats: rank 3 | 25.3 s | decode 0.0 tok/s, 0.0 ms/tok, 0.0 ms/step (0 steps / 1 tok, 0 % of wall) | prefill 1 prompt / 8052 tok, 318 tok/s, 3.14 ms/tok, 25294 ms avg (100 % of wall), 0 tok cached (0/1 hit) | live 0, queued 0 | pool 180/2048 blocks (9 %) | prefix cache 10/4096 entries
2026-10-07 01:05:33.120 INFO  sched: request 'chatcmpl-82f92900b89bb7bf' starting prefill in slot 0 (8191 prompt tokens)
2026-10-07 01:05:58.916 INFO  sched: request 'chatcmpl-82f92900b89bb7bf' prefix cache miss — 6 cut(s) probed against 10 entries; the nearest entry (position 8052) shares the first 38 of the prompt's 8191 tokens (the prompt differs from it from that token on)
2026-10-07 01:05:58.916 INFO  sched: request 'chatcmpl-82f92900b89bb7bf' admitted to slot 0 (reserve 64 blocks; pool 245/2048 blocks in use) — first token 785
2026-10-07 01:05:58.917 INFO  sched: request 'chatcmpl-82f92900b89bb7bf' retired (steps): 1 tok in 25.8 s — prefill 8191 tok (0 cached) in 25796 ms; decode 0 tok / 0 passes in 0.0 s
2026-10-07 01:05:58.917 INFO  stats: rank 3 | 25.8 s | decode 0.0 tok/s, 0.0 ms/tok, 0.0 ms/step (0 steps / 1 tok, 0 % of wall) | prefill 1 prompt / 8191 tok, 317 tok/s, 3.15 ms/tok, 25796 ms avg (100 % of wall), 0 tok cached (0/1 hit) | live 0, queued 0 | pool 245/2048 blocks (12 %) | prefix cache 12/4096 entries
2026-10-07 01:05:58.948 INFO  sched: request 'chatcmpl-82f92900b89bb7c0' starting prefill in slot 0 (32214 prompt tokens)
2026-10-07 01:08:03.472 INFO  sched: request 'chatcmpl-82f92900b89bb7c0' prefix cache miss — 18 cut(s) probed against 12 entries; the nearest entry (position 8191) shares the first 34 of the prompt's 32214 tokens (the prompt differs from it from that token on)
2026-10-07 01:08:03.472 INFO  sched: request 'chatcmpl-82f92900b89bb7c0' admitted to slot 0 (reserve 252 blocks; pool 498/2048 blocks in use) — first token 785
2026-10-07 01:08:03.474 INFO  sched: request 'chatcmpl-82f92900b89bb7c0' retired (steps): 1 tok in 124.5 s — prefill 32214 tok (0 cached) in 124525 ms; decode 0 tok / 0 passes in 0.0 s
2026-10-07 01:08:03.474 INFO  stats: rank 3 | 124.6 s | decode 0.0 tok/s, 0.0 ms/tok, 0.0 ms/step (0 steps / 1 tok, 0 % of wall) | prefill 1 prompt / 32214 tok, 259 tok/s, 3.87 ms/tok, 124525 ms avg (100 % of wall), 0 tok cached (0/1 hit) | live 0, queued 0 | pool 498/2048 blocks (24 %) | prefix cache 15/4096 entries
2026-10-07 01:08:03.507 INFO  sched: request 'chatcmpl-82f92900b89bb7c1' starting prefill in slot 0 (32248 prompt tokens)
2026-10-07 01:10:08.068 INFO  sched: request 'chatcmpl-82f92900b89bb7c1' prefix cache miss — 18 cut(s) probed against 15 entries; the nearest entry (position 32214) shares the first 38 of the prompt's 32248 tokens (the prompt differs from it from that token on)
2026-10-07 01:10:08.069 INFO  sched: request 'chatcmpl-82f92900b89bb7c1' admitted to slot 0 (reserve 252 blocks; pool 751/2048 blocks in use) — first token 785
2026-10-07 01:10:08.070 INFO  sched: request 'chatcmpl-82f92900b89bb7c1' retired (steps): 1 tok in 124.6 s — prefill 32248 tok (0 cached) in 124562 ms; decode 0 tok / 0 passes in 0.0 s
2026-10-07 01:10:08.070 INFO  stats: rank 3 | 124.6 s | decode 0.0 tok/s, 0.0 ms/tok, 0.0 ms/step (0 steps / 1 tok, 0 % of wall) | prefill 1 prompt / 32248 tok, 259 tok/s, 3.86 ms/tok, 124562 ms avg (100 % of wall), 0 tok cached (0/1 hit) | live 0, queued 0 | pool 751/2048 blocks (37 %) | prefix cache 18/4096 entries
2026-10-07 01:10:08.098 INFO  sched: request 'chatcmpl-82f92900b89bb7c2' starting prefill in slot 0 (32208 prompt tokens)
2026-10-07 01:12:12.565 INFO  sched: request 'chatcmpl-82f92900b89bb7c2' prefix cache miss — 18 cut(s) probed against 18 entries; the nearest entry (position 32248) shares the first 38 of the prompt's 32208 tokens (the prompt differs from it from that token on)
2026-10-07 01:12:12.565 INFO  sched: request 'chatcmpl-82f92900b89bb7c2' admitted to slot 0 (reserve 252 blocks; pool 1004/2048 blocks in use) — first token 785
2026-10-07 01:12:12.566 INFO  sched: request 'chatcmpl-82f92900b89bb7c2' retired (steps): 1 tok in 124.5 s — prefill 32208 tok (0 cached) in 124467 ms; decode 0 tok / 0 passes in 0.0 s
2026-10-07 01:12:12.566 INFO  stats: rank 3 | 124.5 s | decode 0.0 tok/s, 0.0 ms/tok, 0.0 ms/step (0 steps / 1 tok, 0 % of wall) | prefill 1 prompt / 32208 tok, 259 tok/s, 3.86 ms/tok, 124467 ms avg (100 % of wall), 0 tok cached (0/1 hit) | live 0, queued 0 | pool 1004/2048 blocks (49 %) | prefix cache 21/4096 entries
2026-10-07 01:12:13.024 INFO  sched: request 'chatcmpl-82f92900b89bb7c3' starting prefill in slot 0 (95 prompt tokens)
2026-10-07 01:12:13.839 INFO  sched: request 'chatcmpl-82f92900b89bb7c3' prefix cache miss — 3 cut(s) probed against 21 entries; the nearest entry (position 32248) shares the first 10 of the prompt's 95 tokens (the prompt differs from it from that token on)
2026-10-07 01:12:13.839 INFO  sched: request 'chatcmpl-82f92900b89bb7c3' admitted to slot 0 (reserve 3 blocks; pool 1007/2048 blocks in use) — first token 785
2026-10-07 01:12:22.623 INFO  sched: request 'chatcmpl-82f92900b89bb7c3' retired (steps): 256 tok in 9.6 s — prefill 95 tok (0 cached) in 815 ms; decode 255 tok / 137 passes in 8.8 s: 29.0 tok/s, 34.4 ms/tok, 64 ms/pass, 1.86 tok/pass, accept p1 86 %
2026-10-07 01:12:22.623 INFO  stats: rank 3 | 10.1 s | decode 25.5 tok/s, 34.0 ms/tok, 63.5 ms/step (137 steps / 256 tok, 86 % of wall) | mtp 1.87 tok/step/req, accept p1 86 % | prefill 1 prompt / 95 tok, 9 tok/s, 8.58 ms/tok, 815 ms avg (8 % of wall), 0 tok cached (0/1 hit) | live 0, queued 0 | pool 1004/2048 blocks (49 %) | prefix cache 21/4096 entries
2026-10-07 01:12:22.654 INFO  sched: request 'chatcmpl-82f92900b89bb7c4' starting prefill in slot 0 (95 prompt tokens)
2026-10-07 01:12:23.472 INFO  sched: request 'chatcmpl-82f92900b89bb7c4' prefix cache miss — 3 cut(s) probed against 21 entries; the nearest entry (position 32248) shares the first 10 of the prompt's 95 tokens (the prompt differs from it from that token on)
2026-10-07 01:12:23.472 INFO  sched: request 'chatcmpl-82f92900b89bb7c4' admitted to slot 0 (reserve 3 blocks; pool 1007/2048 blocks in use) — first token 785
2026-10-07 01:12:32.235 INFO  sched: request 'chatcmpl-82f92900b89bb7c4' retired (steps): 256 tok in 9.6 s — prefill 95 tok (0 cached) in 818 ms; decode 255 tok / 137 passes in 8.8 s: 29.1 tok/s, 34.4 ms/tok, 64 ms/pass, 1.86 tok/pass, accept p1 86 %
2026-10-07 01:12:32.244 INFO  sched: request 'chatcmpl-82f92900b89bb7c5' starting prefill in slot 0 (95 prompt tokens)
2026-10-07 01:12:33.076 INFO  sched: request 'chatcmpl-82f92900b89bb7c5' prefix cache miss — 3 cut(s) probed against 21 entries; the nearest entry (position 32248) shares the first 10 of the prompt's 95 tokens (the prompt differs from it from that token on)
2026-10-07 01:12:33.076 INFO  sched: request 'chatcmpl-82f92900b89bb7c5' admitted to slot 0 (reserve 3 blocks; pool 1007/2048 blocks in use) — first token 785
2026-10-07 01:12:33.142 INFO  stats: rank 3 | 10.5 s | decode 24.6 tok/s, 33.7 ms/tok, 63.3 ms/step (138 steps / 259 tok, 83 % of wall) | mtp 1.88 tok/step/req, accept p1 86 % | prefill 2 prompts / 190 tok, 18 tok/s, 8.68 ms/tok, 825 ms avg (16 % of wall), 0 tok cached (0/2 hits) | live 1, queued 0 | pool 1007/2048 blocks (49 %) | prefix cache 21/4096 entries
2026-10-07 01:12:41.833 INFO  sched: request 'chatcmpl-82f92900b89bb7c5' retired (steps): 256 tok in 9.6 s — prefill 95 tok (0 cached) in 832 ms; decode 255 tok / 137 passes in 8.8 s: 29.1 tok/s, 34.3 ms/tok, 64 ms/pass, 1.86 tok/pass, accept p1 86 %
2026-10-07 01:12:42.649 INFO  sched: request 'chatcmpl-82f92900b89bb7c6' starting prefill in slot 0 (32237 prompt tokens)
2026-10-07 01:14:47.565 INFO  sched: request 'chatcmpl-82f92900b89bb7c6' prefix cache miss — 18 cut(s) probed against 21 entries; the nearest entry (position 32248) shares the first 10 of the prompt's 32237 tokens (the prompt differs from it from that token on)
2026-10-07 01:14:47.566 INFO  sched: request 'chatcmpl-82f92900b89bb7c6' admitted to slot 0 (reserve 254 blocks; pool 1259/2048 blocks in use) — first token 785
2026-10-07 01:14:47.645 INFO  stats: rank 3 | 134.5 s | decode 1.9 tok/s, 33.9 ms/tok, 63.3 ms/step (137 steps / 256 tok, 6 % of wall) | mtp 1.87 tok/step/req, accept p1 86 % | prefill 1 prompt / 32237 tok, 240 tok/s, 3.87 ms/tok, 124916 ms avg (93 % of wall), 0 tok cached (0/1 hit) | live 1, queued 0 | pool 1260/2048 blocks (62 %) | prefix cache 23/4096 entries
2026-10-07 01:14:57.688 INFO  stats: rank 3 | 10.0 s | decode 24.6 tok/s, 40.1 ms/tok, 79.2 ms/step (125 steps / 247 tok, 99 % of wall) | mtp 1.98 tok/step/req, accept p1 98 % | prefill 0 prompts / 0 tok, 0 tok cached (0/0 hits) | live 1, queued 0 | pool 1260/2048 blocks (62 %) | prefix cache 23/4096 entries
2026-10-07 01:14:57.962 INFO  sched: request 'chatcmpl-82f92900b89bb7c6' retired (steps): 256 tok in 135.3 s — prefill 32237 tok (0 cached) in 124916 ms; decode 255 tok / 129 passes in 10.4 s: 24.5 tok/s, 40.8 ms/tok, 81 ms/pass, 1.98 tok/pass, accept p1 98 %
2026-10-07 01:14:57.985 INFO  sched: request 'chatcmpl-82f92900b89bb7c7' starting prefill in slot 0 (32237 prompt tokens)
2026-10-07 01:14:58.136 INFO  sched: request 'chatcmpl-82f92900b89bb7c7' admitted to slot 0 (reserve 254 blocks; pool 1262/2048 blocks in use) — first token 785
2026-10-07 01:15:07.702 INFO  stats: rank 3 | 10.0 s | decode 24.6 tok/s, 39.3 ms/tok, 77.9 ms/step (124 steps / 246 tok, 96 % of wall) | mtp 1.98 tok/step/req, accept p1 98 % | prefill 1 prompt / 2 tok, 0 tok/s, 75.35 ms/tok, 151 ms avg (2 % of wall), 32235 tok cached (1/1 hit) | live 1, queued 0 | pool 1263/2048 blocks (62 %) | prefix cache 24/4096 entries
2026-10-07 01:15:08.345 INFO  sched: request 'chatcmpl-82f92900b89bb7c7' retired (steps): 256 tok in 10.4 s — prefill 32237 tok (32235 cached) in 151 ms; decode 255 tok / 129 passes in 10.2 s: 25.0 tok/s, 40.0 ms/tok, 79 ms/pass, 1.98 tok/pass, accept p1 98 %
2026-10-07 01:15:08.383 INFO  sched: request 'chatcmpl-82f92900b89bb7c8' starting prefill in slot 0 (32237 prompt tokens)
2026-10-07 01:15:08.535 INFO  sched: request 'chatcmpl-82f92900b89bb7c8' admitted to slot 0 (reserve 254 blocks; pool 1262/2048 blocks in use) — first token 785
2026-10-07 01:15:17.780 INFO  stats: rank 3 | 10.1 s | decode 24.6 tok/s, 39.3 ms/tok, 77.9 ms/step (125 steps / 248 tok, 97 % of wall) | mtp 1.98 tok/step/req, accept p1 98 % | prefill 1 prompt / 2 tok, 0 tok/s, 75.81 ms/tok, 152 ms avg (2 % of wall), 32235 tok cached (1/1 hit) | live 1, queued 0 | pool 1263/2048 blocks (62 %) | prefix cache 24/4096 entries
2026-10-07 01:15:18.741 INFO  sched: request 'chatcmpl-82f92900b89bb7c8' retired (steps): 256 tok in 10.4 s — prefill 32237 tok (32235 cached) in 152 ms; decode 255 tok / 129 passes in 10.2 s: 25.0 tok/s, 40.0 ms/tok, 79 ms/pass, 1.98 tok/pass, accept p1 98 %
2026-10-07 01:15:19.847 INFO  sched: request 'chatcmpl-82f92900b89bb7c9' starting prefill in slot 0 (65013 prompt tokens)
2026-10-07 01:20:16.049 INFO  sched: request 'chatcmpl-82f92900b89bb7c9' prefix cache miss — 34 cut(s) probed against 24 entries; the nearest entry (position 32492) shares the first 12 of the prompt's 65013 tokens (the prompt differs from it from that token on)
2026-10-07 01:20:16.050 INFO  sched: request 'chatcmpl-82f92900b89bb7c9' admitted to slot 0 (reserve 510 blocks; pool 1770/2048 blocks in use) — first token 785
2026-10-07 01:20:16.142 INFO  stats: rank 3 | 298.4 s | decode 0.1 tok/s, 38.3 ms/tok, 79.5 ms/step (13 steps / 27 tok, 0 % of wall) | mtp 2.08 tok/step/req, accept p1 100 % | prefill 1 prompt / 65013 tok, 218 tok/s, 4.56 ms/tok, 296203 ms avg (99 % of wall), 0 tok cached (0/1 hit) | live 1, queued 0 | pool 1771/2048 blocks (86 %) | prefix cache 26/4096 entries
2026-10-07 01:20:26.213 INFO  stats: rank 3 | 10.1 s | decode 23.5 tok/s, 41.9 ms/tok, 82.7 ms/step (120 steps / 237 tok, 99 % of wall) | mtp 1.98 tok/step/req, accept p1 98 % | prefill 0 prompts / 0 tok, 0 tok cached (0/0 hits) | live 1, queued 0 | pool 1771/2048 blocks (86 %) | prefix cache 26/4096 entries
2026-10-07 01:20:26.892 INFO  sched: request 'chatcmpl-82f92900b89bb7c9' retired (steps): 256 tok in 307.0 s — prefill 65013 tok (0 cached) in 296203 ms; decode 255 tok / 129 passes in 10.8 s: 23.5 tok/s, 42.5 ms/tok, 84 ms/pass, 1.98 tok/pass, accept p1 98 %
2026-10-07 01:20:26.922 INFO  sched: request 'chatcmpl-82f92900b89bb7ca' starting prefill in slot 0 (65013 prompt tokens)
2026-10-07 01:20:27.081 INFO  sched: request 'chatcmpl-82f92900b89bb7ca' admitted to slot 0 (reserve 510 blocks; pool 1773/2048 blocks in use) — first token 785
2026-10-07 01:20:36.234 INFO  stats: rank 3 | 10.0 s | decode 23.2 tok/s, 41.7 ms/tok, 82.8 ms/step (117 steps / 232 tok, 97 % of wall) | mtp 1.98 tok/step/req, accept p1 97 % | prefill 1 prompt / 2 tok, 0 tok/s, 79.31 ms/tok, 159 ms avg (2 % of wall), 65011 tok cached (1/1 hit) | live 1, queued 0 | pool 1774/2048 blocks (87 %) | prefix cache 27/4096 entries
2026-10-07 01:20:37.928 INFO  sched: request 'chatcmpl-82f92900b89bb7ca' retired (steps): 256 tok in 11.0 s — prefill 65013 tok (65011 cached) in 159 ms; decode 255 tok / 129 passes in 10.8 s: 23.5 tok/s, 42.5 ms/tok, 84 ms/pass, 1.98 tok/pass, accept p1 98 %
2026-10-07 01:20:37.962 INFO  sched: request 'chatcmpl-82f92900b89bb7cb' starting prefill in slot 0 (65013 prompt tokens)
2026-10-07 01:20:38.118 INFO  sched: request 'chatcmpl-82f92900b89bb7cb' admitted to slot 0 (reserve 510 blocks; pool 1773/2048 blocks in use) — first token 785
2026-10-07 01:20:46.251 INFO  stats: rank 3 | 10.0 s | decode 23.2 tok/s, 41.7 ms/tok, 82.8 ms/step (117 steps / 232 tok, 97 % of wall) | mtp 1.98 tok/step/req, accept p1 97 % | prefill 1 prompt / 2 tok, 0 tok/s, 77.67 ms/tok, 155 ms avg (2 % of wall), 65011 tok cached (1/1 hit) | live 1, queued 0 | pool 1774/2048 blocks (87 %) | prefix cache 27/4096 entries
2026-10-07 01:20:48.947 INFO  sched: request 'chatcmpl-82f92900b89bb7cb' retired (steps): 256 tok in 11.0 s — prefill 65013 tok (65011 cached) in 155 ms; decode 255 tok / 129 passes in 10.8 s: 23.5 tok/s, 42.5 ms/tok, 84 ms/pass, 1.98 tok/pass, accept p1 98 %
2026-10-07 01:20:51.079 INFO  sched: request 'chatcmpl-82f92900b89bb7cc' starting prefill in slot 0 (130539 prompt tokens)
2026-10-07 01:33:50.174 INFO  sched: request 'chatcmpl-82f92900b89bb7cc' prefix cache miss — 66 cut(s) probed against 9 entries; the nearest entry (position 65268) shares the first 13 of the prompt's 130539 tokens (the prompt differs from it from that token on)
2026-10-07 01:33:50.175 INFO  sched: request 'chatcmpl-82f92900b89bb7cc' admitted to slot 0 (reserve 1022 blocks; pool 2042/2048 blocks in use) — first token 785
2026-10-07 01:33:50.266 INFO  stats: rank 3 | 784.0 s | decode 0.1 tok/s, 40.9 ms/tok, 83.1 ms/step (33 steps / 67 tok, 0 % of wall) | mtp 2.03 tok/step/req, accept p1 100 % | prefill 1 prompt / 130539 tok, 167 tok/s, 5.97 ms/tok, 779096 ms avg (99 % of wall), 0 tok cached (0/1 hit) | live 1, queued 0 | pool 2043/2048 blocks (100 %) | prefix cache 11/4096 entries
2026-10-07 01:34:00.286 INFO  stats: rank 3 | 10.0 s | decode 21.1 tok/s, 46.9 ms/tok, 92.5 ms/step (107 steps / 211 tok, 99 % of wall) | mtp 1.97 tok/step/req, accept p1 97 % | prefill 0 prompts / 0 tok, 0 tok cached (0/0 hits) | live 1, queued 0 | pool 2043/2048 blocks (100 %) | prefix cache 11/4096 entries
2026-10-07 01:34:02.278 INFO  sched: request 'chatcmpl-82f92900b89bb7cc' retired (steps): 256 tok in 791.2 s — prefill 130539 tok (0 cached) in 779096 ms; decode 255 tok / 129 passes in 12.1 s: 21.1 tok/s, 47.5 ms/tok, 94 ms/pass, 1.98 tok/pass, accept p1 98 %
2026-10-07 01:34:02.340 INFO  sched: request 'chatcmpl-82f92900b89bb7cd' starting prefill in slot 0 (130539 prompt tokens)
2026-10-07 01:34:02.507 INFO  sched: request 'chatcmpl-82f92900b89bb7cd' admitted to slot 0 (reserve 1022 blocks; pool 2045/2048 blocks in use) — first token 785
2026-10-07 01:34:10.369 INFO  stats: rank 3 | 10.1 s | decode 20.6 tok/s, 46.7 ms/tok, 92.6 ms/step (105 steps / 208 tok, 96 % of wall) | mtp 1.98 tok/step/req, accept p1 97 % | prefill 1 prompt / 2 tok, 0 tok/s, 83.21 ms/tok, 166 ms avg (2 % of wall), 130537 tok cached (1/1 hit) | live 1, queued 0 | pool 2046/2048 blocks (100 %) | prefix cache 12/4096 entries
2026-10-07 01:34:14.655 INFO  sched: request 'chatcmpl-82f92900b89bb7cd' retired (steps): 256 tok in 12.3 s — prefill 130539 tok (130537 cached) in 166 ms; decode 255 tok / 129 passes in 12.1 s: 21.0 tok/s, 47.6 ms/tok, 94 ms/pass, 1.98 tok/pass, accept p1 98 %
2026-10-07 01:34:14.714 INFO  sched: request 'chatcmpl-82f92900b89bb7ce' starting prefill in slot 0 (130539 prompt tokens)
2026-10-07 01:34:14.891 INFO  sched: request 'chatcmpl-82f92900b89bb7ce' admitted to slot 0 (reserve 1022 blocks; pool 2045/2048 blocks in use) — first token 785
2026-10-07 01:34:20.415 INFO  stats: rank 3 | 10.0 s | decode 20.5 tok/s, 47.0 ms/tok, 93.1 ms/step (104 steps / 206 tok, 96 % of wall) | mtp 1.98 tok/step/req, accept p1 97 % | prefill 1 prompt / 2 tok, 0 tok/s, 88.71 ms/tok, 177 ms avg (2 % of wall), 130537 tok cached (1/1 hit) | live 1, queued 0 | pool 2046/2048 blocks (100 %) | prefix cache 12/4096 entries
2026-10-07 01:34:26.992 INFO  sched: request 'chatcmpl-82f92900b89bb7ce' retired (steps): 256 tok in 12.3 s — prefill 130539 tok (130537 cached) in 177 ms; decode 255 tok / 129 passes in 12.1 s: 21.1 tok/s, 47.5 ms/tok, 94 ms/pass, 1.98 tok/pass, accept p1 98 %
2026-10-07 01:34:30.417 INFO  stats: rank 3 | 10.0 s | decode 14.0 tok/s, 46.3 ms/tok, 92.7 ms/step (70 steps / 140 tok, 65 % of wall) | mtp 2.00 tok/step/req, accept p1 100 % | prefill 0 prompts / 0 tok, 0 tok cached (0/0 hits) | live 0, queued 0 | pool 2042/2048 blocks (100 %) | prefix cache 12/4096 entries
2026-10-07 01:34:31.039 INFO  sched: request 'chatcmpl-82f92900b89bb7cf' starting prefill in slot 0 (261629 prompt tokens)
2026-10-07 02:00:32.713 ERROR rank 3: rank 0's journal closed under a collective — the world is over; exiting with status 3
2026-10-07 03:57:55.458 INFO  dgpp-serve 0.1.0+g21b91a39f999.dirty (git 21b91a39f999)
2026-10-07 03:57:55.459 INFO  config /tmp/bus4/deployments/c5631815b1134cfe/cluster.json: model HawkBearPig/GLM-5.3-Int4-Int8Mix-RTN-g64, world 4, rank 3, http :18080, fabric :29970, journal :29971
2026-10-07 03:57:55.459 INFO  model HawkBearPig/GLM-5.3-Int4-Int8Mix-RTN-g64 -> /home/stephen/.cache/huggingface/hub/models--HawkBearPig--GLM-5.3-Int4-Int8Mix-RTN-g64/snapshots/147684fbad20c1e283ddff46fd07cb9d4ccbb3da
2026-10-07 03:57:55.459 INFO  journal: connected to rank 0 at 192.168.88.11:29971 (120000 attempt window)
2026-10-07 03:57:55.469 INFO  rank 3: settings from rank 0: model=HawkBearPig/GLM-5.3-Int4-Int8Mix-RTN-g64 world=4 fabric=29970 journal=29971 conc=8 kv=262144 kvdt=fp4 ngt=resident dw=checkpoint mtpef=fp8 bfw=bf12 fp8head=gemv pf=bounded emsh=vocab maxtok=32768 queue=8 eos=1 graph=1 compact=0 mtp=1 mtpd=1 mss=0 msrow=8 msbase=28 mslam=0 msmin=1 msad=1 msss=0.93 mdr=auto mdt=1 mvf=token dbr=0 batchmin=2 cand=128 pcgib=1.5 adm=full win=256 pfbudget=-1 pfidle=0 pmin=1024 phead=1 pace=-1 inflight=-1 reasoning_in_content=0 rs=off dflash=off dfw=checkpoint
2026-10-07 03:57:55.470 INFO  config: model=HawkBearPig/GLM-5.3-Int4-Int8Mix-RTN-g64 world=4 fabric=29970 journal=29971 conc=8 kv=262144 kvdt=fp4 ngt=resident dw=checkpoint mtpef=fp8 bfw=bf12 fp8head=gemv pf=bounded emsh=vocab maxtok=32768 queue=8 eos=1 graph=1 compact=0 mtp=1 mtpd=1 mss=0 msrow=8 msbase=28 mslam=0 msmin=1 msad=1 msss=0.93 mdr=auto mdt=1 mvf=token dbr=0 batchmin=2 cand=128 pcgib=1.5 adm=full win=256 pfbudget=-1 pfidle=0 pmin=1024 phead=1 pace=-1 inflight=-1 reasoning_in_content=0 rs=off dflash=off dfw=checkpoint (digest 31b5de35132e9a77)
2026-10-07 03:57:55.601 INFO  serve: model family glm_moe_dsa (/home/stephen/.cache/huggingface/hub/models--HawkBearPig--GLM-5.3-Int4-Int8Mix-RTN-g64/snapshots/147684fbad20c1e283ddff46fd07cb9d4ccbb3da)
2026-10-07 03:57:55.601 INFO  serve: decode rows 16 (8 slot(s) x 2 row(s) per request, floor 8, the glm_moe_dsa family's cap 16)
2026-10-07 03:57:55.601 WARN  generation config /home/stephen/.cache/huggingface/hub/models--HawkBearPig--GLM-5.3-Int4-Int8Mix-RTN-g64/snapshots/147684fbad20c1e283ddff46fd07cb9d4ccbb3da/generation_config.json omits top_k, min_p, repetition_penalty; using greedy-safe/neutral fallbacks for those fields
2026-10-07 03:57:55.601 INFO  generation defaults: temperature=1 top_p=0.95 top_k=0 min_p=0 repetition_penalty=1
2026-10-07 03:57:55.601 INFO  serve: sampling defaults temperature 1 top_p 0.95 top_k 0 min_p 0 repetition_penalty 1 (from generation_config.json; overrides: none)
2026-10-07 03:57:55.601 INFO  serve: request context limit 262144 tokens (the 262144-token K/V pool from engine.kv_capacity 262144; this family states no positional ceiling of its own)
2026-10-07 03:57:55.601 INFO  rank 3: prefix cache plan — 1.5 GiB budget, 4096 slots of 0.012 MiB, 0.047 GiB allocated; cached K/V blocks share the 262144-token pool
2026-10-07 03:57:55.759 INFO  tokenizer: loaded vocab 154820 merges 321649 added 36 (revision 0x700b4469fc43f23b; glm pattern, no normalizer, ignore_merges true)
2026-10-07 03:57:55.768 INFO  serve: grammar vocabulary built (154880 ids, tool markers present, call-turn EOS 154829)
2026-10-07 03:57:55.883 INFO  serve: JSON grammar tables built in 0.12 s
2026-10-07 03:57:56.122 INFO  bus: globaltimer offset 20910838370 ns (+-2 us)
2026-10-07 03:57:56.127 INFO  verbs: device roceP2p1s0f0 port 1 gid_index 3
2026-10-07 03:57:56.134 INFO  verbs: device rocep1s0f0 port 1 gid_index 3
2026-10-07 03:57:57.239 INFO  bus: rank 3 up — 3 peer(s) x 2 lane(s), lat 8x196608B, bulk 8x262144B, bulk pace 28.3 Gb/s per QP, window 4 per lane
2026-10-07 03:57:57.239 INFO  rank 3: boundary reducer host-driven
2026-10-07 03:57:57.404 INFO  rank 3: process memory locked (mlockall MCL_CURRENT, 14547 MiB)
2026-10-07 03:57:57.404 INFO  rank 3: resident image cache at /home/stephen/.cache/dgpp/resident
2026-10-07 03:57:57.405 INFO  bus engine: rank 3 pinned to cpu 19
2026-10-07 03:57:57.536 INFO  rank 3: memory plan for a 262144-token context — model weights (resident, packed bf16 matrices released) 96.32 GiB; bf16 decode packing (12-bit companions) 1.27 GiB; bf16 prefill expansion scratch 0.05 GiB; gemm workspace (at least) 0.06 GiB; dsa cache pool (latent fp4 + rope keys on every layer, fp8 index caches on the indexed layers) 8.81 GiB; dsa scratch (projections, selection, attention, the prefill dot tiles) 0.27 GiB; rotary table (bf16 cos/sin per position) 0.03 GiB; activations (session core, residual, block io, dense scratch, route staging) 0.14 GiB (0.01 GiB pinned); moe scratch (routed slots, shared expert, graph tables) 0.75 GiB (0.01 GiB pinned); draft block (gathered hidden, the fused input, its residual, the sharded embedding's rows) 0.12 GiB; prefix cache 0.05 GiB; engine 0.08 GiB
2026-10-07 03:57:57.536 INFO  rank 3: memory plan total 107.95 GiB (107.81 GiB device + 0.14 GiB pinned) + 4.00 GiB headroom against 116.09 GiB free (device free 114.48 GiB of 121.69 GiB, host available 116.09 GiB)
2026-10-07 03:57:57.536 INFO  memory ledger: rank 3 after the plan check — rss 1.19 GiB (anon 0.42, shmem 0.11, file 0.67; locked 14.21); device free 114.48 GiB, node available 116.09 GiB
2026-10-07 03:57:57.536 INFO  memory ledger: rank 3 after the bus — rss 1.19 GiB (anon 0.42, shmem 0.11, file 0.67; locked 14.21); device free 114.48 GiB, node available 116.09 GiB
2026-10-07 03:57:58.063 INFO  glm_dsa loader: rank 3 resident footprint 98.0 GiB; device free 114.4 of 121.7 GiB, host available 116.0 GiB
2026-10-07 03:57:58.774 INFO  glm_dsa loader: rank 3 resident image /home/stephen/.cache/dgpp/resident/4e19ad9a970d9938.img — 79/79 layers present, direct I/O
2026-10-07 03:57:58.787 INFO  l2 prefetch: on, window budget 12 MiB, boundary rate light, layer rate light
2026-10-07 03:57:58.787 INFO  memory ledger: glm_dsa: loader opened — rss 2.76 GiB (anon 0.49, shmem 1.57, file 0.69; locked 14.21); device free 112.46 GiB, node available 114.06 GiB
2026-10-07 03:58:00.584 INFO  memory ledger: glm_dsa: globals resident — rss 3.65 GiB (anon 0.49, shmem 1.57, file 1.58; locked 14.21); device free 111.11 GiB, node available 113.60 GiB
2026-10-07 03:58:15.952 INFO  rank 3 bf12: 89 decode matrices packed (1.65 GiB of bf16 -> 1.24 GiB, 166058 escapes, widest row 12, 0 rows kept raw; 0 matrices kept bf16) in 1.0 s
2026-10-07 03:58:15.952 INFO  rank 3 bf12: 89 of them released their bf16 bytes (1.71 GiB returned; prefill expands through a 48 MiB scratch)
2026-10-07 03:58:16.227 INFO  glm_dsa loader: rank 3 resident load complete — released 79 shard mappings (398.1 GiB) and evicted their page cache, freed the 1.46 GiB pinned staging mirror; image: 79 layers restored, 0 captured
2026-10-07 03:58:16.274 INFO  memory ledger: glm_dsa: layers resident, sources released — rss 1.26 GiB (anon 0.48, shmem 0.11, file 0.67; locked 14.19); device free 14.48 GiB, node available 16.05 GiB
2026-10-07 03:58:16.594 INFO  memory ledger: glm_dsa: arena, pool and scratch — rss 1.26 GiB (anon 0.48, shmem 0.11, file 0.67; locked 14.19); device free 5.18 GiB, node available 6.75 GiB
2026-10-07 03:58:16.708 INFO  memory ledger: rank 3 after the model — rss 1.27 GiB (anon 0.48, shmem 0.12, file 0.67; locked 14.19); device free 4.89 GiB, node available 6.46 GiB
2026-10-07 03:58:16.708 INFO  rank 3: model constructed in 19.2s (resident, 8 request slots, 262144-token pool in fp4, 2048-row forwards)
2026-10-07 03:58:16.708 INFO  rank 3: prefix cache on — 4096 snapshot slot(s) of 0.0 MiB (1.50 GiB asked)
2026-10-07 03:58:16.714 INFO  rank 3: graph engine samples on the device — 128 candidates per rank (16 rows x 4 ranks in a 196608-byte latency slot; the planned width is 128); constrained decoding available
2026-10-07 03:58:16.714 INFO  rank 3: prefill budget 0 tokens/tick (0 = full prompt), 0 with nothing decoding
2026-10-07 03:58:16.714 INFO  rank 3: sampled requests draft a draw from the draft's distribution under the ratio verify (engine.mtp_draft auto)
2026-10-07 03:58:25.142 INFO  memory ledger: rank 3 after the graph engine — rss 1.28 GiB (anon 0.48, shmem 0.13, file 0.67; locked 14.19); device free 4.94 GiB, node available 6.50 GiB
2026-10-07 03:58:25.146 INFO  allreduce: device clock rate 2418000 kHz (stamps conversion)
2026-10-07 03:58:25.146 INFO  allreduce: rank 3 seq 1 launched (3 peers)
2026-10-07 03:58:25.146 INFO  allreduce: rank 3 seq 1 ready after 47.6us
2026-10-07 03:58:25.146 INFO  allreduce: rank 3 seq 1 done status=0 after 153.4us
2026-10-07 03:58:25.407 INFO  allreduce: rank 3 seq 2 launched (3 peers)
2026-10-07 03:58:25.407 INFO  allreduce: rank 3 seq 2 ready after 23.8us
2026-10-07 03:58:25.449 INFO  allreduce: rank 3 seq 2 done status=0 after 42120.2us
2026-10-07 03:58:25.450 INFO  allreduce: rank 3 seq 3 launched (3 peers)
2026-10-07 03:58:25.450 INFO  allreduce: rank 3 seq 3 ready after 21.3us
2026-10-07 03:58:25.450 INFO  allreduce: rank 3 seq 3 done status=0 after 392.6us
2026-10-07 03:58:25.451 INFO  allreduce: rank 3 seq 4 launched (3 peers)
2026-10-07 03:58:25.451 INFO  allreduce: rank 3 seq 4 ready after 19.7us
2026-10-07 03:58:25.451 INFO  allreduce: rank 3 seq 4 done status=0 after 66.0us
2026-10-07 03:58:25.452 INFO  allreduce: rank 3 seq 5 launched (3 peers)
2026-10-07 03:58:25.452 INFO  allreduce: rank 3 seq 5 ready after 20.2us
2026-10-07 03:58:25.452 INFO  allreduce: rank 3 seq 5 done status=0 after 88.9us
2026-10-07 03:58:25.453 INFO  allreduce: rank 3 seq 6 launched (3 peers)
2026-10-07 03:58:25.453 INFO  allreduce: rank 3 seq 6 ready after 29.0us
2026-10-07 03:58:25.453 INFO  allreduce: rank 3 seq 6 done status=0 after 75.0us
2026-10-07 03:58:25.454 INFO  allreduce: rank 3 seq 7 launched (3 peers)
2026-10-07 03:58:25.454 INFO  allreduce: rank 3 seq 7 ready after 228.4us
2026-10-07 03:58:25.454 INFO  allreduce: rank 3 seq 7 done status=0 after 289.4us
2026-10-07 03:58:25.511 INFO  allreduce: rank 3 seq 8 launched (3 peers)
2026-10-07 03:58:25.511 INFO  allreduce: rank 3 seq 8 ready after 26.7us
2026-10-07 03:58:25.511 INFO  allreduce: rank 3 seq 8 done status=0 after 74.0us
2026-10-07 03:58:25.557 INFO  allreduce: rank 3 seq 9 launched (3 peers)
2026-10-07 03:58:25.557 INFO  allreduce: rank 3 seq 9 ready after 22.6us
2026-10-07 03:58:25.557 INFO  allreduce: rank 3 seq 9 done status=0 after 439.0us
2026-10-07 03:58:25.558 INFO  allreduce: rank 3 seq 10 launched (3 peers)
2026-10-07 03:58:25.558 INFO  allreduce: rank 3 seq 10 ready after 19.9us
2026-10-07 03:58:25.558 INFO  allreduce: rank 3 seq 10 done status=0 after 65.5us
2026-10-07 03:58:25.558 INFO  allreduce: rank 3 seq 11 launched (3 peers)
2026-10-07 03:58:25.558 INFO  allreduce: rank 3 seq 11 ready after 20.6us
2026-10-07 03:58:25.558 INFO  allreduce: rank 3 seq 11 done status=0 after 79.3us
2026-10-07 03:58:25.559 INFO  allreduce: rank 3 seq 12 launched (3 peers)
2026-10-07 03:58:25.559 INFO  allreduce: rank 3 seq 12 ready after 19.2us
2026-10-07 03:58:25.559 INFO  allreduce: rank 3 seq 12 done status=0 after 77.9us
2026-10-07 03:58:25.559 INFO  allreduce: rank 3 seq 13 launched (3 peers)
2026-10-07 03:58:25.559 INFO  allreduce: rank 3 seq 13 ready after 19.8us
2026-10-07 03:58:25.559 INFO  allreduce: rank 3 seq 13 done status=0 after 81.9us
2026-10-07 03:58:25.560 INFO  allreduce: rank 3 seq 14 launched (3 peers)
2026-10-07 03:58:25.560 INFO  allreduce: rank 3 seq 14 ready after 19.5us
2026-10-07 03:58:25.560 INFO  allreduce: rank 3 seq 14 done status=0 after 66.9us
2026-10-07 03:58:25.561 INFO  allreduce: rank 3 seq 15 launched (3 peers)
2026-10-07 03:58:25.561 INFO  allreduce: rank 3 seq 15 ready after 22.0us
2026-10-07 03:58:25.561 INFO  allreduce: rank 3 seq 15 done status=0 after 83.3us
2026-10-07 03:58:25.561 INFO  allreduce: rank 3 seq 16 launched (3 peers)
2026-10-07 03:58:25.561 INFO  allreduce: rank 3 seq 16 ready after 19.1us
2026-10-07 03:58:25.561 INFO  allreduce: rank 3 seq 16 done status=0 after 61.9us
2026-10-07 03:58:25.684 INFO  bus graph era: variant 0 recorded with 162 collective node(s)
2026-10-07 03:58:25.684 INFO  rank 3: graph variant 0 shape: 2492 nodes, 2729 edges: kernel 2492 empty 0 memcpy 0 memset 0 host 0 event 0 other 0; max in-degree 2
2026-10-07 03:58:25.690 INFO  rank 3: graph variant 0 instantiated — 15.3 MiB of device memory (3.7 GiB free)
2026-10-07 03:58:25.692 INFO  bus graph era: variant 1 recorded with 162 collective node(s)
2026-10-07 03:58:25.692 INFO  rank 3: graph variant 1 shape: 2492 nodes, 2729 edges: kernel 2492 empty 0 memcpy 0 memset 0 host 0 event 0 other 0; max in-degree 2
2026-10-07 03:58:25.698 INFO  rank 3: graph variant 1 instantiated — 14.9 MiB of device memory (3.7 GiB free)
2026-10-07 03:58:25.698 INFO  rank 3: serving scalar graph variants 0/1 captured for request slot 0 (2 rows, MTP)
2026-10-07 03:58:25.700 INFO  bus graph era: variant 16 recorded with 162 collective node(s)
2026-10-07 03:58:25.700 INFO  rank 3: graph variant 16 shape: 2493 nodes, 2730 edges: kernel 2493 empty 0 memcpy 0 memset 0 host 0 event 0 other 0; max in-degree 2
2026-10-07 03:58:25.707 INFO  rank 3: graph variant 16 instantiated — 24.0 MiB of device memory (3.7 GiB free)
2026-10-07 03:58:25.709 INFO  bus graph era: variant 17 recorded with 162 collective node(s)
2026-10-07 03:58:25.709 INFO  rank 3: graph variant 17 shape: 2493 nodes, 2730 edges: kernel 2493 empty 0 memcpy 0 memset 0 host 0 event 0 other 0; max in-degree 2
2026-10-07 03:58:25.718 INFO  rank 3: graph variant 17 instantiated — 31.9 MiB of device memory (3.6 GiB free)
2026-10-07 03:58:25.718 INFO  rank 3: serving row-batched graph variants 16/17 captured for 2 slots x 2 rows = 4 fixed rows, MTP (a batch is selected at 2+ live requests, the smallest that covers the live slots)
2026-10-07 03:58:25.720 INFO  bus graph era: variant 18 recorded with 162 collective node(s)
2026-10-07 03:58:25.720 INFO  rank 3: graph variant 18 shape: 2719 nodes, 2956 edges: kernel 2719 empty 0 memcpy 0 memset 0 host 0 event 0 other 0; max in-degree 2
2026-10-07 03:58:25.730 INFO  rank 3: graph variant 18 instantiated — 34.5 MiB of device memory (3.6 GiB free)
2026-10-07 03:58:25.732 INFO  bus graph era: variant 19 recorded with 162 collective node(s)
2026-10-07 03:58:25.732 INFO  rank 3: graph variant 19 shape: 2719 nodes, 2956 edges: kernel 2719 empty 0 memcpy 0 memset 0 host 0 event 0 other 0; max in-degree 2
2026-10-07 03:58:25.741 INFO  rank 3: graph variant 19 instantiated — 30.1 MiB of device memory (3.6 GiB free)
2026-10-07 03:58:25.741 INFO  rank 3: serving row-batched graph variants 18/19 captured for 3 slots x 2 rows = 6 fixed rows, MTP (a batch is selected at 2+ live requests, the smallest that covers the live slots)
2026-10-07 03:58:25.743 INFO  bus graph era: variant 20 recorded with 162 collective node(s)
2026-10-07 03:58:25.743 INFO  rank 3: graph variant 20 shape: 2720 nodes, 2957 edges: kernel 2720 empty 0 memcpy 0 memset 0 host 0 event 0 other 0; max in-degree 2
2026-10-07 03:58:25.752 INFO  rank 3: graph variant 20 instantiated — 35.9 MiB of device memory (3.5 GiB free)
2026-10-07 03:58:25.754 INFO  bus graph era: variant 21 recorded with 162 collective node(s)
2026-10-07 03:58:25.755 INFO  rank 3: graph variant 21 shape: 2720 nodes, 2957 edges: kernel 2720 empty 0 memcpy 0 memset 0 host 0 event 0 other 0; max in-degree 2
2026-10-07 03:58:25.764 INFO  rank 3: graph variant 21 instantiated — 33.6 MiB of device memory (3.5 GiB free)
2026-10-07 03:58:25.764 INFO  rank 3: serving row-batched graph variants 20/21 captured for 4 slots x 2 rows = 8 fixed rows, MTP (a batch is selected at 2+ live requests, the smallest that covers the live slots)
2026-10-07 03:58:25.767 INFO  bus graph era: variant 22 recorded with 162 collective node(s)
2026-10-07 03:58:25.767 INFO  rank 3: graph variant 22 shape: 3081 nodes, 3318 edges: kernel 3081 empty 0 memcpy 0 memset 0 host 0 event 0 other 0; max in-degree 2
2026-10-07 03:58:25.777 INFO  rank 3: graph variant 22 instantiated — 35.3 MiB of device memory (3.5 GiB free)
2026-10-07 03:58:25.779 INFO  bus graph era: variant 23 recorded with 162 collective node(s)
2026-10-07 03:58:25.779 INFO  rank 3: graph variant 23 shape: 3081 nodes, 3318 edges: kernel 3081 empty 0 memcpy 0 memset 0 host 0 event 0 other 0; max in-degree 2
2026-10-07 03:58:25.790 INFO  rank 3: graph variant 23 instantiated — 35.9 MiB of device memory (3.4 GiB free)
2026-10-07 03:58:25.790 INFO  rank 3: serving row-batched graph variants 22/23 captured for 6 slots x 2 rows = 12 fixed rows, MTP (a batch is selected at 2+ live requests, the smallest that covers the live slots)
2026-10-07 03:58:25.792 INFO  bus graph era: variant 24 recorded with 162 collective node(s)
2026-10-07 03:58:25.793 INFO  rank 3: graph variant 24 shape: 3308 nodes, 3545 edges: kernel 3308 empty 0 memcpy 0 memset 0 host 0 event 0 other 0; max in-degree 2
2026-10-07 03:58:25.804 INFO  rank 3: graph variant 24 instantiated — 38.1 MiB of device memory (3.4 GiB free)
2026-10-07 03:58:25.806 INFO  bus graph era: variant 25 recorded with 162 collective node(s)
2026-10-07 03:58:25.806 INFO  rank 3: graph variant 25 shape: 3308 nodes, 3545 edges: kernel 3308 empty 0 memcpy 0 memset 0 host 0 event 0 other 0; max in-degree 2
2026-10-07 03:58:25.817 INFO  rank 3: graph variant 25 instantiated — 38.9 MiB of device memory (3.4 GiB free)
2026-10-07 03:58:25.817 INFO  rank 3: serving row-batched graph variants 24/25 captured for 8 slots x 2 rows = 16 fixed rows, MTP (a batch is selected at 2+ live requests, the smallest that covers the live slots)
2026-10-07 03:58:25.924 INFO  bus graph era: variant 2 recorded with 162 collective node(s)
2026-10-07 03:58:25.924 INFO  rank 3: graph variant 2 shape: 2492 nodes, 2729 edges: kernel 2492 empty 0 memcpy 0 memset 0 host 0 event 0 other 0; max in-degree 2
2026-10-07 03:58:25.932 INFO  rank 3: graph variant 2 instantiated — 28.8 MiB of device memory (3.3 GiB free)
2026-10-07 03:58:25.934 INFO  bus graph era: variant 3 recorded with 162 collective node(s)
2026-10-07 03:58:25.934 INFO  rank 3: graph variant 3 shape: 2492 nodes, 2729 edges: kernel 2492 empty 0 memcpy 0 memset 0 host 0 event 0 other 0; max in-degree 2
2026-10-07 03:58:25.943 INFO  rank 3: graph variant 3 instantiated — 31.4 MiB of device memory (3.3 GiB free)
2026-10-07 03:58:25.943 INFO  rank 3: serving scalar graph variants 2/3 captured for request slot 1 (2 rows, MTP)
2026-10-07 03:58:26.052 INFO  bus graph era: variant 4 recorded with 162 collective node(s)
2026-10-07 03:58:26.052 INFO  rank 3: graph variant 4 shape: 2492 nodes, 2729 edges: kernel 2492 empty 0 memcpy 0 memset 0 host 0 event 0 other 0; max in-degree 2
2026-10-07 03:58:26.061 INFO  rank 3: graph variant 4 instantiated — 34.6 MiB of device memory (3.3 GiB free)
2026-10-07 03:58:26.063 INFO  bus graph era: variant 5 recorded with 162 collective node(s)
2026-10-07 03:58:26.063 INFO  rank 3: graph variant 5 shape: 2492 nodes, 2729 edges: kernel 2492 empty 0 memcpy 0 memset 0 host 0 event 0 other 0; max in-degree 2
2026-10-07 03:58:26.072 INFO  rank 3: graph variant 5 instantiated — 28.4 MiB of device memory (3.2 GiB free)
2026-10-07 03:58:26.072 INFO  rank 3: serving scalar graph variants 4/5 captured for request slot 2 (2 rows, MTP)
2026-10-07 03:58:26.182 INFO  bus graph era: variant 6 recorded with 162 collective node(s)
2026-10-07 03:58:26.182 INFO  rank 3: graph variant 6 shape: 2492 nodes, 2729 edges: kernel 2492 empty 0 memcpy 0 memset 0 host 0 event 0 other 0; max in-degree 2
2026-10-07 03:58:26.191 INFO  rank 3: graph variant 6 instantiated — 36.2 MiB of device memory (3.2 GiB free)
2026-10-07 03:58:26.193 INFO  bus graph era: variant 7 recorded with 162 collective node(s)
2026-10-07 03:58:26.194 INFO  rank 3: graph variant 7 shape: 2492 nodes, 2729 edges: kernel 2492 empty 0 memcpy 0 memset 0 host 0 event 0 other 0; max in-degree 2
2026-10-07 03:58:26.202 INFO  rank 3: graph variant 7 instantiated — 28.3 MiB of device memory (3.2 GiB free)
2026-10-07 03:58:26.202 INFO  rank 3: serving scalar graph variants 6/7 captured for request slot 3 (2 rows, MTP)
2026-10-07 03:58:26.309 INFO  bus graph era: variant 8 recorded with 162 collective node(s)
2026-10-07 03:58:26.309 INFO  rank 3: graph variant 8 shape: 2492 nodes, 2729 edges: kernel 2492 empty 0 memcpy 0 memset 0 host 0 event 0 other 0; max in-degree 2
2026-10-07 03:58:26.318 INFO  rank 3: graph variant 8 instantiated — 31.9 MiB of device memory (3.2 GiB free)
2026-10-07 03:58:26.320 INFO  bus graph era: variant 9 recorded with 162 collective node(s)
2026-10-07 03:58:26.320 INFO  rank 3: graph variant 9 shape: 2492 nodes, 2729 edges: kernel 2492 empty 0 memcpy 0 memset 0 host 0 event 0 other 0; max in-degree 2
2026-10-07 03:58:26.329 INFO  rank 3: graph variant 9 instantiated — 32.3 MiB of device memory (3.1 GiB free)
2026-10-07 03:58:26.329 INFO  rank 3: serving scalar graph variants 8/9 captured for request slot 4 (2 rows, MTP)
2026-10-07 03:58:26.436 INFO  bus graph era: variant 10 recorded with 162 collective node(s)
2026-10-07 03:58:26.436 INFO  rank 3: graph variant 10 shape: 2492 nodes, 2729 edges: kernel 2492 empty 0 memcpy 0 memset 0 host 0 event 0 other 0; max in-degree 2
2026-10-07 03:58:26.445 INFO  rank 3: graph variant 10 instantiated — 29.7 MiB of device memory (3.1 GiB free)
2026-10-07 03:58:26.447 INFO  bus graph era: variant 11 recorded with 162 collective node(s)
2026-10-07 03:58:26.447 INFO  rank 3: graph variant 11 shape: 2492 nodes, 2729 edges: kernel 2492 empty 0 memcpy 0 memset 0 host 0 event 0 other 0; max in-degree 2
2026-10-07 03:58:26.456 INFO  rank 3: graph variant 11 instantiated — 32.3 MiB of device memory (3.1 GiB free)
2026-10-07 03:58:26.456 INFO  rank 3: serving scalar graph variants 10/11 captured for request slot 5 (2 rows, MTP)
2026-10-07 03:58:26.564 INFO  bus graph era: variant 12 recorded with 162 collective node(s)
2026-10-07 03:58:26.565 INFO  rank 3: graph variant 12 shape: 2492 nodes, 2729 edges: kernel 2492 empty 0 memcpy 0 memset 0 host 0 event 0 other 0; max in-degree 2
2026-10-07 03:58:26.573 INFO  rank 3: graph variant 12 instantiated — 38.4 MiB of device memory (3.0 GiB free)
2026-10-07 03:58:26.575 INFO  bus graph era: variant 13 recorded with 162 collective node(s)
2026-10-07 03:58:26.575 INFO  rank 3: graph variant 13 shape: 2492 nodes, 2729 edges: kernel 2492 empty 0 memcpy 0 memset 0 host 0 event 0 other 0; max in-degree 2
2026-10-07 03:58:26.584 INFO  rank 3: graph variant 13 instantiated — 32.7 MiB of device memory (3.0 GiB free)
2026-10-07 03:58:26.584 INFO  rank 3: serving scalar graph variants 12/13 captured for request slot 6 (2 rows, MTP)
2026-10-07 03:58:26.693 INFO  bus graph era: variant 14 recorded with 162 collective node(s)
2026-10-07 03:58:26.693 INFO  rank 3: graph variant 14 shape: 2492 nodes, 2729 edges: kernel 2492 empty 0 memcpy 0 memset 0 host 0 event 0 other 0; max in-degree 2
2026-10-07 03:58:26.702 INFO  rank 3: graph variant 14 instantiated — 33.7 MiB of device memory (3.0 GiB free)
2026-10-07 03:58:26.704 INFO  bus graph era: variant 15 recorded with 162 collective node(s)
2026-10-07 03:58:26.705 INFO  rank 3: graph variant 15 shape: 2492 nodes, 2729 edges: kernel 2492 empty 0 memcpy 0 memset 0 host 0 event 0 other 0; max in-degree 2
2026-10-07 03:58:26.716 INFO  rank 3: graph variant 15 instantiated — 28.7 MiB of device memory (2.9 GiB free)
2026-10-07 03:58:26.716 INFO  rank 3: serving scalar graph variants 14/15 captured for request slot 7 (2 rows, MTP)
2026-10-07 03:58:26.716 INFO  rank 3: warm capture complete — 8 scalar variants and the row batches for 2 slots, 3 slots, 4 slots, 6 slots, 8 slots recorded before the first request
2026-10-07 03:58:26.716 INFO  memory ledger: rank 3 after the warm capture — rss 2.03 GiB (anon 1.22, shmem 0.13, file 0.68; locked 14.19); device free 2.93 GiB, node available 4.50 GiB
2026-10-07 03:58:26.716 INFO  rank 3: graph variants warm-captured in 1.57s
2026-10-07 03:58:26.716 INFO  rank 3: following rank 0's journal (admission full, window 256)
2026-10-07 03:58:28.530 INFO  sched: request 'chatcmpl-0ff27253a823d8f5' starting prefill in slot 0 (62 prompt tokens)
2026-10-07 03:58:29.160 INFO  sched: request 'chatcmpl-0ff27253a823d8f5' prefix cache miss — 3 cut(s), the cache is empty
2026-10-07 03:58:29.160 INFO  sched: request 'chatcmpl-0ff27253a823d8f5' admitted to slot 0 (reserve 1 blocks; pool 1/2048 blocks in use) — first token 785
2026-10-07 03:58:31.412 INFO  sched: request 'chatcmpl-0ff27253a823d8f5' retired (steps): 64 tok in 2.9 s — prefill 62 tok (0 cached) in 629 ms; decode 63 tok / 35 passes in 2.3 s: 28.0 tok/s, 35.8 ms/tok, 64 ms/pass, 1.80 tok/pass, accept p1 83 %
2026-10-07 03:58:31.432 INFO  sched: request 'chatcmpl-0ff27253a823d8f6' starting prefill in slot 0 (37 prompt tokens)
2026-10-07 03:58:31.871 INFO  sched: request 'chatcmpl-0ff27253a823d8f6' prefix cache miss — 3 cut(s), the cache is empty
2026-10-07 03:58:31.871 INFO  sched: request 'chatcmpl-0ff27253a823d8f6' admitted to slot 0 (reserve 3 blocks; pool 3/2048 blocks in use) — first token 785
2026-10-07 03:58:36.939 INFO  stats: rank 3 | 10.1 s | decode 21.5 tok/s, 33.5 ms/tok, 63.0 ms/step (115 steps / 216 tok, 72 % of wall) | mtp 1.88 tok/step/req, accept p1 87 % | prefill 2 prompts / 99 tok, 10 tok/s, 10.79 ms/tok, 534 ms avg (11 % of wall), 0 tok cached (0/2 hits) | live 1, queued 0 | pool 3/2048 blocks (0 %) | prefix cache 0/4096 entries
2026-10-07 03:58:40.421 INFO  sched: request 'chatcmpl-0ff27253a823d8f6' retired (steps): 256 tok in 9.0 s — prefill 37 tok (0 cached) in 439 ms; decode 255 tok / 135 passes in 8.5 s: 29.8 tok/s, 33.5 ms/tok, 63 ms/pass, 1.89 tok/pass, accept p1 89 %
2026-10-07 03:58:40.435 INFO  sched: request 'chatcmpl-0ff27253a823d8f7' starting prefill in slot 0 (37 prompt tokens)
2026-10-07 03:58:40.879 INFO  sched: request 'chatcmpl-0ff27253a823d8f7' prefix cache miss — 3 cut(s), the cache is empty
2026-10-07 03:58:40.879 INFO  sched: request 'chatcmpl-0ff27253a823d8f7' admitted to slot 0 (reserve 3 blocks; pool 3/2048 blocks in use) — first token 785
2026-10-07 03:58:46.943 INFO  stats: rank 3 | 10.0 s | decode 28.7 tok/s, 32.9 ms/tok, 62.5 ms/step (151 steps / 287 tok, 94 % of wall) | mtp 1.90 tok/step/req, accept p1 89 % | prefill 1 prompt / 37 tok, 4 tok/s, 12.00 ms/tok, 444 ms avg (4 % of wall), 0 tok cached (0/1 hit) | live 1, queued 0 | pool 3/2048 blocks (0 %) | prefix cache 0/4096 entries
2026-10-07 03:58:49.428 INFO  sched: request 'chatcmpl-0ff27253a823d8f7' retired (steps): 256 tok in 9.0 s — prefill 37 tok (0 cached) in 444 ms; decode 255 tok / 135 passes in 8.5 s: 29.8 tok/s, 33.5 ms/tok, 63 ms/pass, 1.89 tok/pass, accept p1 89 %
2026-10-07 03:58:49.458 INFO  sched: request 'chatcmpl-0ff27253a823d8f8' starting prefill in slot 0 (37 prompt tokens)
2026-10-07 03:58:49.900 INFO  sched: request 'chatcmpl-0ff27253a823d8f8' prefix cache miss — 3 cut(s), the cache is empty
2026-10-07 03:58:49.900 INFO  sched: request 'chatcmpl-0ff27253a823d8f8' admitted to slot 0 (reserve 3 blocks; pool 3/2048 blocks in use) — first token 785
2026-10-07 03:58:56.981 INFO  stats: rank 3 | 10.0 s | decode 28.7 tok/s, 32.8 ms/tok, 62.6 ms/step (151 steps / 288 tok, 94 % of wall) | mtp 1.91 tok/step/req, accept p1 90 % | prefill 1 prompt / 37 tok, 4 tok/s, 11.96 ms/tok, 442 ms avg (4 % of wall), 0 tok cached (0/1 hit) | live 1, queued 0 | pool 3/2048 blocks (0 %) | prefix cache 0/4096 entries
2026-10-07 03:58:58.437 INFO  sched: request 'chatcmpl-0ff27253a823d8f8' retired (steps): 256 tok in 9.0 s — prefill 37 tok (0 cached) in 442 ms; decode 255 tok / 135 passes in 8.5 s: 29.9 tok/s, 33.5 ms/tok, 63 ms/pass, 1.89 tok/pass, accept p1 89 %
2026-10-07 03:58:58.463 INFO  sched: request 'chatcmpl-0ff27253a823d8f9' starting prefill in slot 0 (36 prompt tokens)
2026-10-07 03:58:58.463 INFO  sched: request 'chatcmpl-0ff27253a823d8fa' starting prefill in slot 1 (36 prompt tokens)
2026-10-07 03:58:59.157 INFO  sched: request 'chatcmpl-0ff27253a823d8f9' prefix cache miss — 3 cut(s), the cache is empty
2026-10-07 03:58:59.157 INFO  sched: request 'chatcmpl-0ff27253a823d8f9' admitted to slot 0 (reserve 3 blocks; pool 4/2048 blocks in use) — first token 785
2026-10-07 03:58:59.157 INFO  sched: request 'chatcmpl-0ff27253a823d8fa' prefix cache miss — 3 cut(s), the cache is empty
2026-10-07 03:58:59.157 INFO  sched: request 'chatcmpl-0ff27253a823d8fa' admitted to slot 1 (reserve 3 blocks; pool 6/2048 blocks in use) — first token 785
2026-10-07 03:58:59.157 INFO  sched: 2 requests admitted together in one prefill (694 ms)
2026-10-07 03:59:06.983 INFO  stats: rank 3 | 10.0 s | decode 35.3 tok/s, 26.1 ms/tok, 83.7 ms/step (110 steps / 353 tok, 92 % of wall) | mtp 1.79 tok/step/req, accept p1 78 % | prefill 2 prompts / 72 tok, 7 tok/s, 9.64 ms/tok, 347 ms avg (7 % of wall), 0 tok cached (0/2 hits) | live 2, queued 0 | pool 6/2048 blocks (0 %) | prefix cache 0/4096 entries
2026-10-07 03:59:11.987 INFO  sched: request 'chatcmpl-0ff27253a823d8f9' retired (steps): 256 tok in 13.5 s — prefill 36 tok (0 cached) in 694 ms; decode 255 tok / 142 passes in 12.8 s: 19.9 tok/s, 50.3 ms/tok, 90 ms/pass, 1.80 tok/pass, accept p1 80 %
2026-10-07 03:59:12.297 INFO  sched: request 'chatcmpl-0ff27253a823d8fa' retired (steps): 256 tok in 13.8 s — prefill 36 tok (0 cached) in 694 ms; decode 255 tok / 147 passes in 13.1 s: 19.4 tok/s, 51.5 ms/tok, 89 ms/pass, 1.73 tok/pass, accept p1 74 %
2026-10-07 03:59:12.329 INFO  sched: request 'chatcmpl-0ff27253a823d8fb' starting prefill in slot 0 (36 prompt tokens)
2026-10-07 03:59:12.329 INFO  sched: request 'chatcmpl-0ff27253a823d8fc' starting prefill in slot 1 (36 prompt tokens)
2026-10-07 03:59:13.012 INFO  sched: request 'chatcmpl-0ff27253a823d8fb' prefix cache miss — 3 cut(s), the cache is empty
2026-10-07 03:59:13.012 INFO  sched: request 'chatcmpl-0ff27253a823d8fb' admitted to slot 0 (reserve 3 blocks; pool 4/2048 blocks in use) — first token 785
2026-10-07 03:59:13.012 INFO  sched: request 'chatcmpl-0ff27253a823d8fc' prefix cache miss — 3 cut(s), the cache is empty
2026-10-07 03:59:13.012 INFO  sched: request 'chatcmpl-0ff27253a823d8fc' admitted to slot 1 (reserve 3 blocks; pool 6/2048 blocks in use) — first token 785
2026-10-07 03:59:13.012 INFO  sched: 2 requests admitted together in one prefill (683 ms)
2026-10-07 03:59:17.037 INFO  stats: rank 3 | 10.1 s | decode 36.7 tok/s, 25.1 ms/tok, 88.2 ms/step (105 steps / 369 tok, 92 % of wall) | mtp 1.80 tok/step/req, accept p1 80 % | prefill 2 prompts / 72 tok, 7 tok/s, 9.49 ms/tok, 342 ms avg (7 % of wall), 0 tok cached (0/2 hits) | live 2, queued 0 | pool 6/2048 blocks (0 %) | prefix cache 0/4096 entries
2026-10-07 03:59:25.844 INFO  sched: request 'chatcmpl-0ff27253a823d8fb' retired (steps): 256 tok in 13.5 s — prefill 36 tok (0 cached) in 683 ms; decode 255 tok / 142 passes in 12.8 s: 19.9 tok/s, 50.3 ms/tok, 90 ms/pass, 1.80 tok/pass, accept p1 80 %
2026-10-07 03:59:26.162 INFO  sched: request 'chatcmpl-0ff27253a823d8fc' retired (steps): 256 tok in 13.8 s — prefill 36 tok (0 cached) in 683 ms; decode 255 tok / 147 passes in 13.1 s: 19.4 tok/s, 51.6 ms/tok, 89 ms/pass, 1.73 tok/pass, accept p1 74 %
2026-10-07 03:59:26.176 INFO  sched: request 'chatcmpl-0ff27253a823d8fd' starting prefill in slot 0 (36 prompt tokens)
2026-10-07 03:59:26.177 INFO  sched: request 'chatcmpl-0ff27253a823d8fe' starting prefill in slot 1 (36 prompt tokens)
2026-10-07 03:59:26.854 INFO  sched: request 'chatcmpl-0ff27253a823d8fd' prefix cache miss — 3 cut(s), the cache is empty
2026-10-07 03:59:26.854 INFO  sched: request 'chatcmpl-0ff27253a823d8fd' admitted to slot 0 (reserve 3 blocks; pool 4/2048 blocks in use) — first token 785
2026-10-07 03:59:26.854 INFO  sched: request 'chatcmpl-0ff27253a823d8fe' prefix cache miss — 3 cut(s), the cache is empty
2026-10-07 03:59:26.854 INFO  sched: request 'chatcmpl-0ff27253a823d8fe' admitted to slot 1 (reserve 3 blocks; pool 6/2048 blocks in use) — first token 785
2026-10-07 03:59:26.854 INFO  sched: 2 requests admitted together in one prefill (678 ms)
2026-10-07 03:59:27.104 INFO  stats: rank 3 | 10.1 s | decode 35.4 tok/s, 26.1 ms/tok, 88.5 ms/step (105 steps / 356 tok, 92 % of wall) | mtp 1.74 tok/step/req, accept p1 73 % | prefill 2 prompts / 72 tok, 7 tok/s, 9.41 ms/tok, 339 ms avg (7 % of wall), 0 tok cached (0/2 hits) | live 2, queued 0 | pool 6/2048 blocks (0 %) | prefix cache 0/4096 entries
2026-10-07 03:59:37.148 INFO  stats: rank 3 | 10.0 s | decode 38.9 tok/s, 25.5 ms/tok, 89.8 ms/step (111 steps / 391 tok, 99 % of wall) | mtp 1.76 tok/step/req, accept p1 76 % | prefill 0 prompts / 0 tok, 0 tok cached (0/0 hits) | live 2, queued 0 | pool 6/2048 blocks (0 %) | prefix cache 0/4096 entries
2026-10-07 03:59:39.695 INFO  sched: request 'chatcmpl-0ff27253a823d8fd' retired (steps): 256 tok in 13.5 s — prefill 36 tok (0 cached) in 678 ms; decode 255 tok / 142 passes in 12.8 s: 19.9 tok/s, 50.4 ms/tok, 90 ms/pass, 1.80 tok/pass, accept p1 80 %
2026-10-07 03:59:40.013 INFO  sched: request 'chatcmpl-0ff27253a823d8fe' retired (steps): 256 tok in 13.8 s — prefill 36 tok (0 cached) in 678 ms; decode 255 tok / 147 passes in 13.2 s: 19.4 tok/s, 51.6 ms/tok, 90 ms/pass, 1.73 tok/pass, accept p1 74 %
2026-10-07 03:59:40.044 INFO  sched: request 'chatcmpl-0ff27253a823d8ff' starting prefill in slot 0 (35 prompt tokens)
2026-10-07 03:59:40.044 INFO  sched: request 'chatcmpl-0ff27253a823d900' starting prefill in slot 1 (31 prompt tokens)
2026-10-07 03:59:40.044 INFO  sched: request 'chatcmpl-0ff27253a823d901' starting prefill in slot 2 (32 prompt tokens)
2026-10-07 03:59:40.044 INFO  sched: request 'chatcmpl-0ff27253a823d902' starting prefill in slot 3 (32 prompt tokens)
2026-10-07 03:59:40.898 INFO  sched: request 'chatcmpl-0ff27253a823d8ff' prefix cache miss — 3 cut(s), the cache is empty
2026-10-07 03:59:40.898 INFO  sched: request 'chatcmpl-0ff27253a823d8ff' admitted to slot 0 (reserve 3 blocks; pool 6/2048 blocks in use) — first token 785
2026-10-07 03:59:40.898 INFO  sched: request 'chatcmpl-0ff27253a823d900' prefix cache miss — 3 cut(s), the cache is empty
2026-10-07 03:59:40.898 INFO  sched: request 'chatcmpl-0ff27253a823d900' admitted to slot 1 (reserve 3 blocks; pool 8/2048 blocks in use) — first token 785
2026-10-07 03:59:40.898 INFO  sched: request 'chatcmpl-0ff27253a823d901' prefix cache miss — 3 cut(s), the cache is empty
2026-10-07 03:59:40.898 INFO  sched: request 'chatcmpl-0ff27253a823d901' admitted to slot 2 (reserve 3 blocks; pool 10/2048 blocks in use) — first token 785
2026-10-07 03:59:40.898 INFO  sched: request 'chatcmpl-0ff27253a823d902' prefix cache miss — 3 cut(s), the cache is empty
2026-10-07 03:59:40.898 INFO  sched: request 'chatcmpl-0ff27253a823d902' admitted to slot 3 (reserve 3 blocks; pool 12/2048 blocks in use) — first token 785
2026-10-07 03:59:40.898 INFO  sched: 4 requests admitted together in one prefill (854 ms)
2026-10-07 03:59:47.166 INFO  stats: rank 3 | 10.0 s | decode 43.9 tok/s, 20.6 ms/tok, 117.8 ms/step (77 steps / 440 tok, 91 % of wall) | mtp 1.86 tok/step/req, accept p1 84 % | prefill 4 prompts / 130 tok, 13 tok/s, 6.57 ms/tok, 213 ms avg (9 % of wall), 0 tok cached (0/4 hits) | live 4, queued 0 | pool 12/2048 blocks (1 %) | prefix cache 0/4096 entries
2026-10-07 03:59:57.213 INFO  stats: rank 3 | 10.0 s | decode 47.0 tok/s, 21.2 ms/tok, 149.2 ms/step (67 steps / 472 tok, 99 % of wall) | mtp 1.76 tok/step/req, accept p1 76 % | prefill 0 prompts / 0 tok, 0 tok cached (0/0 hits) | live 4, queued 0 | pool 12/2048 blocks (1 %) | prefix cache 0/4096 entries
2026-10-07 04:00:01.451 INFO  sched: request 'chatcmpl-0ff27253a823d902' retired (steps): 256 tok in 21.4 s — prefill 32 tok (0 cached) in 854 ms; decode 255 tok / 139 passes in 20.6 s: 12.4 tok/s, 80.6 ms/tok, 148 ms/pass, 1.83 tok/pass, accept p1 83 %
2026-10-07 04:00:01.574 INFO  sched: request 'chatcmpl-0ff27253a823d901' retired (steps): 256 tok in 21.5 s — prefill 32 tok (0 cached) in 854 ms; decode 255 tok / 140 passes in 20.7 s: 12.3 tok/s, 81.1 ms/tok, 148 ms/pass, 1.82 tok/pass, accept p1 82 %
2026-10-07 04:00:01.759 INFO  sched: request 'chatcmpl-0ff27253a823d900' retired (steps): 256 tok in 21.7 s — prefill 31 tok (0 cached) in 854 ms; decode 255 tok / 142 passes in 20.9 s: 12.2 tok/s, 81.8 ms/tok, 147 ms/pass, 1.80 tok/pass, accept p1 80 %
2026-10-07 04:00:02.017 INFO  sched: request 'chatcmpl-0ff27253a823d8ff' retired (steps): 256 tok in 22.0 s — prefill 35 tok (0 cached) in 854 ms; decode 255 tok / 146 passes in 21.1 s: 12.1 tok/s, 82.8 ms/tok, 145 ms/pass, 1.75 tok/pass, accept p1 75 %
2026-10-07 04:00:02.026 INFO  sched: request 'chatcmpl-0ff27253a823d903' starting prefill in slot 0 (35 prompt tokens)
2026-10-07 04:00:02.026 INFO  sched: request 'chatcmpl-0ff27253a823d904' starting prefill in slot 1 (32 prompt tokens)
2026-10-07 04:00:02.026 INFO  sched: request 'chatcmpl-0ff27253a823d905' starting prefill in slot 2 (31 prompt tokens)
2026-10-07 04:00:02.026 INFO  sched: request 'chatcmpl-0ff27253a823d906' starting prefill in slot 3 (32 prompt tokens)
2026-10-07 04:00:02.876 INFO  sched: request 'chatcmpl-0ff27253a823d903' prefix cache miss — 3 cut(s), the cache is empty
2026-10-07 04:00:02.876 INFO  sched: request 'chatcmpl-0ff27253a823d903' admitted to slot 0 (reserve 3 blocks; pool 6/2048 blocks in use) — first token 785
2026-10-07 04:00:02.876 INFO  sched: request 'chatcmpl-0ff27253a823d904' prefix cache miss — 3 cut(s), the cache is empty
2026-10-07 04:00:02.876 INFO  sched: request 'chatcmpl-0ff27253a823d904' admitted to slot 1 (reserve 3 blocks; pool 8/2048 blocks in use) — first token 785
2026-10-07 04:00:02.876 INFO  sched: request 'chatcmpl-0ff27253a823d905' prefix cache miss — 3 cut(s), the cache is empty
2026-10-07 04:00:02.876 INFO  sched: request 'chatcmpl-0ff27253a823d905' admitted to slot 2 (reserve 3 blocks; pool 10/2048 blocks in use) — first token 785
2026-10-07 04:00:02.876 INFO  sched: request 'chatcmpl-0ff27253a823d906' prefix cache miss — 3 cut(s), the cache is empty
2026-10-07 04:00:02.876 INFO  sched: request 'chatcmpl-0ff27253a823d906' admitted to slot 3 (reserve 3 blocks; pool 12/2048 blocks in use) — first token 785
2026-10-07 04:00:02.876 INFO  sched: 4 requests admitted together in one prefill (850 ms)
2026-10-07 04:00:07.355 INFO  stats: rank 3 | 10.1 s | decode 46.0 tok/s, 19.7 ms/tok, 137.6 ms/step (67 steps / 467 tok, 91 % of wall) | mtp 1.86 tok/step/req, accept p1 84 % | prefill 4 prompts / 130 tok, 13 tok/s, 6.54 ms/tok, 212 ms avg (8 % of wall), 0 tok cached (0/4 hits) | live 4, queued 0 | pool 12/2048 blocks (1 %) | prefix cache 0/4096 entries
2026-10-07 04:00:17.412 INFO  stats: rank 3 | 10.1 s | decode 46.8 tok/s, 21.3 ms/tok, 149.5 ms/step (67 steps / 471 tok, 100 % of wall) | mtp 1.76 tok/step/req, accept p1 76 % | prefill 0 prompts / 0 tok, 0 tok cached (0/0 hits) | live 4, queued 0 | pool 12/2048 blocks (1 %) | prefix cache 0/4096 entries
2026-10-07 04:00:23.392 INFO  sched: request 'chatcmpl-0ff27253a823d904' retired (steps): 256 tok in 21.4 s — prefill 32 tok (0 cached) in 850 ms; decode 255 tok / 139 passes in 20.5 s: 12.4 tok/s, 80.5 ms/tok, 148 ms/pass, 1.83 tok/pass, accept p1 83 %
2026-10-07 04:00:23.544 INFO  sched: request 'chatcmpl-0ff27253a823d906' retired (steps): 256 tok in 21.5 s — prefill 32 tok (0 cached) in 850 ms; decode 255 tok / 140 passes in 20.7 s: 12.3 tok/s, 81.1 ms/tok, 148 ms/pass, 1.82 tok/pass, accept p1 82 %
2026-10-07 04:00:23.789 INFO  sched: request 'chatcmpl-0ff27253a823d905' retired (steps): 256 tok in 21.8 s — prefill 31 tok (0 cached) in 850 ms; decode 255 tok / 142 passes in 20.9 s: 12.2 tok/s, 82.0 ms/tok, 147 ms/pass, 1.80 tok/pass, accept p1 80 %
2026-10-07 04:00:24.049 INFO  sched: request 'chatcmpl-0ff27253a823d903' retired (steps): 256 tok in 22.0 s — prefill 35 tok (0 cached) in 850 ms; decode 255 tok / 146 passes in 21.2 s: 12.0 tok/s, 83.0 ms/tok, 145 ms/pass, 1.75 tok/pass, accept p1 75 %
2026-10-07 04:00:24.069 INFO  sched: request 'chatcmpl-0ff27253a823d907' starting prefill in slot 0 (35 prompt tokens)
2026-10-07 04:00:24.069 INFO  sched: request 'chatcmpl-0ff27253a823d908' starting prefill in slot 1 (31 prompt tokens)
2026-10-07 04:00:24.069 INFO  sched: request 'chatcmpl-0ff27253a823d909' starting prefill in slot 2 (32 prompt tokens)
2026-10-07 04:00:24.069 INFO  sched: request 'chatcmpl-0ff27253a823d90a' starting prefill in slot 3 (32 prompt tokens)
2026-10-07 04:00:24.923 INFO  sched: request 'chatcmpl-0ff27253a823d907' prefix cache miss — 3 cut(s), the cache is empty
2026-10-07 04:00:24.923 INFO  sched: request 'chatcmpl-0ff27253a823d907' admitted to slot 0 (reserve 3 blocks; pool 6/2048 blocks in use) — first token 785
2026-10-07 04:00:24.923 INFO  sched: request 'chatcmpl-0ff27253a823d908' prefix cache miss — 3 cut(s), the cache is empty
2026-10-07 04:00:24.923 INFO  sched: request 'chatcmpl-0ff27253a823d908' admitted to slot 1 (reserve 3 blocks; pool 8/2048 blocks in use) — first token 785
2026-10-07 04:00:24.923 INFO  sched: request 'chatcmpl-0ff27253a823d909' prefix cache miss — 3 cut(s), the cache is empty
2026-10-07 04:00:24.923 INFO  sched: request 'chatcmpl-0ff27253a823d909' admitted to slot 2 (reserve 3 blocks; pool 10/2048 blocks in use) — first token 785
2026-10-07 04:00:24.923 INFO  sched: request 'chatcmpl-0ff27253a823d90a' prefix cache miss — 3 cut(s), the cache is empty
2026-10-07 04:00:24.923 INFO  sched: request 'chatcmpl-0ff27253a823d90a' admitted to slot 3 (reserve 3 blocks; pool 12/2048 blocks in use) — first token 785
2026-10-07 04:00:24.923 INFO  sched: 4 requests admitted together in one prefill (854 ms)
2026-10-07 04:00:27.423 INFO  stats: rank 3 | 10.0 s | decode 44.7 tok/s, 20.3 ms/tok, 139.7 ms/step (65 steps / 448 tok, 91 % of wall) | mtp 1.84 tok/step/req, accept p1 83 % | prefill 4 prompts / 130 tok, 13 tok/s, 6.57 ms/tok, 213 ms avg (9 % of wall), 0 tok cached (0/4 hits) | live 4, queued 0 | pool 12/2048 blocks (1 %) | prefix cache 0/4096 entries
2026-10-07 04:00:37.462 INFO  stats: rank 3 | 10.0 s | decode 48.1 tok/s, 20.7 ms/tok, 149.3 ms/step (67 steps / 483 tok, 100 % of wall) | mtp 1.80 tok/step/req, accept p1 80 % | prefill 0 prompts / 0 tok, 0 tok cached (0/0 hits) | live 4, queued 0 | pool 12/2048 blocks (1 %) | prefix cache 0/4096 entries
2026-10-07 04:00:45.489 INFO  sched: request 'chatcmpl-0ff27253a823d90a' retired (steps): 256 tok in 21.4 s — prefill 32 tok (0 cached) in 854 ms; decode 255 tok / 139 passes in 20.6 s: 12.4 tok/s, 80.7 ms/tok, 148 ms/pass, 1.83 tok/pass, accept p1 83 %
2026-10-07 04:00:45.616 INFO  sched: request 'chatcmpl-0ff27253a823d909' retired (steps): 256 tok in 21.5 s — prefill 32 tok (0 cached) in 854 ms; decode 255 tok / 140 passes in 20.7 s: 12.3 tok/s, 81.2 ms/tok, 148 ms/pass, 1.82 tok/pass, accept p1 82 %
2026-10-07 04:00:45.808 INFO  sched: request 'chatcmpl-0ff27253a823d908' retired (steps): 256 tok in 21.7 s — prefill 31 tok (0 cached) in 854 ms; decode 255 tok / 142 passes in 20.9 s: 12.2 tok/s, 81.9 ms/tok, 147 ms/pass, 1.80 tok/pass, accept p1 80 %
2026-10-07 04:00:46.063 INFO  sched: request 'chatcmpl-0ff27253a823d907' retired (steps): 256 tok in 22.0 s — prefill 35 tok (0 cached) in 854 ms; decode 255 tok / 146 passes in 21.1 s: 12.1 tok/s, 82.9 ms/tok, 145 ms/pass, 1.75 tok/pass, accept p1 75 %
2026-10-07 04:00:46.088 INFO  sched: request 'chatcmpl-0ff27253a823d90b' starting prefill in slot 0 (31 prompt tokens)
2026-10-07 04:00:46.088 INFO  sched: request 'chatcmpl-0ff27253a823d90c' starting prefill in slot 1 (31 prompt tokens)
2026-10-07 04:00:46.088 INFO  sched: request 'chatcmpl-0ff27253a823d90d' starting prefill in slot 2 (31 prompt tokens)
2026-10-07 04:00:46.088 INFO  sched: request 'chatcmpl-0ff27253a823d90e' starting prefill in slot 3 (32 prompt tokens)
2026-10-07 04:00:46.088 INFO  sched: request 'chatcmpl-0ff27253a823d90f' starting prefill in slot 4 (32 prompt tokens)
2026-10-07 04:00:46.088 INFO  sched: request 'chatcmpl-0ff27253a823d910' starting prefill in slot 5 (31 prompt tokens)
2026-10-07 04:00:46.088 INFO  sched: request 'chatcmpl-0ff27253a823d911' starting prefill in slot 6 (32 prompt tokens)
2026-10-07 04:00:46.088 INFO  sched: request 'chatcmpl-0ff27253a823d912' starting prefill in slot 7 (31 prompt tokens)
2026-10-07 04:00:47.479 INFO  sched: request 'chatcmpl-0ff27253a823d90b' prefix cache miss — 3 cut(s), the cache is empty
2026-10-07 04:00:47.479 INFO  sched: request 'chatcmpl-0ff27253a823d90b' admitted to slot 0 (reserve 3 blocks; pool 10/2048 blocks in use) — first token 785
2026-10-07 04:00:47.479 INFO  sched: request 'chatcmpl-0ff27253a823d90c' prefix cache miss — 3 cut(s), the cache is empty
2026-10-07 04:00:47.479 INFO  sched: request 'chatcmpl-0ff27253a823d90c' admitted to slot 1 (reserve 3 blocks; pool 12/2048 blocks in use) — first token 785
2026-10-07 04:00:47.479 INFO  sched: request 'chatcmpl-0ff27253a823d90d' prefix cache miss — 3 cut(s), the cache is empty
2026-10-07 04:00:47.479 INFO  sched: request 'chatcmpl-0ff27253a823d90d' admitted to slot 2 (reserve 3 blocks; pool 14/2048 blocks in use) — first token 785
2026-10-07 04:00:47.479 INFO  sched: request 'chatcmpl-0ff27253a823d90e' prefix cache miss — 3 cut(s), the cache is empty
2026-10-07 04:00:47.479 INFO  sched: request 'chatcmpl-0ff27253a823d90e' admitted to slot 3 (reserve 3 blocks; pool 16/2048 blocks in use) — first token 785
2026-10-07 04:00:47.479 INFO  sched: request 'chatcmpl-0ff27253a823d90f' prefix cache miss — 3 cut(s), the cache is empty
2026-10-07 04:00:47.479 INFO  sched: request 'chatcmpl-0ff27253a823d90f' admitted to slot 4 (reserve 3 blocks; pool 18/2048 blocks in use) — first token 785
2026-10-07 04:00:47.479 INFO  sched: request 'chatcmpl-0ff27253a823d910' prefix cache miss — 3 cut(s), the cache is empty
2026-10-07 04:00:47.479 INFO  sched: request 'chatcmpl-0ff27253a823d910' admitted to slot 5 (reserve 3 blocks; pool 20/2048 blocks in use) — first token 785
2026-10-07 04:00:47.479 INFO  sched: request 'chatcmpl-0ff27253a823d911' prefix cache miss — 3 cut(s), the cache is empty
2026-10-07 04:00:47.479 INFO  sched: request 'chatcmpl-0ff27253a823d911' admitted to slot 6 (reserve 3 blocks; pool 22/2048 blocks in use) — first token 785
2026-10-07 04:00:47.479 INFO  sched: request 'chatcmpl-0ff27253a823d912' prefix cache miss — 3 cut(s), the cache is empty
2026-10-07 04:00:47.479 INFO  sched: request 'chatcmpl-0ff27253a823d912' admitted to slot 7 (reserve 3 blocks; pool 24/2048 blocks in use) — first token 785
2026-10-07 04:00:47.479 INFO  sched: 8 requests admitted together in one prefill (1390 ms)
2026-10-07 04:00:47.682 INFO  stats: rank 3 | 10.2 s | decode 41.1 tok/s, 20.8 ms/tok, 141.1 ms/step (62 steps / 420 tok, 86 % of wall) | mtp 1.79 tok/step/req, accept p1 75 % | prefill 8 prompts / 251 tok, 25 tok/s, 5.54 ms/tok, 174 ms avg (14 % of wall), 0 tok cached (0/8 hits) | live 8, queued 0 | pool 24/2048 blocks (1 %) | prefix cache 0/4096 entries
2026-10-07 04:00:57.779 INFO  stats: rank 3 | 10.1 s | decode 64.0 tok/s, 15.6 ms/tok, 234.1 ms/step (43 steps / 646 tok, 100 % of wall) | mtp 1.88 tok/step/req, accept p1 88 % | prefill 0 prompts / 0 tok, 0 tok cached (0/0 hits) | live 8, queued 0 | pool 24/2048 blocks (1 %) | prefix cache 0/4096 entries
2026-10-07 04:01:07.828 INFO  stats: rank 3 | 10.0 s | decode 56.3 tok/s, 17.7 ms/tok, 250.5 ms/step (40 steps / 566 tok, 100 % of wall) | mtp 1.77 tok/step/req, accept p1 77 % | prefill 0 prompts / 0 tok, 0 tok cached (0/0 hits) | live 8, queued 0 | pool 24/2048 blocks (1 %) | prefix cache 0/4096 entries
2026-10-07 04:01:17.946 INFO  stats: rank 3 | 10.1 s | decode 55.1 tok/s, 18.1 ms/tok, 258.6 ms/step (39 steps / 557 tok, 100 % of wall) | mtp 1.79 tok/step/req, accept p1 79 % | prefill 0 prompts / 0 tok, 0 tok cached (0/0 hits) | live 8, queued 0 | pool 24/2048 blocks (1 %) | prefix cache 0/4096 entries
2026-10-07 04:01:21.571 INFO  sched: request 'chatcmpl-0ff27253a823d90b' retired (steps): 256 tok in 35.5 s — prefill 31 tok (0 cached) in 1390 ms; decode 255 tok / 137 passes in 34.1 s: 7.5 tok/s, 133.7 ms/tok, 249 ms/pass, 1.86 tok/pass, accept p1 86 %
2026-10-07 04:01:21.833 INFO  sched: request 'chatcmpl-0ff27253a823d90d' retired (steps): 256 tok in 35.7 s — prefill 31 tok (0 cached) in 1390 ms; decode 255 tok / 138 passes in 34.4 s: 7.4 tok/s, 134.7 ms/tok, 249 ms/pass, 1.85 tok/pass, accept p1 85 %
2026-10-07 04:01:22.592 INFO  sched: request 'chatcmpl-0ff27253a823d910' retired (steps): 256 tok in 36.5 s — prefill 31 tok (0 cached) in 1390 ms; decode 255 tok / 141 passes in 35.1 s: 7.3 tok/s, 137.7 ms/tok, 249 ms/pass, 1.81 tok/pass, accept p1 82 %
2026-10-07 04:01:22.592 INFO  sched: request 'chatcmpl-0ff27253a823d912' retired (steps): 256 tok in 36.5 s — prefill 31 tok (0 cached) in 1390 ms; decode 255 tok / 141 passes in 35.1 s: 7.3 tok/s, 137.7 ms/tok, 249 ms/pass, 1.81 tok/pass, accept p1 82 %
2026-10-07 04:01:22.833 INFO  sched: request 'chatcmpl-0ff27253a823d90c' retired (steps): 256 tok in 36.7 s — prefill 31 tok (0 cached) in 1390 ms; decode 255 tok / 142 passes in 35.4 s: 7.2 tok/s, 138.6 ms/tok, 249 ms/pass, 1.80 tok/pass, accept p1 80 %
2026-10-07 04:01:23.278 INFO  sched: request 'chatcmpl-0ff27253a823d90e' retired (steps): 256 tok in 37.2 s — prefill 32 tok (0 cached) in 1390 ms; decode 255 tok / 144 passes in 35.8 s: 7.1 tok/s, 140.4 ms/tok, 249 ms/pass, 1.77 tok/pass, accept p1 77 %
2026-10-07 04:01:23.278 INFO  sched: request 'chatcmpl-0ff27253a823d911' retired (steps): 256 tok in 37.2 s — prefill 32 tok (0 cached) in 1390 ms; decode 255 tok / 144 passes in 35.8 s: 7.1 tok/s, 140.4 ms/tok, 249 ms/pass, 1.77 tok/pass, accept p1 77 %
2026-10-07 04:01:23.345 INFO  sched: request 'chatcmpl-0ff27253a823d90f' retired (steps): 256 tok in 37.3 s — prefill 32 tok (0 cached) in 1390 ms; decode 255 tok / 145 passes in 35.9 s: 7.1 tok/s, 140.7 ms/tok, 247 ms/pass, 1.76 tok/pass, accept p1 76 %
2026-10-07 04:01:23.354 INFO  sched: request 'chatcmpl-0ff27253a823d913' starting prefill in slot 0 (31 prompt tokens)
2026-10-07 04:01:23.354 INFO  sched: request 'chatcmpl-0ff27253a823d914' starting prefill in slot 1 (31 prompt tokens)
2026-10-07 04:01:23.354 INFO  sched: request 'chatcmpl-0ff27253a823d915' starting prefill in slot 2 (31 prompt tokens)
2026-10-07 04:01:23.354 INFO  sched: request 'chatcmpl-0ff27253a823d916' starting prefill in slot 3 (31 prompt tokens)
2026-10-07 04:01:23.354 INFO  sched: request 'chatcmpl-0ff27253a823d917' starting prefill in slot 4 (32 prompt tokens)
2026-10-07 04:01:23.355 INFO  sched: request 'chatcmpl-0ff27253a823d918' starting prefill in slot 5 (31 prompt tokens)
2026-10-07 04:01:23.355 INFO  sched: request 'chatcmpl-0ff27253a823d919' starting prefill in slot 6 (32 prompt tokens)
2026-10-07 04:01:23.355 INFO  sched: request 'chatcmpl-0ff27253a823d91a' starting prefill in slot 7 (32 prompt tokens)
2026-10-07 04:01:24.747 INFO  sched: request 'chatcmpl-0ff27253a823d913' prefix cache miss — 3 cut(s), the cache is empty
2026-10-07 04:01:24.747 INFO  sched: request 'chatcmpl-0ff27253a823d913' admitted to slot 0 (reserve 3 blocks; pool 10/2048 blocks in use) — first token 785
2026-10-07 04:01:24.747 INFO  sched: request 'chatcmpl-0ff27253a823d914' prefix cache miss — 3 cut(s), the cache is empty
2026-10-07 04:01:24.747 INFO  sched: request 'chatcmpl-0ff27253a823d914' admitted to slot 1 (reserve 3 blocks; pool 12/2048 blocks in use) — first token 785
2026-10-07 04:01:24.747 INFO  sched: request 'chatcmpl-0ff27253a823d915' prefix cache miss — 3 cut(s), the cache is empty
2026-10-07 04:01:24.747 INFO  sched: request 'chatcmpl-0ff27253a823d915' admitted to slot 2 (reserve 3 blocks; pool 14/2048 blocks in use) — first token 785
2026-10-07 04:01:24.747 INFO  sched: request 'chatcmpl-0ff27253a823d916' prefix cache miss — 3 cut(s), the cache is empty
2026-10-07 04:01:24.747 INFO  sched: request 'chatcmpl-0ff27253a823d916' admitted to slot 3 (reserve 3 blocks; pool 16/2048 blocks in use) — first token 785
2026-10-07 04:01:24.747 INFO  sched: request 'chatcmpl-0ff27253a823d917' prefix cache miss — 3 cut(s), the cache is empty
2026-10-07 04:01:24.747 INFO  sched: request 'chatcmpl-0ff27253a823d917' admitted to slot 4 (reserve 3 blocks; pool 18/2048 blocks in use) — first token 785
2026-10-07 04:01:24.747 INFO  sched: request 'chatcmpl-0ff27253a823d918' prefix cache miss — 3 cut(s), the cache is empty
2026-10-07 04:01:24.747 INFO  sched: request 'chatcmpl-0ff27253a823d918' admitted to slot 5 (reserve 3 blocks; pool 20/2048 blocks in use) — first token 785
2026-10-07 04:01:24.747 INFO  sched: request 'chatcmpl-0ff27253a823d919' prefix cache miss — 3 cut(s), the cache is empty
2026-10-07 04:01:24.747 INFO  sched: request 'chatcmpl-0ff27253a823d919' admitted to slot 6 (reserve 3 blocks; pool 22/2048 blocks in use) — first token 785
2026-10-07 04:01:24.747 INFO  sched: request 'chatcmpl-0ff27253a823d91a' prefix cache miss — 3 cut(s), the cache is empty
2026-10-07 04:01:24.747 INFO  sched: request 'chatcmpl-0ff27253a823d91a' admitted to slot 7 (reserve 3 blocks; pool 24/2048 blocks in use) — first token 785
2026-10-07 04:01:24.747 INFO  sched: 8 requests admitted together in one prefill (1392 ms)
2026-10-07 04:01:27.993 INFO  stats: rank 3 | 10.0 s | decode 49.5 tok/s, 17.3 ms/tok, 231.9 ms/step (37 steps / 497 tok, 85 % of wall) | mtp 1.85 tok/step/req, accept p1 83 % | prefill 8 prompts / 251 tok, 25 tok/s, 5.55 ms/tok, 174 ms avg (14 % of wall), 0 tok cached (0/8 hits) | live 8, queued 0 | pool 24/2048 blocks (1 %) | prefix cache 0/4096 entries
2026-10-07 04:01:38.045 INFO  stats: rank 3 | 10.1 s | decode 58.7 tok/s, 17.0 ms/tok, 244.5 ms/step (41 steps / 590 tok, 100 % of wall) | mtp 1.80 tok/step/req, accept p1 80 % | prefill 0 prompts / 0 tok, 0 tok cached (0/0 hits) | live 8, queued 0 | pool 24/2048 blocks (1 %) | prefix cache 0/4096 entries
2026-10-07 04:01:48.181 INFO  stats: rank 3 | 10.1 s | decode 56.7 tok/s, 17.6 ms/tok, 252.6 ms/step (40 steps / 575 tok, 100 % of wall) | mtp 1.80 tok/step/req, accept p1 80 % | prefill 0 prompts / 0 tok, 0 tok cached (0/0 hits) | live 8, queued 0 | pool 24/2048 blocks (1 %) | prefix cache 0/4096 entries
2026-10-07 04:01:58.300 INFO  stats: rank 3 | 10.1 s | decode 54.6 tok/s, 18.2 ms/tok, 258.6 ms/step (39 steps / 553 tok, 100 % of wall) | mtp 1.77 tok/step/req, accept p1 77 % | prefill 0 prompts / 0 tok, 0 tok cached (0/0 hits) | live 8, queued 0 | pool 24/2048 blocks (1 %) | prefix cache 0/4096 entries
2026-10-07 04:01:58.824 INFO  sched: request 'chatcmpl-0ff27253a823d913' retired (steps): 256 tok in 35.5 s — prefill 31 tok (0 cached) in 1392 ms; decode 255 tok / 137 passes in 34.1 s: 7.5 tok/s, 133.6 ms/tok, 249 ms/pass, 1.86 tok/pass, accept p1 86 %
2026-10-07 04:01:59.089 INFO  sched: request 'chatcmpl-0ff27253a823d914' retired (steps): 256 tok in 35.7 s — prefill 31 tok (0 cached) in 1392 ms; decode 255 tok / 138 passes in 34.3 s: 7.4 tok/s, 134.7 ms/tok, 249 ms/pass, 1.85 tok/pass, accept p1 85 %
2026-10-07 04:01:59.843 INFO  sched: request 'chatcmpl-0ff27253a823d915' retired (steps): 256 tok in 36.5 s — prefill 31 tok (0 cached) in 1392 ms; decode 255 tok / 141 passes in 35.1 s: 7.3 tok/s, 137.6 ms/tok, 249 ms/pass, 1.81 tok/pass, accept p1 82 %
2026-10-07 04:02:00.091 INFO  sched: request 'chatcmpl-0ff27253a823d916' retired (steps): 256 tok in 36.7 s — prefill 31 tok (0 cached) in 1392 ms; decode 255 tok / 142 passes in 35.3 s: 7.2 tok/s, 138.6 ms/tok, 249 ms/pass, 1.80 tok/pass, accept p1 80 %
2026-10-07 04:02:00.091 INFO  sched: request 'chatcmpl-0ff27253a823d918' retired (steps): 256 tok in 36.7 s — prefill 31 tok (0 cached) in 1392 ms; decode 255 tok / 142 passes in 35.3 s: 7.2 tok/s, 138.6 ms/tok, 249 ms/pass, 1.80 tok/pass, accept p1 80 %
2026-10-07 04:02:00.543 INFO  sched: request 'chatcmpl-0ff27253a823d917' retired (steps): 256 tok in 37.2 s — prefill 32 tok (0 cached) in 1392 ms; decode 255 tok / 144 passes in 35.8 s: 7.1 tok/s, 140.4 ms/tok, 249 ms/pass, 1.77 tok/pass, accept p1 77 %
2026-10-07 04:02:00.543 INFO  sched: request 'chatcmpl-0ff27253a823d919' retired (steps): 256 tok in 37.2 s — prefill 32 tok (0 cached) in 1392 ms; decode 255 tok / 144 passes in 35.8 s: 7.1 tok/s, 140.4 ms/tok, 249 ms/pass, 1.77 tok/pass, accept p1 77 %
2026-10-07 04:02:00.611 INFO  sched: request 'chatcmpl-0ff27253a823d91a' retired (steps): 256 tok in 37.3 s — prefill 32 tok (0 cached) in 1392 ms; decode 255 tok / 145 passes in 35.9 s: 7.1 tok/s, 140.6 ms/tok, 247 ms/pass, 1.76 tok/pass, accept p1 76 %
2026-10-07 04:02:00.626 INFO  sched: request 'chatcmpl-0ff27253a823d91b' starting prefill in slot 0 (31 prompt tokens)
2026-10-07 04:02:00.626 INFO  sched: request 'chatcmpl-0ff27253a823d91c' starting prefill in slot 1 (31 prompt tokens)
2026-10-07 04:02:00.626 INFO  sched: request 'chatcmpl-0ff27253a823d91d' starting prefill in slot 2 (31 prompt tokens)
2026-10-07 04:02:00.626 INFO  sched: request 'chatcmpl-0ff27253a823d91e' starting prefill in slot 3 (31 prompt tokens)
2026-10-07 04:02:00.626 INFO  sched: request 'chatcmpl-0ff27253a823d91f' starting prefill in slot 4 (31 prompt tokens)
2026-10-07 04:02:00.626 INFO  sched: request 'chatcmpl-0ff27253a823d920' starting prefill in slot 5 (32 prompt tokens)
2026-10-07 04:02:00.626 INFO  sched: request 'chatcmpl-0ff27253a823d921' starting prefill in slot 6 (32 prompt tokens)
2026-10-07 04:02:00.626 INFO  sched: request 'chatcmpl-0ff27253a823d922' starting prefill in slot 7 (32 prompt tokens)
2026-10-07 04:02:02.036 INFO  sched: request 'chatcmpl-0ff27253a823d91b' prefix cache miss — 3 cut(s), the cache is empty
2026-10-07 04:02:02.036 INFO  sched: request 'chatcmpl-0ff27253a823d91b' admitted to slot 0 (reserve 3 blocks; pool 10/2048 blocks in use) — first token 785
2026-10-07 04:02:02.036 INFO  sched: request 'chatcmpl-0ff27253a823d91c' prefix cache miss — 3 cut(s), the cache is empty
2026-10-07 04:02:02.036 INFO  sched: request 'chatcmpl-0ff27253a823d91c' admitted to slot 1 (reserve 3 blocks; pool 12/2048 blocks in use) — first token 785
2026-10-07 04:02:02.036 INFO  sched: request 'chatcmpl-0ff27253a823d91d' prefix cache miss — 3 cut(s), the cache is empty
2026-10-07 04:02:02.036 INFO  sched: request 'chatcmpl-0ff27253a823d91d' admitted to slot 2 (reserve 3 blocks; pool 14/2048 blocks in use) — first token 785
2026-10-07 04:02:02.036 INFO  sched: request 'chatcmpl-0ff27253a823d91e' prefix cache miss — 3 cut(s), the cache is empty
2026-10-07 04:02:02.036 INFO  sched: request 'chatcmpl-0ff27253a823d91e' admitted to slot 3 (reserve 3 blocks; pool 16/2048 blocks in use) — first token 785
2026-10-07 04:02:02.036 INFO  sched: request 'chatcmpl-0ff27253a823d91f' prefix cache miss — 3 cut(s), the cache is empty
2026-10-07 04:02:02.036 INFO  sched: request 'chatcmpl-0ff27253a823d91f' admitted to slot 4 (reserve 3 blocks; pool 18/2048 blocks in use) — first token 785
2026-10-07 04:02:02.036 INFO  sched: request 'chatcmpl-0ff27253a823d920' prefix cache miss — 3 cut(s), the cache is empty
2026-10-07 04:02:02.036 INFO  sched: request 'chatcmpl-0ff27253a823d920' admitted to slot 5 (reserve 3 blocks; pool 20/2048 blocks in use) — first token 785
2026-10-07 04:02:02.036 INFO  sched: request 'chatcmpl-0ff27253a823d921' prefix cache miss — 3 cut(s), the cache is empty
2026-10-07 04:02:02.036 INFO  sched: request 'chatcmpl-0ff27253a823d921' admitted to slot 6 (reserve 3 blocks; pool 22/2048 blocks in use) — first token 785
2026-10-07 04:02:02.036 INFO  sched: request 'chatcmpl-0ff27253a823d922' prefix cache miss — 3 cut(s), the cache is empty
2026-10-07 04:02:02.036 INFO  sched: request 'chatcmpl-0ff27253a823d922' admitted to slot 7 (reserve 3 blocks; pool 24/2048 blocks in use) — first token 785
2026-10-07 04:02:02.036 INFO  sched: 8 requests admitted together in one prefill (1409 ms)
2026-10-07 04:02:08.322 INFO  stats: rank 3 | 10.0 s | decode 52.3 tok/s, 16.3 ms/tok, 224.5 ms/step (38 steps / 524 tok, 85 % of wall) | mtp 1.89 tok/step/req, accept p1 87 % | prefill 8 prompts / 251 tok, 25 tok/s, 5.62 ms/tok, 176 ms avg (14 % of wall), 0 tok cached (0/8 hits) | live 8, queued 0 | pool 24/2048 blocks (1 %) | prefix cache 0/4096 entries
2026-10-07 04:02:18.565 INFO  stats: rank 3 | 10.2 s | decode 56.6 tok/s, 17.6 ms/tok, 249.0 ms/step (41 steps / 580 tok, 100 % of wall) | mtp 1.77 tok/step/req, accept p1 77 % | prefill 0 prompts / 0 tok, 0 tok cached (0/0 hits) | live 8, queued 0 | pool 24/2048 blocks (1 %) | prefix cache 0/4096 entries
2026-10-07 04:02:28.582 INFO  stats: rank 3 | 10.0 s | decode 56.0 tok/s, 17.8 ms/tok, 256.1 ms/step (39 steps / 561 tok, 100 % of wall) | mtp 1.80 tok/step/req, accept p1 80 % | prefill 0 prompts / 0 tok, 0 tok cached (0/0 hits) | live 8, queued 0 | pool 24/2048 blocks (1 %) | prefix cache 0/4096 entries
2026-10-07 04:02:36.087 INFO  sched: request 'chatcmpl-0ff27253a823d91b' retired (steps): 256 tok in 35.5 s — prefill 31 tok (0 cached) in 1409 ms; decode 255 tok / 137 passes in 34.1 s: 7.5 tok/s, 133.5 ms/tok, 249 ms/pass, 1.86 tok/pass, accept p1 86 %
2026-10-07 04:02:36.351 INFO  sched: request 'chatcmpl-0ff27253a823d91c' retired (steps): 256 tok in 35.7 s — prefill 31 tok (0 cached) in 1409 ms; decode 255 tok / 138 passes in 34.3 s: 7.4 tok/s, 134.6 ms/tok, 249 ms/pass, 1.85 tok/pass, accept p1 85 %
2026-10-07 04:02:37.122 INFO  sched: request 'chatcmpl-0ff27253a823d91e' retired (steps): 256 tok in 36.5 s — prefill 31 tok (0 cached) in 1409 ms; decode 255 tok / 141 passes in 35.1 s: 7.3 tok/s, 137.6 ms/tok, 249 ms/pass, 1.81 tok/pass, accept p1 82 %
2026-10-07 04:02:37.122 INFO  sched: request 'chatcmpl-0ff27253a823d91f' retired (steps): 256 tok in 36.5 s — prefill 31 tok (0 cached) in 1409 ms; decode 255 tok / 141 passes in 35.1 s: 7.3 tok/s, 137.6 ms/tok, 249 ms/pass, 1.81 tok/pass, accept p1 82 %
2026-10-07 04:02:37.600 INFO  sched: request 'chatcmpl-0ff27253a823d91d' retired (steps): 256 tok in 37.0 s — prefill 31 tok (0 cached) in 1409 ms; decode 255 tok / 143 passes in 35.6 s: 7.2 tok/s, 139.5 ms/tok, 249 ms/pass, 1.78 tok/pass, accept p1 78 %
2026-10-07 04:02:37.827 INFO  sched: request 'chatcmpl-0ff27253a823d920' retired (steps): 256 tok in 37.2 s — prefill 32 tok (0 cached) in 1409 ms; decode 255 tok / 144 passes in 35.8 s: 7.1 tok/s, 140.4 ms/tok, 249 ms/pass, 1.77 tok/pass, accept p1 77 %
2026-10-07 04:02:37.827 INFO  sched: request 'chatcmpl-0ff27253a823d921' retired (steps): 256 tok in 37.2 s — prefill 32 tok (0 cached) in 1409 ms; decode 255 tok / 144 passes in 35.8 s: 7.1 tok/s, 140.4 ms/tok, 249 ms/pass, 1.77 tok/pass, accept p1 77 %
2026-10-07 04:02:37.913 INFO  sched: request 'chatcmpl-0ff27253a823d922' retired (steps): 256 tok in 37.3 s — prefill 32 tok (0 cached) in 1409 ms; decode 255 tok / 145 passes in 35.9 s: 7.1 tok/s, 140.7 ms/tok, 247 ms/pass, 1.76 tok/pass, accept p1 76 %
2026-10-07 04:02:37.949 INFO  sched: request 'chatcmpl-0ff27253a823d923' starting prefill in slot 0 (51 prompt tokens)
2026-10-07 04:02:38.486 INFO  sched: request 'chatcmpl-0ff27253a823d923' prefix cache miss — 3 cut(s), the cache is empty
2026-10-07 04:02:38.486 INFO  sched: request 'chatcmpl-0ff27253a823d923' admitted to slot 0 (reserve 3 blocks; pool 3/2048 blocks in use) — first token 785
2026-10-07 04:02:38.616 INFO  stats: rank 3 | 10.0 s | decode 47.7 tok/s, 19.6 ms/tok, 240.3 ms/step (39 steps / 479 tok, 93 % of wall) | mtp 1.77 tok/step/req, accept p1 77 % | prefill 1 prompt / 51 tok, 5 tok/s, 10.52 ms/tok, 536 ms avg (5 % of wall), 0 tok cached (0/1 hit) | live 1, queued 0 | pool 3/2048 blocks (0 %) | prefix cache 0/4096 entries
2026-10-07 04:02:47.207 INFO  sched: request 'chatcmpl-0ff27253a823d923' retired (steps): 256 tok in 9.3 s — prefill 51 tok (0 cached) in 536 ms; decode 255 tok / 135 passes in 8.7 s: 29.2 tok/s, 34.2 ms/tok, 65 ms/pass, 1.89 tok/pass, accept p1 90 %
2026-10-07 04:02:47.216 INFO  sched: request 'chatcmpl-0ff27253a823d924' starting prefill in slot 0 (51 prompt tokens)
2026-10-07 04:02:47.752 INFO  sched: request 'chatcmpl-0ff27253a823d924' prefix cache miss — 3 cut(s), the cache is empty
2026-10-07 04:02:47.752 INFO  sched: request 'chatcmpl-0ff27253a823d924' admitted to slot 0 (reserve 3 blocks; pool 3/2048 blocks in use) — first token 785
2026-10-07 04:02:48.660 INFO  stats: rank 3 | 10.0 s | decode 27.8 tok/s, 33.7 ms/tok, 63.9 ms/step (147 steps / 279 tok, 93 % of wall) | mtp 1.90 tok/step/req, accept p1 90 % | prefill 1 prompt / 51 tok, 5 tok/s, 10.51 ms/tok, 536 ms avg (5 % of wall), 0 tok cached (0/1 hit) | live 1, queued 0 | pool 3/2048 blocks (0 %) | prefix cache 0/4096 entries
2026-10-07 04:02:56.455 INFO  sched: request 'chatcmpl-0ff27253a823d924' retired (steps): 256 tok in 9.2 s — prefill 51 tok (0 cached) in 536 ms; decode 255 tok / 135 passes in 8.7 s: 29.3 tok/s, 34.1 ms/tok, 64 ms/pass, 1.89 tok/pass, accept p1 90 %
2026-10-07 04:02:56.475 INFO  sched: request 'chatcmpl-0ff27253a823d925' starting prefill in slot 0 (51 prompt tokens)
2026-10-07 04:02:57.025 INFO  sched: request 'chatcmpl-0ff27253a823d925' prefix cache miss — 3 cut(s), the cache is empty
2026-10-07 04:02:57.025 INFO  sched: request 'chatcmpl-0ff27253a823d925' admitted to slot 0 (reserve 3 blocks; pool 3/2048 blocks in use) — first token 785
2026-10-07 04:02:58.700 INFO  stats: rank 3 | 10.0 s | decode 27.7 tok/s, 33.7 ms/tok, 63.7 ms/step (147 steps / 278 tok, 93 % of wall) | mtp 1.89 tok/step/req, accept p1 89 % | prefill 1 prompt / 51 tok, 5 tok/s, 10.78 ms/tok, 550 ms avg (5 % of wall), 0 tok cached (0/1 hit) | live 1, queued 0 | pool 3/2048 blocks (0 %) | prefix cache 0/4096 entries
2026-10-07 04:03:05.739 INFO  sched: request 'chatcmpl-0ff27253a823d925' retired (steps): 256 tok in 9.3 s — prefill 51 tok (0 cached) in 550 ms; decode 255 tok / 135 passes in 8.7 s: 29.3 tok/s, 34.2 ms/tok, 65 ms/pass, 1.89 tok/pass, accept p1 90 %
2026-10-07 04:03:05.753 INFO  sched: request 'chatcmpl-0ff27253a823d926' starting prefill in slot 0 (47 prompt tokens)
2026-10-07 04:03:05.753 INFO  sched: request 'chatcmpl-0ff27253a823d927' starting prefill in slot 1 (51 prompt tokens)
2026-10-07 04:03:06.607 INFO  sched: request 'chatcmpl-0ff27253a823d926' prefix cache miss — 3 cut(s), the cache is empty
2026-10-07 04:03:06.607 INFO  sched: request 'chatcmpl-0ff27253a823d926' admitted to slot 0 (reserve 3 blocks; pool 4/2048 blocks in use) — first token 785
2026-10-07 04:03:06.607 INFO  sched: request 'chatcmpl-0ff27253a823d927' prefix cache miss — 3 cut(s), the cache is empty
2026-10-07 04:03:06.607 INFO  sched: request 'chatcmpl-0ff27253a823d927' admitted to slot 1 (reserve 3 blocks; pool 6/2048 blocks in use) — first token 785
2026-10-07 04:03:06.607 INFO  sched: 2 requests admitted together in one prefill (854 ms)
2026-10-07 04:03:08.721 INFO  stats: rank 3 | 10.0 s | decode 29.6 tok/s, 30.5 ms/tok, 68.7 ms/step (132 steps / 297 tok, 90 % of wall) | mtp 1.92 tok/step/req, accept p1 91 % | prefill 2 prompts / 98 tok, 10 tok/s, 8.71 ms/tok, 427 ms avg (9 % of wall), 0 tok cached (0/2 hits) | live 2, queued 0 | pool 6/2048 blocks (0 %) | prefix cache 0/4096 entries
2026-10-07 04:03:18.799 INFO  stats: rank 3 | 10.1 s | decode 39.6 tok/s, 25.1 ms/tok, 92.6 ms/step (108 steps / 399 tok, 99 % of wall) | mtp 1.85 tok/step/req, accept p1 85 % | prefill 0 prompts / 0 tok, 0 tok cached (0/0 hits) | live 2, queued 0 | pool 6/2048 blocks (0 %) | prefix cache 0/4096 entries
2026-10-07 04:03:19.276 INFO  sched: request 'chatcmpl-0ff27253a823d927' retired (steps): 256 tok in 13.5 s — prefill 51 tok (0 cached) in 854 ms; decode 255 tok / 136 passes in 12.7 s: 20.1 tok/s, 49.7 ms/tok, 93 ms/pass, 1.88 tok/pass, accept p1 88 %
2026-10-07 04:03:19.407 INFO  sched: request 'chatcmpl-0ff27253a823d926' retired (steps): 256 tok in 13.7 s — prefill 47 tok (0 cached) in 854 ms; decode 255 tok / 138 passes in 12.8 s: 19.9 tok/s, 50.2 ms/tok, 93 ms/pass, 1.85 tok/pass, accept p1 85 %
2026-10-07 04:03:19.422 INFO  sched: request 'chatcmpl-0ff27253a823d928' starting prefill in slot 0 (47 prompt tokens)
2026-10-07 04:03:19.422 INFO  sched: request 'chatcmpl-0ff27253a823d929' starting prefill in slot 1 (51 prompt tokens)
2026-10-07 04:03:20.275 INFO  sched: request 'chatcmpl-0ff27253a823d928' prefix cache miss — 3 cut(s), the cache is empty
2026-10-07 04:03:20.275 INFO  sched: request 'chatcmpl-0ff27253a823d928' admitted to slot 0 (reserve 3 blocks; pool 4/2048 blocks in use) — first token 785
2026-10-07 04:03:20.275 INFO  sched: request 'chatcmpl-0ff27253a823d929' prefix cache miss — 3 cut(s), the cache is empty
2026-10-07 04:03:20.275 INFO  sched: request 'chatcmpl-0ff27253a823d929' admitted to slot 1 (reserve 3 blocks; pool 6/2048 blocks in use) — first token 785
2026-10-07 04:03:20.275 INFO  sched: 2 requests admitted together in one prefill (853 ms)
2026-10-07 04:03:28.879 INFO  stats: rank 3 | 10.1 s | decode 37.5 tok/s, 24.2 ms/tok, 91.4 ms/step (100 steps / 378 tok, 91 % of wall) | mtp 1.91 tok/step/req, accept p1 90 % | prefill 2 prompts / 98 tok, 10 tok/s, 8.70 ms/tok, 427 ms avg (8 % of wall), 0 tok cached (0/2 hits) | live 2, queued 0 | pool 6/2048 blocks (0 %) | prefix cache 0/4096 entries
2026-10-07 04:03:32.936 INFO  sched: request 'chatcmpl-0ff27253a823d929' retired (steps): 256 tok in 13.5 s — prefill 51 tok (0 cached) in 853 ms; decode 255 tok / 136 passes in 12.7 s: 20.1 tok/s, 49.6 ms/tok, 93 ms/pass, 1.88 tok/pass, accept p1 88 %
2026-10-07 04:03:33.069 INFO  sched: request 'chatcmpl-0ff27253a823d928' retired (steps): 256 tok in 13.6 s — prefill 47 tok (0 cached) in 853 ms; decode 255 tok / 138 passes in 12.8 s: 19.9 tok/s, 50.2 ms/tok, 93 ms/pass, 1.85 tok/pass, accept p1 85 %
2026-10-07 04:03:33.095 INFO  sched: request 'chatcmpl-0ff27253a823d92a' starting prefill in slot 0 (51 prompt tokens)
2026-10-07 04:03:33.095 INFO  sched: request 'chatcmpl-0ff27253a823d92b' starting prefill in slot 1 (47 prompt tokens)
2026-10-07 04:03:33.957 INFO  sched: request 'chatcmpl-0ff27253a823d92a' prefix cache miss — 3 cut(s), the cache is empty
2026-10-07 04:03:33.957 INFO  sched: request 'chatcmpl-0ff27253a823d92a' admitted to slot 0 (reserve 3 blocks; pool 4/2048 blocks in use) — first token 785
2026-10-07 04:03:33.957 INFO  sched: request 'chatcmpl-0ff27253a823d92b' prefix cache miss — 3 cut(s), the cache is empty
2026-10-07 04:03:33.957 INFO  sched: request 'chatcmpl-0ff27253a823d92b' admitted to slot 1 (reserve 3 blocks; pool 6/2048 blocks in use) — first token 785
2026-10-07 04:03:33.957 INFO  sched: 2 requests admitted together in one prefill (862 ms)
2026-10-07 04:03:38.950 INFO  stats: rank 3 | 10.1 s | decode 36.2 tok/s, 25.0 ms/tok, 92.0 ms/step (99 steps / 365 tok, 90 % of wall) | mtp 1.86 tok/step/req, accept p1 85 % | prefill 2 prompts / 98 tok, 10 tok/s, 8.79 ms/tok, 431 ms avg (9 % of wall), 0 tok cached (0/2 hits) | live 2, queued 0 | pool 6/2048 blocks (0 %) | prefix cache 0/4096 entries
2026-10-07 04:03:46.557 INFO  sched: request 'chatcmpl-0ff27253a823d92a' retired (steps): 256 tok in 13.5 s — prefill 51 tok (0 cached) in 862 ms; decode 255 tok / 135 passes in 12.6 s: 20.2 tok/s, 49.4 ms/tok, 93 ms/pass, 1.89 tok/pass, accept p1 89 %
2026-10-07 04:03:46.753 INFO  sched: request 'chatcmpl-0ff27253a823d92b' retired (steps): 256 tok in 13.7 s — prefill 47 tok (0 cached) in 862 ms; decode 255 tok / 138 passes in 12.8 s: 19.9 tok/s, 50.2 ms/tok, 93 ms/pass, 1.85 tok/pass, accept p1 85 %
2026-10-07 04:03:46.784 INFO  sched: request 'chatcmpl-0ff27253a823d92c' starting prefill in slot 0 (45 prompt tokens)
2026-10-07 04:03:46.784 INFO  sched: request 'chatcmpl-0ff27253a823d92d' starting prefill in slot 1 (33 prompt tokens)
2026-10-07 04:03:46.784 INFO  sched: request 'chatcmpl-0ff27253a823d92e' starting prefill in slot 2 (34 prompt tokens)
2026-10-07 04:03:46.784 INFO  sched: request 'chatcmpl-0ff27253a823d92f' starting prefill in slot 3 (33 prompt tokens)
2026-10-07 04:03:47.722 INFO  sched: request 'chatcmpl-0ff27253a823d92c' prefix cache miss — 3 cut(s), the cache is empty
2026-10-07 04:03:47.722 INFO  sched: request 'chatcmpl-0ff27253a823d92c' admitted to slot 0 (reserve 3 blocks; pool 6/2048 blocks in use) — first token 785
2026-10-07 04:03:47.722 INFO  sched: request 'chatcmpl-0ff27253a823d92d' prefix cache miss — 3 cut(s), the cache is empty
2026-10-07 04:03:47.722 INFO  sched: request 'chatcmpl-0ff27253a823d92d' admitted to slot 1 (reserve 3 blocks; pool 8/2048 blocks in use) — first token 785
2026-10-07 04:03:47.722 INFO  sched: request 'chatcmpl-0ff27253a823d92e' prefix cache miss — 3 cut(s), the cache is empty
2026-10-07 04:03:47.722 INFO  sched: request 'chatcmpl-0ff27253a823d92e' admitted to slot 2 (reserve 3 blocks; pool 10/2048 blocks in use) — first token 785
2026-10-07 04:03:47.722 INFO  sched: request 'chatcmpl-0ff27253a823d92f' prefix cache miss — 3 cut(s), the cache is empty
2026-10-07 04:03:47.722 INFO  sched: request 'chatcmpl-0ff27253a823d92f' admitted to slot 3 (reserve 3 blocks; pool 12/2048 blocks in use) — first token 785
2026-10-07 04:03:47.722 INFO  sched: 4 requests admitted together in one prefill (938 ms)
2026-10-07 04:03:48.984 INFO  stats: rank 3 | 10.0 s | decode 37.1 tok/s, 24.2 ms/tok, 96.7 ms/step (93 steps / 372 tok, 90 % of wall) | mtp 1.85 tok/step/req, accept p1 83 % | prefill 4 prompts / 145 tok, 14 tok/s, 6.47 ms/tok, 235 ms avg (9 % of wall), 0 tok cached (0/4 hits) | live 4, queued 0 | pool 12/2048 blocks (1 %) | prefix cache 0/4096 entries
2026-10-07 04:03:59.003 INFO  stats: rank 3 | 10.0 s | decode 49.0 tok/s, 20.3 ms/tok, 151.2 ms/step (66 steps / 491 tok, 100 % of wall) | mtp 1.86 tok/step/req, accept p1 86 % | prefill 0 prompts / 0 tok, 0 tok cached (0/0 hits) | live 4, queued 0 | pool 12/2048 blocks (1 %) | prefix cache 0/4096 entries
2026-10-07 04:04:08.285 INFO  sched: request 'chatcmpl-0ff27253a823d92c' retired (steps): 256 tok in 21.5 s — prefill 45 tok (0 cached) in 938 ms; decode 255 tok / 135 passes in 20.6 s: 12.4 tok/s, 80.6 ms/tok, 152 ms/pass, 1.89 tok/pass, accept p1 90 %
2026-10-07 04:04:08.434 INFO  sched: request 'chatcmpl-0ff27253a823d92d' retired (steps): 256 tok in 21.7 s — prefill 33 tok (0 cached) in 938 ms; decode 255 tok / 136 passes in 20.7 s: 12.3 tok/s, 81.2 ms/tok, 152 ms/pass, 1.88 tok/pass, accept p1 88 %
2026-10-07 04:04:09.122 INFO  stats: rank 3 | 10.1 s | decode 45.4 tok/s, 21.9 ms/tok, 152.5 ms/step (66 steps / 459 tok, 99 % of wall) | mtp 1.81 tok/step/req, accept p1 82 % | prefill 0 prompts / 0 tok, 0 tok cached (0/0 hits) | live 2, queued 0 | pool 6/2048 blocks (0 %) | prefix cache 0/4096 entries
2026-10-07 04:04:09.260 INFO  sched: request 'chatcmpl-0ff27253a823d92e' retired (steps): 256 tok in 22.5 s — prefill 34 tok (0 cached) in 938 ms; decode 255 tok / 142 passes in 21.5 s: 11.8 tok/s, 84.5 ms/tok, 152 ms/pass, 1.80 tok/pass, accept p1 80 %
2026-10-07 04:04:09.328 INFO  sched: request 'chatcmpl-0ff27253a823d92f' retired (steps): 256 tok in 22.5 s — prefill 33 tok (0 cached) in 938 ms; decode 255 tok / 143 passes in 21.6 s: 11.8 tok/s, 84.7 ms/tok, 151 ms/pass, 1.78 tok/pass, accept p1 78 %
2026-10-07 04:04:09.343 INFO  sched: request 'chatcmpl-0ff27253a823d930' starting prefill in slot 0 (45 prompt tokens)
2026-10-07 04:04:09.343 INFO  sched: request 'chatcmpl-0ff27253a823d931' starting prefill in slot 1 (33 prompt tokens)
2026-10-07 04:04:09.343 INFO  sched: request 'chatcmpl-0ff27253a823d932' starting prefill in slot 2 (34 prompt tokens)
2026-10-07 04:04:09.343 INFO  sched: request 'chatcmpl-0ff27253a823d933' starting prefill in slot 3 (33 prompt tokens)
2026-10-07 04:04:10.268 INFO  sched: request 'chatcmpl-0ff27253a823d930' prefix cache miss — 3 cut(s), the cache is empty
2026-10-07 04:04:10.268 INFO  sched: request 'chatcmpl-0ff27253a823d930' admitted to slot 0 (reserve 3 blocks; pool 6/2048 blocks in use) — first token 785
2026-10-07 04:04:10.268 INFO  sched: request 'chatcmpl-0ff27253a823d931' prefix cache miss — 3 cut(s), the cache is empty
2026-10-07 04:04:10.268 INFO  sched: request 'chatcmpl-0ff27253a823d931' admitted to slot 1 (reserve 3 blocks; pool 8/2048 blocks in use) — first token 785
2026-10-07 04:04:10.268 INFO  sched: request 'chatcmpl-0ff27253a823d932' prefix cache miss — 3 cut(s), the cache is empty
2026-10-07 04:04:10.268 INFO  sched: request 'chatcmpl-0ff27253a823d932' admitted to slot 2 (reserve 3 blocks; pool 10/2048 blocks in use) — first token 785
2026-10-07 04:04:10.268 INFO  sched: request 'chatcmpl-0ff27253a823d933' prefix cache miss — 3 cut(s), the cache is empty
2026-10-07 04:04:10.268 INFO  sched: request 'chatcmpl-0ff27253a823d933' admitted to slot 3 (reserve 3 blocks; pool 12/2048 blocks in use) — first token 785
2026-10-07 04:04:10.268 INFO  sched: 4 requests admitted together in one prefill (925 ms)
2026-10-07 04:04:19.244 INFO  stats: rank 3 | 10.1 s | decode 44.7 tok/s, 20.2 ms/tok, 147.3 ms/step (62 steps / 452 tok, 90 % of wall) | mtp 1.86 tok/step/req, accept p1 85 % | prefill 4 prompts / 145 tok, 14 tok/s, 6.38 ms/tok, 231 ms avg (9 % of wall), 0 tok cached (0/4 hits) | live 4, queued 0 | pool 12/2048 blocks (1 %) | prefix cache 0/4096 entries
2026-10-07 04:04:29.254 INFO  stats: rank 3 | 10.0 s | decode 47.4 tok/s, 21.0 ms/tok, 153.3 ms/step (65 steps / 474 tok, 100 % of wall) | mtp 1.82 tok/step/req, accept p1 82 % | prefill 0 prompts / 0 tok, 0 tok cached (0/0 hits) | live 4, queued 0 | pool 12/2048 blocks (1 %) | prefix cache 0/4096 entries
2026-10-07 04:04:30.806 INFO  sched: request 'chatcmpl-0ff27253a823d930' retired (steps): 256 tok in 21.5 s — prefill 45 tok (0 cached) in 925 ms; decode 255 tok / 135 passes in 20.5 s: 12.4 tok/s, 80.5 ms/tok, 152 ms/pass, 1.89 tok/pass, accept p1 90 %
2026-10-07 04:04:31.259 INFO  sched: request 'chatcmpl-0ff27253a823d933' retired (steps): 256 tok in 21.9 s — prefill 33 tok (0 cached) in 925 ms; decode 255 tok / 138 passes in 21.0 s: 12.1 tok/s, 82.3 ms/tok, 152 ms/pass, 1.85 tok/pass, accept p1 86 %
2026-10-07 04:04:31.746 INFO  sched: request 'chatcmpl-0ff27253a823d932' retired (steps): 256 tok in 22.4 s — prefill 34 tok (0 cached) in 925 ms; decode 255 tok / 142 passes in 21.5 s: 11.9 tok/s, 84.2 ms/tok, 151 ms/pass, 1.80 tok/pass, accept p1 80 %
2026-10-07 04:04:31.879 INFO  sched: request 'chatcmpl-0ff27253a823d931' retired (steps): 256 tok in 22.5 s — prefill 33 tok (0 cached) in 925 ms; decode 255 tok / 144 passes in 21.6 s: 11.8 tok/s, 84.8 ms/tok, 150 ms/pass, 1.77 tok/pass, accept p1 77 %
2026-10-07 04:04:31.904 INFO  sched: request 'chatcmpl-0ff27253a823d934' starting prefill in slot 0 (45 prompt tokens)
2026-10-07 04:04:31.904 INFO  sched: request 'chatcmpl-0ff27253a823d935' starting prefill in slot 1 (34 prompt tokens)
2026-10-07 04:04:31.904 INFO  sched: request 'chatcmpl-0ff27253a823d936' starting prefill in slot 2 (33 prompt tokens)
2026-10-07 04:04:31.904 INFO  sched: request 'chatcmpl-0ff27253a823d937' starting prefill in slot 3 (33 prompt tokens)
2026-10-07 04:04:32.836 INFO  sched: request 'chatcmpl-0ff27253a823d934' prefix cache miss — 3 cut(s), the cache is empty
2026-10-07 04:04:32.836 INFO  sched: request 'chatcmpl-0ff27253a823d934' admitted to slot 0 (reserve 3 blocks; pool 6/2048 blocks in use) — first token 785
2026-10-07 04:04:32.836 INFO  sched: request 'chatcmpl-0ff27253a823d935' prefix cache miss — 3 cut(s), the cache is empty
2026-10-07 04:04:32.836 INFO  sched: request 'chatcmpl-0ff27253a823d935' admitted to slot 1 (reserve 3 blocks; pool 8/2048 blocks in use) — first token 785
2026-10-07 04:04:32.836 INFO  sched: request 'chatcmpl-0ff27253a823d936' prefix cache miss — 3 cut(s), the cache is empty
2026-10-07 04:04:32.836 INFO  sched: request 'chatcmpl-0ff27253a823d936' admitted to slot 2 (reserve 3 blocks; pool 10/2048 blocks in use) — first token 785
2026-10-07 04:04:32.836 INFO  sched: request 'chatcmpl-0ff27253a823d937' prefix cache miss — 3 cut(s), the cache is empty
2026-10-07 04:04:32.836 INFO  sched: request 'chatcmpl-0ff27253a823d937' admitted to slot 3 (reserve 3 blocks; pool 12/2048 blocks in use) — first token 785
2026-10-07 04:04:32.836 INFO  sched: 4 requests admitted together in one prefill (931 ms)
2026-10-07 04:04:39.372 INFO  stats: rank 3 | 10.1 s | decode 43.0 tok/s, 20.9 ms/tok, 144.5 ms/step (63 steps / 435 tok, 90 % of wall) | mtp 1.85 tok/step/req, accept p1 85 % | prefill 4 prompts / 145 tok, 14 tok/s, 6.42 ms/tok, 233 ms avg (9 % of wall), 0 tok cached (0/4 hits) | live 4, queued 0 | pool 12/2048 blocks (1 %) | prefix cache 0/4096 entries
2026-10-07 04:04:49.513 INFO  stats: rank 3 | 10.1 s | decode 47.6 tok/s, 20.9 ms/tok, 152.9 ms/step (66 steps / 483 tok, 100 % of wall) | mtp 1.83 tok/step/req, accept p1 83 % | prefill 0 prompts / 0 tok, 0 tok cached (0/0 hits) | live 4, queued 0 | pool 12/2048 blocks (1 %) | prefix cache 0/4096 entries
2026-10-07 04:04:53.375 INFO  sched: request 'chatcmpl-0ff27253a823d934' retired (steps): 256 tok in 21.5 s — prefill 45 tok (0 cached) in 931 ms; decode 255 tok / 135 passes in 20.5 s: 12.4 tok/s, 80.5 ms/tok, 152 ms/pass, 1.89 tok/pass, accept p1 90 %
2026-10-07 04:04:53.375 INFO  sched: request 'chatcmpl-0ff27253a823d936' retired (steps): 256 tok in 21.5 s — prefill 33 tok (0 cached) in 931 ms; decode 255 tok / 135 passes in 20.5 s: 12.4 tok/s, 80.5 ms/tok, 152 ms/pass, 1.89 tok/pass, accept p1 89 %
2026-10-07 04:04:54.343 INFO  sched: request 'chatcmpl-0ff27253a823d935' retired (steps): 256 tok in 22.4 s — prefill 34 tok (0 cached) in 931 ms; decode 255 tok / 142 passes in 21.5 s: 11.9 tok/s, 84.3 ms/tok, 151 ms/pass, 1.80 tok/pass, accept p1 80 %
2026-10-07 04:04:54.479 INFO  sched: request 'chatcmpl-0ff27253a823d937' retired (steps): 256 tok in 22.6 s — prefill 33 tok (0 cached) in 931 ms; decode 255 tok / 144 passes in 21.6 s: 11.8 tok/s, 84.9 ms/tok, 150 ms/pass, 1.77 tok/pass, accept p1 77 %
2026-10-07 04:04:54.516 INFO  sched: request 'chatcmpl-0ff27253a823d938' starting prefill in slot 0 (35 prompt tokens)
2026-10-07 04:04:54.516 INFO  sched: request 'chatcmpl-0ff27253a823d939' starting prefill in slot 1 (35 prompt tokens)
2026-10-07 04:04:54.516 INFO  sched: request 'chatcmpl-0ff27253a823d93a' starting prefill in slot 2 (35 prompt tokens)
2026-10-07 04:04:54.516 INFO  sched: request 'chatcmpl-0ff27253a823d93b' starting prefill in slot 3 (33 prompt tokens)
2026-10-07 04:04:54.516 INFO  sched: request 'chatcmpl-0ff27253a823d93c' starting prefill in slot 4 (33 prompt tokens)
2026-10-07 04:04:54.516 INFO  sched: request 'chatcmpl-0ff27253a823d93d' starting prefill in slot 5 (32 prompt tokens)
2026-10-07 04:04:54.516 INFO  sched: request 'chatcmpl-0ff27253a823d93e' starting prefill in slot 6 (33 prompt tokens)
2026-10-07 04:04:54.516 INFO  sched: request 'chatcmpl-0ff27253a823d93f' starting prefill in slot 7 (33 prompt tokens)
2026-10-07 04:04:56.011 INFO  sched: request 'chatcmpl-0ff27253a823d938' prefix cache miss — 3 cut(s), the cache is empty
2026-10-07 04:04:56.011 INFO  sched: request 'chatcmpl-0ff27253a823d938' admitted to slot 0 (reserve 3 blocks; pool 10/2048 blocks in use) — first token 785
2026-10-07 04:04:56.011 INFO  sched: request 'chatcmpl-0ff27253a823d939' prefix cache miss — 3 cut(s), the cache is empty
2026-10-07 04:04:56.011 INFO  sched: request 'chatcmpl-0ff27253a823d939' admitted to slot 1 (reserve 3 blocks; pool 12/2048 blocks in use) — first token 785
2026-10-07 04:04:56.011 INFO  sched: request 'chatcmpl-0ff27253a823d93a' prefix cache miss — 3 cut(s), the cache is empty
2026-10-07 04:04:56.011 INFO  sched: request 'chatcmpl-0ff27253a823d93a' admitted to slot 2 (reserve 3 blocks; pool 14/2048 blocks in use) — first token 785
2026-10-07 04:04:56.011 INFO  sched: request 'chatcmpl-0ff27253a823d93b' prefix cache miss — 3 cut(s), the cache is empty
2026-10-07 04:04:56.011 INFO  sched: request 'chatcmpl-0ff27253a823d93b' admitted to slot 3 (reserve 3 blocks; pool 16/2048 blocks in use) — first token 785
2026-10-07 04:04:56.011 INFO  sched: request 'chatcmpl-0ff27253a823d93c' prefix cache miss — 3 cut(s), the cache is empty
2026-10-07 04:04:56.011 INFO  sched: request 'chatcmpl-0ff27253a823d93c' admitted to slot 4 (reserve 3 blocks; pool 18/2048 blocks in use) — first token 785
2026-10-07 04:04:56.011 INFO  sched: request 'chatcmpl-0ff27253a823d93d' prefix cache miss — 3 cut(s), the cache is empty
2026-10-07 04:04:56.011 INFO  sched: request 'chatcmpl-0ff27253a823d93d' admitted to slot 5 (reserve 3 blocks; pool 20/2048 blocks in use) — first token 785
2026-10-07 04:04:56.011 INFO  sched: request 'chatcmpl-0ff27253a823d93e' prefix cache miss — 3 cut(s), the cache is empty
2026-10-07 04:04:56.011 INFO  sched: request 'chatcmpl-0ff27253a823d93e' admitted to slot 6 (reserve 3 blocks; pool 22/2048 blocks in use) — first token 785
2026-10-07 04:04:56.011 INFO  sched: request 'chatcmpl-0ff27253a823d93f' prefix cache miss — 3 cut(s), the cache is empty
2026-10-07 04:04:56.011 INFO  sched: request 'chatcmpl-0ff27253a823d93f' admitted to slot 7 (reserve 3 blocks; pool 24/2048 blocks in use) — first token 785
2026-10-07 04:04:56.011 INFO  sched: 8 requests admitted together in one prefill (1494 ms)
2026-10-07 04:04:59.589 INFO  stats: rank 3 | 10.1 s | decode 44.3 tok/s, 19.1 ms/tok, 173.4 ms/step (49 steps / 446 tok, 84 % of wall) | mtp 1.89 tok/step/req, accept p1 86 % | prefill 8 prompts / 269 tok, 27 tok/s, 5.55 ms/tok, 187 ms avg (15 % of wall), 0 tok cached (0/8 hits) | live 8, queued 0 | pool 24/2048 blocks (1 %) | prefix cache 0/4096 entries
2026-10-07 04:05:09.831 INFO  stats: rank 3 | 10.2 s | decode 55.3 tok/s, 18.0 ms/tok, 261.8 ms/step (39 steps / 566 tok, 100 % of wall) | mtp 1.81 tok/step/req, accept p1 81 % | prefill 0 prompts / 0 tok, 0 tok cached (0/0 hits) | live 8, queued 0 | pool 24/2048 blocks (1 %) | prefix cache 0/4096 entries
2026-10-07 04:05:19.982 INFO  stats: rank 3 | 10.2 s | decode 54.9 tok/s, 18.2 ms/tok, 266.3 ms/step (38 steps / 557 tok, 100 % of wall) | mtp 1.83 tok/step/req, accept p1 83 % | prefill 0 prompts / 0 tok, 0 tok cached (0/0 hits) | live 8, queued 0 | pool 24/2048 blocks (1 %) | prefix cache 0/4096 entries
2026-10-07 04:05:30.180 INFO  stats: rank 3 | 10.2 s | decode 53.1 tok/s, 18.8 ms/tok, 267.5 ms/step (38 steps / 542 tok, 100 % of wall) | mtp 1.78 tok/step/req, accept p1 78 % | prefill 0 prompts / 0 tok, 0 tok cached (0/0 hits) | live 8, queued 0 | pool 24/2048 blocks (1 %) | prefix cache 0/4096 entries
2026-10-07 04:05:31.792 INFO  sched: request 'chatcmpl-0ff27253a823d938' retired (steps): 256 tok in 37.3 s — prefill 35 tok (0 cached) in 1494 ms; decode 255 tok / 136 passes in 35.8 s: 7.1 tok/s, 140.3 ms/tok, 263 ms/pass, 1.88 tok/pass, accept p1 88 %
2026-10-07 04:05:32.062 INFO  sched: request 'chatcmpl-0ff27253a823d93e' retired (steps): 256 tok in 37.5 s — prefill 33 tok (0 cached) in 1494 ms; decode 255 tok / 137 passes in 36.1 s: 7.1 tok/s, 141.4 ms/tok, 263 ms/pass, 1.86 tok/pass, accept p1 86 %
2026-10-07 04:05:32.329 INFO  sched: request 'chatcmpl-0ff27253a823d93b' retired (steps): 256 tok in 37.8 s — prefill 33 tok (0 cached) in 1494 ms; decode 255 tok / 138 passes in 36.3 s: 7.0 tok/s, 142.4 ms/tok, 263 ms/pass, 1.85 tok/pass, accept p1 85 %
2026-10-07 04:05:32.583 INFO  sched: request 'chatcmpl-0ff27253a823d93c' retired (steps): 256 tok in 38.1 s — prefill 33 tok (0 cached) in 1494 ms; decode 255 tok / 139 passes in 36.6 s: 7.0 tok/s, 143.4 ms/tok, 263 ms/pass, 1.83 tok/pass, accept p1 84 %
2026-10-07 04:05:33.064 INFO  sched: request 'chatcmpl-0ff27253a823d939' retired (steps): 256 tok in 38.5 s — prefill 35 tok (0 cached) in 1494 ms; decode 255 tok / 141 passes in 37.1 s: 6.9 tok/s, 145.3 ms/tok, 263 ms/pass, 1.81 tok/pass, accept p1 81 %
2026-10-07 04:05:33.295 INFO  sched: request 'chatcmpl-0ff27253a823d93f' retired (steps): 256 tok in 38.8 s — prefill 33 tok (0 cached) in 1494 ms; decode 255 tok / 142 passes in 37.3 s: 6.8 tok/s, 146.2 ms/tok, 263 ms/pass, 1.80 tok/pass, accept p1 80 %
2026-10-07 04:05:33.479 INFO  sched: request 'chatcmpl-0ff27253a823d93a' retired (steps): 256 tok in 39.0 s — prefill 35 tok (0 cached) in 1494 ms; decode 255 tok / 143 passes in 37.5 s: 6.8 tok/s, 146.9 ms/tok, 262 ms/pass, 1.78 tok/pass, accept p1 79 %
2026-10-07 04:05:33.613 INFO  sched: request 'chatcmpl-0ff27253a823d93d' retired (steps): 256 tok in 39.1 s — prefill 32 tok (0 cached) in 1494 ms; decode 255 tok / 145 passes in 37.6 s: 6.8 tok/s, 147.5 ms/tok, 259 ms/pass, 1.76 tok/pass, accept p1 77 %
2026-10-07 04:05:33.646 INFO  sched: request 'chatcmpl-0ff27253a823d940' starting prefill in slot 0 (35 prompt tokens)
2026-10-07 04:05:33.646 INFO  sched: request 'chatcmpl-0ff27253a823d941' starting prefill in slot 1 (35 prompt tokens)
2026-10-07 04:05:33.646 INFO  sched: request 'chatcmpl-0ff27253a823d942' starting prefill in slot 2 (33 prompt tokens)
2026-10-07 04:05:33.646 INFO  sched: request 'chatcmpl-0ff27253a823d943' starting prefill in slot 3 (33 prompt tokens)
2026-10-07 04:05:33.646 INFO  sched: request 'chatcmpl-0ff27253a823d944' starting prefill in slot 4 (35 prompt tokens)
2026-10-07 04:05:33.646 INFO  sched: request 'chatcmpl-0ff27253a823d945' starting prefill in slot 5 (32 prompt tokens)
2026-10-07 04:05:33.646 INFO  sched: request 'chatcmpl-0ff27253a823d946' starting prefill in slot 6 (33 prompt tokens)
2026-10-07 04:05:33.646 INFO  sched: request 'chatcmpl-0ff27253a823d947' starting prefill in slot 7 (33 prompt tokens)
2026-10-07 04:05:35.162 INFO  sched: request 'chatcmpl-0ff27253a823d940' prefix cache miss — 3 cut(s), the cache is empty
2026-10-07 04:05:35.162 INFO  sched: request 'chatcmpl-0ff27253a823d940' admitted to slot 0 (reserve 3 blocks; pool 10/2048 blocks in use) — first token 785
2026-10-07 04:05:35.162 INFO  sched: request 'chatcmpl-0ff27253a823d941' prefix cache miss — 3 cut(s), the cache is empty
2026-10-07 04:05:35.162 INFO  sched: request 'chatcmpl-0ff27253a823d941' admitted to slot 1 (reserve 3 blocks; pool 12/2048 blocks in use) — first token 785
2026-10-07 04:05:35.162 INFO  sched: request 'chatcmpl-0ff27253a823d942' prefix cache miss — 3 cut(s), the cache is empty
2026-10-07 04:05:35.162 INFO  sched: request 'chatcmpl-0ff27253a823d942' admitted to slot 2 (reserve 3 blocks; pool 14/2048 blocks in use) — first token 785
2026-10-07 04:05:35.162 INFO  sched: request 'chatcmpl-0ff27253a823d943' prefix cache miss — 3 cut(s), the cache is empty
2026-10-07 04:05:35.162 INFO  sched: request 'chatcmpl-0ff27253a823d943' admitted to slot 3 (reserve 3 blocks; pool 16/2048 blocks in use) — first token 785
2026-10-07 04:05:35.162 INFO  sched: request 'chatcmpl-0ff27253a823d944' prefix cache miss — 3 cut(s), the cache is empty
2026-10-07 04:05:35.162 INFO  sched: request 'chatcmpl-0ff27253a823d944' admitted to slot 4 (reserve 3 blocks; pool 18/2048 blocks in use) — first token 785
2026-10-07 04:05:35.162 INFO  sched: request 'chatcmpl-0ff27253a823d945' prefix cache miss — 3 cut(s), the cache is empty
2026-10-07 04:05:35.162 INFO  sched: request 'chatcmpl-0ff27253a823d945' admitted to slot 5 (reserve 3 blocks; pool 20/2048 blocks in use) — first token 785
2026-10-07 04:05:35.162 INFO  sched: request 'chatcmpl-0ff27253a823d946' prefix cache miss — 3 cut(s), the cache is empty
2026-10-07 04:05:35.162 INFO  sched: request 'chatcmpl-0ff27253a823d946' admitted to slot 6 (reserve 3 blocks; pool 22/2048 blocks in use) — first token 785
2026-10-07 04:05:35.162 INFO  sched: request 'chatcmpl-0ff27253a823d947' prefix cache miss — 3 cut(s), the cache is empty
2026-10-07 04:05:35.162 INFO  sched: request 'chatcmpl-0ff27253a823d947' admitted to slot 7 (reserve 3 blocks; pool 24/2048 blocks in use) — first token 785
2026-10-07 04:05:35.162 INFO  sched: 8 requests admitted together in one prefill (1516 ms)
2026-10-07 04:05:40.275 INFO  stats: rank 3 | 10.1 s | decode 46.8 tok/s, 17.9 ms/tok, 235.2 ms/step (36 steps / 472 tok, 84 % of wall) | mtp 1.90 tok/step/req, accept p1 88 % | prefill 8 prompts / 269 tok, 27 tok/s, 5.63 ms/tok, 189 ms avg (15 % of wall), 0 tok cached (0/8 hits) | live 8, queued 0 | pool 24/2048 blocks (1 %) | prefix cache 0/4096 entries
2026-10-07 04:05:50.343 INFO  stats: rank 3 | 10.1 s | decode 54.7 tok/s, 18.2 ms/tok, 264.2 ms/step (38 steps / 551 tok, 100 % of wall) | mtp 1.81 tok/step/req, accept p1 81 % | prefill 0 prompts / 0 tok, 0 tok cached (0/0 hits) | live 8, queued 0 | pool 24/2048 blocks (1 %) | prefix cache 0/4096 entries
2026-10-07 04:06:00.516 INFO  stats: rank 3 | 10.2 s | decode 54.3 tok/s, 18.4 ms/tok, 266.9 ms/step (38 steps / 552 tok, 100 % of wall) | mtp 1.82 tok/step/req, accept p1 82 % | prefill 0 prompts / 0 tok, 0 tok cached (0/0 hits) | live 8, queued 0 | pool 24/2048 blocks (1 %) | prefix cache 0/4096 entries
2026-10-07 04:06:10.754 INFO  stats: rank 3 | 10.2 s | decode 52.8 tok/s, 18.9 ms/tok, 268.6 ms/step (38 steps / 541 tok, 100 % of wall) | mtp 1.78 tok/step/req, accept p1 78 % | prefill 0 prompts / 0 tok, 0 tok cached (0/0 hits) | live 8, queued 0 | pool 24/2048 blocks (1 %) | prefix cache 0/4096 entries
2026-10-07 04:06:11.032 INFO  sched: request 'chatcmpl-0ff27253a823d940' retired (steps): 256 tok in 37.4 s — prefill 35 tok (0 cached) in 1516 ms; decode 255 tok / 136 passes in 35.9 s: 7.1 tok/s, 140.7 ms/tok, 264 ms/pass, 1.88 tok/pass, accept p1 88 %
2026-10-07 04:06:11.566 INFO  sched: request 'chatcmpl-0ff27253a823d943' retired (steps): 256 tok in 37.9 s — prefill 33 tok (0 cached) in 1516 ms; decode 255 tok / 138 passes in 36.4 s: 7.0 tok/s, 142.8 ms/tok, 264 ms/pass, 1.85 tok/pass, accept p1 86 %
2026-10-07 04:06:11.566 INFO  sched: request 'chatcmpl-0ff27253a823d946' retired (steps): 256 tok in 37.9 s — prefill 33 tok (0 cached) in 1516 ms; decode 255 tok / 138 passes in 36.4 s: 7.0 tok/s, 142.8 ms/tok, 264 ms/pass, 1.85 tok/pass, accept p1 85 %
2026-10-07 04:06:12.078 INFO  sched: request 'chatcmpl-0ff27253a823d942' retired (steps): 256 tok in 38.4 s — prefill 33 tok (0 cached) in 1516 ms; decode 255 tok / 140 passes in 36.9 s: 6.9 tok/s, 144.8 ms/tok, 264 ms/pass, 1.82 tok/pass, accept p1 82 %
2026-10-07 04:06:12.324 INFO  sched: request 'chatcmpl-0ff27253a823d941' retired (steps): 256 tok in 38.7 s — prefill 35 tok (0 cached) in 1516 ms; decode 255 tok / 141 passes in 37.2 s: 6.9 tok/s, 145.7 ms/tok, 264 ms/pass, 1.81 tok/pass, accept p1 81 %
2026-10-07 04:06:12.782 INFO  sched: request 'chatcmpl-0ff27253a823d944' retired (steps): 256 tok in 39.1 s — prefill 35 tok (0 cached) in 1516 ms; decode 255 tok / 143 passes in 37.6 s: 6.8 tok/s, 147.5 ms/tok, 263 ms/pass, 1.78 tok/pass, accept p1 79 %
2026-10-07 04:06:12.782 INFO  sched: request 'chatcmpl-0ff27253a823d947' retired (steps): 256 tok in 39.1 s — prefill 33 tok (0 cached) in 1516 ms; decode 255 tok / 143 passes in 37.6 s: 6.8 tok/s, 147.5 ms/tok, 263 ms/pass, 1.78 tok/pass, accept p1 79 %
2026-10-07 04:06:12.919 INFO  sched: request 'chatcmpl-0ff27253a823d945' retired (steps): 256 tok in 39.3 s — prefill 32 tok (0 cached) in 1516 ms; decode 255 tok / 145 passes in 37.8 s: 6.8 tok/s, 148.1 ms/tok, 260 ms/pass, 1.76 tok/pass, accept p1 77 %
2026-10-07 04:06:12.939 INFO  sched: request 'chatcmpl-0ff27253a823d948' starting prefill in slot 0 (35 prompt tokens)
2026-10-07 04:06:12.939 INFO  sched: request 'chatcmpl-0ff27253a823d949' starting prefill in slot 1 (35 prompt tokens)
2026-10-07 04:06:12.939 INFO  sched: request 'chatcmpl-0ff27253a823d94a' starting prefill in slot 2 (33 prompt tokens)
2026-10-07 04:06:12.939 INFO  sched: request 'chatcmpl-0ff27253a823d94b' starting prefill in slot 3 (33 prompt tokens)
2026-10-07 04:06:12.939 INFO  sched: request 'chatcmpl-0ff27253a823d94c' starting prefill in slot 4 (35 prompt tokens)
2026-10-07 04:06:12.939 INFO  sched: request 'chatcmpl-0ff27253a823d94d' starting prefill in slot 5 (33 prompt tokens)
2026-10-07 04:06:12.939 INFO  sched: request 'chatcmpl-0ff27253a823d94e' starting prefill in slot 6 (32 prompt tokens)
2026-10-07 04:06:12.939 INFO  sched: request 'chatcmpl-0ff27253a823d94f' starting prefill in slot 7 (33 prompt tokens)
2026-10-07 04:06:14.437 INFO  sched: request 'chatcmpl-0ff27253a823d948' prefix cache miss — 3 cut(s), the cache is empty
2026-10-07 04:06:14.437 INFO  sched: request 'chatcmpl-0ff27253a823d948' admitted to slot 0 (reserve 3 blocks; pool 10/2048 blocks in use) — first token 785
2026-10-07 04:06:14.437 INFO  sched: request 'chatcmpl-0ff27253a823d949' prefix cache miss — 3 cut(s), the cache is empty
2026-10-07 04:06:14.437 INFO  sched: request 'chatcmpl-0ff27253a823d949' admitted to slot 1 (reserve 3 blocks; pool 12/2048 blocks in use) — first token 785
2026-10-07 04:06:14.437 INFO  sched: request 'chatcmpl-0ff27253a823d94a' prefix cache miss — 3 cut(s), the cache is empty
2026-10-07 04:06:14.437 INFO  sched: request 'chatcmpl-0ff27253a823d94a' admitted to slot 2 (reserve 3 blocks; pool 14/2048 blocks in use) — first token 785
2026-10-07 04:06:14.437 INFO  sched: request 'chatcmpl-0ff27253a823d94b' prefix cache miss — 3 cut(s), the cache is empty
2026-10-07 04:06:14.437 INFO  sched: request 'chatcmpl-0ff27253a823d94b' admitted to slot 3 (reserve 3 blocks; pool 16/2048 blocks in use) — first token 785
2026-10-07 04:06:14.437 INFO  sched: request 'chatcmpl-0ff27253a823d94c' prefix cache miss — 3 cut(s), the cache is empty
2026-10-07 04:06:14.437 INFO  sched: request 'chatcmpl-0ff27253a823d94c' admitted to slot 4 (reserve 3 blocks; pool 18/2048 blocks in use) — first token 785
2026-10-07 04:06:14.437 INFO  sched: request 'chatcmpl-0ff27253a823d94d' prefix cache miss — 3 cut(s), the cache is empty
2026-10-07 04:06:14.437 INFO  sched: request 'chatcmpl-0ff27253a823d94d' admitted to slot 5 (reserve 3 blocks; pool 20/2048 blocks in use) — first token 785
2026-10-07 04:06:14.437 INFO  sched: request 'chatcmpl-0ff27253a823d94e' prefix cache miss — 3 cut(s), the cache is empty
2026-10-07 04:06:14.437 INFO  sched: request 'chatcmpl-0ff27253a823d94e' admitted to slot 6 (reserve 3 blocks; pool 22/2048 blocks in use) — first token 785
2026-10-07 04:06:14.437 INFO  sched: request 'chatcmpl-0ff27253a823d94f' prefix cache miss — 3 cut(s), the cache is empty
2026-10-07 04:06:14.437 INFO  sched: request 'chatcmpl-0ff27253a823d94f' admitted to slot 7 (reserve 3 blocks; pool 24/2048 blocks in use) — first token 785
2026-10-07 04:06:14.437 INFO  sched: 8 requests admitted together in one prefill (1497 ms)
2026-10-07 04:06:20.815 INFO  stats: rank 3 | 10.1 s | decode 47.6 tok/s, 17.7 ms/tok, 235.4 ms/step (36 steps / 479 tok, 84 % of wall) | mtp 1.90 tok/step/req, accept p1 88 % | prefill 8 prompts / 269 tok, 27 tok/s, 5.57 ms/tok, 187 ms avg (15 % of wall), 0 tok cached (0/8 hits) | live 8, queued 0 | pool 24/2048 blocks (1 %) | prefix cache 0/4096 entries
2026-10-07 04:06:30.893 INFO  stats: rank 3 | 10.1 s | decode 54.6 tok/s, 18.3 ms/tok, 264.5 ms/step (38 steps / 550 tok, 100 % of wall) | mtp 1.81 tok/step/req, accept p1 81 % | prefill 0 prompts / 0 tok, 0 tok cached (0/0 hits) | live 8, queued 0 | pool 24/2048 blocks (1 %) | prefix cache 0/4096 entries
2026-10-07 04:06:41.089 INFO  stats: rank 3 | 10.2 s | decode 55.1 tok/s, 18.1 ms/tok, 267.5 ms/step (38 steps / 562 tok, 100 % of wall) | mtp 1.85 tok/step/req, accept p1 85 % | prefill 0 prompts / 0 tok, 0 tok cached (0/0 hits) | live 8, queued 0 | pool 24/2048 blocks (1 %) | prefix cache 0/4096 entries
2026-10-07 04:06:50.249 INFO  sched: request 'chatcmpl-0ff27253a823d94c' retired (steps): 256 tok in 37.3 s — prefill 35 tok (0 cached) in 1497 ms; decode 255 tok / 136 passes in 35.8 s: 7.1 tok/s, 140.4 ms/tok, 263 ms/pass, 1.88 tok/pass, accept p1 88 %
2026-10-07 04:06:50.249 INFO  sched: request 'chatcmpl-0ff27253a823d94d' retired (steps): 256 tok in 37.3 s — prefill 33 tok (0 cached) in 1497 ms; decode 255 tok / 136 passes in 35.8 s: 7.1 tok/s, 140.4 ms/tok, 263 ms/pass, 1.88 tok/pass, accept p1 88 %
2026-10-07 04:06:50.520 INFO  sched: request 'chatcmpl-0ff27253a823d94b' retired (steps): 256 tok in 37.6 s — prefill 33 tok (0 cached) in 1497 ms; decode 255 tok / 137 passes in 36.1 s: 7.1 tok/s, 141.5 ms/tok, 263 ms/pass, 1.86 tok/pass, accept p1 86 %
2026-10-07 04:06:50.776 INFO  sched: request 'chatcmpl-0ff27253a823d94a' retired (steps): 256 tok in 37.8 s — prefill 33 tok (0 cached) in 1497 ms; decode 255 tok / 138 passes in 36.3 s: 7.0 tok/s, 142.5 ms/tok, 263 ms/pass, 1.85 tok/pass, accept p1 86 %
2026-10-07 04:06:51.252 INFO  stats: rank 3 | 10.2 s | decode 50.8 tok/s, 19.6 ms/tok, 265.9 ms/step (38 steps / 516 tok, 99 % of wall) | mtp 1.77 tok/step/req, accept p1 78 % | prefill 0 prompts / 0 tok, 0 tok cached (0/0 hits) | live 4, queued 0 | pool 12/2048 blocks (1 %) | prefix cache 0/4096 entries
2026-10-07 04:06:51.493 INFO  sched: request 'chatcmpl-0ff27253a823d949' retired (steps): 256 tok in 38.6 s — prefill 35 tok (0 cached) in 1497 ms; decode 255 tok / 141 passes in 37.1 s: 6.9 tok/s, 145.3 ms/tok, 263 ms/pass, 1.81 tok/pass, accept p1 81 %
2026-10-07 04:06:51.725 INFO  sched: request 'chatcmpl-0ff27253a823d94f' retired (steps): 256 tok in 38.8 s — prefill 33 tok (0 cached) in 1497 ms; decode 255 tok / 142 passes in 37.3 s: 6.8 tok/s, 146.2 ms/tok, 263 ms/pass, 1.80 tok/pass, accept p1 80 %
2026-10-07 04:06:52.157 INFO  sched: request 'chatcmpl-0ff27253a823d948' retired (steps): 256 tok in 39.2 s — prefill 35 tok (0 cached) in 1497 ms; decode 255 tok / 144 passes in 37.7 s: 6.8 tok/s, 147.9 ms/tok, 262 ms/pass, 1.77 tok/pass, accept p1 78 %
2026-10-07 04:06:52.229 INFO  sched: request 'chatcmpl-0ff27253a823d94e' retired (steps): 256 tok in 39.3 s — prefill 32 tok (0 cached) in 1497 ms; decode 255 tok / 145 passes in 37.8 s: 6.7 tok/s, 148.2 ms/tok, 261 ms/pass, 1.76 tok/pass, accept p1 77 %
2026-10-07 04:06:52.270 INFO  sched: request 'chatcmpl-0ff27253a823d950' starting prefill in slot 0 (46 prompt tokens)
2026-10-07 04:06:52.775 INFO  sched: request 'chatcmpl-0ff27253a823d950' prefix cache miss — 3 cut(s), the cache is empty
2026-10-07 04:06:52.775 INFO  sched: request 'chatcmpl-0ff27253a823d950' admitted to slot 0 (reserve 3 blocks; pool 3/2048 blocks in use) — first token 785
2026-10-07 04:07:01.158 INFO  sched: request 'chatcmpl-0ff27253a823d950' retired (steps): 256 tok in 8.9 s — prefill 46 tok (0 cached) in 505 ms; decode 255 tok / 131 passes in 8.4 s: 30.4 tok/s, 32.9 ms/tok, 64 ms/pass, 1.95 tok/pass, accept p1 95 %
2026-10-07 04:07:01.173 INFO  sched: request 'chatcmpl-0ff27253a823d951' starting prefill in slot 0 (46 prompt tokens)
2026-10-07 04:07:01.678 INFO  sched: request 'chatcmpl-0ff27253a823d951' prefix cache miss — 3 cut(s), the cache is empty
2026-10-07 04:07:01.678 INFO  sched: request 'chatcmpl-0ff27253a823d951' admitted to slot 0 (reserve 3 blocks; pool 3/2048 blocks in use) — first token 785
2026-10-07 04:07:01.742 INFO  stats: rank 3 | 10.5 s | decode 26.5 tok/s, 33.4 ms/tok, 67.9 ms/step (137 steps / 278 tok, 89 % of wall) | mtp 1.93 tok/step/req, accept p1 94 % | prefill 2 prompts / 92 tok, 9 tok/s, 10.98 ms/tok, 505 ms avg (10 % of wall), 0 tok cached (0/2 hits) | live 1, queued 0 | pool 3/2048 blocks (0 %) | prefix cache 0/4096 entries
2026-10-07 04:07:10.047 INFO  sched: request 'chatcmpl-0ff27253a823d951' retired (steps): 256 tok in 8.9 s — prefill 46 tok (0 cached) in 505 ms; decode 255 tok / 131 passes in 8.4 s: 30.5 tok/s, 32.8 ms/tok, 64 ms/pass, 1.95 tok/pass, accept p1 95 %
2026-10-07 04:07:10.067 INFO  sched: request 'chatcmpl-0ff27253a823d952' starting prefill in slot 0 (46 prompt tokens)
2026-10-07 04:07:10.583 INFO  sched: request 'chatcmpl-0ff27253a823d952' prefix cache miss — 3 cut(s), the cache is empty
2026-10-07 04:07:10.583 INFO  sched: request 'chatcmpl-0ff27253a823d952' admitted to slot 0 (reserve 3 blocks; pool 3/2048 blocks in use) — first token 785
2026-10-07 04:07:11.742 INFO  stats: rank 3 | 10.0 s | decode 28.9 tok/s, 32.4 ms/tok, 63.2 ms/step (148 steps / 289 tok, 94 % of wall) | mtp 1.95 tok/step/req, accept p1 95 % | prefill 1 prompt / 46 tok, 5 tok/s, 11.22 ms/tok, 516 ms avg (5 % of wall), 0 tok cached (0/1 hit) | live 1, queued 0 | pool 3/2048 blocks (0 %) | prefix cache 0/4096 entries
2026-10-07 04:07:18.938 INFO  sched: request 'chatcmpl-0ff27253a823d952' retired (steps): 256 tok in 8.9 s — prefill 46 tok (0 cached) in 516 ms; decode 255 tok / 131 passes in 8.4 s: 30.5 tok/s, 32.8 ms/tok, 64 ms/pass, 1.95 tok/pass, accept p1 95 %
2026-10-07 04:07:18.974 INFO  sched: request 'chatcmpl-0ff27253a823d953' starting prefill in slot 0 (46 prompt tokens)
2026-10-07 04:07:18.974 INFO  sched: request 'chatcmpl-0ff27253a823d954' starting prefill in slot 1 (47 prompt tokens)
2026-10-07 04:07:19.793 INFO  sched: request 'chatcmpl-0ff27253a823d953' prefix cache miss — 3 cut(s), the cache is empty
2026-10-07 04:07:19.793 INFO  sched: request 'chatcmpl-0ff27253a823d953' admitted to slot 0 (reserve 3 blocks; pool 4/2048 blocks in use) — first token 785
2026-10-07 04:07:19.793 INFO  sched: request 'chatcmpl-0ff27253a823d954' prefix cache miss — 3 cut(s), the cache is empty
2026-10-07 04:07:19.793 INFO  sched: request 'chatcmpl-0ff27253a823d954' admitted to slot 1 (reserve 3 blocks; pool 6/2048 blocks in use) — first token 785
2026-10-07 04:07:19.793 INFO  sched: 2 requests admitted together in one prefill (819 ms)
2026-10-07 04:07:21.788 INFO  stats: rank 3 | 10.0 s | decode 31.1 tok/s, 29.2 ms/tok, 66.9 ms/step (136 steps / 312 tok, 91 % of wall) | mtp 1.96 tok/step/req, accept p1 95 % | prefill 2 prompts / 93 tok, 9 tok/s, 8.81 ms/tok, 410 ms avg (8 % of wall), 0 tok cached (0/2 hits) | live 2, queued 0 | pool 6/2048 blocks (0 %) | prefix cache 0/4096 entries
2026-10-07 04:07:31.829 INFO  stats: rank 3 | 10.0 s | decode 39.3 tok/s, 25.2 ms/tok, 93.1 ms/step (107 steps / 395 tok, 99 % of wall) | mtp 1.85 tok/step/req, accept p1 85 % | prefill 0 prompts / 0 tok, 0 tok cached (0/0 hits) | live 2, queued 0 | pool 6/2048 blocks (0 %) | prefix cache 0/4096 entries
2026-10-07 04:07:32.019 INFO  sched: request 'chatcmpl-0ff27253a823d953' retired (steps): 256 tok in 13.0 s — prefill 46 tok (0 cached) in 819 ms; decode 255 tok / 132 passes in 12.2 s: 20.9 tok/s, 47.9 ms/tok, 93 ms/pass, 1.93 tok/pass, accept p1 93 %
2026-10-07 04:07:32.590 INFO  sched: request 'chatcmpl-0ff27253a823d954' retired (steps): 256 tok in 13.6 s — prefill 47 tok (0 cached) in 819 ms; decode 255 tok / 141 passes in 12.8 s: 19.9 tok/s, 50.2 ms/tok, 91 ms/pass, 1.81 tok/pass, accept p1 81 %
2026-10-07 04:07:32.616 INFO  sched: request 'chatcmpl-0ff27253a823d955' starting prefill in slot 0 (47 prompt tokens)
2026-10-07 04:07:32.616 INFO  sched: request 'chatcmpl-0ff27253a823d956' starting prefill in slot 1 (46 prompt tokens)
2026-10-07 04:07:33.434 INFO  sched: request 'chatcmpl-0ff27253a823d955' prefix cache miss — 3 cut(s), the cache is empty
2026-10-07 04:07:33.434 INFO  sched: request 'chatcmpl-0ff27253a823d955' admitted to slot 0 (reserve 3 blocks; pool 4/2048 blocks in use) — first token 785
2026-10-07 04:07:33.434 INFO  sched: request 'chatcmpl-0ff27253a823d956' prefix cache miss — 3 cut(s), the cache is empty
2026-10-07 04:07:33.434 INFO  sched: request 'chatcmpl-0ff27253a823d956' admitted to slot 1 (reserve 3 blocks; pool 6/2048 blocks in use) — first token 785
2026-10-07 04:07:33.434 INFO  sched: 2 requests admitted together in one prefill (818 ms)
2026-10-07 04:07:41.865 INFO  stats: rank 3 | 10.0 s | decode 36.7 tok/s, 24.8 ms/tok, 88.5 ms/step (103 steps / 368 tok, 91 % of wall) | mtp 1.87 tok/step/req, accept p1 86 % | prefill 2 prompts / 93 tok, 9 tok/s, 8.80 ms/tok, 409 ms avg (8 % of wall), 0 tok cached (0/2 hits) | live 2, queued 0 | pool 6/2048 blocks (0 %) | prefix cache 0/4096 entries
2026-10-07 04:07:45.748 INFO  sched: request 'chatcmpl-0ff27253a823d956' retired (steps): 256 tok in 13.1 s — prefill 46 tok (0 cached) in 818 ms; decode 255 tok / 133 passes in 12.3 s: 20.7 tok/s, 48.3 ms/tok, 93 ms/pass, 1.92 tok/pass, accept p1 92 %
2026-10-07 04:07:46.336 INFO  sched: request 'chatcmpl-0ff27253a823d955' retired (steps): 256 tok in 13.7 s — prefill 47 tok (0 cached) in 818 ms; decode 255 tok / 142 passes in 12.9 s: 19.8 tok/s, 50.6 ms/tok, 91 ms/pass, 1.80 tok/pass, accept p1 80 %
2026-10-07 04:07:46.357 INFO  sched: request 'chatcmpl-0ff27253a823d957' starting prefill in slot 0 (47 prompt tokens)
2026-10-07 04:07:46.357 INFO  sched: request 'chatcmpl-0ff27253a823d958' starting prefill in slot 1 (46 prompt tokens)
2026-10-07 04:07:47.175 INFO  sched: request 'chatcmpl-0ff27253a823d957' prefix cache miss — 3 cut(s), the cache is empty
2026-10-07 04:07:47.175 INFO  sched: request 'chatcmpl-0ff27253a823d957' admitted to slot 0 (reserve 3 blocks; pool 4/2048 blocks in use) — first token 785
2026-10-07 04:07:47.175 INFO  sched: request 'chatcmpl-0ff27253a823d958' prefix cache miss — 3 cut(s), the cache is empty
2026-10-07 04:07:47.175 INFO  sched: request 'chatcmpl-0ff27253a823d958' admitted to slot 1 (reserve 3 blocks; pool 6/2048 blocks in use) — first token 785
2026-10-07 04:07:47.175 INFO  sched: 2 requests admitted together in one prefill (818 ms)
2026-10-07 04:07:51.949 INFO  stats: rank 3 | 10.1 s | decode 35.9 tok/s, 25.3 ms/tok, 89.0 ms/step (103 steps / 362 tok, 91 % of wall) | mtp 1.84 tok/step/req, accept p1 83 % | prefill 2 prompts / 93 tok, 9 tok/s, 8.80 ms/tok, 409 ms avg (8 % of wall), 0 tok cached (0/2 hits) | live 2, queued 0 | pool 6/2048 blocks (0 %) | prefix cache 0/4096 entries
2026-10-07 04:07:59.493 INFO  sched: request 'chatcmpl-0ff27253a823d958' retired (steps): 256 tok in 13.1 s — prefill 46 tok (0 cached) in 818 ms; decode 255 tok / 133 passes in 12.3 s: 20.7 tok/s, 48.3 ms/tok, 93 ms/pass, 1.92 tok/pass, accept p1 92 %
2026-10-07 04:08:00.075 INFO  sched: request 'chatcmpl-0ff27253a823d957' retired (steps): 256 tok in 13.7 s — prefill 47 tok (0 cached) in 818 ms; decode 255 tok / 142 passes in 12.9 s: 19.8 tok/s, 50.6 ms/tok, 91 ms/pass, 1.80 tok/pass, accept p1 80 %
2026-10-07 04:08:00.132 INFO  sched: request 'chatcmpl-0ff27253a823d959' starting prefill in slot 0 (36 prompt tokens)
2026-10-07 04:08:00.132 INFO  sched: request 'chatcmpl-0ff27253a823d95a' starting prefill in slot 1 (34 prompt tokens)
2026-10-07 04:08:00.132 INFO  sched: request 'chatcmpl-0ff27253a823d95b' starting prefill in slot 2 (45 prompt tokens)
2026-10-07 04:08:00.132 INFO  sched: request 'chatcmpl-0ff27253a823d95c' starting prefill in slot 3 (33 prompt tokens)
2026-10-07 04:08:01.074 INFO  sched: request 'chatcmpl-0ff27253a823d959' prefix cache miss — 3 cut(s), the cache is empty
2026-10-07 04:08:01.074 INFO  sched: request 'chatcmpl-0ff27253a823d959' admitted to slot 0 (reserve 3 blocks; pool 6/2048 blocks in use) — first token 785
2026-10-07 04:08:01.074 INFO  sched: request 'chatcmpl-0ff27253a823d95a' prefix cache miss — 3 cut(s), the cache is empty
2026-10-07 04:08:01.074 INFO  sched: request 'chatcmpl-0ff27253a823d95a' admitted to slot 1 (reserve 3 blocks; pool 8/2048 blocks in use) — first token 785
2026-10-07 04:08:01.074 INFO  sched: request 'chatcmpl-0ff27253a823d95b' prefix cache miss — 3 cut(s), the cache is empty
2026-10-07 04:08:01.074 INFO  sched: request 'chatcmpl-0ff27253a823d95b' admitted to slot 2 (reserve 3 blocks; pool 10/2048 blocks in use) — first token 785
2026-10-07 04:08:01.074 INFO  sched: request 'chatcmpl-0ff27253a823d95c' prefix cache miss — 3 cut(s), the cache is empty
2026-10-07 04:08:01.074 INFO  sched: request 'chatcmpl-0ff27253a823d95c' admitted to slot 3 (reserve 3 blocks; pool 12/2048 blocks in use) — first token 785
2026-10-07 04:08:01.075 INFO  sched: 4 requests admitted together in one prefill (942 ms)
2026-10-07 04:08:01.966 INFO  stats: rank 3 | 10.0 s | decode 37.3 tok/s, 23.9 ms/tok, 93.2 ms/step (96 steps / 374 tok, 89 % of wall) | mtp 1.90 tok/step/req, accept p1 88 % | prefill 4 prompts / 148 tok, 15 tok/s, 6.36 ms/tok, 235 ms avg (9 % of wall), 0 tok cached (0/4 hits) | live 4, queued 0 | pool 12/2048 blocks (1 %) | prefix cache 0/4096 entries
2026-10-07 04:08:12.021 INFO  stats: rank 3 | 10.1 s | decode 51.6 tok/s, 19.3 ms/tok, 149.4 ms/step (67 steps / 519 tok, 100 % of wall) | mtp 1.94 tok/step/req, accept p1 94 % | prefill 0 prompts / 0 tok, 0 tok cached (0/0 hits) | live 4, queued 0 | pool 12/2048 blocks (1 %) | prefix cache 0/4096 entries
2026-10-07 04:08:20.747 INFO  sched: request 'chatcmpl-0ff27253a823d959' retired (steps): 256 tok in 20.6 s — prefill 36 tok (0 cached) in 942 ms; decode 255 tok / 131 passes in 19.7 s: 13.0 tok/s, 77.1 ms/tok, 150 ms/pass, 1.95 tok/pass, accept p1 95 %
2026-10-07 04:08:20.902 INFO  sched: request 'chatcmpl-0ff27253a823d95a' retired (steps): 256 tok in 20.8 s — prefill 34 tok (0 cached) in 942 ms; decode 255 tok / 132 passes in 19.8 s: 12.9 tok/s, 77.8 ms/tok, 150 ms/pass, 1.93 tok/pass, accept p1 94 %
2026-10-07 04:08:20.902 INFO  sched: request 'chatcmpl-0ff27253a823d95b' retired (steps): 256 tok in 20.8 s — prefill 45 tok (0 cached) in 942 ms; decode 255 tok / 132 passes in 19.8 s: 12.9 tok/s, 77.8 ms/tok, 150 ms/pass, 1.93 tok/pass, accept p1 93 %
2026-10-07 04:08:20.902 INFO  sched: request 'chatcmpl-0ff27253a823d95c' retired (steps): 256 tok in 20.8 s — prefill 33 tok (0 cached) in 942 ms; decode 255 tok / 132 passes in 19.8 s: 12.9 tok/s, 77.8 ms/tok, 150 ms/pass, 1.93 tok/pass, accept p1 93 %
2026-10-07 04:08:20.928 INFO  sched: request 'chatcmpl-0ff27253a823d95d' starting prefill in slot 0 (36 prompt tokens)
2026-10-07 04:08:20.928 INFO  sched: request 'chatcmpl-0ff27253a823d95e' starting prefill in slot 1 (33 prompt tokens)
2026-10-07 04:08:20.928 INFO  sched: request 'chatcmpl-0ff27253a823d95f' starting prefill in slot 2 (34 prompt tokens)
2026-10-07 04:08:20.928 INFO  sched: request 'chatcmpl-0ff27253a823d960' starting prefill in slot 3 (45 prompt tokens)
2026-10-07 04:08:21.880 INFO  sched: request 'chatcmpl-0ff27253a823d95d' prefix cache miss — 3 cut(s), the cache is empty
2026-10-07 04:08:21.880 INFO  sched: request 'chatcmpl-0ff27253a823d95d' admitted to slot 0 (reserve 3 blocks; pool 6/2048 blocks in use) — first token 785
2026-10-07 04:08:21.880 INFO  sched: request 'chatcmpl-0ff27253a823d95e' prefix cache miss — 3 cut(s), the cache is empty
2026-10-07 04:08:21.880 INFO  sched: request 'chatcmpl-0ff27253a823d95e' admitted to slot 1 (reserve 3 blocks; pool 8/2048 blocks in use) — first token 785
2026-10-07 04:08:21.880 INFO  sched: request 'chatcmpl-0ff27253a823d95f' prefix cache miss — 3 cut(s), the cache is empty
2026-10-07 04:08:21.880 INFO  sched: request 'chatcmpl-0ff27253a823d95f' admitted to slot 2 (reserve 3 blocks; pool 10/2048 blocks in use) — first token 785
2026-10-07 04:08:21.880 INFO  sched: request 'chatcmpl-0ff27253a823d960' prefix cache miss — 3 cut(s), the cache is empty
2026-10-07 04:08:21.880 INFO  sched: request 'chatcmpl-0ff27253a823d960' admitted to slot 3 (reserve 3 blocks; pool 12/2048 blocks in use) — first token 785
2026-10-07 04:08:21.880 INFO  sched: 4 requests admitted together in one prefill (952 ms)
2026-10-07 04:08:22.126 INFO  stats: rank 3 | 10.1 s | decode 46.2 tok/s, 19.4 ms/tok, 151.2 ms/step (60 steps / 467 tok, 90 % of wall) | mtp 1.95 tok/step/req, accept p1 95 % | prefill 4 prompts / 148 tok, 15 tok/s, 6.43 ms/tok, 238 ms avg (9 % of wall), 0 tok cached (0/4 hits) | live 4, queued 0 | pool 12/2048 blocks (1 %) | prefix cache 0/4096 entries
2026-10-07 04:08:32.178 INFO  stats: rank 3 | 10.1 s | decode 52.5 tok/s, 19.0 ms/tok, 147.2 ms/step (68 steps / 528 tok, 100 % of wall) | mtp 1.94 tok/step/req, accept p1 94 % | prefill 0 prompts / 0 tok, 0 tok cached (0/0 hits) | live 4, queued 0 | pool 12/2048 blocks (1 %) | prefix cache 0/4096 entries
2026-10-07 04:08:41.502 INFO  sched: request 'chatcmpl-0ff27253a823d95d' retired (steps): 256 tok in 20.6 s — prefill 36 tok (0 cached) in 952 ms; decode 255 tok / 131 passes in 19.6 s: 13.0 tok/s, 76.9 ms/tok, 150 ms/pass, 1.95 tok/pass, accept p1 95 %
2026-10-07 04:08:41.502 INFO  sched: request 'chatcmpl-0ff27253a823d960' retired (steps): 256 tok in 20.6 s — prefill 45 tok (0 cached) in 952 ms; decode 255 tok / 131 passes in 19.6 s: 13.0 tok/s, 76.9 ms/tok, 150 ms/pass, 1.95 tok/pass, accept p1 95 %
2026-10-07 04:08:41.636 INFO  sched: request 'chatcmpl-0ff27253a823d95e' retired (steps): 256 tok in 20.7 s — prefill 33 tok (0 cached) in 952 ms; decode 255 tok / 132 passes in 19.8 s: 12.9 tok/s, 77.5 ms/tok, 150 ms/pass, 1.93 tok/pass, accept p1 93 %
2026-10-07 04:08:41.636 INFO  sched: request 'chatcmpl-0ff27253a823d95f' retired (steps): 256 tok in 20.7 s — prefill 34 tok (0 cached) in 952 ms; decode 255 tok / 132 passes in 19.8 s: 12.9 tok/s, 77.5 ms/tok, 150 ms/pass, 1.93 tok/pass, accept p1 94 %
2026-10-07 04:08:41.656 INFO  sched: request 'chatcmpl-0ff27253a823d961' starting prefill in slot 0 (45 prompt tokens)
2026-10-07 04:08:41.656 INFO  sched: request 'chatcmpl-0ff27253a823d962' starting prefill in slot 1 (36 prompt tokens)
2026-10-07 04:08:41.656 INFO  sched: request 'chatcmpl-0ff27253a823d963' starting prefill in slot 2 (33 prompt tokens)
2026-10-07 04:08:41.656 INFO  sched: request 'chatcmpl-0ff27253a823d964' starting prefill in slot 3 (34 prompt tokens)
2026-10-07 04:08:42.604 INFO  sched: request 'chatcmpl-0ff27253a823d961' prefix cache miss — 3 cut(s), the cache is empty
2026-10-07 04:08:42.604 INFO  sched: request 'chatcmpl-0ff27253a823d961' admitted to slot 0 (reserve 3 blocks; pool 6/2048 blocks in use) — first token 785
2026-10-07 04:08:42.604 INFO  sched: request 'chatcmpl-0ff27253a823d962' prefix cache miss — 3 cut(s), the cache is empty
2026-10-07 04:08:42.604 INFO  sched: request 'chatcmpl-0ff27253a823d962' admitted to slot 1 (reserve 3 blocks; pool 8/2048 blocks in use) — first token 785
2026-10-07 04:08:42.604 INFO  sched: request 'chatcmpl-0ff27253a823d963' prefix cache miss — 3 cut(s), the cache is empty
2026-10-07 04:08:42.604 INFO  sched: request 'chatcmpl-0ff27253a823d963' admitted to slot 2 (reserve 3 blocks; pool 10/2048 blocks in use) — first token 785
2026-10-07 04:08:42.604 INFO  sched: request 'chatcmpl-0ff27253a823d964' prefix cache miss — 3 cut(s), the cache is empty
2026-10-07 04:08:42.604 INFO  sched: request 'chatcmpl-0ff27253a823d964' admitted to slot 3 (reserve 3 blocks; pool 12/2048 blocks in use) — first token 785
2026-10-07 04:08:42.604 INFO  sched: 4 requests admitted together in one prefill (947 ms)
2026-10-07 04:08:42.723 INFO  stats: rank 3 | 10.5 s | decode 46.5 tok/s, 19.4 ms/tok, 151.1 ms/step (63 steps / 490 tok, 90 % of wall) | mtp 1.96 tok/step/req, accept p1 95 % | prefill 4 prompts / 148 tok, 14 tok/s, 6.40 ms/tok, 237 ms avg (9 % of wall), 0 tok cached (0/4 hits) | live 4, queued 0 | pool 12/2048 blocks (1 %) | prefix cache 0/4096 entries
2026-10-07 04:08:52.763 INFO  stats: rank 3 | 10.0 s | decode 52.4 tok/s, 19.0 ms/tok, 147.0 ms/step (68 steps / 526 tok, 100 % of wall) | mtp 1.93 tok/step/req, accept p1 93 % | prefill 0 prompts / 0 tok, 0 tok cached (0/0 hits) | live 4, queued 0 | pool 12/2048 blocks (1 %) | prefix cache 0/4096 entries
2026-10-07 04:09:02.261 INFO  sched: request 'chatcmpl-0ff27253a823d961' retired (steps): 256 tok in 20.6 s — prefill 45 tok (0 cached) in 947 ms; decode 255 tok / 131 passes in 19.7 s: 13.0 tok/s, 77.1 ms/tok, 150 ms/pass, 1.95 tok/pass, accept p1 95 %
2026-10-07 04:09:02.261 INFO  sched: request 'chatcmpl-0ff27253a823d962' retired (steps): 256 tok in 20.6 s — prefill 36 tok (0 cached) in 947 ms; decode 255 tok / 131 passes in 19.7 s: 13.0 tok/s, 77.1 ms/tok, 150 ms/pass, 1.95 tok/pass, accept p1 95 %
2026-10-07 04:09:02.406 INFO  sched: request 'chatcmpl-0ff27253a823d963' retired (steps): 256 tok in 20.7 s — prefill 33 tok (0 cached) in 947 ms; decode 255 tok / 132 passes in 19.8 s: 12.9 tok/s, 77.7 ms/tok, 150 ms/pass, 1.93 tok/pass, accept p1 93 %
2026-10-07 04:09:02.406 INFO  sched: request 'chatcmpl-0ff27253a823d964' retired (steps): 256 tok in 20.7 s — prefill 34 tok (0 cached) in 947 ms; decode 255 tok / 132 passes in 19.8 s: 12.9 tok/s, 77.7 ms/tok, 150 ms/pass, 1.93 tok/pass, accept p1 94 %
2026-10-07 04:09:02.458 INFO  sched: request 'chatcmpl-0ff27253a823d965' starting prefill in slot 0 (34 prompt tokens)
2026-10-07 04:09:02.458 INFO  sched: request 'chatcmpl-0ff27253a823d966' starting prefill in slot 1 (33 prompt tokens)
2026-10-07 04:09:02.458 INFO  sched: request 'chatcmpl-0ff27253a823d967' starting prefill in slot 2 (34 prompt tokens)
2026-10-07 04:09:02.458 INFO  sched: request 'chatcmpl-0ff27253a823d968' starting prefill in slot 3 (33 prompt tokens)
2026-10-07 04:09:02.458 INFO  sched: request 'chatcmpl-0ff27253a823d969' starting prefill in slot 4 (34 prompt tokens)
2026-10-07 04:09:02.458 INFO  sched: request 'chatcmpl-0ff27253a823d96a' starting prefill in slot 5 (34 prompt tokens)
2026-10-07 04:09:02.458 INFO  sched: request 'chatcmpl-0ff27253a823d96b' starting prefill in slot 6 (33 prompt tokens)
2026-10-07 04:09:02.458 INFO  sched: request 'chatcmpl-0ff27253a823d96c' starting prefill in slot 7 (34 prompt tokens)
2026-10-07 04:09:03.955 INFO  sched: request 'chatcmpl-0ff27253a823d965' prefix cache miss — 3 cut(s), the cache is empty
2026-10-07 04:09:03.955 INFO  sched: request 'chatcmpl-0ff27253a823d965' admitted to slot 0 (reserve 3 blocks; pool 10/2048 blocks in use) — first token 785
2026-10-07 04:09:03.955 INFO  sched: request 'chatcmpl-0ff27253a823d966' prefix cache miss — 3 cut(s), the cache is empty
2026-10-07 04:09:03.955 INFO  sched: request 'chatcmpl-0ff27253a823d966' admitted to slot 1 (reserve 3 blocks; pool 12/2048 blocks in use) — first token 785
2026-10-07 04:09:03.955 INFO  sched: request 'chatcmpl-0ff27253a823d967' prefix cache miss — 3 cut(s), the cache is empty
2026-10-07 04:09:03.955 INFO  sched: request 'chatcmpl-0ff27253a823d967' admitted to slot 2 (reserve 3 blocks; pool 14/2048 blocks in use) — first token 785
2026-10-07 04:09:03.955 INFO  sched: request 'chatcmpl-0ff27253a823d968' prefix cache miss — 3 cut(s), the cache is empty
2026-10-07 04:09:03.955 INFO  sched: request 'chatcmpl-0ff27253a823d968' admitted to slot 3 (reserve 3 blocks; pool 16/2048 blocks in use) — first token 785
2026-10-07 04:09:03.955 INFO  sched: request 'chatcmpl-0ff27253a823d969' prefix cache miss — 3 cut(s), the cache is empty
2026-10-07 04:09:03.955 INFO  sched: request 'chatcmpl-0ff27253a823d969' admitted to slot 4 (reserve 3 blocks; pool 18/2048 blocks in use) — first token 785
2026-10-07 04:09:03.955 INFO  sched: request 'chatcmpl-0ff27253a823d96a' prefix cache miss — 3 cut(s), the cache is empty
2026-10-07 04:09:03.955 INFO  sched: request 'chatcmpl-0ff27253a823d96a' admitted to slot 5 (reserve 3 blocks; pool 20/2048 blocks in use) — first token 785
2026-10-07 04:09:03.955 INFO  sched: request 'chatcmpl-0ff27253a823d96b' prefix cache miss — 3 cut(s), the cache is empty
2026-10-07 04:09:03.955 INFO  sched: request 'chatcmpl-0ff27253a823d96b' admitted to slot 6 (reserve 3 blocks; pool 22/2048 blocks in use) — first token 785
2026-10-07 04:09:03.955 INFO  sched: request 'chatcmpl-0ff27253a823d96c' prefix cache miss — 3 cut(s), the cache is empty
2026-10-07 04:09:03.955 INFO  sched: request 'chatcmpl-0ff27253a823d96c' admitted to slot 7 (reserve 3 blocks; pool 24/2048 blocks in use) — first token 785
2026-10-07 04:09:03.955 INFO  sched: 8 requests admitted together in one prefill (1497 ms)
2026-10-07 04:09:04.166 INFO  stats: rank 3 | 11.4 s | decode 44.3 tok/s, 19.4 ms/tok, 153.1 ms/step (64 steps / 505 tok, 86 % of wall) | mtp 1.96 tok/step/req, accept p1 93 % | prefill 8 prompts / 269 tok, 24 tok/s, 5.57 ms/tok, 187 ms avg (13 % of wall), 0 tok cached (0/8 hits) | live 8, queued 0 | pool 24/2048 blocks (1 %) | prefix cache 0/4096 entries
2026-10-07 04:09:14.235 INFO  stats: rank 3 | 10.1 s | decode 62.2 tok/s, 16.0 ms/tok, 245.0 ms/step (41 steps / 626 tok, 100 % of wall) | mtp 1.91 tok/step/req, accept p1 91 % | prefill 0 prompts / 0 tok, 0 tok cached (0/0 hits) | live 8, queued 0 | pool 24/2048 blocks (1 %) | prefix cache 0/4096 entries
2026-10-07 04:09:24.396 INFO  stats: rank 3 | 10.2 s | decode 59.4 tok/s, 16.8 ms/tok, 259.8 ms/step (39 steps / 604 tok, 100 % of wall) | mtp 1.94 tok/step/req, accept p1 94 % | prefill 0 prompts / 0 tok, 0 tok cached (0/0 hits) | live 8, queued 0 | pool 24/2048 blocks (1 %) | prefix cache 0/4096 entries
2026-10-07 04:09:34.614 INFO  stats: rank 3 | 10.2 s | decode 58.9 tok/s, 16.9 ms/tok, 261.2 ms/step (39 steps / 602 tok, 100 % of wall) | mtp 1.93 tok/step/req, accept p1 93 % | prefill 0 prompts / 0 tok, 0 tok cached (0/0 hits) | live 8, queued 0 | pool 24/2048 blocks (1 %) | prefix cache 0/4096 entries
2026-10-07 04:09:37.280 INFO  sched: request 'chatcmpl-0ff27253a823d966' retired (steps): 256 tok in 34.8 s — prefill 33 tok (0 cached) in 1497 ms; decode 255 tok / 130 passes in 33.3 s: 7.7 tok/s, 130.7 ms/tok, 256 ms/pass, 1.96 tok/pass, accept p1 96 %
2026-10-07 04:09:37.556 INFO  sched: request 'chatcmpl-0ff27253a823d967' retired (steps): 256 tok in 35.1 s — prefill 34 tok (0 cached) in 1497 ms; decode 255 tok / 131 passes in 33.6 s: 7.6 tok/s, 131.8 ms/tok, 256 ms/pass, 1.95 tok/pass, accept p1 95 %
2026-10-07 04:09:37.556 INFO  sched: request 'chatcmpl-0ff27253a823d96b' retired (steps): 256 tok in 35.1 s — prefill 33 tok (0 cached) in 1497 ms; decode 255 tok / 131 passes in 33.6 s: 7.6 tok/s, 131.8 ms/tok, 256 ms/pass, 1.95 tok/pass, accept p1 95 %
2026-10-07 04:09:37.811 INFO  sched: request 'chatcmpl-0ff27253a823d96a' retired (steps): 256 tok in 35.4 s — prefill 34 tok (0 cached) in 1497 ms; decode 255 tok / 132 passes in 33.9 s: 7.5 tok/s, 132.8 ms/tok, 256 ms/pass, 1.93 tok/pass, accept p1 93 %
2026-10-07 04:09:38.052 INFO  sched: request 'chatcmpl-0ff27253a823d965' retired (steps): 256 tok in 35.6 s — prefill 34 tok (0 cached) in 1497 ms; decode 255 tok / 133 passes in 34.1 s: 7.5 tok/s, 133.7 ms/tok, 256 ms/pass, 1.92 tok/pass, accept p1 92 %
2026-10-07 04:09:38.286 INFO  sched: request 'chatcmpl-0ff27253a823d96c' retired (steps): 256 tok in 35.8 s — prefill 34 tok (0 cached) in 1497 ms; decode 255 tok / 134 passes in 34.3 s: 7.4 tok/s, 134.6 ms/tok, 256 ms/pass, 1.90 tok/pass, accept p1 91 %
2026-10-07 04:09:38.634 INFO  sched: request 'chatcmpl-0ff27253a823d968' retired (steps): 256 tok in 36.2 s — prefill 33 tok (0 cached) in 1497 ms; decode 255 tok / 136 passes in 34.7 s: 7.4 tok/s, 136.0 ms/tok, 255 ms/pass, 1.88 tok/pass, accept p1 88 %
2026-10-07 04:09:38.634 INFO  sched: request 'chatcmpl-0ff27253a823d969' retired (steps): 256 tok in 36.2 s — prefill 34 tok (0 cached) in 1497 ms; decode 255 tok / 136 passes in 34.7 s: 7.4 tok/s, 136.0 ms/tok, 255 ms/pass, 1.88 tok/pass, accept p1 88 %
2026-10-07 04:09:38.659 INFO  sched: request 'chatcmpl-0ff27253a823d96d' starting prefill in slot 0 (34 prompt tokens)
2026-10-07 04:09:38.659 INFO  sched: request 'chatcmpl-0ff27253a823d96e' starting prefill in slot 1 (33 prompt tokens)
2026-10-07 04:09:38.659 INFO  sched: request 'chatcmpl-0ff27253a823d96f' starting prefill in slot 2 (34 prompt tokens)
2026-10-07 04:09:38.659 INFO  sched: request 'chatcmpl-0ff27253a823d970' starting prefill in slot 3 (34 prompt tokens)
2026-10-07 04:09:38.659 INFO  sched: request 'chatcmpl-0ff27253a823d971' starting prefill in slot 4 (33 prompt tokens)
2026-10-07 04:09:38.660 INFO  sched: request 'chatcmpl-0ff27253a823d972' starting prefill in slot 5 (34 prompt tokens)
2026-10-07 04:09:38.660 INFO  sched: request 'chatcmpl-0ff27253a823d973' starting prefill in slot 6 (33 prompt tokens)
2026-10-07 04:09:38.660 INFO  sched: request 'chatcmpl-0ff27253a823d974' starting prefill in slot 7 (34 prompt tokens)
2026-10-07 04:09:40.154 INFO  sched: request 'chatcmpl-0ff27253a823d96d' prefix cache miss — 3 cut(s), the cache is empty
2026-10-07 04:09:40.154 INFO  sched: request 'chatcmpl-0ff27253a823d96d' admitted to slot 0 (reserve 3 blocks; pool 10/2048 blocks in use) — first token 785
2026-10-07 04:09:40.154 INFO  sched: request 'chatcmpl-0ff27253a823d96e' prefix cache miss — 3 cut(s), the cache is empty
2026-10-07 04:09:40.154 INFO  sched: request 'chatcmpl-0ff27253a823d96e' admitted to slot 1 (reserve 3 blocks; pool 12/2048 blocks in use) — first token 785
2026-10-07 04:09:40.154 INFO  sched: request 'chatcmpl-0ff27253a823d96f' prefix cache miss — 3 cut(s), the cache is empty
2026-10-07 04:09:40.154 INFO  sched: request 'chatcmpl-0ff27253a823d96f' admitted to slot 2 (reserve 3 blocks; pool 14/2048 blocks in use) — first token 785
2026-10-07 04:09:40.154 INFO  sched: request 'chatcmpl-0ff27253a823d970' prefix cache miss — 3 cut(s), the cache is empty
2026-10-07 04:09:40.154 INFO  sched: request 'chatcmpl-0ff27253a823d970' admitted to slot 3 (reserve 3 blocks; pool 16/2048 blocks in use) — first token 785
2026-10-07 04:09:40.154 INFO  sched: request 'chatcmpl-0ff27253a823d971' prefix cache miss — 3 cut(s), the cache is empty
2026-10-07 04:09:40.154 INFO  sched: request 'chatcmpl-0ff27253a823d971' admitted to slot 4 (reserve 3 blocks; pool 18/2048 blocks in use) — first token 785
2026-10-07 04:09:40.154 INFO  sched: request 'chatcmpl-0ff27253a823d972' prefix cache miss — 3 cut(s), the cache is empty
2026-10-07 04:09:40.154 INFO  sched: request 'chatcmpl-0ff27253a823d972' admitted to slot 5 (reserve 3 blocks; pool 20/2048 blocks in use) — first token 785
2026-10-07 04:09:40.154 INFO  sched: request 'chatcmpl-0ff27253a823d973' prefix cache miss — 3 cut(s), the cache is empty
2026-10-07 04:09:40.154 INFO  sched: request 'chatcmpl-0ff27253a823d973' admitted to slot 6 (reserve 3 blocks; pool 22/2048 blocks in use) — first token 785
2026-10-07 04:09:40.154 INFO  sched: request 'chatcmpl-0ff27253a823d974' prefix cache miss — 3 cut(s), the cache is empty
2026-10-07 04:09:40.154 INFO  sched: request 'chatcmpl-0ff27253a823d974' admitted to slot 7 (reserve 3 blocks; pool 24/2048 blocks in use) — first token 785
2026-10-07 04:09:40.154 INFO  sched: 8 requests admitted together in one prefill (1495 ms)
2026-10-07 04:09:44.751 INFO  stats: rank 3 | 10.1 s | decode 49.3 tok/s, 17.1 ms/tok, 237.3 ms/step (36 steps / 500 tok, 84 % of wall) | mtp 1.90 tok/step/req, accept p1 88 % | prefill 8 prompts / 269 tok, 27 tok/s, 5.56 ms/tok, 187 ms avg (15 % of wall), 0 tok cached (0/8 hits) | live 8, queued 0 | pool 24/2048 blocks (1 %) | prefix cache 0/4096 entries
2026-10-07 04:09:54.885 INFO  stats: rank 3 | 10.1 s | decode 59.1 tok/s, 16.9 ms/tok, 259.2 ms/step (39 steps / 599 tok, 100 % of wall) | mtp 1.92 tok/step/req, accept p1 92 % | prefill 0 prompts / 0 tok, 0 tok cached (0/0 hits) | live 8, queued 0 | pool 24/2048 blocks (1 %) | prefix cache 0/4096 entries
2026-10-07 04:10:05.043 INFO  stats: rank 3 | 10.2 s | decode 60.1 tok/s, 16.6 ms/tok, 259.7 ms/step (39 steps / 610 tok, 100 % of wall) | mtp 1.96 tok/step/req, accept p1 96 % | prefill 0 prompts / 0 tok, 0 tok cached (0/0 hits) | live 8, queued 0 | pool 24/2048 blocks (1 %) | prefix cache 0/4096 entries
2026-10-07 04:10:13.480 INFO  sched: request 'chatcmpl-0ff27253a823d96e' retired (steps): 256 tok in 34.8 s — prefill 33 tok (0 cached) in 1495 ms; decode 255 tok / 130 passes in 33.3 s: 7.7 tok/s, 130.7 ms/tok, 256 ms/pass, 1.96 tok/pass, accept p1 96 %
2026-10-07 04:10:13.746 INFO  sched: request 'chatcmpl-0ff27253a823d973' retired (steps): 256 tok in 35.1 s — prefill 33 tok (0 cached) in 1495 ms; decode 255 tok / 131 passes in 33.6 s: 7.6 tok/s, 131.7 ms/tok, 256 ms/pass, 1.95 tok/pass, accept p1 95 %
2026-10-07 04:10:13.746 INFO  sched: request 'chatcmpl-0ff27253a823d974' retired (steps): 256 tok in 35.1 s — prefill 34 tok (0 cached) in 1495 ms; decode 255 tok / 131 passes in 33.6 s: 7.6 tok/s, 131.7 ms/tok, 256 ms/pass, 1.95 tok/pass, accept p1 95 %
2026-10-07 04:10:13.956 INFO  sched: request 'chatcmpl-0ff27253a823d96f' retired (steps): 256 tok in 35.3 s — prefill 34 tok (0 cached) in 1495 ms; decode 255 tok / 132 passes in 33.8 s: 7.5 tok/s, 132.6 ms/tok, 256 ms/pass, 1.93 tok/pass, accept p1 93 %
2026-10-07 04:10:14.365 INFO  sched: request 'chatcmpl-0ff27253a823d96d' retired (steps): 256 tok in 35.7 s — prefill 34 tok (0 cached) in 1495 ms; decode 255 tok / 134 passes in 34.2 s: 7.5 tok/s, 134.2 ms/tok, 255 ms/pass, 1.90 tok/pass, accept p1 91 %
2026-10-07 04:10:14.365 INFO  sched: request 'chatcmpl-0ff27253a823d970' retired (steps): 256 tok in 35.7 s — prefill 34 tok (0 cached) in 1495 ms; decode 255 tok / 134 passes in 34.2 s: 7.5 tok/s, 134.2 ms/tok, 255 ms/pass, 1.90 tok/pass, accept p1 91 %
2026-10-07 04:10:14.743 INFO  sched: request 'chatcmpl-0ff27253a823d971' retired (steps): 256 tok in 36.1 s — prefill 33 tok (0 cached) in 1495 ms; decode 255 tok / 136 passes in 34.6 s: 7.4 tok/s, 135.6 ms/tok, 254 ms/pass, 1.88 tok/pass, accept p1 88 %
2026-10-07 04:10:14.811 INFO  sched: request 'chatcmpl-0ff27253a823d972' retired (steps): 256 tok in 36.2 s — prefill 34 tok (0 cached) in 1495 ms; decode 255 tok / 137 passes in 34.7 s: 7.4 tok/s, 135.9 ms/tok, 253 ms/pass, 1.86 tok/pass, accept p1 87 %
2026-10-07 04:10:14.825 INFO  sched: request 'chatcmpl-0ff27253a823d975' starting prefill in slot 0 (34 prompt tokens)
2026-10-07 04:10:14.826 INFO  sched: request 'chatcmpl-0ff27253a823d976' starting prefill in slot 1 (33 prompt tokens)
2026-10-07 04:10:14.826 INFO  sched: request 'chatcmpl-0ff27253a823d977' starting prefill in slot 2 (34 prompt tokens)
2026-10-07 04:10:14.826 INFO  sched: request 'chatcmpl-0ff27253a823d978' starting prefill in slot 3 (33 prompt tokens)
2026-10-07 04:10:14.826 INFO  sched: request 'chatcmpl-0ff27253a823d979' starting prefill in slot 4 (34 prompt tokens)
2026-10-07 04:10:14.826 INFO  sched: request 'chatcmpl-0ff27253a823d97a' starting prefill in slot 5 (34 prompt tokens)
2026-10-07 04:10:14.826 INFO  sched: request 'chatcmpl-0ff27253a823d97b' starting prefill in slot 6 (34 prompt tokens)
2026-10-07 04:10:14.826 INFO  sched: request 'chatcmpl-0ff27253a823d97c' starting prefill in slot 7 (33 prompt tokens)
2026-10-07 04:10:16.328 INFO  sched: request 'chatcmpl-0ff27253a823d975' prefix cache miss — 3 cut(s), the cache is empty
2026-10-07 04:10:16.328 INFO  sched: request 'chatcmpl-0ff27253a823d975' admitted to slot 0 (reserve 3 blocks; pool 10/2048 blocks in use) — first token 785
2026-10-07 04:10:16.328 INFO  sched: request 'chatcmpl-0ff27253a823d976' prefix cache miss — 3 cut(s), the cache is empty
2026-10-07 04:10:16.328 INFO  sched: request 'chatcmpl-0ff27253a823d976' admitted to slot 1 (reserve 3 blocks; pool 12/2048 blocks in use) — first token 785
2026-10-07 04:10:16.328 INFO  sched: request 'chatcmpl-0ff27253a823d977' prefix cache miss — 3 cut(s), the cache is empty
2026-10-07 04:10:16.328 INFO  sched: request 'chatcmpl-0ff27253a823d977' admitted to slot 2 (reserve 3 blocks; pool 14/2048 blocks in use) — first token 785
2026-10-07 04:10:16.328 INFO  sched: request 'chatcmpl-0ff27253a823d978' prefix cache miss — 3 cut(s), the cache is empty
2026-10-07 04:10:16.328 INFO  sched: request 'chatcmpl-0ff27253a823d978' admitted to slot 3 (reserve 3 blocks; pool 16/2048 blocks in use) — first token 785
2026-10-07 04:10:16.328 INFO  sched: request 'chatcmpl-0ff27253a823d979' prefix cache miss — 3 cut(s), the cache is empty
2026-10-07 04:10:16.328 INFO  sched: request 'chatcmpl-0ff27253a823d979' admitted to slot 4 (reserve 3 blocks; pool 18/2048 blocks in use) — first token 785
2026-10-07 04:10:16.328 INFO  sched: request 'chatcmpl-0ff27253a823d97a' prefix cache miss — 3 cut(s), the cache is empty
2026-10-07 04:10:16.328 INFO  sched: request 'chatcmpl-0ff27253a823d97a' admitted to slot 5 (reserve 3 blocks; pool 20/2048 blocks in use) — first token 785
2026-10-07 04:10:16.328 INFO  sched: request 'chatcmpl-0ff27253a823d97b' prefix cache miss — 3 cut(s), the cache is empty
2026-10-07 04:10:16.328 INFO  sched: request 'chatcmpl-0ff27253a823d97b' admitted to slot 6 (reserve 3 blocks; pool 22/2048 blocks in use) — first token 785
2026-10-07 04:10:16.328 INFO  sched: request 'chatcmpl-0ff27253a823d97c' prefix cache miss — 3 cut(s), the cache is empty
2026-10-07 04:10:16.328 INFO  sched: request 'chatcmpl-0ff27253a823d97c' admitted to slot 7 (reserve 3 blocks; pool 24/2048 blocks in use) — first token 785
2026-10-07 04:10:16.328 INFO  sched: 8 requests admitted together in one prefill (1502 ms)
2026-10-07 04:10:16.534 INFO  stats: rank 3 | 11.5 s | decode 48.6 tok/s, 17.7 ms/tok, 247.5 ms/step (40 steps / 558 tok, 86 % of wall) | mtp 1.93 tok/step/req, accept p1 91 % | prefill 8 prompts / 269 tok, 23 tok/s, 5.58 ms/tok, 188 ms avg (13 % of wall), 0 tok cached (0/8 hits) | live 8, queued 0 | pool 24/2048 blocks (1 %) | prefix cache 0/4096 entries
2026-10-07 04:10:26.637 INFO  stats: rank 3 | 10.1 s | decode 61.4 tok/s, 16.3 ms/tok, 245.8 ms/step (41 steps / 620 tok, 100 % of wall) | mtp 1.89 tok/step/req, accept p1 89 % | prefill 0 prompts / 0 tok, 0 tok cached (0/0 hits) | live 8, queued 0 | pool 24/2048 blocks (1 %) | prefix cache 0/4096 entries
2026-10-07 04:10:36.790 INFO  stats: rank 3 | 10.2 s | decode 59.4 tok/s, 16.8 ms/tok, 259.6 ms/step (39 steps / 603 tok, 100 % of wall) | mtp 1.93 tok/step/req, accept p1 93 % | prefill 0 prompts / 0 tok, 0 tok cached (0/0 hits) | live 8, queued 0 | pool 24/2048 blocks (1 %) | prefix cache 0/4096 entries
2026-10-07 04:10:46.984 INFO  stats: rank 3 | 10.2 s | decode 59.2 tok/s, 16.9 ms/tok, 260.5 ms/step (39 steps / 603 tok, 100 % of wall) | mtp 1.93 tok/step/req, accept p1 93 % | prefill 0 prompts / 0 tok, 0 tok cached (0/0 hits) | live 8, queued 0 | pool 24/2048 blocks (1 %) | prefix cache 0/4096 entries
2026-10-07 04:10:49.662 INFO  sched: request 'chatcmpl-0ff27253a823d97c' retired (steps): 256 tok in 34.8 s — prefill 33 tok (0 cached) in 1502 ms; decode 255 tok / 130 passes in 33.3 s: 7.6 tok/s, 130.7 ms/tok, 256 ms/pass, 1.96 tok/pass, accept p1 96 %
2026-10-07 04:10:49.928 INFO  sched: request 'chatcmpl-0ff27253a823d975' retired (steps): 256 tok in 35.1 s — prefill 34 tok (0 cached) in 1502 ms; decode 255 tok / 131 passes in 33.6 s: 7.6 tok/s, 131.8 ms/tok, 256 ms/pass, 1.95 tok/pass, accept p1 95 %
2026-10-07 04:10:49.928 INFO  sched: request 'chatcmpl-0ff27253a823d978' retired (steps): 256 tok in 35.1 s — prefill 33 tok (0 cached) in 1502 ms; decode 255 tok / 131 passes in 33.6 s: 7.6 tok/s, 131.8 ms/tok, 256 ms/pass, 1.95 tok/pass, accept p1 95 %
2026-10-07 04:10:50.428 INFO  sched: request 'chatcmpl-0ff27253a823d97b' retired (steps): 256 tok in 35.6 s — prefill 34 tok (0 cached) in 1502 ms; decode 255 tok / 133 passes in 34.1 s: 7.5 tok/s, 133.7 ms/tok, 256 ms/pass, 1.92 tok/pass, accept p1 92 %
2026-10-07 04:10:50.628 INFO  sched: request 'chatcmpl-0ff27253a823d977' retired (steps): 256 tok in 35.8 s — prefill 34 tok (0 cached) in 1502 ms; decode 255 tok / 134 passes in 34.3 s: 7.4 tok/s, 134.5 ms/tok, 256 ms/pass, 1.90 tok/pass, accept p1 91 %
2026-10-07 04:10:50.628 INFO  sched: request 'chatcmpl-0ff27253a823d979' retired (steps): 256 tok in 35.8 s — prefill 34 tok (0 cached) in 1502 ms; decode 255 tok / 134 passes in 34.3 s: 7.4 tok/s, 134.5 ms/tok, 256 ms/pass, 1.90 tok/pass, accept p1 91 %
2026-10-07 04:10:50.996 INFO  sched: request 'chatcmpl-0ff27253a823d976' retired (steps): 256 tok in 36.2 s — prefill 33 tok (0 cached) in 1502 ms; decode 255 tok / 136 passes in 34.7 s: 7.4 tok/s, 136.0 ms/tok, 255 ms/pass, 1.88 tok/pass, accept p1 88 %
2026-10-07 04:10:50.996 INFO  sched: request 'chatcmpl-0ff27253a823d97a' retired (steps): 256 tok in 36.2 s — prefill 34 tok (0 cached) in 1502 ms; decode 255 tok / 136 passes in 34.7 s: 7.4 tok/s, 136.0 ms/tok, 255 ms/pass, 1.88 tok/pass, accept p1 88 %
2026-10-07 04:10:51.109 INFO  sched: request 'chatcmpl-0ff27253a823d97d' starting prefill in slot 0 (68 prompt tokens)
2026-10-07 04:10:51.765 INFO  sched: request 'chatcmpl-0ff27253a823d97d' prefix cache miss — 3 cut(s), the cache is empty
2026-10-07 04:10:51.765 INFO  sched: request 'chatcmpl-0ff27253a823d97d' admitted to slot 0 (reserve 3 blocks; pool 3/2048 blocks in use) — first token 1654
2026-10-07 04:10:57.000 INFO  stats: rank 3 | 10.0 s | decode 35.3 tok/s, 25.8 ms/tok, 94.2 ms/step (97 steps / 354 tok, 91 % of wall) | mtp 1.90 tok/step/req, accept p1 91 % | prefill 1 prompt / 68 tok, 7 tok/s, 9.65 ms/tok, 656 ms avg (7 % of wall), 0 tok cached (0/1 hit) | live 1, queued 0 | pool 3/2048 blocks (0 %) | prefix cache 0/4096 entries
2026-10-07 04:11:00.397 INFO  sched: request 'chatcmpl-0ff27253a823d97d' retired (steps): 256 tok in 9.3 s — prefill 68 tok (0 cached) in 656 ms; decode 255 tok / 133 passes in 8.6 s: 29.5 tok/s, 33.9 ms/tok, 65 ms/pass, 1.92 tok/pass, accept p1 92 %
2026-10-07 04:11:00.411 INFO  sched: request 'chatcmpl-0ff27253a823d97e' starting prefill in slot 0 (68 prompt tokens)
2026-10-07 04:11:01.056 INFO  sched: request 'chatcmpl-0ff27253a823d97e' prefix cache miss — 3 cut(s), the cache is empty
2026-10-07 04:11:01.056 INFO  sched: request 'chatcmpl-0ff27253a823d97e' admitted to slot 0 (reserve 3 blocks; pool 3/2048 blocks in use) — first token 1654
2026-10-07 04:11:07.009 INFO  stats: rank 3 | 10.0 s | decode 27.7 tok/s, 33.4 ms/tok, 64.2 ms/step (144 steps / 277 tok, 92 % of wall) | mtp 1.92 tok/step/req, accept p1 92 % | prefill 1 prompt / 68 tok, 7 tok/s, 9.49 ms/tok, 645 ms avg (6 % of wall), 0 tok cached (0/1 hit) | live 1, queued 0 | pool 3/2048 blocks (0 %) | prefix cache 0/4096 entries
2026-10-07 04:11:09.689 INFO  sched: request 'chatcmpl-0ff27253a823d97e' retired (steps): 256 tok in 9.3 s — prefill 68 tok (0 cached) in 645 ms; decode 255 tok / 133 passes in 8.6 s: 29.5 tok/s, 33.9 ms/tok, 65 ms/pass, 1.92 tok/pass, accept p1 92 %
2026-10-07 04:11:09.704 INFO  sched: request 'chatcmpl-0ff27253a823d97f' starting prefill in slot 0 (68 prompt tokens)
2026-10-07 04:11:10.352 INFO  sched: request 'chatcmpl-0ff27253a823d97f' prefix cache miss — 3 cut(s), the cache is empty
2026-10-07 04:11:10.352 INFO  sched: request 'chatcmpl-0ff27253a823d97f' admitted to slot 0 (reserve 3 blocks; pool 3/2048 blocks in use) — first token 1654
2026-10-07 04:11:17.024 INFO  stats: rank 3 | 10.0 s | decode 27.8 tok/s, 33.3 ms/tok, 64.2 ms/step (144 steps / 278 tok, 92 % of wall) | mtp 1.93 tok/step/req, accept p1 92 % | prefill 1 prompt / 68 tok, 7 tok/s, 9.53 ms/tok, 648 ms avg (6 % of wall), 0 tok cached (0/1 hit) | live 1, queued 0 | pool 3/2048 blocks (0 %) | prefix cache 0/4096 entries
2026-10-07 04:11:18.996 INFO  sched: request 'chatcmpl-0ff27253a823d97f' retired (steps): 256 tok in 9.3 s — prefill 68 tok (0 cached) in 648 ms; decode 255 tok / 133 passes in 8.6 s: 29.5 tok/s, 33.9 ms/tok, 65 ms/pass, 1.92 tok/pass, accept p1 92 %
2026-10-07 04:11:19.053 INFO  sched: request 'chatcmpl-0ff27253a823d980' starting prefill in slot 0 (54 prompt tokens)
2026-10-07 04:11:19.053 INFO  sched: request 'chatcmpl-0ff27253a823d981' starting prefill in slot 1 (61 prompt tokens)
2026-10-07 04:11:20.030 INFO  sched: request 'chatcmpl-0ff27253a823d980' prefix cache miss — 3 cut(s), the cache is empty
2026-10-07 04:11:20.030 INFO  sched: request 'chatcmpl-0ff27253a823d980' admitted to slot 0 (reserve 3 blocks; pool 4/2048 blocks in use) — first token 1654
2026-10-07 04:11:20.030 INFO  sched: request 'chatcmpl-0ff27253a823d981' prefix cache miss — 3 cut(s), the cache is empty
2026-10-07 04:11:20.030 INFO  sched: request 'chatcmpl-0ff27253a823d981' admitted to slot 1 (reserve 3 blocks; pool 6/2048 blocks in use) — first token 1654
2026-10-07 04:11:20.030 INFO  sched: 2 requests admitted together in one prefill (977 ms)
2026-10-07 04:11:27.074 INFO  stats: rank 3 | 10.0 s | decode 34.5 tok/s, 25.8 ms/tok, 85.2 ms/step (105 steps / 347 tok, 89 % of wall) | mtp 1.93 tok/step/req, accept p1 92 % | prefill 2 prompts / 115 tok, 11 tok/s, 8.50 ms/tok, 489 ms avg (10 % of wall), 0 tok cached (0/2 hits) | live 2, queued 0 | pool 6/2048 blocks (0 %) | prefix cache 0/4096 entries
2026-10-07 04:11:32.183 INFO  sched: request 'chatcmpl-0ff27253a823d980' retired (steps): 256 tok in 13.1 s — prefill 54 tok (0 cached) in 977 ms; decode 255 tok / 129 passes in 12.2 s: 21.0 tok/s, 47.7 ms/tok, 94 ms/pass, 1.98 tok/pass, accept p1 98 %
2026-10-07 04:11:32.691 INFO  sched: request 'chatcmpl-0ff27253a823d981' retired (steps): 256 tok in 13.6 s — prefill 61 tok (0 cached) in 977 ms; decode 255 tok / 137 passes in 12.7 s: 20.1 tok/s, 49.7 ms/tok, 92 ms/pass, 1.86 tok/pass, accept p1 86 %
2026-10-07 04:11:32.717 INFO  sched: request 'chatcmpl-0ff27253a823d982' starting prefill in slot 0 (54 prompt tokens)
2026-10-07 04:11:32.717 INFO  sched: request 'chatcmpl-0ff27253a823d983' starting prefill in slot 1 (61 prompt tokens)
2026-10-07 04:11:33.704 INFO  sched: request 'chatcmpl-0ff27253a823d982' prefix cache miss — 3 cut(s), the cache is empty
2026-10-07 04:11:33.704 INFO  sched: request 'chatcmpl-0ff27253a823d982' admitted to slot 0 (reserve 3 blocks; pool 4/2048 blocks in use) — first token 1654
2026-10-07 04:11:33.704 INFO  sched: request 'chatcmpl-0ff27253a823d983' prefix cache miss — 3 cut(s), the cache is empty
2026-10-07 04:11:33.704 INFO  sched: request 'chatcmpl-0ff27253a823d983' admitted to slot 1 (reserve 3 blocks; pool 6/2048 blocks in use) — first token 1654
2026-10-07 04:11:33.704 INFO  sched: 2 requests admitted together in one prefill (988 ms)
2026-10-07 04:11:37.158 INFO  stats: rank 3 | 10.1 s | decode 35.7 tok/s, 25.0 ms/tok, 90.9 ms/step (99 steps / 360 tok, 89 % of wall) | mtp 1.89 tok/step/req, accept p1 89 % | prefill 2 prompts / 115 tok, 11 tok/s, 8.59 ms/tok, 494 ms avg (10 % of wall), 0 tok cached (0/2 hits) | live 2, queued 0 | pool 6/2048 blocks (0 %) | prefix cache 0/4096 entries
2026-10-07 04:11:45.870 INFO  sched: request 'chatcmpl-0ff27253a823d982' retired (steps): 256 tok in 13.2 s — prefill 54 tok (0 cached) in 988 ms; decode 255 tok / 129 passes in 12.2 s: 21.0 tok/s, 47.7 ms/tok, 94 ms/pass, 1.98 tok/pass, accept p1 98 %
2026-10-07 04:11:46.381 INFO  sched: request 'chatcmpl-0ff27253a823d983' retired (steps): 256 tok in 13.7 s — prefill 61 tok (0 cached) in 988 ms; decode 255 tok / 137 passes in 12.7 s: 20.1 tok/s, 49.7 ms/tok, 93 ms/pass, 1.86 tok/pass, accept p1 86 %
2026-10-07 04:11:46.390 INFO  sched: request 'chatcmpl-0ff27253a823d984' starting prefill in slot 0 (54 prompt tokens)
2026-10-07 04:11:46.390 INFO  sched: request 'chatcmpl-0ff27253a823d985' starting prefill in slot 1 (61 prompt tokens)
2026-10-07 04:11:47.376 INFO  sched: request 'chatcmpl-0ff27253a823d984' prefix cache miss — 3 cut(s), the cache is empty
2026-10-07 04:11:47.376 INFO  sched: request 'chatcmpl-0ff27253a823d984' admitted to slot 0 (reserve 3 blocks; pool 4/2048 blocks in use) — first token 1654
2026-10-07 04:11:47.376 INFO  sched: request 'chatcmpl-0ff27253a823d985' prefix cache miss — 3 cut(s), the cache is empty
2026-10-07 04:11:47.376 INFO  sched: request 'chatcmpl-0ff27253a823d985' admitted to slot 1 (reserve 3 blocks; pool 6/2048 blocks in use) — first token 1654
2026-10-07 04:11:47.376 INFO  sched: 2 requests admitted together in one prefill (986 ms)
2026-10-07 04:11:47.456 INFO  stats: rank 3 | 10.3 s | decode 37.1 tok/s, 24.2 ms/tok, 91.4 ms/step (101 steps / 382 tok, 90 % of wall) | mtp 1.97 tok/step/req, accept p1 96 % | prefill 2 prompts / 115 tok, 11 tok/s, 8.57 ms/tok, 493 ms avg (10 % of wall), 0 tok cached (0/2 hits) | live 2, queued 0 | pool 6/2048 blocks (0 %) | prefix cache 0/4096 entries
2026-10-07 04:11:57.549 INFO  stats: rank 3 | 10.1 s | decode 40.8 tok/s, 24.3 ms/tok, 93.6 ms/step (107 steps / 412 tok, 99 % of wall) | mtp 1.93 tok/step/req, accept p1 93 % | prefill 0 prompts / 0 tok, 0 tok cached (0/0 hits) | live 2, queued 0 | pool 6/2048 blocks (0 %) | prefix cache 0/4096 entries
2026-10-07 04:11:59.553 INFO  sched: request 'chatcmpl-0ff27253a823d984' retired (steps): 256 tok in 13.2 s — prefill 54 tok (0 cached) in 986 ms; decode 255 tok / 129 passes in 12.2 s: 20.9 tok/s, 47.8 ms/tok, 94 ms/pass, 1.98 tok/pass, accept p1 98 %
2026-10-07 04:12:00.061 INFO  sched: request 'chatcmpl-0ff27253a823d985' retired (steps): 256 tok in 13.7 s — prefill 61 tok (0 cached) in 986 ms; decode 255 tok / 137 passes in 12.7 s: 20.1 tok/s, 49.7 ms/tok, 93 ms/pass, 1.86 tok/pass, accept p1 86 %
2026-10-07 04:12:00.164 INFO  sched: request 'chatcmpl-0ff27253a823d986' starting prefill in slot 0 (35 prompt tokens)
2026-10-07 04:12:00.164 INFO  sched: request 'chatcmpl-0ff27253a823d987' starting prefill in slot 1 (54 prompt tokens)
2026-10-07 04:12:00.164 INFO  sched: request 'chatcmpl-0ff27253a823d988' starting prefill in slot 2 (39 prompt tokens)
2026-10-07 04:12:00.164 INFO  sched: request 'chatcmpl-0ff27253a823d989' starting prefill in slot 3 (37 prompt tokens)
2026-10-07 04:12:01.202 INFO  sched: request 'chatcmpl-0ff27253a823d986' prefix cache miss — 3 cut(s), the cache is empty
2026-10-07 04:12:01.202 INFO  sched: request 'chatcmpl-0ff27253a823d986' admitted to slot 0 (reserve 3 blocks; pool 6/2048 blocks in use) — first token 785
2026-10-07 04:12:01.202 INFO  sched: request 'chatcmpl-0ff27253a823d987' prefix cache miss — 3 cut(s), the cache is empty
2026-10-07 04:12:01.202 INFO  sched: request 'chatcmpl-0ff27253a823d987' admitted to slot 1 (reserve 3 blocks; pool 8/2048 blocks in use) — first token 1654
2026-10-07 04:12:01.202 INFO  sched: request 'chatcmpl-0ff27253a823d988' prefix cache miss — 3 cut(s), the cache is empty
2026-10-07 04:12:01.202 INFO  sched: request 'chatcmpl-0ff27253a823d988' admitted to slot 2 (reserve 3 blocks; pool 10/2048 blocks in use) — first token 785
2026-10-07 04:12:01.202 INFO  sched: request 'chatcmpl-0ff27253a823d989' prefix cache miss — 3 cut(s), the cache is empty
2026-10-07 04:12:01.202 INFO  sched: request 'chatcmpl-0ff27253a823d989' admitted to slot 3 (reserve 3 blocks; pool 12/2048 blocks in use) — first token 785
2026-10-07 04:12:01.202 INFO  sched: 4 requests admitted together in one prefill (1037 ms)
2026-10-07 04:12:07.627 INFO  stats: rank 3 | 10.1 s | decode 42.5 tok/s, 20.7 ms/tok, 123.3 ms/step (72 steps / 428 tok, 88 % of wall) | mtp 1.93 tok/step/req, accept p1 91 % | prefill 4 prompts / 165 tok, 16 tok/s, 6.29 ms/tok, 259 ms avg (10 % of wall), 0 tok cached (0/4 hits) | live 4, queued 0 | pool 12/2048 blocks (1 %) | prefix cache 0/4096 entries
2026-10-07 04:12:17.722 INFO  stats: rank 3 | 10.1 s | decode 48.5 tok/s, 20.5 ms/tok, 154.6 ms/step (65 steps / 490 tok, 100 % of wall) | mtp 1.88 tok/step/req, accept p1 88 % | prefill 0 prompts / 0 tok, 0 tok cached (0/0 hits) | live 4, queued 0 | pool 12/2048 blocks (1 %) | prefix cache 0/4096 entries
2026-10-07 04:12:21.513 INFO  sched: request 'chatcmpl-0ff27253a823d987' retired (steps): 256 tok in 21.3 s — prefill 54 tok (0 cached) in 1037 ms; decode 255 tok / 132 passes in 20.3 s: 12.6 tok/s, 79.7 ms/tok, 154 ms/pass, 1.93 tok/pass, accept p1 94 %
2026-10-07 04:12:21.666 INFO  sched: request 'chatcmpl-0ff27253a823d989' retired (steps): 256 tok in 21.5 s — prefill 37 tok (0 cached) in 1037 ms; decode 255 tok / 133 passes in 20.5 s: 12.5 tok/s, 80.3 ms/tok, 154 ms/pass, 1.92 tok/pass, accept p1 92 %
2026-10-07 04:12:21.788 INFO  sched: request 'chatcmpl-0ff27253a823d988' retired (steps): 256 tok in 21.6 s — prefill 39 tok (0 cached) in 1037 ms; decode 255 tok / 134 passes in 20.6 s: 12.4 tok/s, 80.7 ms/tok, 154 ms/pass, 1.90 tok/pass, accept p1 90 %
2026-10-07 04:12:22.117 INFO  sched: request 'chatcmpl-0ff27253a823d986' retired (steps): 256 tok in 22.0 s — prefill 35 tok (0 cached) in 1037 ms; decode 255 tok / 139 passes in 20.9 s: 12.2 tok/s, 82.0 ms/tok, 150 ms/pass, 1.83 tok/pass, accept p1 83 %
2026-10-07 04:12:22.147 INFO  sched: request 'chatcmpl-0ff27253a823d98a' starting prefill in slot 0 (54 prompt tokens)
2026-10-07 04:12:22.147 INFO  sched: request 'chatcmpl-0ff27253a823d98b' starting prefill in slot 1 (39 prompt tokens)
2026-10-07 04:12:22.147 INFO  sched: request 'chatcmpl-0ff27253a823d98c' starting prefill in slot 2 (35 prompt tokens)
2026-10-07 04:12:22.147 INFO  sched: request 'chatcmpl-0ff27253a823d98d' starting prefill in slot 3 (37 prompt tokens)
2026-10-07 04:12:23.183 INFO  sched: request 'chatcmpl-0ff27253a823d98a' prefix cache miss — 3 cut(s), the cache is empty
2026-10-07 04:12:23.183 INFO  sched: request 'chatcmpl-0ff27253a823d98a' admitted to slot 0 (reserve 3 blocks; pool 6/2048 blocks in use) — first token 1654
2026-10-07 04:12:23.183 INFO  sched: request 'chatcmpl-0ff27253a823d98b' prefix cache miss — 3 cut(s), the cache is empty
2026-10-07 04:12:23.183 INFO  sched: request 'chatcmpl-0ff27253a823d98b' admitted to slot 1 (reserve 3 blocks; pool 8/2048 blocks in use) — first token 785
2026-10-07 04:12:23.183 INFO  sched: request 'chatcmpl-0ff27253a823d98c' prefix cache miss — 3 cut(s), the cache is empty
2026-10-07 04:12:23.183 INFO  sched: request 'chatcmpl-0ff27253a823d98c' admitted to slot 2 (reserve 3 blocks; pool 10/2048 blocks in use) — first token 785
2026-10-07 04:12:23.183 INFO  sched: request 'chatcmpl-0ff27253a823d98d' prefix cache miss — 3 cut(s), the cache is empty
2026-10-07 04:12:23.183 INFO  sched: request 'chatcmpl-0ff27253a823d98d' admitted to slot 3 (reserve 3 blocks; pool 12/2048 blocks in use) — first token 785
2026-10-07 04:12:23.183 INFO  sched: 4 requests admitted together in one prefill (1036 ms)
2026-10-07 04:12:27.752 INFO  stats: rank 3 | 10.0 s | decode 44.0 tok/s, 20.2 ms/tok, 143.6 ms/step (62 steps / 441 tok, 89 % of wall) | mtp 1.92 tok/step/req, accept p1 90 % | prefill 4 prompts / 165 tok, 16 tok/s, 6.28 ms/tok, 259 ms avg (10 % of wall), 0 tok cached (0/4 hits) | live 4, queued 0 | pool 12/2048 blocks (1 %) | prefix cache 0/4096 entries
2026-10-07 04:12:37.798 INFO  stats: rank 3 | 10.0 s | decode 49.1 tok/s, 20.3 ms/tok, 153.8 ms/step (65 steps / 493 tok, 100 % of wall) | mtp 1.90 tok/step/req, accept p1 90 % | prefill 0 prompts / 0 tok, 0 tok cached (0/0 hits) | live 4, queued 0 | pool 12/2048 blocks (1 %) | prefix cache 0/4096 entries
2026-10-07 04:12:43.456 INFO  sched: request 'chatcmpl-0ff27253a823d98a' retired (steps): 256 tok in 21.3 s — prefill 54 tok (0 cached) in 1036 ms; decode 255 tok / 132 passes in 20.3 s: 12.6 tok/s, 79.5 ms/tok, 154 ms/pass, 1.93 tok/pass, accept p1 94 %
2026-10-07 04:12:43.608 INFO  sched: request 'chatcmpl-0ff27253a823d98b' retired (steps): 256 tok in 21.5 s — prefill 39 tok (0 cached) in 1036 ms; decode 255 tok / 133 passes in 20.4 s: 12.5 tok/s, 80.1 ms/tok, 154 ms/pass, 1.92 tok/pass, accept p1 92 %
2026-10-07 04:12:43.753 INFO  sched: request 'chatcmpl-0ff27253a823d98d' retired (steps): 256 tok in 21.6 s — prefill 37 tok (0 cached) in 1036 ms; decode 255 tok / 134 passes in 20.6 s: 12.4 tok/s, 80.7 ms/tok, 154 ms/pass, 1.90 tok/pass, accept p1 90 %
2026-10-07 04:12:44.089 INFO  sched: request 'chatcmpl-0ff27253a823d98c' retired (steps): 256 tok in 21.9 s — prefill 35 tok (0 cached) in 1036 ms; decode 255 tok / 139 passes in 20.9 s: 12.2 tok/s, 82.0 ms/tok, 150 ms/pass, 1.83 tok/pass, accept p1 83 %
2026-10-07 04:12:44.124 INFO  sched: request 'chatcmpl-0ff27253a823d98e' starting prefill in slot 0 (35 prompt tokens)
2026-10-07 04:12:44.124 INFO  sched: request 'chatcmpl-0ff27253a823d98f' starting prefill in slot 1 (39 prompt tokens)
2026-10-07 04:12:44.124 INFO  sched: request 'chatcmpl-0ff27253a823d990' starting prefill in slot 2 (54 prompt tokens)
2026-10-07 04:12:44.124 INFO  sched: request 'chatcmpl-0ff27253a823d991' starting prefill in slot 3 (37 prompt tokens)
2026-10-07 04:12:45.159 INFO  sched: request 'chatcmpl-0ff27253a823d98e' prefix cache miss — 3 cut(s), the cache is empty
2026-10-07 04:12:45.159 INFO  sched: request 'chatcmpl-0ff27253a823d98e' admitted to slot 0 (reserve 3 blocks; pool 6/2048 blocks in use) — first token 785
2026-10-07 04:12:45.159 INFO  sched: request 'chatcmpl-0ff27253a823d98f' prefix cache miss — 3 cut(s), the cache is empty
2026-10-07 04:12:45.159 INFO  sched: request 'chatcmpl-0ff27253a823d98f' admitted to slot 1 (reserve 3 blocks; pool 8/2048 blocks in use) — first token 785
2026-10-07 04:12:45.159 INFO  sched: request 'chatcmpl-0ff27253a823d990' prefix cache miss — 3 cut(s), the cache is empty
2026-10-07 04:12:45.159 INFO  sched: request 'chatcmpl-0ff27253a823d990' admitted to slot 2 (reserve 3 blocks; pool 10/2048 blocks in use) — first token 1654
2026-10-07 04:12:45.159 INFO  sched: request 'chatcmpl-0ff27253a823d991' prefix cache miss — 3 cut(s), the cache is empty
2026-10-07 04:12:45.159 INFO  sched: request 'chatcmpl-0ff27253a823d991' admitted to slot 3 (reserve 3 blocks; pool 12/2048 blocks in use) — first token 785
2026-10-07 04:12:45.159 INFO  sched: 4 requests admitted together in one prefill (1035 ms)
2026-10-07 04:12:47.936 INFO  stats: rank 3 | 10.1 s | decode 43.4 tok/s, 20.5 ms/tok, 145.3 ms/step (62 steps / 440 tok, 89 % of wall) | mtp 1.91 tok/step/req, accept p1 90 % | prefill 4 prompts / 165 tok, 16 tok/s, 6.27 ms/tok, 259 ms avg (10 % of wall), 0 tok cached (0/4 hits) | live 4, queued 0 | pool 12/2048 blocks (1 %) | prefix cache 0/4096 entries
2026-10-07 04:12:57.939 INFO  stats: rank 3 | 10.0 s | decode 49.6 tok/s, 20.1 ms/tok, 153.3 ms/step (65 steps / 496 tok, 100 % of wall) | mtp 1.91 tok/step/req, accept p1 91 % | prefill 0 prompts / 0 tok, 0 tok cached (0/0 hits) | live 4, queued 0 | pool 12/2048 blocks (1 %) | prefix cache 0/4096 entries
2026-10-07 04:13:05.470 INFO  sched: request 'chatcmpl-0ff27253a823d990' retired (steps): 256 tok in 21.3 s — prefill 54 tok (0 cached) in 1035 ms; decode 255 tok / 132 passes in 20.3 s: 12.6 tok/s, 79.6 ms/tok, 154 ms/pass, 1.93 tok/pass, accept p1 94 %
2026-10-07 04:13:05.771 INFO  sched: request 'chatcmpl-0ff27253a823d98f' retired (steps): 256 tok in 21.6 s — prefill 39 tok (0 cached) in 1035 ms; decode 255 tok / 134 passes in 20.6 s: 12.4 tok/s, 80.8 ms/tok, 154 ms/pass, 1.90 tok/pass, accept p1 90 %
2026-10-07 04:13:05.771 INFO  sched: request 'chatcmpl-0ff27253a823d991' retired (steps): 256 tok in 21.6 s — prefill 37 tok (0 cached) in 1035 ms; decode 255 tok / 134 passes in 20.6 s: 12.4 tok/s, 80.8 ms/tok, 154 ms/pass, 1.90 tok/pass, accept p1 90 %
2026-10-07 04:13:06.037 INFO  sched: request 'chatcmpl-0ff27253a823d98e' retired (steps): 256 tok in 21.9 s — prefill 35 tok (0 cached) in 1035 ms; decode 255 tok / 138 passes in 20.9 s: 12.2 tok/s, 81.9 ms/tok, 151 ms/pass, 1.85 tok/pass, accept p1 85 %
2026-10-07 04:13:06.104 INFO  sched: request 'chatcmpl-0ff27253a823d992' starting prefill in slot 0 (36 prompt tokens)
2026-10-07 04:13:06.104 INFO  sched: request 'chatcmpl-0ff27253a823d993' starting prefill in slot 1 (39 prompt tokens)
2026-10-07 04:13:06.104 INFO  sched: request 'chatcmpl-0ff27253a823d994' starting prefill in slot 2 (42 prompt tokens)
2026-10-07 04:13:06.104 INFO  sched: request 'chatcmpl-0ff27253a823d995' starting prefill in slot 3 (40 prompt tokens)
2026-10-07 04:13:06.104 INFO  sched: request 'chatcmpl-0ff27253a823d996' starting prefill in slot 4 (49 prompt tokens)
2026-10-07 04:13:06.104 INFO  sched: request 'chatcmpl-0ff27253a823d997' starting prefill in slot 5 (37 prompt tokens)
2026-10-07 04:13:06.104 INFO  sched: request 'chatcmpl-0ff27253a823d998' starting prefill in slot 6 (38 prompt tokens)
2026-10-07 04:13:06.104 INFO  sched: request 'chatcmpl-0ff27253a823d999' starting prefill in slot 7 (42 prompt tokens)
2026-10-07 04:13:07.801 INFO  sched: request 'chatcmpl-0ff27253a823d992' prefix cache miss — 3 cut(s), the cache is empty
2026-10-07 04:13:07.801 INFO  sched: request 'chatcmpl-0ff27253a823d992' admitted to slot 0 (reserve 3 blocks; pool 10/2048 blocks in use) — first token 785
2026-10-07 04:13:07.801 INFO  sched: request 'chatcmpl-0ff27253a823d993' prefix cache miss — 3 cut(s), the cache is empty
2026-10-07 04:13:07.801 INFO  sched: request 'chatcmpl-0ff27253a823d993' admitted to slot 1 (reserve 3 blocks; pool 12/2048 blocks in use) — first token 785
2026-10-07 04:13:07.802 INFO  sched: request 'chatcmpl-0ff27253a823d994' prefix cache miss — 3 cut(s), the cache is empty
2026-10-07 04:13:07.802 INFO  sched: request 'chatcmpl-0ff27253a823d994' admitted to slot 2 (reserve 3 blocks; pool 14/2048 blocks in use) — first token 785
2026-10-07 04:13:07.802 INFO  sched: request 'chatcmpl-0ff27253a823d995' prefix cache miss — 3 cut(s), the cache is empty
2026-10-07 04:13:07.802 INFO  sched: request 'chatcmpl-0ff27253a823d995' admitted to slot 3 (reserve 3 blocks; pool 16/2048 blocks in use) — first token 785
2026-10-07 04:13:07.802 INFO  sched: request 'chatcmpl-0ff27253a823d996' prefix cache miss — 3 cut(s), the cache is empty
2026-10-07 04:13:07.802 INFO  sched: request 'chatcmpl-0ff27253a823d996' admitted to slot 4 (reserve 3 blocks; pool 18/2048 blocks in use) — first token 785
2026-10-07 04:13:07.802 INFO  sched: request 'chatcmpl-0ff27253a823d997' prefix cache miss — 3 cut(s), the cache is empty
2026-10-07 04:13:07.802 INFO  sched: request 'chatcmpl-0ff27253a823d997' admitted to slot 5 (reserve 3 blocks; pool 20/2048 blocks in use) — first token 785
2026-10-07 04:13:07.802 INFO  sched: request 'chatcmpl-0ff27253a823d998' prefix cache miss — 3 cut(s), the cache is empty
2026-10-07 04:13:07.802 INFO  sched: request 'chatcmpl-0ff27253a823d998' admitted to slot 6 (reserve 3 blocks; pool 22/2048 blocks in use) — first token 785
2026-10-07 04:13:07.802 INFO  sched: request 'chatcmpl-0ff27253a823d999' prefix cache miss — 3 cut(s), the cache is empty
2026-10-07 04:13:07.802 INFO  sched: request 'chatcmpl-0ff27253a823d999' admitted to slot 7 (reserve 3 blocks; pool 24/2048 blocks in use) — first token 785
2026-10-07 04:13:07.802 INFO  sched: 8 requests admitted together in one prefill (1697 ms)
2026-10-07 04:13:08.002 INFO  stats: rank 3 | 10.1 s | decode 39.9 tok/s, 20.5 ms/tok, 149.9 ms/step (55 steps / 402 tok, 82 % of wall) | mtp 1.91 tok/step/req, accept p1 88 % | prefill 8 prompts / 323 tok, 32 tok/s, 5.26 ms/tok, 212 ms avg (17 % of wall), 0 tok cached (0/8 hits) | live 8, queued 0 | pool 24/2048 blocks (1 %) | prefix cache 0/4096 entries
2026-10-07 04:13:18.108 INFO  stats: rank 3 | 10.1 s | decode 60.3 tok/s, 16.5 ms/tok, 251.9 ms/step (40 steps / 609 tok, 100 % of wall) | mtp 1.90 tok/step/req, accept p1 90 % | prefill 0 prompts / 0 tok, 0 tok cached (0/0 hits) | live 8, queued 0 | pool 24/2048 blocks (1 %) | prefix cache 0/4096 entries
2026-10-07 04:13:28.345 INFO  stats: rank 3 | 10.2 s | decode 56.8 tok/s, 17.6 ms/tok, 268.6 ms/step (38 steps / 581 tok, 100 % of wall) | mtp 1.91 tok/step/req, accept p1 91 % | prefill 0 prompts / 0 tok, 0 tok cached (0/0 hits) | live 8, queued 0 | pool 24/2048 blocks (1 %) | prefix cache 0/4096 entries
2026-10-07 04:13:38.439 INFO  stats: rank 3 | 10.1 s | decode 55.5 tok/s, 18.0 ms/tok, 272.0 ms/step (37 steps / 560 tok, 100 % of wall) | mtp 1.89 tok/step/req, accept p1 89 % | prefill 0 prompts / 0 tok, 0 tok cached (0/0 hits) | live 8, queued 0 | pool 24/2048 blocks (1 %) | prefix cache 0/4096 entries
2026-10-07 04:13:42.561 INFO  sched: request 'chatcmpl-0ff27253a823d992' retired (steps): 256 tok in 36.5 s — prefill 36 tok (0 cached) in 1697 ms; decode 255 tok / 131 passes in 34.8 s: 7.3 tok/s, 136.3 ms/tok, 265 ms/pass, 1.95 tok/pass, accept p1 95 %
2026-10-07 04:13:42.831 INFO  sched: request 'chatcmpl-0ff27253a823d993' retired (steps): 256 tok in 36.7 s — prefill 39 tok (0 cached) in 1697 ms; decode 255 tok / 132 passes in 35.0 s: 7.3 tok/s, 137.4 ms/tok, 265 ms/pass, 1.93 tok/pass, accept p1 94 %
2026-10-07 04:13:42.831 INFO  sched: request 'chatcmpl-0ff27253a823d996' retired (steps): 256 tok in 36.7 s — prefill 49 tok (0 cached) in 1697 ms; decode 255 tok / 132 passes in 35.0 s: 7.3 tok/s, 137.4 ms/tok, 265 ms/pass, 1.93 tok/pass, accept p1 93 %
2026-10-07 04:13:43.098 INFO  sched: request 'chatcmpl-0ff27253a823d995' retired (steps): 256 tok in 37.0 s — prefill 40 tok (0 cached) in 1697 ms; decode 255 tok / 133 passes in 35.3 s: 7.2 tok/s, 138.4 ms/tok, 265 ms/pass, 1.92 tok/pass, accept p1 92 %
2026-10-07 04:13:43.098 INFO  sched: request 'chatcmpl-0ff27253a823d999' retired (steps): 256 tok in 37.0 s — prefill 42 tok (0 cached) in 1697 ms; decode 255 tok / 133 passes in 35.3 s: 7.2 tok/s, 138.4 ms/tok, 265 ms/pass, 1.92 tok/pass, accept p1 92 %
2026-10-07 04:13:43.578 INFO  sched: request 'chatcmpl-0ff27253a823d998' retired (steps): 256 tok in 37.5 s — prefill 38 tok (0 cached) in 1697 ms; decode 255 tok / 135 passes in 35.8 s: 7.1 tok/s, 140.3 ms/tok, 265 ms/pass, 1.89 tok/pass, accept p1 89 %
2026-10-07 04:13:43.931 INFO  sched: request 'chatcmpl-0ff27253a823d994' retired (steps): 256 tok in 37.8 s — prefill 42 tok (0 cached) in 1697 ms; decode 255 tok / 137 passes in 36.1 s: 7.1 tok/s, 141.7 ms/tok, 264 ms/pass, 1.86 tok/pass, accept p1 86 %
2026-10-07 04:13:43.931 INFO  sched: request 'chatcmpl-0ff27253a823d997' retired (steps): 256 tok in 37.8 s — prefill 37 tok (0 cached) in 1697 ms; decode 255 tok / 137 passes in 36.1 s: 7.1 tok/s, 141.7 ms/tok, 264 ms/pass, 1.86 tok/pass, accept p1 87 %
2026-10-07 04:13:43.961 INFO  sched: request 'chatcmpl-0ff27253a823d99a' starting prefill in slot 0 (36 prompt tokens)
2026-10-07 04:13:43.961 INFO  sched: request 'chatcmpl-0ff27253a823d99b' starting prefill in slot 1 (39 prompt tokens)
2026-10-07 04:13:43.961 INFO  sched: request 'chatcmpl-0ff27253a823d99c' starting prefill in slot 2 (42 prompt tokens)
2026-10-07 04:13:43.961 INFO  sched: request 'chatcmpl-0ff27253a823d99d' starting prefill in slot 3 (37 prompt tokens)
2026-10-07 04:13:43.961 INFO  sched: request 'chatcmpl-0ff27253a823d99e' starting prefill in slot 4 (42 prompt tokens)
2026-10-07 04:13:43.962 INFO  sched: request 'chatcmpl-0ff27253a823d99f' starting prefill in slot 5 (49 prompt tokens)
2026-10-07 04:13:43.962 INFO  sched: request 'chatcmpl-0ff27253a823d9a0' starting prefill in slot 6 (40 prompt tokens)
2026-10-07 04:13:43.962 INFO  sched: request 'chatcmpl-0ff27253a823d9a1' starting prefill in slot 7 (38 prompt tokens)
2026-10-07 04:13:45.657 INFO  sched: request 'chatcmpl-0ff27253a823d99a' prefix cache miss — 3 cut(s), the cache is empty
2026-10-07 04:13:45.657 INFO  sched: request 'chatcmpl-0ff27253a823d99a' admitted to slot 0 (reserve 3 blocks; pool 10/2048 blocks in use) — first token 785
2026-10-07 04:13:45.657 INFO  sched: request 'chatcmpl-0ff27253a823d99b' prefix cache miss — 3 cut(s), the cache is empty
2026-10-07 04:13:45.657 INFO  sched: request 'chatcmpl-0ff27253a823d99b' admitted to slot 1 (reserve 3 blocks; pool 12/2048 blocks in use) — first token 785
2026-10-07 04:13:45.657 INFO  sched: request 'chatcmpl-0ff27253a823d99c' prefix cache miss — 3 cut(s), the cache is empty
2026-10-07 04:13:45.657 INFO  sched: request 'chatcmpl-0ff27253a823d99c' admitted to slot 2 (reserve 3 blocks; pool 14/2048 blocks in use) — first token 785
2026-10-07 04:13:45.657 INFO  sched: request 'chatcmpl-0ff27253a823d99d' prefix cache miss — 3 cut(s), the cache is empty
2026-10-07 04:13:45.657 INFO  sched: request 'chatcmpl-0ff27253a823d99d' admitted to slot 3 (reserve 3 blocks; pool 16/2048 blocks in use) — first token 785
2026-10-07 04:13:45.657 INFO  sched: request 'chatcmpl-0ff27253a823d99e' prefix cache miss — 3 cut(s), the cache is empty
2026-10-07 04:13:45.657 INFO  sched: request 'chatcmpl-0ff27253a823d99e' admitted to slot 4 (reserve 3 blocks; pool 18/2048 blocks in use) — first token 785
2026-10-07 04:13:45.657 INFO  sched: request 'chatcmpl-0ff27253a823d99f' prefix cache miss — 3 cut(s), the cache is empty
2026-10-07 04:13:45.657 INFO  sched: request 'chatcmpl-0ff27253a823d99f' admitted to slot 5 (reserve 3 blocks; pool 20/2048 blocks in use) — first token 785
2026-10-07 04:13:45.657 INFO  sched: request 'chatcmpl-0ff27253a823d9a0' prefix cache miss — 3 cut(s), the cache is empty
2026-10-07 04:13:45.657 INFO  sched: request 'chatcmpl-0ff27253a823d9a0' admitted to slot 6 (reserve 3 blocks; pool 22/2048 blocks in use) — first token 785
2026-10-07 04:13:45.657 INFO  sched: request 'chatcmpl-0ff27253a823d9a1' prefix cache miss — 3 cut(s), the cache is empty
2026-10-07 04:13:45.657 INFO  sched: request 'chatcmpl-0ff27253a823d9a1' admitted to slot 7 (reserve 3 blocks; pool 24/2048 blocks in use) — first token 785
2026-10-07 04:13:45.657 INFO  sched: 8 requests admitted together in one prefill (1695 ms)
2026-10-07 04:13:48.528 INFO  stats: rank 3 | 10.1 s | decode 46.6 tok/s, 17.7 ms/tok, 251.5 ms/step (33 steps / 470 tok, 82 % of wall) | mtp 1.97 tok/step/req, accept p1 95 % | prefill 8 prompts / 323 tok, 32 tok/s, 5.25 ms/tok, 212 ms avg (17 % of wall), 0 tok cached (0/8 hits) | live 8, queued 0 | pool 24/2048 blocks (1 %) | prefix cache 0/4096 entries
2026-10-07 04:13:58.656 INFO  stats: rank 3 | 10.1 s | decode 58.3 tok/s, 17.1 ms/tok, 259.0 ms/step (39 steps / 590 tok, 100 % of wall) | mtp 1.89 tok/step/req, accept p1 89 % | prefill 0 prompts / 0 tok, 0 tok cached (0/0 hits) | live 8, queued 0 | pool 24/2048 blocks (1 %) | prefix cache 0/4096 entries
2026-10-07 04:14:08.908 INFO  stats: rank 3 | 10.3 s | decode 56.4 tok/s, 17.7 ms/tok, 269.0 ms/step (38 steps / 578 tok, 100 % of wall) | mtp 1.90 tok/step/req, accept p1 90 % | prefill 0 prompts / 0 tok, 0 tok cached (0/0 hits) | live 8, queued 0 | pool 24/2048 blocks (1 %) | prefix cache 0/4096 entries
2026-10-07 04:14:19.156 INFO  stats: rank 3 | 10.2 s | decode 55.1 tok/s, 18.1 ms/tok, 276.2 ms/step (37 steps / 565 tok, 100 % of wall) | mtp 1.91 tok/step/req, accept p1 91 % | prefill 0 prompts / 0 tok, 0 tok cached (0/0 hits) | live 8, queued 0 | pool 24/2048 blocks (1 %) | prefix cache 0/4096 entries
2026-10-07 04:14:20.567 INFO  sched: request 'chatcmpl-0ff27253a823d99a' retired (steps): 256 tok in 36.6 s — prefill 36 tok (0 cached) in 1695 ms; decode 255 tok / 131 passes in 34.9 s: 7.3 tok/s, 136.9 ms/tok, 266 ms/pass, 1.95 tok/pass, accept p1 95 %
2026-10-07 04:14:20.839 INFO  sched: request 'chatcmpl-0ff27253a823d99f' retired (steps): 256 tok in 36.9 s — prefill 49 tok (0 cached) in 1695 ms; decode 255 tok / 132 passes in 35.2 s: 7.2 tok/s, 138.0 ms/tok, 267 ms/pass, 1.93 tok/pass, accept p1 93 %
2026-10-07 04:14:21.110 INFO  sched: request 'chatcmpl-0ff27253a823d99b' retired (steps): 256 tok in 37.1 s — prefill 39 tok (0 cached) in 1695 ms; decode 255 tok / 133 passes in 35.5 s: 7.2 tok/s, 139.0 ms/tok, 267 ms/pass, 1.92 tok/pass, accept p1 92 %
2026-10-07 04:14:21.110 INFO  sched: request 'chatcmpl-0ff27253a823d99e' retired (steps): 256 tok in 37.1 s — prefill 42 tok (0 cached) in 1695 ms; decode 255 tok / 133 passes in 35.5 s: 7.2 tok/s, 139.0 ms/tok, 267 ms/pass, 1.92 tok/pass, accept p1 92 %
2026-10-07 04:14:21.110 INFO  sched: request 'chatcmpl-0ff27253a823d9a0' retired (steps): 256 tok in 37.1 s — prefill 40 tok (0 cached) in 1695 ms; decode 255 tok / 133 passes in 35.5 s: 7.2 tok/s, 139.0 ms/tok, 267 ms/pass, 1.92 tok/pass, accept p1 92 %
2026-10-07 04:14:21.615 INFO  sched: request 'chatcmpl-0ff27253a823d9a1' retired (steps): 256 tok in 37.7 s — prefill 38 tok (0 cached) in 1695 ms; decode 255 tok / 135 passes in 36.0 s: 7.1 tok/s, 141.0 ms/tok, 266 ms/pass, 1.89 tok/pass, accept p1 89 %
2026-10-07 04:14:21.884 INFO  sched: request 'chatcmpl-0ff27253a823d99c' retired (steps): 256 tok in 37.9 s — prefill 42 tok (0 cached) in 1695 ms; decode 255 tok / 137 passes in 36.2 s: 7.0 tok/s, 142.1 ms/tok, 264 ms/pass, 1.86 tok/pass, accept p1 86 %
2026-10-07 04:14:21.954 INFO  sched: request 'chatcmpl-0ff27253a823d99d' retired (steps): 256 tok in 38.0 s — prefill 37 tok (0 cached) in 1695 ms; decode 255 tok / 138 passes in 36.3 s: 7.0 tok/s, 142.3 ms/tok, 263 ms/pass, 1.85 tok/pass, accept p1 86 %
2026-10-07 04:14:21.969 INFO  sched: request 'chatcmpl-0ff27253a823d9a2' starting prefill in slot 0 (39 prompt tokens)
2026-10-07 04:14:21.969 INFO  sched: request 'chatcmpl-0ff27253a823d9a3' starting prefill in slot 1 (49 prompt tokens)
2026-10-07 04:14:21.969 INFO  sched: request 'chatcmpl-0ff27253a823d9a4' starting prefill in slot 2 (37 prompt tokens)
2026-10-07 04:14:21.969 INFO  sched: request 'chatcmpl-0ff27253a823d9a5' starting prefill in slot 3 (42 prompt tokens)
2026-10-07 04:14:21.969 INFO  sched: request 'chatcmpl-0ff27253a823d9a6' starting prefill in slot 4 (40 prompt tokens)
2026-10-07 04:14:21.969 INFO  sched: request 'chatcmpl-0ff27253a823d9a7' starting prefill in slot 5 (42 prompt tokens)
2026-10-07 04:14:21.969 INFO  sched: request 'chatcmpl-0ff27253a823d9a8' starting prefill in slot 6 (38 prompt tokens)
2026-10-07 04:14:21.969 INFO  sched: request 'chatcmpl-0ff27253a823d9a9' starting prefill in slot 7 (36 prompt tokens)
2026-10-07 04:14:23.683 INFO  sched: request 'chatcmpl-0ff27253a823d9a2' prefix cache miss — 3 cut(s), the cache is empty
2026-10-07 04:14:23.683 INFO  sched: request 'chatcmpl-0ff27253a823d9a2' admitted to slot 0 (reserve 3 blocks; pool 10/2048 blocks in use) — first token 785
2026-10-07 04:14:23.684 INFO  sched: request 'chatcmpl-0ff27253a823d9a3' prefix cache miss — 3 cut(s), the cache is empty
2026-10-07 04:14:23.684 INFO  sched: request 'chatcmpl-0ff27253a823d9a3' admitted to slot 1 (reserve 3 blocks; pool 12/2048 blocks in use) — first token 785
2026-10-07 04:14:23.684 INFO  sched: request 'chatcmpl-0ff27253a823d9a4' prefix cache miss — 3 cut(s), the cache is empty
2026-10-07 04:14:23.684 INFO  sched: request 'chatcmpl-0ff27253a823d9a4' admitted to slot 2 (reserve 3 blocks; pool 14/2048 blocks in use) — first token 785
2026-10-07 04:14:23.684 INFO  sched: request 'chatcmpl-0ff27253a823d9a5' prefix cache miss — 3 cut(s), the cache is empty
2026-10-07 04:14:23.684 INFO  sched: request 'chatcmpl-0ff27253a823d9a5' admitted to slot 3 (reserve 3 blocks; pool 16/2048 blocks in use) — first token 785
2026-10-07 04:14:23.684 INFO  sched: request 'chatcmpl-0ff27253a823d9a6' prefix cache miss — 3 cut(s), the cache is empty
2026-10-07 04:14:23.684 INFO  sched: request 'chatcmpl-0ff27253a823d9a6' admitted to slot 4 (reserve 3 blocks; pool 18/2048 blocks in use) — first token 785
2026-10-07 04:14:23.684 INFO  sched: request 'chatcmpl-0ff27253a823d9a7' prefix cache miss — 3 cut(s), the cache is empty
2026-10-07 04:14:23.684 INFO  sched: request 'chatcmpl-0ff27253a823d9a7' admitted to slot 5 (reserve 3 blocks; pool 20/2048 blocks in use) — first token 785
2026-10-07 04:14:23.684 INFO  sched: request 'chatcmpl-0ff27253a823d9a8' prefix cache miss — 3 cut(s), the cache is empty
2026-10-07 04:14:23.684 INFO  sched: request 'chatcmpl-0ff27253a823d9a8' admitted to slot 6 (reserve 3 blocks; pool 22/2048 blocks in use) — first token 785
2026-10-07 04:14:23.684 INFO  sched: request 'chatcmpl-0ff27253a823d9a9' prefix cache miss — 3 cut(s), the cache is empty
2026-10-07 04:14:23.684 INFO  sched: request 'chatcmpl-0ff27253a823d9a9' admitted to slot 7 (reserve 3 blocks; pool 24/2048 blocks in use) — first token 785
2026-10-07 04:14:23.684 INFO  sched: 8 requests admitted together in one prefill (1715 ms)
2026-10-07 04:14:29.350 INFO  stats: rank 3 | 10.2 s | decode 47.4 tok/s, 17.4 ms/tok, 240.1 ms/step (35 steps / 483 tok, 82 % of wall) | mtp 1.95 tok/step/req, accept p1 93 % | prefill 8 prompts / 323 tok, 32 tok/s, 5.31 ms/tok, 214 ms avg (17 % of wall), 0 tok cached (0/8 hits) | live 8, queued 0 | pool 24/2048 blocks (1 %) | prefix cache 0/4096 entries
2026-10-07 04:14:39.594 INFO  stats: rank 3 | 10.2 s | decode 55.3 tok/s, 18.0 ms/tok, 268.8 ms/step (38 steps / 566 tok, 100 % of wall) | mtp 1.86 tok/step/req, accept p1 86 % | prefill 0 prompts / 0 tok, 0 tok cached (0/0 hits) | live 8, queued 0 | pool 24/2048 blocks (1 %) | prefix cache 0/4096 entries
2026-10-07 04:14:49.733 INFO  stats: rank 3 | 10.1 s | decode 56.0 tok/s, 17.8 ms/tok, 273.2 ms/step (37 steps / 568 tok, 100 % of wall) | mtp 1.92 tok/step/req, accept p1 92 % | prefill 0 prompts / 0 tok, 0 tok cached (0/0 hits) | live 8, queued 0 | pool 24/2048 blocks (1 %) | prefix cache 0/4096 entries
2026-10-07 04:14:59.198 INFO  sched: request 'chatcmpl-0ff27253a823d9a3' retired (steps): 256 tok in 37.2 s — prefill 49 tok (0 cached) in 1715 ms; decode 255 tok / 132 passes in 35.5 s: 7.2 tok/s, 139.3 ms/tok, 269 ms/pass, 1.93 tok/pass, accept p1 93 %
2026-10-07 04:14:59.198 INFO  sched: request 'chatcmpl-0ff27253a823d9a9' retired (steps): 256 tok in 37.2 s — prefill 36 tok (0 cached) in 1715 ms; decode 255 tok / 132 passes in 35.5 s: 7.2 tok/s, 139.3 ms/tok, 269 ms/pass, 1.93 tok/pass, accept p1 93 %
2026-10-07 04:14:59.486 INFO  sched: request 'chatcmpl-0ff27253a823d9a2' retired (steps): 256 tok in 37.5 s — prefill 39 tok (0 cached) in 1715 ms; decode 255 tok / 133 passes in 35.8 s: 7.1 tok/s, 140.4 ms/tok, 269 ms/pass, 1.92 tok/pass, accept p1 92 %
2026-10-07 04:14:59.486 INFO  sched: request 'chatcmpl-0ff27253a823d9a7' retired (steps): 256 tok in 37.5 s — prefill 42 tok (0 cached) in 1715 ms; decode 255 tok / 133 passes in 35.8 s: 7.1 tok/s, 140.4 ms/tok, 269 ms/pass, 1.92 tok/pass, accept p1 92 %
2026-10-07 04:14:59.745 INFO  sched: request 'chatcmpl-0ff27253a823d9a6' retired (steps): 256 tok in 37.8 s — prefill 40 tok (0 cached) in 1715 ms; decode 255 tok / 134 passes in 36.1 s: 7.1 tok/s, 141.4 ms/tok, 269 ms/pass, 1.90 tok/pass, accept p1 90 %
2026-10-07 04:14:59.745 INFO  stats: rank 3 | 10.0 s | decode 53.6 tok/s, 18.5 ms/tok, 276.6 ms/step (36 steps / 537 tok, 99 % of wall) | mtp 1.90 tok/step/req, accept p1 91 % | prefill 0 prompts / 0 tok, 0 tok cached (0/0 hits) | live 3, queued 0 | pool 9/2048 blocks (0 %) | prefix cache 0/4096 entries
2026-10-07 04:14:59.986 INFO  sched: request 'chatcmpl-0ff27253a823d9a8' retired (steps): 256 tok in 38.0 s — prefill 38 tok (0 cached) in 1715 ms; decode 255 tok / 135 passes in 36.3 s: 7.0 tok/s, 142.4 ms/tok, 269 ms/pass, 1.89 tok/pass, accept p1 89 %
2026-10-07 04:15:00.255 INFO  sched: request 'chatcmpl-0ff27253a823d9a5' retired (steps): 256 tok in 38.3 s — prefill 42 tok (0 cached) in 1715 ms; decode 255 tok / 137 passes in 36.6 s: 7.0 tok/s, 143.4 ms/tok, 267 ms/pass, 1.86 tok/pass, accept p1 86 %
2026-10-07 04:15:00.324 INFO  sched: request 'chatcmpl-0ff27253a823d9a4' retired (steps): 256 tok in 38.4 s — prefill 37 tok (0 cached) in 1715 ms; decode 255 tok / 138 passes in 36.6 s: 7.0 tok/s, 143.7 ms/tok, 266 ms/pass, 1.85 tok/pass, accept p1 86 %
2026-10-07 04:15:00.427 INFO  sched: request 'chatcmpl-0ff27253a823d9aa' starting prefill in slot 0 (40 prompt tokens)
2026-10-07 04:15:00.899 INFO  sched: request 'chatcmpl-0ff27253a823d9aa' prefix cache miss — 3 cut(s), the cache is empty
2026-10-07 04:15:00.899 INFO  sched: request 'chatcmpl-0ff27253a823d9aa' admitted to slot 0 (reserve 3 blocks; pool 3/2048 blocks in use) — first token 785
2026-10-07 04:15:09.797 INFO  stats: rank 3 | 10.1 s | decode 26.0 tok/s, 35.9 ms/tok, 65.5 ms/step (143 steps / 261 tok, 93 % of wall) | mtp 1.78 tok/step/req, accept p1 78 % | prefill 1 prompt / 40 tok, 4 tok/s, 11.80 ms/tok, 472 ms avg (5 % of wall), 0 tok cached (0/1 hit) | live 1, queued 0 | pool 3/2048 blocks (0 %) | prefix cache 0/4096 entries
2026-10-07 04:15:10.241 INFO  sched: request 'chatcmpl-0ff27253a823d9aa' retired (steps): 256 tok in 9.8 s — prefill 40 tok (0 cached) in 472 ms; decode 255 tok / 146 passes in 9.3 s: 27.3 tok/s, 36.6 ms/tok, 64 ms/pass, 1.75 tok/pass, accept p1 75 %
2026-10-07 04:15:10.251 INFO  sched: request 'chatcmpl-0ff27253a823d9ab' starting prefill in slot 0 (40 prompt tokens)
2026-10-07 04:15:10.725 INFO  sched: request 'chatcmpl-0ff27253a823d9ab' prefix cache miss — 3 cut(s), the cache is empty
2026-10-07 04:15:10.725 INFO  sched: request 'chatcmpl-0ff27253a823d9ab' admitted to slot 0 (reserve 3 blocks; pool 3/2048 blocks in use) — first token 785
2026-10-07 04:15:19.808 INFO  stats: rank 3 | 10.0 s | decode 26.0 tok/s, 36.3 ms/tok, 63.3 ms/step (149 steps / 260 tok, 94 % of wall) | mtp 1.74 tok/step/req, accept p1 74 % | prefill 1 prompt / 40 tok, 4 tok/s, 11.87 ms/tok, 475 ms avg (5 % of wall), 0 tok cached (0/1 hit) | live 1, queued 0 | pool 3/2048 blocks (0 %) | prefix cache 0/4096 entries
2026-10-07 04:15:20.066 INFO  sched: request 'chatcmpl-0ff27253a823d9ab' retired (steps): 256 tok in 9.8 s — prefill 40 tok (0 cached) in 475 ms; decode 255 tok / 146 passes in 9.3 s: 27.3 tok/s, 36.6 ms/tok, 64 ms/pass, 1.75 tok/pass, accept p1 75 %
2026-10-07 04:15:20.086 INFO  sched: request 'chatcmpl-0ff27253a823d9ac' starting prefill in slot 0 (40 prompt tokens)
2026-10-07 04:15:20.550 INFO  sched: request 'chatcmpl-0ff27253a823d9ac' prefix cache miss — 3 cut(s), the cache is empty
2026-10-07 04:15:20.550 INFO  sched: request 'chatcmpl-0ff27253a823d9ac' admitted to slot 0 (reserve 3 blocks; pool 3/2048 blocks in use) — first token 785
2026-10-07 04:15:29.825 INFO  stats: rank 3 | 10.0 s | decode 26.0 tok/s, 36.3 ms/tok, 63.3 ms/step (149 steps / 260 tok, 94 % of wall) | mtp 1.74 tok/step/req, accept p1 74 % | prefill 1 prompt / 40 tok, 4 tok/s, 11.61 ms/tok, 464 ms avg (5 % of wall), 0 tok cached (0/1 hit) | live 1, queued 0 | pool 3/2048 blocks (0 %) | prefix cache 0/4096 entries
2026-10-07 04:15:29.892 INFO  sched: request 'chatcmpl-0ff27253a823d9ac' retired (steps): 256 tok in 9.8 s — prefill 40 tok (0 cached) in 464 ms; decode 255 tok / 146 passes in 9.3 s: 27.3 tok/s, 36.6 ms/tok, 64 ms/pass, 1.75 tok/pass, accept p1 75 %
2026-10-07 04:15:29.968 INFO  sched: request 'chatcmpl-0ff27253a823d9ad' starting prefill in slot 0 (40 prompt tokens)
2026-10-07 04:15:29.968 INFO  sched: request 'chatcmpl-0ff27253a823d9ae' starting prefill in slot 1 (41 prompt tokens)
2026-10-07 04:15:30.725 INFO  sched: request 'chatcmpl-0ff27253a823d9ad' prefix cache miss — 3 cut(s), the cache is empty
2026-10-07 04:15:30.726 INFO  sched: request 'chatcmpl-0ff27253a823d9ad' admitted to slot 0 (reserve 3 blocks; pool 4/2048 blocks in use) — first token 785
2026-10-07 04:15:30.726 INFO  sched: request 'chatcmpl-0ff27253a823d9ae' prefix cache miss — 3 cut(s), the cache is empty
2026-10-07 04:15:30.726 INFO  sched: request 'chatcmpl-0ff27253a823d9ae' admitted to slot 1 (reserve 3 blocks; pool 6/2048 blocks in use) — first token 785
2026-10-07 04:15:30.726 INFO  sched: 2 requests admitted together in one prefill (757 ms)
2026-10-07 04:15:39.907 INFO  stats: rank 3 | 10.1 s | decode 35.7 tok/s, 25.5 ms/tok, 90.9 ms/step (101 steps / 360 tok, 91 % of wall) | mtp 1.79 tok/step/req, accept p1 78 % | prefill 2 prompts / 81 tok, 8 tok/s, 9.35 ms/tok, 379 ms avg (8 % of wall), 0 tok cached (0/2 hits) | live 2, queued 0 | pool 6/2048 blocks (0 %) | prefix cache 0/4096 entries
2026-10-07 04:15:43.828 INFO  sched: request 'chatcmpl-0ff27253a823d9ad' retired (steps): 256 tok in 13.9 s — prefill 40 tok (0 cached) in 757 ms; decode 255 tok / 142 passes in 13.1 s: 19.5 tok/s, 51.4 ms/tok, 92 ms/pass, 1.80 tok/pass, accept p1 80 %
2026-10-07 04:15:44.092 INFO  sched: request 'chatcmpl-0ff27253a823d9ae' retired (steps): 256 tok in 14.1 s — prefill 41 tok (0 cached) in 757 ms; decode 255 tok / 146 passes in 13.4 s: 19.1 tok/s, 52.4 ms/tok, 92 ms/pass, 1.75 tok/pass, accept p1 75 %
2026-10-07 04:15:44.112 INFO  sched: request 'chatcmpl-0ff27253a823d9af' starting prefill in slot 0 (40 prompt tokens)
2026-10-07 04:15:44.112 INFO  sched: request 'chatcmpl-0ff27253a823d9b0' starting prefill in slot 1 (41 prompt tokens)
2026-10-07 04:15:44.877 INFO  sched: request 'chatcmpl-0ff27253a823d9af' prefix cache miss — 3 cut(s), the cache is empty
2026-10-07 04:15:44.877 INFO  sched: request 'chatcmpl-0ff27253a823d9af' admitted to slot 0 (reserve 3 blocks; pool 4/2048 blocks in use) — first token 785
2026-10-07 04:15:44.877 INFO  sched: request 'chatcmpl-0ff27253a823d9b0' prefix cache miss — 3 cut(s), the cache is empty
2026-10-07 04:15:44.877 INFO  sched: request 'chatcmpl-0ff27253a823d9b0' admitted to slot 1 (reserve 3 blocks; pool 6/2048 blocks in use) — first token 785
2026-10-07 04:15:44.877 INFO  sched: 2 requests admitted together in one prefill (765 ms)
2026-10-07 04:15:49.912 INFO  stats: rank 3 | 10.0 s | decode 35.3 tok/s, 25.9 ms/tok, 90.5 ms/step (101 steps / 353 tok, 91 % of wall) | mtp 1.78 tok/step/req, accept p1 78 % | prefill 2 prompts / 81 tok, 8 tok/s, 9.45 ms/tok, 383 ms avg (8 % of wall), 0 tok cached (0/2 hits) | live 2, queued 0 | pool 6/2048 blocks (0 %) | prefix cache 0/4096 entries
2026-10-07 04:15:58.060 INFO  sched: request 'chatcmpl-0ff27253a823d9af' retired (steps): 256 tok in 13.9 s — prefill 40 tok (0 cached) in 765 ms; decode 255 tok / 143 passes in 13.2 s: 19.3 tok/s, 51.7 ms/tok, 92 ms/pass, 1.78 tok/pass, accept p1 78 %
2026-10-07 04:15:58.255 INFO  sched: request 'chatcmpl-0ff27253a823d9b0' retired (steps): 256 tok in 14.1 s — prefill 41 tok (0 cached) in 765 ms; decode 255 tok / 146 passes in 13.4 s: 19.1 tok/s, 52.5 ms/tok, 92 ms/pass, 1.75 tok/pass, accept p1 75 %
2026-10-07 04:15:58.285 INFO  sched: request 'chatcmpl-0ff27253a823d9b1' starting prefill in slot 0 (40 prompt tokens)
2026-10-07 04:15:58.285 INFO  sched: request 'chatcmpl-0ff27253a823d9b2' starting prefill in slot 1 (41 prompt tokens)
2026-10-07 04:15:59.044 INFO  sched: request 'chatcmpl-0ff27253a823d9b1' prefix cache miss — 3 cut(s), the cache is empty
2026-10-07 04:15:59.044 INFO  sched: request 'chatcmpl-0ff27253a823d9b1' admitted to slot 0 (reserve 3 blocks; pool 4/2048 blocks in use) — first token 785
2026-10-07 04:15:59.044 INFO  sched: request 'chatcmpl-0ff27253a823d9b2' prefix cache miss — 3 cut(s), the cache is empty
2026-10-07 04:15:59.044 INFO  sched: request 'chatcmpl-0ff27253a823d9b2' admitted to slot 1 (reserve 3 blocks; pool 6/2048 blocks in use) — first token 785
2026-10-07 04:15:59.044 INFO  sched: 2 requests admitted together in one prefill (758 ms)
2026-10-07 04:15:59.941 INFO  stats: rank 3 | 10.0 s | decode 35.1 tok/s, 26.0 ms/tok, 90.7 ms/step (101 steps / 352 tok, 91 % of wall) | mtp 1.77 tok/step/req, accept p1 76 % | prefill 2 prompts / 81 tok, 8 tok/s, 9.36 ms/tok, 379 ms avg (8 % of wall), 0 tok cached (0/2 hits) | live 2, queued 0 | pool 6/2048 blocks (0 %) | prefix cache 0/4096 entries
2026-10-07 04:16:10.001 INFO  stats: rank 3 | 10.1 s | decode 38.4 tok/s, 25.9 ms/tok, 91.6 ms/step (109 steps / 386 tok, 99 % of wall) | mtp 1.77 tok/step/req, accept p1 77 % | prefill 0 prompts / 0 tok, 0 tok cached (0/0 hits) | live 2, queued 0 | pool 6/2048 blocks (0 %) | prefix cache 0/4096 entries
2026-10-07 04:16:12.145 INFO  sched: request 'chatcmpl-0ff27253a823d9b1' retired (steps): 256 tok in 13.9 s — prefill 40 tok (0 cached) in 758 ms; decode 255 tok / 142 passes in 13.1 s: 19.5 tok/s, 51.4 ms/tok, 92 ms/pass, 1.80 tok/pass, accept p1 80 %
2026-10-07 04:16:12.404 INFO  sched: request 'chatcmpl-0ff27253a823d9b2' retired (steps): 256 tok in 14.1 s — prefill 41 tok (0 cached) in 758 ms; decode 255 tok / 146 passes in 13.4 s: 19.1 tok/s, 52.4 ms/tok, 92 ms/pass, 1.75 tok/pass, accept p1 75 %
2026-10-07 04:16:12.508 INFO  sched: request 'chatcmpl-0ff27253a823d9b3' starting prefill in slot 0 (31 prompt tokens)
2026-10-07 04:16:12.508 INFO  sched: request 'chatcmpl-0ff27253a823d9b4' starting prefill in slot 1 (31 prompt tokens)
2026-10-07 04:16:12.508 INFO  sched: request 'chatcmpl-0ff27253a823d9b5' starting prefill in slot 2 (40 prompt tokens)
2026-10-07 04:16:12.508 INFO  sched: request 'chatcmpl-0ff27253a823d9b6' starting prefill in slot 3 (31 prompt tokens)
2026-10-07 04:16:13.394 INFO  sched: request 'chatcmpl-0ff27253a823d9b3' prefix cache miss — 3 cut(s), the cache is empty
2026-10-07 04:16:13.394 INFO  sched: request 'chatcmpl-0ff27253a823d9b3' admitted to slot 0 (reserve 3 blocks; pool 6/2048 blocks in use) — first token 785
2026-10-07 04:16:13.394 INFO  sched: request 'chatcmpl-0ff27253a823d9b4' prefix cache miss — 3 cut(s), the cache is empty
2026-10-07 04:16:13.394 INFO  sched: request 'chatcmpl-0ff27253a823d9b4' admitted to slot 1 (reserve 3 blocks; pool 8/2048 blocks in use) — first token 785
2026-10-07 04:16:13.394 INFO  sched: request 'chatcmpl-0ff27253a823d9b5' prefix cache miss — 3 cut(s), the cache is empty
2026-10-07 04:16:13.394 INFO  sched: request 'chatcmpl-0ff27253a823d9b5' admitted to slot 2 (reserve 3 blocks; pool 10/2048 blocks in use) — first token 785
2026-10-07 04:16:13.394 INFO  sched: request 'chatcmpl-0ff27253a823d9b6' prefix cache miss — 3 cut(s), the cache is empty
2026-10-07 04:16:13.394 INFO  sched: request 'chatcmpl-0ff27253a823d9b6' admitted to slot 3 (reserve 3 blocks; pool 12/2048 blocks in use) — first token 785
2026-10-07 04:16:13.394 INFO  sched: 4 requests admitted together in one prefill (886 ms)
2026-10-07 04:16:20.041 INFO  stats: rank 3 | 10.0 s | decode 42.0 tok/s, 21.3 ms/tok, 124.9 ms/step (72 steps / 422 tok, 90 % of wall) | mtp 1.83 tok/step/req, accept p1 82 % | prefill 4 prompts / 133 tok, 13 tok/s, 6.66 ms/tok, 221 ms avg (9 % of wall), 0 tok cached (0/4 hits) | live 4, queued 0 | pool 12/2048 blocks (1 %) | prefix cache 0/4096 entries
2026-10-07 04:16:30.088 INFO  stats: rank 3 | 10.0 s | decode 47.6 tok/s, 20.9 ms/tok, 151.5 ms/step (66 steps / 478 tok, 100 % of wall) | mtp 1.81 tok/step/req, accept p1 81 % | prefill 0 prompts / 0 tok, 0 tok cached (0/0 hits) | live 4, queued 0 | pool 12/2048 blocks (1 %) | prefix cache 0/4096 entries
2026-10-07 04:16:33.922 INFO  sched: request 'chatcmpl-0ff27253a823d9b6' retired (steps): 256 tok in 21.4 s — prefill 31 tok (0 cached) in 886 ms; decode 255 tok / 136 passes in 20.5 s: 12.4 tok/s, 80.5 ms/tok, 151 ms/pass, 1.88 tok/pass, accept p1 88 %
2026-10-07 04:16:34.302 INFO  sched: request 'chatcmpl-0ff27253a823d9b4' retired (steps): 256 tok in 21.8 s — prefill 31 tok (0 cached) in 886 ms; decode 255 tok / 139 passes in 20.9 s: 12.2 tok/s, 82.0 ms/tok, 150 ms/pass, 1.83 tok/pass, accept p1 84 %
2026-10-07 04:16:34.678 INFO  sched: request 'chatcmpl-0ff27253a823d9b3' retired (steps): 256 tok in 22.2 s — prefill 31 tok (0 cached) in 886 ms; decode 255 tok / 142 passes in 21.3 s: 12.0 tok/s, 83.5 ms/tok, 150 ms/pass, 1.80 tok/pass, accept p1 80 %
2026-10-07 04:16:34.746 INFO  sched: request 'chatcmpl-0ff27253a823d9b5' retired (steps): 256 tok in 22.2 s — prefill 40 tok (0 cached) in 886 ms; decode 255 tok / 143 passes in 21.4 s: 11.9 tok/s, 83.7 ms/tok, 149 ms/pass, 1.78 tok/pass, accept p1 79 %
2026-10-07 04:16:34.766 INFO  sched: request 'chatcmpl-0ff27253a823d9b7' starting prefill in slot 0 (31 prompt tokens)
2026-10-07 04:16:34.766 INFO  sched: request 'chatcmpl-0ff27253a823d9b8' starting prefill in slot 1 (31 prompt tokens)
2026-10-07 04:16:34.766 INFO  sched: request 'chatcmpl-0ff27253a823d9b9' starting prefill in slot 2 (31 prompt tokens)
2026-10-07 04:16:34.766 INFO  sched: request 'chatcmpl-0ff27253a823d9ba' starting prefill in slot 3 (40 prompt tokens)
2026-10-07 04:16:35.642 INFO  sched: request 'chatcmpl-0ff27253a823d9b7' prefix cache miss — 3 cut(s), the cache is empty
2026-10-07 04:16:35.642 INFO  sched: request 'chatcmpl-0ff27253a823d9b7' admitted to slot 0 (reserve 3 blocks; pool 6/2048 blocks in use) — first token 785
2026-10-07 04:16:35.642 INFO  sched: request 'chatcmpl-0ff27253a823d9b8' prefix cache miss — 3 cut(s), the cache is empty
2026-10-07 04:16:35.642 INFO  sched: request 'chatcmpl-0ff27253a823d9b8' admitted to slot 1 (reserve 3 blocks; pool 8/2048 blocks in use) — first token 785
2026-10-07 04:16:35.642 INFO  sched: request 'chatcmpl-0ff27253a823d9b9' prefix cache miss — 3 cut(s), the cache is empty
2026-10-07 04:16:35.642 INFO  sched: request 'chatcmpl-0ff27253a823d9b9' admitted to slot 2 (reserve 3 blocks; pool 10/2048 blocks in use) — first token 785
2026-10-07 04:16:35.642 INFO  sched: request 'chatcmpl-0ff27253a823d9ba' prefix cache miss — 3 cut(s), the cache is empty
2026-10-07 04:16:35.642 INFO  sched: request 'chatcmpl-0ff27253a823d9ba' admitted to slot 3 (reserve 3 blocks; pool 12/2048 blocks in use) — first token 785
2026-10-07 04:16:35.642 INFO  sched: 4 requests admitted together in one prefill (877 ms)
2026-10-07 04:16:40.183 INFO  stats: rank 3 | 10.1 s | decode 44.6 tok/s, 20.3 ms/tok, 145.1 ms/step (63 steps / 450 tok, 91 % of wall) | mtp 1.88 tok/step/req, accept p1 87 % | prefill 4 prompts / 133 tok, 13 tok/s, 6.59 ms/tok, 219 ms avg (9 % of wall), 0 tok cached (0/4 hits) | live 4, queued 0 | pool 12/2048 blocks (1 %) | prefix cache 0/4096 entries
2026-10-07 04:16:50.324 INFO  stats: rank 3 | 10.1 s | decode 47.8 tok/s, 20.8 ms/tok, 150.6 ms/step (67 steps / 485 tok, 99 % of wall) | mtp 1.81 tok/step/req, accept p1 81 % | prefill 0 prompts / 0 tok, 0 tok cached (0/0 hits) | live 4, queued 0 | pool 12/2048 blocks (1 %) | prefix cache 0/4096 entries
2026-10-07 04:16:55.835 INFO  sched: request 'chatcmpl-0ff27253a823d9b7' retired (steps): 256 tok in 21.1 s — prefill 31 tok (0 cached) in 877 ms; decode 255 tok / 134 passes in 20.2 s: 12.6 tok/s, 79.2 ms/tok, 151 ms/pass, 1.90 tok/pass, accept p1 90 %
2026-10-07 04:16:56.577 INFO  sched: request 'chatcmpl-0ff27253a823d9b9' retired (steps): 256 tok in 21.8 s — prefill 31 tok (0 cached) in 877 ms; decode 255 tok / 139 passes in 20.9 s: 12.2 tok/s, 82.1 ms/tok, 151 ms/pass, 1.83 tok/pass, accept p1 84 %
2026-10-07 04:16:56.863 INFO  sched: request 'chatcmpl-0ff27253a823d9b8' retired (steps): 256 tok in 22.1 s — prefill 31 tok (0 cached) in 877 ms; decode 255 tok / 141 passes in 21.2 s: 12.0 tok/s, 83.2 ms/tok, 150 ms/pass, 1.81 tok/pass, accept p1 81 %
2026-10-07 04:16:56.998 INFO  sched: request 'chatcmpl-0ff27253a823d9ba' retired (steps): 256 tok in 22.2 s — prefill 40 tok (0 cached) in 877 ms; decode 255 tok / 143 passes in 21.4 s: 11.9 tok/s, 83.7 ms/tok, 149 ms/pass, 1.78 tok/pass, accept p1 79 %
2026-10-07 04:16:57.028 INFO  sched: request 'chatcmpl-0ff27253a823d9bb' starting prefill in slot 0 (40 prompt tokens)
2026-10-07 04:16:57.029 INFO  sched: request 'chatcmpl-0ff27253a823d9bc' starting prefill in slot 1 (31 prompt tokens)
2026-10-07 04:16:57.029 INFO  sched: request 'chatcmpl-0ff27253a823d9bd' starting prefill in slot 2 (31 prompt tokens)
2026-10-07 04:16:57.029 INFO  sched: request 'chatcmpl-0ff27253a823d9be' starting prefill in slot 3 (31 prompt tokens)
2026-10-07 04:16:57.896 INFO  sched: request 'chatcmpl-0ff27253a823d9bb' prefix cache miss — 3 cut(s), the cache is empty
2026-10-07 04:16:57.896 INFO  sched: request 'chatcmpl-0ff27253a823d9bb' admitted to slot 0 (reserve 3 blocks; pool 6/2048 blocks in use) — first token 785
2026-10-07 04:16:57.896 INFO  sched: request 'chatcmpl-0ff27253a823d9bc' prefix cache miss — 3 cut(s), the cache is empty
2026-10-07 04:16:57.896 INFO  sched: request 'chatcmpl-0ff27253a823d9bc' admitted to slot 1 (reserve 3 blocks; pool 8/2048 blocks in use) — first token 785
2026-10-07 04:16:57.896 INFO  sched: request 'chatcmpl-0ff27253a823d9bd' prefix cache miss — 3 cut(s), the cache is empty
2026-10-07 04:16:57.896 INFO  sched: request 'chatcmpl-0ff27253a823d9bd' admitted to slot 2 (reserve 3 blocks; pool 10/2048 blocks in use) — first token 785
2026-10-07 04:16:57.896 INFO  sched: request 'chatcmpl-0ff27253a823d9be' prefix cache miss — 3 cut(s), the cache is empty
2026-10-07 04:16:57.896 INFO  sched: request 'chatcmpl-0ff27253a823d9be' admitted to slot 3 (reserve 3 blocks; pool 12/2048 blocks in use) — first token 785
2026-10-07 04:16:57.896 INFO  sched: 4 requests admitted together in one prefill (868 ms)
2026-10-07 04:17:00.340 INFO  stats: rank 3 | 10.0 s | decode 43.0 tok/s, 21.0 ms/tok, 146.1 ms/step (62 steps / 431 tok, 90 % of wall) | mtp 1.85 tok/step/req, accept p1 84 % | prefill 4 prompts / 133 tok, 13 tok/s, 6.52 ms/tok, 217 ms avg (9 % of wall), 0 tok cached (0/4 hits) | live 4, queued 0 | pool 12/2048 blocks (1 %) | prefix cache 0/4096 entries
2026-10-07 04:17:10.434 INFO  stats: rank 3 | 10.1 s | decode 48.4 tok/s, 20.5 ms/tok, 150.0 ms/step (67 steps / 489 tok, 100 % of wall) | mtp 1.82 tok/step/req, accept p1 82 % | prefill 0 prompts / 0 tok, 0 tok cached (0/0 hits) | live 4, queued 0 | pool 12/2048 blocks (1 %) | prefix cache 0/4096 entries
2026-10-07 04:17:18.384 INFO  sched: request 'chatcmpl-0ff27253a823d9bd' retired (steps): 256 tok in 21.4 s — prefill 31 tok (0 cached) in 868 ms; decode 255 tok / 136 passes in 20.5 s: 12.4 tok/s, 80.3 ms/tok, 151 ms/pass, 1.88 tok/pass, accept p1 88 %
2026-10-07 04:17:18.997 INFO  sched: request 'chatcmpl-0ff27253a823d9be' retired (steps): 256 tok in 22.0 s — prefill 31 tok (0 cached) in 868 ms; decode 255 tok / 140 passes in 21.1 s: 12.1 tok/s, 82.7 ms/tok, 151 ms/pass, 1.82 tok/pass, accept p1 83 %
2026-10-07 04:17:19.094 INFO  sched: request 'chatcmpl-0ff27253a823d9bb' retired (steps): 256 tok in 22.1 s — prefill 40 tok (0 cached) in 868 ms; decode 255 tok / 141 passes in 21.2 s: 12.0 tok/s, 83.1 ms/tok, 150 ms/pass, 1.81 tok/pass, accept p1 82 %
2026-10-07 04:17:19.160 INFO  sched: request 'chatcmpl-0ff27253a823d9bc' retired (steps): 256 tok in 22.1 s — prefill 31 tok (0 cached) in 868 ms; decode 255 tok / 142 passes in 21.3 s: 12.0 tok/s, 83.4 ms/tok, 150 ms/pass, 1.80 tok/pass, accept p1 80 %
2026-10-07 04:17:19.227 INFO  sched: request 'chatcmpl-0ff27253a823d9bf' starting prefill in slot 0 (32 prompt tokens)
2026-10-07 04:17:19.227 INFO  sched: request 'chatcmpl-0ff27253a823d9c0' starting prefill in slot 1 (30 prompt tokens)
2026-10-07 04:17:19.227 INFO  sched: request 'chatcmpl-0ff27253a823d9c1' starting prefill in slot 2 (31 prompt tokens)
2026-10-07 04:17:19.227 INFO  sched: request 'chatcmpl-0ff27253a823d9c2' starting prefill in slot 3 (30 prompt tokens)
2026-10-07 04:17:19.227 INFO  sched: request 'chatcmpl-0ff27253a823d9c3' starting prefill in slot 4 (30 prompt tokens)
2026-10-07 04:17:19.227 INFO  sched: request 'chatcmpl-0ff27253a823d9c4' starting prefill in slot 5 (31 prompt tokens)
2026-10-07 04:17:19.227 INFO  sched: request 'chatcmpl-0ff27253a823d9c5' starting prefill in slot 6 (31 prompt tokens)
2026-10-07 04:17:19.227 INFO  sched: request 'chatcmpl-0ff27253a823d9c6' starting prefill in slot 7 (31 prompt tokens)
2026-10-07 04:17:20.627 INFO  sched: request 'chatcmpl-0ff27253a823d9bf' prefix cache miss — 3 cut(s), the cache is empty
2026-10-07 04:17:20.627 INFO  sched: request 'chatcmpl-0ff27253a823d9bf' admitted to slot 0 (reserve 3 blocks; pool 10/2048 blocks in use) — first token 785
2026-10-07 04:17:20.627 INFO  sched: request 'chatcmpl-0ff27253a823d9c0' prefix cache miss — 3 cut(s), the cache is empty
2026-10-07 04:17:20.627 INFO  sched: request 'chatcmpl-0ff27253a823d9c0' admitted to slot 1 (reserve 3 blocks; pool 12/2048 blocks in use) — first token 785
2026-10-07 04:17:20.627 INFO  sched: request 'chatcmpl-0ff27253a823d9c1' prefix cache miss — 3 cut(s), the cache is empty
2026-10-07 04:17:20.627 INFO  sched: request 'chatcmpl-0ff27253a823d9c1' admitted to slot 2 (reserve 3 blocks; pool 14/2048 blocks in use) — first token 785
2026-10-07 04:17:20.627 INFO  sched: request 'chatcmpl-0ff27253a823d9c2' prefix cache miss — 3 cut(s), the cache is empty
2026-10-07 04:17:20.627 INFO  sched: request 'chatcmpl-0ff27253a823d9c2' admitted to slot 3 (reserve 3 blocks; pool 16/2048 blocks in use) — first token 785
2026-10-07 04:17:20.627 INFO  sched: request 'chatcmpl-0ff27253a823d9c3' prefix cache miss — 3 cut(s), the cache is empty
2026-10-07 04:17:20.627 INFO  sched: request 'chatcmpl-0ff27253a823d9c3' admitted to slot 4 (reserve 3 blocks; pool 18/2048 blocks in use) — first token 785
2026-10-07 04:17:20.627 INFO  sched: request 'chatcmpl-0ff27253a823d9c4' prefix cache miss — 3 cut(s), the cache is empty
2026-10-07 04:17:20.627 INFO  sched: request 'chatcmpl-0ff27253a823d9c4' admitted to slot 5 (reserve 3 blocks; pool 20/2048 blocks in use) — first token 785
2026-10-07 04:17:20.627 INFO  sched: request 'chatcmpl-0ff27253a823d9c5' prefix cache miss — 3 cut(s), the cache is empty
2026-10-07 04:17:20.627 INFO  sched: request 'chatcmpl-0ff27253a823d9c5' admitted to slot 6 (reserve 3 blocks; pool 22/2048 blocks in use) — first token 785
2026-10-07 04:17:20.627 INFO  sched: request 'chatcmpl-0ff27253a823d9c6' prefix cache miss — 3 cut(s), the cache is empty
2026-10-07 04:17:20.627 INFO  sched: request 'chatcmpl-0ff27253a823d9c6' admitted to slot 7 (reserve 3 blocks; pool 24/2048 blocks in use) — first token 785
2026-10-07 04:17:20.627 INFO  sched: 8 requests admitted together in one prefill (1399 ms)
2026-10-07 04:17:20.827 INFO  stats: rank 3 | 10.4 s | decode 40.8 tok/s, 20.9 ms/tok, 150.3 ms/step (59 steps / 424 tok, 85 % of wall) | mtp 1.84 tok/step/req, accept p1 81 % | prefill 8 prompts / 246 tok, 24 tok/s, 5.69 ms/tok, 175 ms avg (13 % of wall), 0 tok cached (0/8 hits) | live 8, queued 0 | pool 24/2048 blocks (1 %) | prefix cache 0/4096 entries
2026-10-07 04:17:31.010 INFO  stats: rank 3 | 10.2 s | decode 59.4 tok/s, 16.8 ms/tok, 247.6 ms/step (41 steps / 605 tok, 100 % of wall) | mtp 1.84 tok/step/req, accept p1 84 % | prefill 0 prompts / 0 tok, 0 tok cached (0/0 hits) | live 8, queued 0 | pool 24/2048 blocks (1 %) | prefix cache 0/4096 entries
2026-10-07 04:17:41.021 INFO  stats: rank 3 | 10.0 s | decode 55.7 tok/s, 17.9 ms/tok, 262.6 ms/step (38 steps / 558 tok, 100 % of wall) | mtp 1.84 tok/step/req, accept p1 84 % | prefill 0 prompts / 0 tok, 0 tok cached (0/0 hits) | live 8, queued 0 | pool 24/2048 blocks (1 %) | prefix cache 0/4096 entries
2026-10-07 04:17:51.215 INFO  stats: rank 3 | 10.2 s | decode 54.9 tok/s, 18.1 ms/tok, 267.4 ms/step (38 steps / 560 tok, 100 % of wall) | mtp 1.84 tok/step/req, accept p1 84 % | prefill 0 prompts / 0 tok, 0 tok cached (0/0 hits) | live 8, queued 0 | pool 24/2048 blocks (1 %) | prefix cache 0/4096 entries
2026-10-07 04:17:56.068 INFO  sched: request 'chatcmpl-0ff27253a823d9c4' retired (steps): 256 tok in 36.8 s — prefill 31 tok (0 cached) in 1399 ms; decode 255 tok / 136 passes in 35.4 s: 7.2 tok/s, 139.0 ms/tok, 261 ms/pass, 1.88 tok/pass, accept p1 88 %
2026-10-07 04:17:56.328 INFO  sched: request 'chatcmpl-0ff27253a823d9c0' retired (steps): 256 tok in 37.1 s — prefill 30 tok (0 cached) in 1399 ms; decode 255 tok / 137 passes in 35.7 s: 7.1 tok/s, 140.0 ms/tok, 261 ms/pass, 1.86 tok/pass, accept p1 87 %
2026-10-07 04:17:56.328 INFO  sched: request 'chatcmpl-0ff27253a823d9c6' retired (steps): 256 tok in 37.1 s — prefill 31 tok (0 cached) in 1399 ms; decode 255 tok / 137 passes in 35.7 s: 7.1 tok/s, 140.0 ms/tok, 261 ms/pass, 1.86 tok/pass, accept p1 86 %
2026-10-07 04:17:56.827 INFO  sched: request 'chatcmpl-0ff27253a823d9bf' retired (steps): 256 tok in 37.6 s — prefill 32 tok (0 cached) in 1399 ms; decode 255 tok / 139 passes in 36.2 s: 7.0 tok/s, 142.0 ms/tok, 260 ms/pass, 1.83 tok/pass, accept p1 84 %
2026-10-07 04:17:56.827 INFO  sched: request 'chatcmpl-0ff27253a823d9c2' retired (steps): 256 tok in 37.6 s — prefill 30 tok (0 cached) in 1399 ms; decode 255 tok / 139 passes in 36.2 s: 7.0 tok/s, 142.0 ms/tok, 260 ms/pass, 1.83 tok/pass, accept p1 83 %
2026-10-07 04:17:56.827 INFO  sched: request 'chatcmpl-0ff27253a823d9c5' retired (steps): 256 tok in 37.6 s — prefill 31 tok (0 cached) in 1399 ms; decode 255 tok / 139 passes in 36.2 s: 7.0 tok/s, 142.0 ms/tok, 260 ms/pass, 1.83 tok/pass, accept p1 84 %
2026-10-07 04:17:57.207 INFO  sched: request 'chatcmpl-0ff27253a823d9c3' retired (steps): 256 tok in 38.0 s — prefill 30 tok (0 cached) in 1399 ms; decode 255 tok / 141 passes in 36.6 s: 7.0 tok/s, 143.5 ms/tok, 259 ms/pass, 1.81 tok/pass, accept p1 82 %
2026-10-07 04:17:57.341 INFO  sched: request 'chatcmpl-0ff27253a823d9c1' retired (steps): 256 tok in 38.1 s — prefill 31 tok (0 cached) in 1399 ms; decode 255 tok / 143 passes in 36.7 s: 6.9 tok/s, 144.0 ms/tok, 257 ms/pass, 1.78 tok/pass, accept p1 78 %
2026-10-07 04:17:57.371 INFO  sched: request 'chatcmpl-0ff27253a823d9c7' starting prefill in slot 0 (32 prompt tokens)
2026-10-07 04:17:57.371 INFO  sched: request 'chatcmpl-0ff27253a823d9c8' starting prefill in slot 1 (30 prompt tokens)
2026-10-07 04:17:57.371 INFO  sched: request 'chatcmpl-0ff27253a823d9c9' starting prefill in slot 2 (31 prompt tokens)
2026-10-07 04:17:57.372 INFO  sched: request 'chatcmpl-0ff27253a823d9ca' starting prefill in slot 3 (31 prompt tokens)
2026-10-07 04:17:57.372 INFO  sched: request 'chatcmpl-0ff27253a823d9cb' starting prefill in slot 4 (31 prompt tokens)
2026-10-07 04:17:57.372 INFO  sched: request 'chatcmpl-0ff27253a823d9cc' starting prefill in slot 5 (30 prompt tokens)
2026-10-07 04:17:57.372 INFO  sched: request 'chatcmpl-0ff27253a823d9cd' starting prefill in slot 6 (30 prompt tokens)
2026-10-07 04:17:57.372 INFO  sched: request 'chatcmpl-0ff27253a823d9ce' starting prefill in slot 7 (31 prompt tokens)
2026-10-07 04:17:58.759 INFO  sched: request 'chatcmpl-0ff27253a823d9c7' prefix cache miss — 3 cut(s), the cache is empty
2026-10-07 04:17:58.759 INFO  sched: request 'chatcmpl-0ff27253a823d9c7' admitted to slot 0 (reserve 3 blocks; pool 10/2048 blocks in use) — first token 785
2026-10-07 04:17:58.759 INFO  sched: request 'chatcmpl-0ff27253a823d9c8' prefix cache miss — 3 cut(s), the cache is empty
2026-10-07 04:17:58.759 INFO  sched: request 'chatcmpl-0ff27253a823d9c8' admitted to slot 1 (reserve 3 blocks; pool 12/2048 blocks in use) — first token 785
2026-10-07 04:17:58.759 INFO  sched: request 'chatcmpl-0ff27253a823d9c9' prefix cache miss — 3 cut(s), the cache is empty
2026-10-07 04:17:58.759 INFO  sched: request 'chatcmpl-0ff27253a823d9c9' admitted to slot 2 (reserve 3 blocks; pool 14/2048 blocks in use) — first token 785
2026-10-07 04:17:58.759 INFO  sched: request 'chatcmpl-0ff27253a823d9ca' prefix cache miss — 3 cut(s), the cache is empty
2026-10-07 04:17:58.759 INFO  sched: request 'chatcmpl-0ff27253a823d9ca' admitted to slot 3 (reserve 3 blocks; pool 16/2048 blocks in use) — first token 785
2026-10-07 04:17:58.759 INFO  sched: request 'chatcmpl-0ff27253a823d9cb' prefix cache miss — 3 cut(s), the cache is empty
2026-10-07 04:17:58.759 INFO  sched: request 'chatcmpl-0ff27253a823d9cb' admitted to slot 4 (reserve 3 blocks; pool 18/2048 blocks in use) — first token 785
2026-10-07 04:17:58.759 INFO  sched: request 'chatcmpl-0ff27253a823d9cc' prefix cache miss — 3 cut(s), the cache is empty
2026-10-07 04:17:58.759 INFO  sched: request 'chatcmpl-0ff27253a823d9cc' admitted to slot 5 (reserve 3 blocks; pool 20/2048 blocks in use) — first token 785
2026-10-07 04:17:58.759 INFO  sched: request 'chatcmpl-0ff27253a823d9cd' prefix cache miss — 3 cut(s), the cache is empty
2026-10-07 04:17:58.759 INFO  sched: request 'chatcmpl-0ff27253a823d9cd' admitted to slot 6 (reserve 3 blocks; pool 22/2048 blocks in use) — first token 785
2026-10-07 04:17:58.759 INFO  sched: request 'chatcmpl-0ff27253a823d9ce' prefix cache miss — 3 cut(s), the cache is empty
2026-10-07 04:17:58.759 INFO  sched: request 'chatcmpl-0ff27253a823d9ce' admitted to slot 7 (reserve 3 blocks; pool 24/2048 blocks in use) — first token 785
2026-10-07 04:17:58.759 INFO  sched: 8 requests admitted together in one prefill (1387 ms)
2026-10-07 04:18:01.241 INFO  stats: rank 3 | 10.0 s | decode 47.0 tok/s, 18.1 ms/tok, 237.4 ms/step (36 steps / 471 tok, 85 % of wall) | mtp 1.85 tok/step/req, accept p1 83 % | prefill 8 prompts / 246 tok, 25 tok/s, 5.64 ms/tok, 173 ms avg (14 % of wall), 0 tok cached (0/8 hits) | live 8, queued 0 | pool 24/2048 blocks (1 %) | prefix cache 0/4096 entries
2026-10-07 04:18:11.466 INFO  stats: rank 3 | 10.2 s | decode 58.5 tok/s, 17.0 ms/tok, 254.9 ms/step (40 steps / 598 tok, 100 % of wall) | mtp 1.87 tok/step/req, accept p1 87 % | prefill 0 prompts / 0 tok, 0 tok cached (0/0 hits) | live 8, queued 0 | pool 24/2048 blocks (1 %) | prefix cache 0/4096 entries
2026-10-07 04:18:21.495 INFO  stats: rank 3 | 10.0 s | decode 54.9 tok/s, 18.1 ms/tok, 263.1 ms/step (38 steps / 551 tok, 100 % of wall) | mtp 1.81 tok/step/req, accept p1 81 % | prefill 0 prompts / 0 tok, 0 tok cached (0/0 hits) | live 8, queued 0 | pool 24/2048 blocks (1 %) | prefix cache 0/4096 entries
2026-10-07 04:18:31.686 INFO  stats: rank 3 | 10.2 s | decode 55.2 tok/s, 18.0 ms/tok, 267.3 ms/step (38 steps / 563 tok, 100 % of wall) | mtp 1.85 tok/step/req, accept p1 85 % | prefill 0 prompts / 0 tok, 0 tok cached (0/0 hits) | live 8, queued 0 | pool 24/2048 blocks (1 %) | prefix cache 0/4096 entries
2026-10-07 04:18:34.104 INFO  sched: request 'chatcmpl-0ff27253a823d9ca' retired (steps): 256 tok in 36.7 s — prefill 31 tok (0 cached) in 1387 ms; decode 255 tok / 136 passes in 35.3 s: 7.2 tok/s, 138.6 ms/tok, 260 ms/pass, 1.88 tok/pass, accept p1 88 %
2026-10-07 04:18:34.104 INFO  sched: request 'chatcmpl-0ff27253a823d9ce' retired (steps): 256 tok in 36.7 s — prefill 31 tok (0 cached) in 1387 ms; decode 255 tok / 136 passes in 35.3 s: 7.2 tok/s, 138.6 ms/tok, 260 ms/pass, 1.88 tok/pass, accept p1 88 %
2026-10-07 04:18:34.373 INFO  sched: request 'chatcmpl-0ff27253a823d9cc' retired (steps): 256 tok in 37.0 s — prefill 30 tok (0 cached) in 1387 ms; decode 255 tok / 137 passes in 35.6 s: 7.2 tok/s, 139.7 ms/tok, 260 ms/pass, 1.86 tok/pass, accept p1 87 %
2026-10-07 04:18:34.879 INFO  sched: request 'chatcmpl-0ff27253a823d9c7' retired (steps): 256 tok in 37.5 s — prefill 32 tok (0 cached) in 1387 ms; decode 255 tok / 139 passes in 36.1 s: 7.1 tok/s, 141.6 ms/tok, 260 ms/pass, 1.83 tok/pass, accept p1 84 %
2026-10-07 04:18:34.879 INFO  sched: request 'chatcmpl-0ff27253a823d9c8' retired (steps): 256 tok in 37.5 s — prefill 30 tok (0 cached) in 1387 ms; decode 255 tok / 139 passes in 36.1 s: 7.1 tok/s, 141.6 ms/tok, 260 ms/pass, 1.83 tok/pass, accept p1 83 %
2026-10-07 04:18:34.879 INFO  sched: request 'chatcmpl-0ff27253a823d9c9' retired (steps): 256 tok in 37.5 s — prefill 31 tok (0 cached) in 1387 ms; decode 255 tok / 139 passes in 36.1 s: 7.1 tok/s, 141.6 ms/tok, 260 ms/pass, 1.83 tok/pass, accept p1 84 %
2026-10-07 04:18:35.338 INFO  sched: request 'chatcmpl-0ff27253a823d9cd' retired (steps): 256 tok in 38.0 s — prefill 30 tok (0 cached) in 1387 ms; decode 255 tok / 141 passes in 36.6 s: 7.0 tok/s, 143.4 ms/tok, 259 ms/pass, 1.81 tok/pass, accept p1 82 %
2026-10-07 04:18:35.472 INFO  sched: request 'chatcmpl-0ff27253a823d9cb' retired (steps): 256 tok in 38.1 s — prefill 31 tok (0 cached) in 1387 ms; decode 255 tok / 143 passes in 36.7 s: 6.9 tok/s, 144.0 ms/tok, 257 ms/pass, 1.78 tok/pass, accept p1 78 %
2026-10-07 04:18:35.492 INFO  sched: request 'chatcmpl-0ff27253a823d9cf' starting prefill in slot 0 (30 prompt tokens)
2026-10-07 04:18:35.492 INFO  sched: request 'chatcmpl-0ff27253a823d9d0' starting prefill in slot 1 (31 prompt tokens)
2026-10-07 04:18:35.492 INFO  sched: request 'chatcmpl-0ff27253a823d9d1' starting prefill in slot 2 (32 prompt tokens)
2026-10-07 04:18:35.492 INFO  sched: request 'chatcmpl-0ff27253a823d9d2' starting prefill in slot 3 (31 prompt tokens)
2026-10-07 04:18:35.492 INFO  sched: request 'chatcmpl-0ff27253a823d9d3' starting prefill in slot 4 (30 prompt tokens)
2026-10-07 04:18:35.492 INFO  sched: request 'chatcmpl-0ff27253a823d9d4' starting prefill in slot 5 (31 prompt tokens)
2026-10-07 04:18:35.492 INFO  sched: request 'chatcmpl-0ff27253a823d9d5' starting prefill in slot 6 (30 prompt tokens)
2026-10-07 04:18:35.493 INFO  sched: request 'chatcmpl-0ff27253a823d9d6' starting prefill in slot 7 (31 prompt tokens)
2026-10-07 04:18:36.889 INFO  sched: request 'chatcmpl-0ff27253a823d9cf' prefix cache miss — 3 cut(s), the cache is empty
2026-10-07 04:18:36.889 INFO  sched: request 'chatcmpl-0ff27253a823d9cf' admitted to slot 0 (reserve 3 blocks; pool 10/2048 blocks in use) — first token 785
2026-10-07 04:18:36.889 INFO  sched: request 'chatcmpl-0ff27253a823d9d0' prefix cache miss — 3 cut(s), the cache is empty
2026-10-07 04:18:36.889 INFO  sched: request 'chatcmpl-0ff27253a823d9d0' admitted to slot 1 (reserve 3 blocks; pool 12/2048 blocks in use) — first token 785
2026-10-07 04:18:36.889 INFO  sched: request 'chatcmpl-0ff27253a823d9d1' prefix cache miss — 3 cut(s), the cache is empty
2026-10-07 04:18:36.889 INFO  sched: request 'chatcmpl-0ff27253a823d9d1' admitted to slot 2 (reserve 3 blocks; pool 14/2048 blocks in use) — first token 785
2026-10-07 04:18:36.889 INFO  sched: request 'chatcmpl-0ff27253a823d9d2' prefix cache miss — 3 cut(s), the cache is empty
2026-10-07 04:18:36.889 INFO  sched: request 'chatcmpl-0ff27253a823d9d2' admitted to slot 3 (reserve 3 blocks; pool 16/2048 blocks in use) — first token 785
2026-10-07 04:18:36.889 INFO  sched: request 'chatcmpl-0ff27253a823d9d3' prefix cache miss — 3 cut(s), the cache is empty
2026-10-07 04:18:36.889 INFO  sched: request 'chatcmpl-0ff27253a823d9d3' admitted to slot 4 (reserve 3 blocks; pool 18/2048 blocks in use) — first token 785
2026-10-07 04:18:36.889 INFO  sched: request 'chatcmpl-0ff27253a823d9d4' prefix cache miss — 3 cut(s), the cache is empty
2026-10-07 04:18:36.889 INFO  sched: request 'chatcmpl-0ff27253a823d9d4' admitted to slot 5 (reserve 3 blocks; pool 20/2048 blocks in use) — first token 785
2026-10-07 04:18:36.889 INFO  sched: request 'chatcmpl-0ff27253a823d9d5' prefix cache miss — 3 cut(s), the cache is empty
2026-10-07 04:18:36.889 INFO  sched: request 'chatcmpl-0ff27253a823d9d5' admitted to slot 6 (reserve 3 blocks; pool 22/2048 blocks in use) — first token 785
2026-10-07 04:18:36.889 INFO  sched: request 'chatcmpl-0ff27253a823d9d6' prefix cache miss — 3 cut(s), the cache is empty
2026-10-07 04:18:36.889 INFO  sched: request 'chatcmpl-0ff27253a823d9d6' admitted to slot 7 (reserve 3 blocks; pool 24/2048 blocks in use) — first token 785
2026-10-07 04:18:36.889 INFO  sched: 8 requests admitted together in one prefill (1396 ms)
2026-10-07 04:18:41.892 INFO  stats: rank 3 | 10.2 s | decode 47.3 tok/s, 18.1 ms/tok, 235.6 ms/step (37 steps / 483 tok, 85 % of wall) | mtp 1.84 tok/step/req, accept p1 83 % | prefill 8 prompts / 246 tok, 24 tok/s, 5.68 ms/tok, 175 ms avg (14 % of wall), 0 tok cached (0/8 hits) | live 8, queued 0 | pool 24/2048 blocks (1 %) | prefix cache 0/4096 entries
2026-10-07 04:18:52.021 INFO  stats: rank 3 | 10.1 s | decode 57.1 tok/s, 17.5 ms/tok, 259.0 ms/step (39 steps / 578 tok, 100 % of wall) | mtp 1.85 tok/step/req, accept p1 85 % | prefill 0 prompts / 0 tok, 0 tok cached (0/0 hits) | live 8, queued 0 | pool 24/2048 blocks (1 %) | prefix cache 0/4096 entries
2026-10-07 04:19:02.126 INFO  stats: rank 3 | 10.1 s | decode 55.5 tok/s, 18.0 ms/tok, 265.1 ms/step (38 steps / 561 tok, 100 % of wall) | mtp 1.85 tok/step/req, accept p1 85 % | prefill 0 prompts / 0 tok, 0 tok cached (0/0 hits) | live 8, queued 0 | pool 24/2048 blocks (1 %) | prefix cache 0/4096 entries
2026-10-07 04:19:12.333 INFO  stats: rank 3 | 10.2 s | decode 54.9 tok/s, 18.2 ms/tok, 267.7 ms/step (38 steps / 560 tok, 100 % of wall) | mtp 1.84 tok/step/req, accept p1 84 % | prefill 0 prompts / 0 tok, 0 tok cached (0/0 hits) | live 8, queued 0 | pool 24/2048 blocks (1 %) | prefix cache 0/4096 entries
2026-10-07 04:19:12.608 INFO  sched: request 'chatcmpl-0ff27253a823d9cf' retired (steps): 256 tok in 37.1 s — prefill 30 tok (0 cached) in 1396 ms; decode 255 tok / 137 passes in 35.7 s: 7.1 tok/s, 140.1 ms/tok, 261 ms/pass, 1.86 tok/pass, accept p1 86 %
2026-10-07 04:19:12.608 INFO  sched: request 'chatcmpl-0ff27253a823d9d2' retired (steps): 256 tok in 37.1 s — prefill 31 tok (0 cached) in 1396 ms; decode 255 tok / 137 passes in 35.7 s: 7.1 tok/s, 140.1 ms/tok, 261 ms/pass, 1.86 tok/pass, accept p1 86 %
2026-10-07 04:19:12.608 INFO  sched: request 'chatcmpl-0ff27253a823d9d3' retired (steps): 256 tok in 37.1 s — prefill 30 tok (0 cached) in 1396 ms; decode 255 tok / 137 passes in 35.7 s: 7.1 tok/s, 140.1 ms/tok, 261 ms/pass, 1.86 tok/pass, accept p1 87 %
2026-10-07 04:19:12.608 INFO  sched: request 'chatcmpl-0ff27253a823d9d6' retired (steps): 256 tok in 37.1 s — prefill 31 tok (0 cached) in 1396 ms; decode 255 tok / 137 passes in 35.7 s: 7.1 tok/s, 140.1 ms/tok, 261 ms/pass, 1.86 tok/pass, accept p1 86 %
2026-10-07 04:19:12.868 INFO  sched: request 'chatcmpl-0ff27253a823d9d1' retired (steps): 256 tok in 37.4 s — prefill 32 tok (0 cached) in 1396 ms; decode 255 tok / 138 passes in 36.0 s: 7.1 tok/s, 141.1 ms/tok, 261 ms/pass, 1.85 tok/pass, accept p1 86 %
2026-10-07 04:19:13.331 INFO  sched: request 'chatcmpl-0ff27253a823d9d0' retired (steps): 256 tok in 37.8 s — prefill 31 tok (0 cached) in 1396 ms; decode 255 tok / 140 passes in 36.4 s: 7.0 tok/s, 142.9 ms/tok, 260 ms/pass, 1.82 tok/pass, accept p1 83 %
2026-10-07 04:19:13.331 INFO  sched: request 'chatcmpl-0ff27253a823d9d5' retired (steps): 256 tok in 37.8 s — prefill 30 tok (0 cached) in 1396 ms; decode 255 tok / 140 passes in 36.4 s: 7.0 tok/s, 142.9 ms/tok, 260 ms/pass, 1.82 tok/pass, accept p1 83 %
2026-10-07 04:19:13.529 INFO  sched: request 'chatcmpl-0ff27253a823d9d4' retired (steps): 256 tok in 38.0 s — prefill 31 tok (0 cached) in 1396 ms; decode 255 tok / 143 passes in 36.6 s: 7.0 tok/s, 143.7 ms/tok, 256 ms/pass, 1.78 tok/pass, accept p1 78 %
2026-10-07 04:19:13.690 INFO  sched: request 'chatcmpl-0ff27253a823d9d7' starting prefill in slot 0 (541 prompt tokens)
2026-10-07 04:19:14.838 INFO  sched: request 'chatcmpl-0ff27253a823d9d7' prefix cache miss — 3 cut(s), the cache is empty
2026-10-07 04:19:14.838 INFO  sched: request 'chatcmpl-0ff27253a823d9d7' admitted to slot 0 (reserve 5 blocks; pool 5/2048 blocks in use) — first token 785
2026-10-07 04:19:14.838 INFO  sched: request 'chatcmpl-0ff27253a823d9d7' retired (steps): 1 tok in 1.1 s — prefill 541 tok (0 cached) in 1148 ms; decode 0 tok / 0 passes in 0.0 s
2026-10-07 04:19:14.859 INFO  sched: request 'chatcmpl-0ff27253a823d9d8' starting prefill in slot 0 (2021 prompt tokens)
2026-10-07 04:19:18.979 INFO  sched: request 'chatcmpl-0ff27253a823d9d8' prefix cache miss — 3 cut(s), the cache is empty
2026-10-07 04:19:18.979 INFO  sched: request 'chatcmpl-0ff27253a823d9d8' admitted to slot 0 (reserve 16 blocks; pool 17/2048 blocks in use) — first token 785
2026-10-07 04:19:18.980 INFO  sched: request 'chatcmpl-0ff27253a823d9d8' retired (steps): 1 tok in 4.1 s — prefill 2021 tok (0 cached) in 4120 ms; decode 0 tok / 0 passes in 0.0 s
2026-10-07 04:19:18.990 INFO  sched: request 'chatcmpl-0ff27253a823d9d9' starting prefill in slot 0 (2054 prompt tokens)
2026-10-07 04:19:23.344 INFO  sched: request 'chatcmpl-0ff27253a823d9d9' prefix cache miss — 4 cut(s) probed against 2 entries; the nearest entry (position 2021) shares the first 37 of the prompt's 2054 tokens (the prompt differs from it from that token on)
2026-10-07 04:19:23.344 INFO  sched: request 'chatcmpl-0ff27253a823d9d9' admitted to slot 0 (reserve 17 blocks; pool 35/2048 blocks in use) — first token 785
2026-10-07 04:19:23.345 INFO  sched: request 'chatcmpl-0ff27253a823d9d9' retired (steps): 1 tok in 4.4 s — prefill 2054 tok (0 cached) in 4354 ms; decode 0 tok / 0 passes in 0.0 s
2026-10-07 04:19:23.345 INFO  stats: rank 3 | 11.0 s | decode 3.5 tok/s, 30.6 ms/tok, 166.2 ms/step (7 steps / 38 tok, 11 % of wall) | mtp 1.81 tok/step/req, accept p1 86 % | prefill 3 prompts / 4616 tok, 419 tok/s, 2.08 ms/tok, 3207 ms avg (87 % of wall), 0 tok cached (0/3 hits) | live 0, queued 0 | pool 35/2048 blocks (2 %) | prefix cache 4/4096 entries
2026-10-07 04:19:23.370 INFO  sched: request 'chatcmpl-0ff27253a823d9da' starting prefill in slot 0 (2029 prompt tokens)
2026-10-07 04:19:27.483 INFO  sched: request 'chatcmpl-0ff27253a823d9da' prefix cache miss — 3 cut(s) probed against 4 entries; the nearest entry (position 2054) shares the first 37 of the prompt's 2029 tokens (the prompt differs from it from that token on)
2026-10-07 04:19:27.483 INFO  sched: request 'chatcmpl-0ff27253a823d9da' admitted to slot 0 (reserve 16 blocks; pool 52/2048 blocks in use) — first token 785
2026-10-07 04:19:27.484 INFO  sched: request 'chatcmpl-0ff27253a823d9da' retired (steps): 1 tok in 4.1 s — prefill 2029 tok (0 cached) in 4113 ms; decode 0 tok / 0 passes in 0.0 s
2026-10-07 04:19:27.520 INFO  sched: request 'chatcmpl-0ff27253a823d9db' starting prefill in slot 0 (8002 prompt tokens)
2026-10-07 04:19:51.732 INFO  sched: request 'chatcmpl-0ff27253a823d9db' prefix cache miss — 6 cut(s) probed against 6 entries; the nearest entry (position 2054) shares the first 34 of the prompt's 8002 tokens (the prompt differs from it from that token on)
2026-10-07 04:19:51.732 INFO  sched: request 'chatcmpl-0ff27253a823d9db' admitted to slot 0 (reserve 63 blocks; pool 116/2048 blocks in use) — first token 785
2026-10-07 04:19:51.733 INFO  sched: request 'chatcmpl-0ff27253a823d9db' retired (steps): 1 tok in 24.2 s — prefill 8002 tok (0 cached) in 24211 ms; decode 0 tok / 0 passes in 0.0 s
2026-10-07 04:19:51.733 INFO  stats: rank 3 | 28.4 s | decode 0.1 tok/s, 0.0 ms/tok, 0.0 ms/step (0 steps / 2 tok, 0 % of wall) | prefill 2 prompts / 10031 tok, 353 tok/s, 2.82 ms/tok, 14162 ms avg (100 % of wall), 0 tok cached (0/2 hits) | live 0, queued 0 | pool 116/2048 blocks (6 %) | prefix cache 8/4096 entries
2026-10-07 04:19:51.748 INFO  sched: request 'chatcmpl-0ff27253a823d9dc' starting prefill in slot 0 (8052 prompt tokens)
2026-10-07 04:20:16.111 INFO  sched: request 'chatcmpl-0ff27253a823d9dc' prefix cache miss — 6 cut(s) probed against 8 entries; the nearest entry (position 8002) shares the first 38 of the prompt's 8052 tokens (the prompt differs from it from that token on)
2026-10-07 04:20:16.111 INFO  sched: request 'chatcmpl-0ff27253a823d9dc' admitted to slot 0 (reserve 63 blocks; pool 180/2048 blocks in use) — first token 785
2026-10-07 04:20:16.112 INFO  sched: request 'chatcmpl-0ff27253a823d9dc' retired (steps): 1 tok in 24.4 s — prefill 8052 tok (0 cached) in 24363 ms; decode 0 tok / 0 passes in 0.0 s
2026-10-07 04:20:16.112 INFO  stats: rank 3 | 24.4 s | decode 0.0 tok/s, 0.0 ms/tok, 0.0 ms/step (0 steps / 1 tok, 0 % of wall) | prefill 1 prompt / 8052 tok, 330 tok/s, 3.03 ms/tok, 24363 ms avg (100 % of wall), 0 tok cached (0/1 hit) | live 0, queued 0 | pool 180/2048 blocks (9 %) | prefix cache 10/4096 entries
2026-10-07 04:20:16.137 INFO  sched: request 'chatcmpl-0ff27253a823d9dd' starting prefill in slot 0 (8191 prompt tokens)
2026-10-07 04:20:40.894 INFO  sched: request 'chatcmpl-0ff27253a823d9dd' prefix cache miss — 6 cut(s) probed against 10 entries; the nearest entry (position 8052) shares the first 38 of the prompt's 8191 tokens (the prompt differs from it from that token on)
2026-10-07 04:20:40.894 INFO  sched: request 'chatcmpl-0ff27253a823d9dd' admitted to slot 0 (reserve 64 blocks; pool 245/2048 blocks in use) — first token 785
2026-10-07 04:20:40.895 INFO  sched: request 'chatcmpl-0ff27253a823d9dd' retired (steps): 1 tok in 24.8 s — prefill 8191 tok (0 cached) in 24757 ms; decode 0 tok / 0 passes in 0.0 s
2026-10-07 04:20:40.895 INFO  stats: rank 3 | 24.8 s | decode 0.0 tok/s, 0.0 ms/tok, 0.0 ms/step (0 steps / 1 tok, 0 % of wall) | prefill 1 prompt / 8191 tok, 331 tok/s, 3.02 ms/tok, 24757 ms avg (100 % of wall), 0 tok cached (0/1 hit) | live 0, queued 0 | pool 245/2048 blocks (12 %) | prefix cache 12/4096 entries
2026-10-07 04:20:40.935 INFO  sched: request 'chatcmpl-0ff27253a823d9de' starting prefill in slot 0 (32214 prompt tokens)
2026-10-07 04:22:29.014 INFO  sched: request 'chatcmpl-0ff27253a823d9de' prefix cache miss — 18 cut(s) probed against 12 entries; the nearest entry (position 8191) shares the first 34 of the prompt's 32214 tokens (the prompt differs from it from that token on)
2026-10-07 04:22:29.014 INFO  sched: request 'chatcmpl-0ff27253a823d9de' admitted to slot 0 (reserve 252 blocks; pool 498/2048 blocks in use) — first token 785
2026-10-07 04:22:29.015 INFO  sched: request 'chatcmpl-0ff27253a823d9de' retired (steps): 1 tok in 108.1 s — prefill 32214 tok (0 cached) in 108079 ms; decode 0 tok / 0 passes in 0.0 s
2026-10-07 04:22:29.015 INFO  stats: rank 3 | 108.1 s | decode 0.0 tok/s, 0.0 ms/tok, 0.0 ms/step (0 steps / 1 tok, 0 % of wall) | prefill 1 prompt / 32214 tok, 298 tok/s, 3.36 ms/tok, 108079 ms avg (100 % of wall), 0 tok cached (0/1 hit) | live 0, queued 0 | pool 498/2048 blocks (24 %) | prefix cache 15/4096 entries
2026-10-07 04:22:29.060 INFO  sched: request 'chatcmpl-0ff27253a823d9df' starting prefill in slot 0 (32248 prompt tokens)
2026-10-07 04:24:17.315 INFO  sched: request 'chatcmpl-0ff27253a823d9df' prefix cache miss — 18 cut(s) probed against 15 entries; the nearest entry (position 32214) shares the first 38 of the prompt's 32248 tokens (the prompt differs from it from that token on)
2026-10-07 04:24:17.315 INFO  sched: request 'chatcmpl-0ff27253a823d9df' admitted to slot 0 (reserve 252 blocks; pool 751/2048 blocks in use) — first token 785
2026-10-07 04:24:17.317 INFO  sched: request 'chatcmpl-0ff27253a823d9df' retired (steps): 1 tok in 108.3 s — prefill 32248 tok (0 cached) in 108256 ms; decode 0 tok / 0 passes in 0.0 s
2026-10-07 04:24:17.317 INFO  stats: rank 3 | 108.3 s | decode 0.0 tok/s, 0.0 ms/tok, 0.0 ms/step (0 steps / 1 tok, 0 % of wall) | prefill 1 prompt / 32248 tok, 298 tok/s, 3.36 ms/tok, 108256 ms avg (100 % of wall), 0 tok cached (0/1 hit) | live 0, queued 0 | pool 751/2048 blocks (37 %) | prefix cache 18/4096 entries
2026-10-07 04:24:17.349 INFO  sched: request 'chatcmpl-0ff27253a823d9e0' starting prefill in slot 0 (32208 prompt tokens)
2026-10-07 04:26:05.291 INFO  sched: request 'chatcmpl-0ff27253a823d9e0' prefix cache miss — 18 cut(s) probed against 18 entries; the nearest entry (position 32248) shares the first 38 of the prompt's 32208 tokens (the prompt differs from it from that token on)
2026-10-07 04:26:05.291 INFO  sched: request 'chatcmpl-0ff27253a823d9e0' admitted to slot 0 (reserve 252 blocks; pool 1004/2048 blocks in use) — first token 785
2026-10-07 04:26:05.292 INFO  sched: request 'chatcmpl-0ff27253a823d9e0' retired (steps): 1 tok in 107.9 s — prefill 32208 tok (0 cached) in 107942 ms; decode 0 tok / 0 passes in 0.0 s
2026-10-07 04:26:05.293 INFO  stats: rank 3 | 108.0 s | decode 0.0 tok/s, 0.0 ms/tok, 0.0 ms/step (0 steps / 1 tok, 0 % of wall) | prefill 1 prompt / 32208 tok, 298 tok/s, 3.35 ms/tok, 107942 ms avg (100 % of wall), 0 tok cached (0/1 hit) | live 0, queued 0 | pool 1004/2048 blocks (49 %) | prefix cache 21/4096 entries
2026-10-07 04:26:05.745 INFO  sched: request 'chatcmpl-0ff27253a823d9e1' starting prefill in slot 0 (99 prompt tokens)
2026-10-07 04:26:06.596 INFO  sched: request 'chatcmpl-0ff27253a823d9e1' prefix cache miss — 3 cut(s) probed against 21 entries; the nearest entry (position 32248) shares the first 10 of the prompt's 99 tokens (the prompt differs from it from that token on)
2026-10-07 04:26:06.596 INFO  sched: request 'chatcmpl-0ff27253a823d9e1' admitted to slot 0 (reserve 3 blocks; pool 1007/2048 blocks in use) — first token 785
2026-10-07 04:26:15.316 INFO  stats: rank 3 | 10.0 s | decode 25.1 tok/s, 34.2 ms/tok, 63.4 ms/step (136 steps / 252 tok, 86 % of wall) | mtp 1.85 tok/step/req, accept p1 85 % | prefill 1 prompt / 99 tok, 10 tok/s, 8.59 ms/tok, 851 ms avg (8 % of wall), 0 tok cached (0/1 hit) | live 1, queued 0 | pool 1007/2048 blocks (49 %) | prefix cache 21/4096 entries
2026-10-07 04:26:15.447 INFO  sched: request 'chatcmpl-0ff27253a823d9e1' retired (steps): 256 tok in 9.7 s — prefill 99 tok (0 cached) in 851 ms; decode 255 tok / 138 passes in 8.9 s: 28.8 tok/s, 34.7 ms/tok, 64 ms/pass, 1.85 tok/pass, accept p1 85 %
2026-10-07 04:26:15.467 INFO  sched: request 'chatcmpl-0ff27253a823d9e2' starting prefill in slot 0 (99 prompt tokens)
2026-10-07 04:26:16.312 INFO  sched: request 'chatcmpl-0ff27253a823d9e2' prefix cache miss — 3 cut(s) probed against 21 entries; the nearest entry (position 32248) shares the first 10 of the prompt's 99 tokens (the prompt differs from it from that token on)
2026-10-07 04:26:16.312 INFO  sched: request 'chatcmpl-0ff27253a823d9e2' admitted to slot 0 (reserve 3 blocks; pool 1007/2048 blocks in use) — first token 785
2026-10-07 04:26:25.172 INFO  sched: request 'chatcmpl-0ff27253a823d9e2' retired (steps): 256 tok in 9.7 s — prefill 99 tok (0 cached) in 845 ms; decode 255 tok / 138 passes in 8.9 s: 28.8 tok/s, 34.7 ms/tok, 64 ms/pass, 1.85 tok/pass, accept p1 85 %
2026-10-07 04:26:25.181 INFO  sched: request 'chatcmpl-0ff27253a823d9e3' starting prefill in slot 0 (99 prompt tokens)
2026-10-07 04:26:26.028 INFO  sched: request 'chatcmpl-0ff27253a823d9e3' prefix cache miss — 3 cut(s) probed against 21 entries; the nearest entry (position 32248) shares the first 10 of the prompt's 99 tokens (the prompt differs from it from that token on)
2026-10-07 04:26:26.028 INFO  sched: request 'chatcmpl-0ff27253a823d9e3' admitted to slot 0 (reserve 3 blocks; pool 1007/2048 blocks in use) — first token 785
2026-10-07 04:26:26.093 INFO  stats: rank 3 | 10.8 s | decode 24.4 tok/s, 34.1 ms/tok, 63.5 ms/step (141 steps / 263 tok, 83 % of wall) | mtp 1.87 tok/step/req, accept p1 85 % | prefill 2 prompts / 198 tok, 18 tok/s, 8.54 ms/tok, 846 ms avg (16 % of wall), 0 tok cached (0/2 hits) | live 1, queued 0 | pool 1007/2048 blocks (49 %) | prefix cache 21/4096 entries
2026-10-07 04:26:34.881 INFO  sched: request 'chatcmpl-0ff27253a823d9e3' retired (steps): 256 tok in 9.7 s — prefill 99 tok (0 cached) in 847 ms; decode 255 tok / 138 passes in 8.9 s: 28.8 tok/s, 34.7 ms/tok, 64 ms/pass, 1.85 tok/pass, accept p1 85 %
2026-10-07 04:26:35.693 INFO  sched: request 'chatcmpl-0ff27253a823d9e4' starting prefill in slot 0 (32234 prompt tokens)
2026-10-07 04:28:23.738 INFO  sched: request 'chatcmpl-0ff27253a823d9e4' prefix cache miss — 18 cut(s) probed against 21 entries; the nearest entry (position 32248) shares the first 10 of the prompt's 32234 tokens (the prompt differs from it from that token on)
2026-10-07 04:28:23.739 INFO  sched: request 'chatcmpl-0ff27253a823d9e4' admitted to slot 0 (reserve 254 blocks; pool 1259/2048 blocks in use) — first token 785
2026-10-07 04:28:23.816 INFO  stats: rank 3 | 117.7 s | decode 2.2 tok/s, 34.3 ms/tok, 63.5 ms/step (138 steps / 256 tok, 7 % of wall) | mtp 1.86 tok/step/req, accept p1 85 % | prefill 1 prompt / 32234 tok, 274 tok/s, 3.35 ms/tok, 108046 ms avg (92 % of wall), 0 tok cached (0/1 hit) | live 1, queued 0 | pool 1260/2048 blocks (62 %) | prefix cache 23/4096 entries
2026-10-07 04:28:33.886 INFO  stats: rank 3 | 10.1 s | decode 24.9 tok/s, 39.5 ms/tok, 78.1 ms/step (127 steps / 251 tok, 99 % of wall) | mtp 1.98 tok/step/req, accept p1 98 % | prefill 0 prompts / 0 tok, 0 tok cached (0/0 hits) | live 1, queued 0 | pool 1260/2048 blocks (62 %) | prefix cache 23/4096 entries
2026-10-07 04:28:33.970 INFO  sched: request 'chatcmpl-0ff27253a823d9e4' retired (steps): 256 tok in 118.3 s — prefill 32234 tok (0 cached) in 108046 ms; decode 255 tok / 129 passes in 10.2 s: 24.9 tok/s, 40.1 ms/tok, 79 ms/pass, 1.98 tok/pass, accept p1 98 %
2026-10-07 04:28:33.993 INFO  sched: request 'chatcmpl-0ff27253a823d9e5' starting prefill in slot 0 (32234 prompt tokens)
2026-10-07 04:28:34.147 INFO  sched: request 'chatcmpl-0ff27253a823d9e5' admitted to slot 0 (reserve 254 blocks; pool 1262/2048 blocks in use) — first token 785
2026-10-07 04:28:43.890 INFO  stats: rank 3 | 10.0 s | decode 24.6 tok/s, 39.3 ms/tok, 78.0 ms/step (124 steps / 246 tok, 97 % of wall) | mtp 1.98 tok/step/req, accept p1 98 % | prefill 1 prompt / 2 tok, 0 tok/s, 76.69 ms/tok, 153 ms avg (2 % of wall), 32232 tok cached (1/1 hit) | live 1, queued 0 | pool 1263/2048 blocks (62 %) | prefix cache 24/4096 entries
2026-10-07 04:28:44.372 INFO  sched: request 'chatcmpl-0ff27253a823d9e5' retired (steps): 256 tok in 10.4 s — prefill 32234 tok (32232 cached) in 153 ms; decode 255 tok / 129 passes in 10.2 s: 24.9 tok/s, 40.1 ms/tok, 79 ms/pass, 1.98 tok/pass, accept p1 98 %
2026-10-07 04:28:44.395 INFO  sched: request 'chatcmpl-0ff27253a823d9e6' starting prefill in slot 0 (32234 prompt tokens)
2026-10-07 04:28:44.545 INFO  sched: request 'chatcmpl-0ff27253a823d9e6' admitted to slot 0 (reserve 254 blocks; pool 1262/2048 blocks in use) — first token 785
2026-10-07 04:28:53.896 INFO  stats: rank 3 | 10.0 s | decode 24.6 tok/s, 39.3 ms/tok, 78.0 ms/step (124 steps / 246 tok, 97 % of wall) | mtp 1.98 tok/step/req, accept p1 98 % | prefill 1 prompt / 2 tok, 0 tok/s, 75.14 ms/tok, 150 ms avg (2 % of wall), 32232 tok cached (1/1 hit) | live 1, queued 0 | pool 1263/2048 blocks (62 %) | prefix cache 24/4096 entries
2026-10-07 04:28:54.773 INFO  sched: request 'chatcmpl-0ff27253a823d9e6' retired (steps): 256 tok in 10.4 s — prefill 32234 tok (32232 cached) in 150 ms; decode 255 tok / 129 passes in 10.2 s: 24.9 tok/s, 40.1 ms/tok, 79 ms/pass, 1.98 tok/pass, accept p1 98 %
2026-10-07 04:28:55.965 INFO  sched: request 'chatcmpl-0ff27253a823d9e7' starting prefill in slot 0 (65009 prompt tokens)
2026-10-07 04:32:45.981 INFO  sched: request 'chatcmpl-0ff27253a823d9e7' prefix cache miss — 34 cut(s) probed against 24 entries; the nearest entry (position 32489) shares the first 12 of the prompt's 65009 tokens (the prompt differs from it from that token on)
2026-10-07 04:32:45.982 INFO  sched: request 'chatcmpl-0ff27253a823d9e7' admitted to slot 0 (reserve 510 blocks; pool 1770/2048 blocks in use) — first token 785
2026-10-07 04:32:46.063 INFO  stats: rank 3 | 232.2 s | decode 0.1 tok/s, 37.5 ms/tok, 78.2 ms/step (12 steps / 25 tok, 0 % of wall) | mtp 2.08 tok/step/req, accept p1 100 % | prefill 1 prompt / 65009 tok, 280 tok/s, 3.54 ms/tok, 230017 ms avg (99 % of wall), 0 tok cached (0/1 hit) | live 1, queued 0 | pool 1771/2048 blocks (86 %) | prefix cache 26/4096 entries
2026-10-07 04:32:56.142 INFO  stats: rank 3 | 10.1 s | decode 23.6 tok/s, 41.7 ms/tok, 82.8 ms/step (120 steps / 238 tok, 99 % of wall) | mtp 1.98 tok/step/req, accept p1 98 % | prefill 0 prompts / 0 tok, 0 tok cached (0/0 hits) | live 1, queued 0 | pool 1771/2048 blocks (86 %) | prefix cache 26/4096 entries
2026-10-07 04:32:56.818 INFO  sched: request 'chatcmpl-0ff27253a823d9e7' retired (steps): 256 tok in 240.9 s — prefill 65009 tok (0 cached) in 230017 ms; decode 255 tok / 129 passes in 10.8 s: 23.5 tok/s, 42.5 ms/tok, 84 ms/pass, 1.98 tok/pass, accept p1 98 %
2026-10-07 04:32:56.861 INFO  sched: request 'chatcmpl-0ff27253a823d9e8' starting prefill in slot 0 (65009 prompt tokens)
2026-10-07 04:32:57.013 INFO  sched: request 'chatcmpl-0ff27253a823d9e8' admitted to slot 0 (reserve 510 blocks; pool 1773/2048 blocks in use) — first token 785
2026-10-07 04:33:06.151 INFO  stats: rank 3 | 10.0 s | decode 23.2 tok/s, 41.7 ms/tok, 82.6 ms/step (117 steps / 232 tok, 97 % of wall) | mtp 1.98 tok/step/req, accept p1 98 % | prefill 1 prompt / 2 tok, 0 tok/s, 76.42 ms/tok, 153 ms avg (2 % of wall), 65007 tok cached (1/1 hit) | live 1, queued 0 | pool 1774/2048 blocks (87 %) | prefix cache 27/4096 entries
2026-10-07 04:33:07.843 INFO  sched: request 'chatcmpl-0ff27253a823d9e8' retired (steps): 256 tok in 11.0 s — prefill 65009 tok (65007 cached) in 153 ms; decode 255 tok / 129 passes in 10.8 s: 23.5 tok/s, 42.5 ms/tok, 84 ms/pass, 1.98 tok/pass, accept p1 98 %
2026-10-07 04:33:07.889 INFO  sched: request 'chatcmpl-0ff27253a823d9e9' starting prefill in slot 0 (65009 prompt tokens)
2026-10-07 04:33:08.041 INFO  sched: request 'chatcmpl-0ff27253a823d9e9' admitted to slot 0 (reserve 510 blocks; pool 1773/2048 blocks in use) — first token 785
2026-10-07 04:33:16.170 INFO  stats: rank 3 | 10.0 s | decode 23.2 tok/s, 41.7 ms/tok, 82.7 ms/step (117 steps / 232 tok, 97 % of wall) | mtp 1.98 tok/step/req, accept p1 98 % | prefill 1 prompt / 2 tok, 0 tok/s, 76.40 ms/tok, 153 ms avg (2 % of wall), 65007 tok cached (1/1 hit) | live 1, queued 0 | pool 1774/2048 blocks (87 %) | prefix cache 27/4096 entries
2026-10-07 04:33:18.880 INFO  sched: request 'chatcmpl-0ff27253a823d9e9' retired (steps): 256 tok in 11.0 s — prefill 65009 tok (65007 cached) in 153 ms; decode 255 tok / 129 passes in 10.8 s: 23.5 tok/s, 42.5 ms/tok, 84 ms/pass, 1.98 tok/pass, accept p1 98 %
2026-10-07 04:33:21.057 INFO  sched: request 'chatcmpl-0ff27253a823d9ea' starting prefill in slot 0 (130537 prompt tokens)
2026-10-07 04:41:48.814 INFO  sched: request 'chatcmpl-0ff27253a823d9ea' prefix cache miss — 66 cut(s) probed against 9 entries; the nearest entry (position 65263) shares the first 12 of the prompt's 130537 tokens (the prompt differs from it from that token on)
2026-10-07 04:41:48.816 INFO  sched: request 'chatcmpl-0ff27253a823d9ea' admitted to slot 0 (reserve 1022 blocks; pool 2042/2048 blocks in use) — first token 785
2026-10-07 04:41:48.907 INFO  stats: rank 3 | 512.7 s | decode 0.1 tok/s, 41.7 ms/tok, 83.5 ms/step (33 steps / 66 tok, 1 % of wall) | mtp 2.00 tok/step/req, accept p1 100 % | prefill 1 prompt / 130537 tok, 255 tok/s, 3.89 ms/tok, 507759 ms avg (99 % of wall), 0 tok cached (0/1 hit) | live 1, queued 0 | pool 2043/2048 blocks (100 %) | prefix cache 11/4096 entries
2026-10-07 04:41:58.992 INFO  stats: rank 3 | 10.1 s | decode 21.2 tok/s, 46.5 ms/tok, 92.2 ms/step (108 steps / 214 tok, 99 % of wall) | mtp 1.98 tok/step/req, accept p1 98 % | prefill 0 prompts / 0 tok, 0 tok cached (0/0 hits) | live 1, queued 0 | pool 2043/2048 blocks (100 %) | prefix cache 11/4096 entries
2026-10-07 04:42:00.869 INFO  sched: request 'chatcmpl-0ff27253a823d9ea' retired (steps): 256 tok in 519.8 s — prefill 130537 tok (0 cached) in 507759 ms; decode 255 tok / 129 passes in 12.1 s: 21.2 tok/s, 47.3 ms/tok, 93 ms/pass, 1.98 tok/pass, accept p1 98 %
2026-10-07 04:42:00.918 INFO  sched: request 'chatcmpl-0ff27253a823d9eb' starting prefill in slot 0 (130537 prompt tokens)
2026-10-07 04:42:01.076 INFO  sched: request 'chatcmpl-0ff27253a823d9eb' admitted to slot 0 (reserve 1022 blocks; pool 2045/2048 blocks in use) — first token 785
2026-10-07 04:42:09.002 INFO  stats: rank 3 | 10.0 s | decode 20.8 tok/s, 46.5 ms/tok, 92.1 ms/step (105 steps / 208 tok, 97 % of wall) | mtp 1.98 tok/step/req, accept p1 98 % | prefill 1 prompt / 2 tok, 0 tok/s, 79.16 ms/tok, 158 ms avg (2 % of wall), 130535 tok cached (1/1 hit) | live 1, queued 0 | pool 2046/2048 blocks (100 %) | prefix cache 12/4096 entries
2026-10-07 04:42:13.127 INFO  sched: request 'chatcmpl-0ff27253a823d9eb' retired (steps): 256 tok in 12.2 s — prefill 130537 tok (130535 cached) in 158 ms; decode 255 tok / 129 passes in 12.1 s: 21.2 tok/s, 47.3 ms/tok, 93 ms/pass, 1.98 tok/pass, accept p1 98 %
2026-10-07 04:42:13.175 INFO  sched: request 'chatcmpl-0ff27253a823d9ec' starting prefill in slot 0 (130537 prompt tokens)
2026-10-07 04:42:13.335 INFO  sched: request 'chatcmpl-0ff27253a823d9ec' admitted to slot 0 (reserve 1022 blocks; pool 2045/2048 blocks in use) — first token 785
2026-10-07 04:42:19.080 INFO  stats: rank 3 | 10.1 s | decode 20.8 tok/s, 46.4 ms/tok, 91.9 ms/step (106 steps / 210 tok, 97 % of wall) | mtp 1.98 tok/step/req, accept p1 98 % | prefill 1 prompt / 2 tok, 0 tok/s, 79.77 ms/tok, 160 ms avg (2 % of wall), 130535 tok cached (1/1 hit) | live 1, queued 0 | pool 2046/2048 blocks (100 %) | prefix cache 12/4096 entries
2026-10-07 04:42:25.361 INFO  sched: request 'chatcmpl-0ff27253a823d9ec' retired (steps): 256 tok in 12.2 s — prefill 130537 tok (130535 cached) in 160 ms; decode 255 tok / 129 passes in 12.0 s: 21.2 tok/s, 47.2 ms/tok, 93 ms/pass, 1.98 tok/pass, accept p1 98 %
2026-10-07 04:42:29.083 INFO  stats: rank 3 | 10.0 s | decode 13.3 tok/s, 46.5 ms/tok, 92.4 ms/step (67 steps / 133 tok, 62 % of wall) | mtp 1.99 tok/step/req, accept p1 100 % | prefill 0 prompts / 0 tok, 0 tok cached (0/0 hits) | live 0, queued 0 | pool 2042/2048 blocks (100 %) | prefix cache 12/4096 entries
2026-10-07 04:42:29.569 INFO  sched: request 'chatcmpl-0ff27253a823d9ed' starting prefill in slot 0 (261630 prompt tokens)
2026-10-07 05:02:17.280 INFO  sched: request 'chatcmpl-0ff27253a823d9ed' prefix cache miss — 130 cut(s), the cache is empty
2026-10-07 05:02:17.283 INFO  sched: request 'chatcmpl-0ff27253a823d9ed' admitted to slot 0 (reserve 2046 blocks; pool 2047/2048 blocks in use) — first token 785
2026-10-07 05:02:17.389 INFO  stats: rank 3 | 1188.3 s | decode 0.0 tok/s, 35.1 ms/tok, 105.2 ms/step (1 step / 3 tok, 0 % of wall) | mtp 3.00 tok/step/req, accept p1 100 % | prefill 1 prompt / 261630 tok, 220 tok/s, 4.54 ms/tok, 1187714 ms avg (100 % of wall), 0 tok cached (0/1 hit) | live 1, queued 0 | pool 2048/2048 blocks (100 %) | prefix cache 2/4096 entries
2026-10-07 05:02:27.442 INFO  stats: rank 3 | 10.1 s | decode 17.5 tok/s, 56.5 ms/tok, 110.5 ms/step (90 steps / 176 tok, 99 % of wall) | mtp 1.96 tok/step/req, accept p1 96 % | prefill 0 prompts / 0 tok, 0 tok cached (0/0 hits) | live 1, queued 0 | pool 2048/2048 blocks (100 %) | prefix cache 2/4096 entries
2026-10-07 05:02:31.822 INFO  sched: request 'chatcmpl-0ff27253a823d9ed' retired (steps): 256 tok in 1202.3 s — prefill 261630 tok (0 cached) in 1187714 ms; decode 255 tok / 130 passes in 14.5 s: 17.5 tok/s, 57.0 ms/tok, 112 ms/pass, 1.96 tok/pass, accept p1 97 %
2026-10-07 05:02:31.902 INFO  sched: request 'chatcmpl-0ff27253a823d9ee' starting prefill in slot 0 (261630 prompt tokens)
2026-10-07 05:02:32.072 INFO  sched: request 'chatcmpl-0ff27253a823d9ee' admitted to slot 0 (reserve 2046 blocks; pool 2047/2048 blocks in use) — first token 785
2026-10-07 05:02:37.517 INFO  stats: rank 3 | 10.1 s | decode 17.1 tok/s, 56.5 ms/tok, 110.4 ms/step (88 steps / 172 tok, 96 % of wall) | mtp 1.95 tok/step/req, accept p1 95 % | prefill 1 prompt / 2 tok, 0 tok/s, 84.77 ms/tok, 170 ms avg (2 % of wall), 261628 tok cached (1/1 hit) | live 1, queued 0 | pool 2048/2048 blocks (100 %) | prefix cache 1/4096 entries
2026-10-07 05:02:46.618 INFO  sched: request 'chatcmpl-0ff27253a823d9ee' retired (steps): 256 tok in 14.7 s — prefill 261630 tok (261628 cached) in 170 ms; decode 255 tok / 130 passes in 14.5 s: 17.5 tok/s, 57.0 ms/tok, 112 ms/pass, 1.96 tok/pass, accept p1 97 %
2026-10-07 05:02:46.683 INFO  sched: request 'chatcmpl-0ff27253a823d9ef' starting prefill in slot 0 (261630 prompt tokens)
2026-10-07 05:02:46.853 INFO  sched: request 'chatcmpl-0ff27253a823d9ef' admitted to slot 0 (reserve 2046 blocks; pool 2047/2048 blocks in use) — first token 785
2026-10-07 05:02:47.619 INFO  stats: rank 3 | 10.1 s | decode 17.4 tok/s, 55.4 ms/tok, 110.8 ms/step (88 steps / 176 tok, 97 % of wall) | mtp 2.00 tok/step/req, accept p1 100 % | prefill 1 prompt / 2 tok, 0 tok/s, 84.93 ms/tok, 170 ms avg (2 % of wall), 261628 tok cached (1/1 hit) | live 1, queued 0 | pool 2048/2048 blocks (100 %) | prefix cache 1/4096 entries
2026-10-07 05:02:57.679 INFO  stats: rank 3 | 10.1 s | decode 17.5 tok/s, 56.6 ms/tok, 110.6 ms/step (90 steps / 176 tok, 99 % of wall) | mtp 1.96 tok/step/req, accept p1 96 % | prefill 0 prompts / 0 tok, 0 tok cached (0/0 hits) | live 1, queued 0 | pool 2048/2048 blocks (100 %) | prefix cache 1/4096 entries
2026-10-07 05:03:01.392 INFO  sched: request 'chatcmpl-0ff27253a823d9ef' retired (steps): 256 tok in 14.7 s — prefill 261630 tok (261628 cached) in 170 ms; decode 255 tok / 130 passes in 14.5 s: 17.5 tok/s, 57.0 ms/tok, 112 ms/pass, 1.96 tok/pass, accept p1 97 %
2026-10-07 05:03:03.028 INFO  journal: stop record — exiting
2026-10-07 05:03:03.105 INFO  rank 3: graph engine sampling summary — 0 sampled decode steps, 0 served by the exact gather fallback (0.0%), 128 candidates per rank
2026-10-07 05:03:04.297 INFO  rank 3: exited cleanly
