2026-10-02 20:53:49.665 INFO  dgpp-serve 0.1.0+g904f76c8519a.dirty (git 904f76c8519a)
2026-10-02 20:53:49.665 INFO  config /home/stephen/workspace/dgpp/benchmarks/results/2026-10-01-deepseek-v4-flash/raw/dsv4-w2/quality/default/server/cluster.resolved.json: model deepseek-ai/DeepSeek-V4-Flash-0731, world 2, rank 0, http :18080, fabric :29970, journal :29971
2026-10-02 20:53:49.665 INFO  model deepseek-ai/DeepSeek-V4-Flash-0731 -> /home/stephen/.cache/huggingface/hub/models--deepseek-ai--DeepSeek-V4-Flash-0731/snapshots/7872f01b1d1fe23eabc4c98b48bffcef5a386062
2026-10-02 20:53:49.665 INFO  journal: listening on :29971 for 1 peer(s)
2026-10-02 20:53:51.998 INFO  journal: rank 1 connected (1/1, 119999ms left in window)
2026-10-02 20:53:51.998 INFO  journal: world complete (1 peer connection(s))
2026-10-02 20:53:51.998 INFO  journal: settings pushed to 1 peer(s): model=deepseek-ai/DeepSeek-V4-Flash-0731 world=2 fabric=29970 journal=29971 conc=4 kv=1048576 kvdt=bf16 ngt=resident dw=checkpoint mtpef=fp8 bfw=checkpoint fp8head=gemv pf=bounded emsh=replicated maxtok=32768 queue=8 eos=1 graph=1 compact=0 mtp=1 mtpd=5 mss=1 msrow=7.2 msbase=31.2 mslam=0 msmin=1 msad=1 msss=0.93 mdr=auto batchmin=2 cand=128 pcgib=8 adm=full win=256 pfbudget=-1 pfidle=0 pmin=1024 phead=1 pace=-1 inflight=-1 reasoning_in_content=0 rs=off
2026-10-02 20:53:51.998 INFO  serve: SSE ping interval 30 s (-1 disables)
2026-10-02 20:53:51.998 INFO  config: model=deepseek-ai/DeepSeek-V4-Flash-0731 world=2 fabric=29970 journal=29971 conc=4 kv=1048576 kvdt=bf16 ngt=resident dw=checkpoint mtpef=fp8 bfw=checkpoint fp8head=gemv pf=bounded emsh=replicated maxtok=32768 queue=8 eos=1 graph=1 compact=0 mtp=1 mtpd=5 mss=1 msrow=7.2 msbase=31.2 mslam=0 msmin=1 msad=1 msss=0.93 mdr=auto batchmin=2 cand=128 pcgib=8 adm=full win=256 pfbudget=-1 pfidle=0 pmin=1024 phead=1 pace=-1 inflight=-1 reasoning_in_content=0 rs=off (digest 9aff765b11395c7a)
2026-10-02 20:53:52.120 INFO  serve: model family deepseek_v4 (/home/stephen/.cache/huggingface/hub/models--deepseek-ai--DeepSeek-V4-Flash-0731/snapshots/7872f01b1d1fe23eabc4c98b48bffcef5a386062)
2026-10-02 20:53:52.120 INFO  serve: decode rows 24 (4 slot(s) x 6 row(s) per request, floor 8, the deepseek_v4 family's cap 32)
2026-10-02 20:53:52.120 WARN  generation config /home/stephen/.cache/huggingface/hub/models--deepseek-ai--DeepSeek-V4-Flash-0731/snapshots/7872f01b1d1fe23eabc4c98b48bffcef5a386062/generation_config.json omits top_k, min_p, repetition_penalty; using greedy-safe/neutral fallbacks for those fields
2026-10-02 20:53:52.120 INFO  generation defaults: temperature=1 top_p=1 top_k=0 min_p=0 repetition_penalty=1
2026-10-02 20:53:52.120 INFO  serve: sampling defaults temperature 1 top_p 1 top_k 0 min_p 0 repetition_penalty 1 (from generation_config.json; overrides: none)
2026-10-02 20:53:52.120 INFO  serve: request context limit 1048576 tokens (the 1048576-token K/V pool from engine.kv_capacity 1048576; this family states no positional ceiling of its own)
2026-10-02 20:53:52.120 INFO  rank 0: prefix cache plan — 8 GiB budget, 782 slots of 10.469 MiB, 7.995 GiB allocated; cached K/V blocks share the 1048576-token pool
2026-10-02 20:53:52.180 INFO  tokenizer: loaded vocab 128000 merges 127741 added 1283 (revision 0x26a12b8da63e89c8; deepseek-v4.1 pattern, no normalizer, ignore_merges false)
2026-10-02 20:53:52.271 INFO  serve: grammar vocabulary built (129280 ids, tool markers present, call-turn EOS 1)
2026-10-02 20:53:52.358 INFO  serve: JSON grammar tables built in 0.09 s
2026-10-02 20:53:53.042 INFO  bus: globaltimer offset 12420527220 ns (+-2 us)
2026-10-02 20:53:53.057 INFO  verbs: device roceP2p1s0f0 port 1 gid_index 3
2026-10-02 20:53:53.069 INFO  verbs: device rocep1s0f0 port 1 gid_index 3
2026-10-02 20:53:53.098 INFO  bus: rank 0 rendezvous listening on port 29970
2026-10-02 20:53:53.146 INFO  bus: rank 0 up — 1 peer(s) x 2 lane(s), lat 8x196608B, bulk 8x262144B, bulk pace 85.0 Gb/s per QP, window 4 per lane
2026-10-02 20:53:53.146 INFO  rank 0: boundary reducer stream-ordered (the folds launch on the model stream)
2026-10-02 20:53:53.285 INFO  rank 0: process memory locked (mlockall MCL_CURRENT, 14463 MiB)
2026-10-02 20:53:53.285 INFO  rank 0: resident image cache at /home/stephen/.cache/dgpp/resident
2026-10-02 20:53:53.285 INFO  bus engine: rank 0 pinned to cpu 19
2026-10-02 20:53:53.320 INFO  rank 0: memory plan for a 1048576-token context — model weights (resident) 78.84 GiB; gemm workspace (at least) 0.06 GiB; attention cache pool (every compressing layer's bf16 KV, the ratio-4 index keys, the window and compressor rings) 6.21 GiB; attention scratch (projections, selection, attention, the prefill dot tiles) 0.88 GiB; activations (session core, the four residual streams, block io, mHC coefficients, route staging) 0.53 GiB (0.01 GiB pinned); draft head screen (a block-FP8 copy of the lm head slice) 0.25 GiB; moe scratch (routed slots, shared expert, graph tables) 0.90 GiB (0.01 GiB pinned); prefix cache 7.99 GiB; engine 0.08 GiB
2026-10-02 20:53:53.320 INFO  rank 0: memory plan total 95.75 GiB (87.65 GiB device + 8.10 GiB pinned) + 4.00 GiB headroom against 115.74 GiB free (device free 104.93 GiB of 121.63 GiB, host available 115.74 GiB)
2026-10-02 20:53:53.320 INFO  memory ledger: rank 0 after the plan check — rss 1.20 GiB (anon 0.34, shmem 0.19, file 0.67; locked 14.12); device free 104.93 GiB, node available 115.74 GiB
2026-10-02 20:53:53.321 INFO  memory ledger: rank 0 after the bus — rss 1.20 GiB (anon 0.34, shmem 0.19, file 0.67; locked 14.12); device free 104.93 GiB, node available 115.74 GiB
2026-10-02 20:53:53.321 INFO  l2 prefetch: on, window budget 12 MiB, boundary rate light, layer rate light
2026-10-02 20:53:53.487 INFO  dsv4 loader: rank 0 resident footprint 78.8 GiB; device free 104.9 of 121.6 GiB, host available 115.7 GiB
2026-10-02 20:53:54.270 INFO  dsv4 loader: rank 0 resident image /home/stephen/.cache/dgpp/resident/5c67fe8d85a3cf87.img — 46/46 layers present, direct I/O
2026-10-02 20:53:54.275 INFO  memory ledger: dsv4: loader opened — rss 3.05 GiB (anon 0.40, shmem 1.98, file 0.68; locked 14.12); device free 101.56 GiB, node available 112.36 GiB
2026-10-02 20:54:14.488 INFO  dsv4 loader: rank 0 resident load complete — released 48 shard mappings (155.4 GiB) and evicted their page cache, freed the 1.79 GiB pinned staging mirror; image: 46 layers restored, 0 captured
2026-10-02 20:54:14.503 INFO  memory ledger: dsv4: layers resident, sources released — rss 1.26 GiB (anon 0.40, shmem 0.19, file 0.67; locked 14.12); device free 24.72 GiB, node available 35.52 GiB
2026-10-02 20:54:14.777 INFO  memory ledger: dsv4: pool and scratch — rss 1.26 GiB (anon 0.40, shmem 0.20, file 0.67; locked 14.12); device free 17.45 GiB, node available 28.25 GiB
2026-10-02 20:54:15.596 INFO  memory ledger: dsv4: model ready — rss 1.26 GiB (anon 0.38, shmem 0.21, file 0.67; locked 14.11); device free 16.07 GiB, node available 26.86 GiB
2026-10-02 20:54:15.596 INFO  memory ledger: rank 0 after the model — rss 1.26 GiB (anon 0.38, shmem 0.21, file 0.67; locked 14.11); device free 16.07 GiB, node available 26.86 GiB
2026-10-02 20:54:15.596 INFO  rank 0: model constructed in 22.3s (resident, 4 request slots, 1048576-token pool in bf16 rows (act_quant 448 + rotated 64), 4096-row forwards)
2026-10-02 20:54:15.596 INFO  rank 0: prefix cache on — 780 snapshot slot(s) of 10.5 MiB (8.00 GiB asked)
2026-10-02 20:54:15.877 INFO  rank 0: graph engine samples on the device — 128 candidates per rank (24 rows x 2 ranks in a 196608-byte latency slot; the planned width is 128); constrained decoding available
2026-10-02 20:54:15.877 INFO  rank 0: prefill budget 256 tokens/tick (0 = full prompt), 4096 with nothing decoding; in-flight prompts share one walk
2026-10-02 20:54:15.877 INFO  rank 0: sampled requests draft the draft's argmax, accepted with probability P(draft) (engine.mtp_draft auto)
2026-10-02 20:54:15.877 INFO  rank 0: scheduled verify depth on — options [1,2,3,4,5] of the 5-draft block (threshold: prefix survival > 0.187 = 0.0260 tok/ms x 7.20 ms/row; lambda adaptive over base 31.2 + rows x row ms, floored there), greedy slots, and sampled slots at 0.93 of the head's acceptance; the confidence is the model's confidence head
2026-10-02 20:54:15.878 INFO  memory ledger: rank 0 after the graph engine — rss 1.26 GiB (anon 0.38, shmem 0.22, file 0.67; locked 14.11); device free 8.86 GiB, node available 19.49 GiB
2026-10-02 20:54:16.311 INFO  allreduce: device clock rate 2418000 kHz (stamps conversion)
2026-10-02 20:54:16.333 INFO  bus graph era: variant 0 recorded with 98 collective node(s)
2026-10-02 20:54:16.333 INFO  rank 0: graph variant 0 shape: 2699 nodes, 3285 edges: kernel 2699 empty 0 memcpy 0 memset 0 host 0 event 0 other 0; max in-degree 2
2026-10-02 20:54:16.353 INFO  rank 0: graph variant 0 instantiated — 128.5 MiB of device memory (7.5 GiB free)
2026-10-02 20:54:16.355 INFO  bus graph era: variant 1 recorded with 98 collective node(s)
2026-10-02 20:54:16.355 INFO  rank 0: graph variant 1 shape: 2699 nodes, 3285 edges: kernel 2699 empty 0 memcpy 0 memset 0 host 0 event 0 other 0; max in-degree 2
2026-10-02 20:54:16.367 INFO  rank 0: graph variant 1 instantiated — 59.0 MiB of device memory (7.4 GiB free)
2026-10-02 20:54:16.367 INFO  rank 0: serving scalar graph variants 0/1 captured for request slot 0 (6 rows, MTP)
2026-10-02 20:54:16.369 INFO  bus graph era: variant 14 recorded with 98 collective node(s)
2026-10-02 20:54:16.369 INFO  rank 0: graph variant 14 shape: 2699 nodes, 3285 edges: kernel 2699 empty 0 memcpy 0 memset 0 host 0 event 0 other 0; max in-degree 2
2026-10-02 20:54:16.381 INFO  rank 0: graph variant 14 instantiated — 59.0 MiB of device memory (7.4 GiB free)
2026-10-02 20:54:16.383 INFO  bus graph era: variant 15 recorded with 98 collective node(s)
2026-10-02 20:54:16.383 INFO  rank 0: graph variant 15 shape: 2699 nodes, 3285 edges: kernel 2699 empty 0 memcpy 0 memset 0 host 0 event 0 other 0; max in-degree 2
2026-10-02 20:54:16.395 INFO  rank 0: graph variant 15 instantiated — 56.1 MiB of device memory (7.3 GiB free)
2026-10-02 20:54:16.395 INFO  rank 0: serving reduced-depth graph variants 14/15 captured for request slot 0 (2 rows: 1 of the 5 drafts)
2026-10-02 20:54:16.397 INFO  bus graph era: variant 16 recorded with 98 collective node(s)
2026-10-02 20:54:16.397 INFO  rank 0: graph variant 16 shape: 2699 nodes, 3285 edges: kernel 2699 empty 0 memcpy 0 memset 0 host 0 event 0 other 0; max in-degree 2
2026-10-02 20:54:16.409 INFO  rank 0: graph variant 16 instantiated — 59.1 MiB of device memory (7.2 GiB free)
2026-10-02 20:54:16.411 INFO  bus graph era: variant 17 recorded with 98 collective node(s)
2026-10-02 20:54:16.411 INFO  rank 0: graph variant 17 shape: 2699 nodes, 3285 edges: kernel 2699 empty 0 memcpy 0 memset 0 host 0 event 0 other 0; max in-degree 2
2026-10-02 20:54:16.424 INFO  rank 0: graph variant 17 instantiated — 58.7 MiB of device memory (7.2 GiB free)
2026-10-02 20:54:16.424 INFO  rank 0: serving reduced-depth graph variants 16/17 captured for request slot 0 (3 rows: 2 of the 5 drafts)
2026-10-02 20:54:16.426 INFO  bus graph era: variant 18 recorded with 98 collective node(s)
2026-10-02 20:54:16.426 INFO  rank 0: graph variant 18 shape: 2699 nodes, 3285 edges: kernel 2699 empty 0 memcpy 0 memset 0 host 0 event 0 other 0; max in-degree 2
2026-10-02 20:54:16.438 INFO  rank 0: graph variant 18 instantiated — 63.9 MiB of device memory (7.1 GiB free)
2026-10-02 20:54:16.440 INFO  bus graph era: variant 19 recorded with 98 collective node(s)
2026-10-02 20:54:16.440 INFO  rank 0: graph variant 19 shape: 2699 nodes, 3285 edges: kernel 2699 empty 0 memcpy 0 memset 0 host 0 event 0 other 0; max in-degree 2
2026-10-02 20:54:16.456 INFO  rank 0: graph variant 19 instantiated — 61.7 MiB of device memory (7.1 GiB free)
2026-10-02 20:54:16.456 INFO  rank 0: serving reduced-depth graph variants 18/19 captured for request slot 0 (4 rows: 3 of the 5 drafts)
2026-10-02 20:54:16.458 INFO  bus graph era: variant 20 recorded with 98 collective node(s)
2026-10-02 20:54:16.458 INFO  rank 0: graph variant 20 shape: 2699 nodes, 3285 edges: kernel 2699 empty 0 memcpy 0 memset 0 host 0 event 0 other 0; max in-degree 2
2026-10-02 20:54:16.472 INFO  rank 0: graph variant 20 instantiated — 59.0 MiB of device memory (7.0 GiB free)
2026-10-02 20:54:16.473 INFO  bus graph era: variant 21 recorded with 98 collective node(s)
2026-10-02 20:54:16.474 INFO  rank 0: graph variant 21 shape: 2699 nodes, 3285 edges: kernel 2699 empty 0 memcpy 0 memset 0 host 0 event 0 other 0; max in-degree 2
2026-10-02 20:54:16.486 INFO  rank 0: graph variant 21 instantiated — 56.0 MiB of device memory (7.0 GiB free)
2026-10-02 20:54:16.486 INFO  rank 0: serving reduced-depth graph variants 20/21 captured for request slot 0 (5 rows: 4 of the 5 drafts)
2026-10-02 20:54:16.488 INFO  bus graph era: variant 8 recorded with 98 collective node(s)
2026-10-02 20:54:16.488 INFO  rank 0: graph variant 8 shape: 2743 nodes, 3329 edges: kernel 2743 empty 0 memcpy 0 memset 0 host 0 event 0 other 0; max in-degree 2
2026-10-02 20:54:16.501 INFO  rank 0: graph variant 8 instantiated — 56.9 MiB of device memory (6.9 GiB free)
2026-10-02 20:54:16.503 INFO  bus graph era: variant 9 recorded with 98 collective node(s)
2026-10-02 20:54:16.503 INFO  rank 0: graph variant 9 shape: 2743 nodes, 3329 edges: kernel 2743 empty 0 memcpy 0 memset 0 host 0 event 0 other 0; max in-degree 2
2026-10-02 20:54:16.517 INFO  rank 0: graph variant 9 instantiated — 61.3 MiB of device memory (6.8 GiB free)
2026-10-02 20:54:16.517 INFO  rank 0: serving row-batched graph variants 8/9 captured for 2 slots x 6 rows = 12 fixed rows, MTP (a batch is selected at 2+ live requests, the smallest that covers the live slots)
2026-10-02 20:54:16.519 INFO  bus graph era: variant 46 recorded with 98 collective node(s)
2026-10-02 20:54:16.519 INFO  rank 0: graph variant 46 shape: 2702 nodes, 3288 edges: kernel 2702 empty 0 memcpy 0 memset 0 host 0 event 0 other 0; max in-degree 2
2026-10-02 20:54:16.532 INFO  rank 0: graph variant 46 instantiated — 55.9 MiB of device memory (6.8 GiB free)
2026-10-02 20:54:16.533 INFO  bus graph era: variant 47 recorded with 98 collective node(s)
2026-10-02 20:54:16.534 INFO  rank 0: graph variant 47 shape: 2702 nodes, 3288 edges: kernel 2702 empty 0 memcpy 0 memset 0 host 0 event 0 other 0; max in-degree 2
2026-10-02 20:54:16.547 INFO  rank 0: graph variant 47 instantiated — 59.5 MiB of device memory (6.7 GiB free)
2026-10-02 20:54:16.547 INFO  rank 0: serving reduced-depth row-batched graph variants 46/47 captured for 2 slots x 2 rows (1 of the 5 drafts)
2026-10-02 20:54:16.549 INFO  bus graph era: variant 48 recorded with 98 collective node(s)
2026-10-02 20:54:16.549 INFO  rank 0: graph variant 48 shape: 2702 nodes, 3288 edges: kernel 2702 empty 0 memcpy 0 memset 0 host 0 event 0 other 0; max in-degree 2
2026-10-02 20:54:16.563 INFO  rank 0: graph variant 48 instantiated — 61.3 MiB of device memory (6.7 GiB free)
2026-10-02 20:54:16.565 INFO  bus graph era: variant 49 recorded with 98 collective node(s)
2026-10-02 20:54:16.565 INFO  rank 0: graph variant 49 shape: 2702 nodes, 3288 edges: kernel 2702 empty 0 memcpy 0 memset 0 host 0 event 0 other 0; max in-degree 2
2026-10-02 20:54:16.579 INFO  rank 0: graph variant 49 instantiated — 55.6 MiB of device memory (6.6 GiB free)
2026-10-02 20:54:16.579 INFO  rank 0: serving reduced-depth row-batched graph variants 48/49 captured for 2 slots x 3 rows (2 of the 5 drafts)
2026-10-02 20:54:16.580 INFO  bus graph era: variant 50 recorded with 98 collective node(s)
2026-10-02 20:54:16.581 INFO  rank 0: graph variant 50 shape: 2702 nodes, 3288 edges: kernel 2702 empty 0 memcpy 0 memset 0 host 0 event 0 other 0; max in-degree 2
2026-10-02 20:54:16.594 INFO  rank 0: graph variant 50 instantiated — 59.0 MiB of device memory (6.6 GiB free)
2026-10-02 20:54:16.596 INFO  bus graph era: variant 51 recorded with 98 collective node(s)
2026-10-02 20:54:16.597 INFO  rank 0: graph variant 51 shape: 2702 nodes, 3288 edges: kernel 2702 empty 0 memcpy 0 memset 0 host 0 event 0 other 0; max in-degree 2
2026-10-02 20:54:16.610 INFO  rank 0: graph variant 51 instantiated — 56.8 MiB of device memory (6.5 GiB free)
2026-10-02 20:54:16.610 INFO  rank 0: serving reduced-depth row-batched graph variants 50/51 captured for 2 slots x 4 rows (3 of the 5 drafts)
2026-10-02 20:54:16.612 INFO  bus graph era: variant 52 recorded with 98 collective node(s)
2026-10-02 20:54:16.612 INFO  rank 0: graph variant 52 shape: 2744 nodes, 3330 edges: kernel 2744 empty 0 memcpy 0 memset 0 host 0 event 0 other 0; max in-degree 2
2026-10-02 20:54:16.626 INFO  rank 0: graph variant 52 instantiated — 59.1 MiB of device memory (6.4 GiB free)
2026-10-02 20:54:16.628 INFO  bus graph era: variant 53 recorded with 98 collective node(s)
2026-10-02 20:54:16.628 INFO  rank 0: graph variant 53 shape: 2744 nodes, 3330 edges: kernel 2744 empty 0 memcpy 0 memset 0 host 0 event 0 other 0; max in-degree 2
2026-10-02 20:54:16.642 INFO  rank 0: graph variant 53 instantiated — 56.9 MiB of device memory (6.4 GiB free)
2026-10-02 20:54:16.642 INFO  rank 0: serving reduced-depth row-batched graph variants 52/53 captured for 2 slots x 5 rows (4 of the 5 drafts)
2026-10-02 20:54:16.645 INFO  bus graph era: variant 10 recorded with 98 collective node(s)
2026-10-02 20:54:16.645 INFO  rank 0: graph variant 10 shape: 2787 nodes, 3373 edges: kernel 2787 empty 0 memcpy 0 memset 0 host 0 event 0 other 0; max in-degree 2
2026-10-02 20:54:16.660 INFO  rank 0: graph variant 10 instantiated — 62.2 MiB of device memory (6.3 GiB free)
2026-10-02 20:54:16.662 INFO  bus graph era: variant 11 recorded with 98 collective node(s)
2026-10-02 20:54:16.662 INFO  rank 0: graph variant 11 shape: 2787 nodes, 3373 edges: kernel 2787 empty 0 memcpy 0 memset 0 host 0 event 0 other 0; max in-degree 2
2026-10-02 20:54:16.676 INFO  rank 0: graph variant 11 instantiated — 59.5 MiB of device memory (6.3 GiB free)
2026-10-02 20:54:16.676 INFO  rank 0: serving row-batched graph variants 10/11 captured for 3 slots x 6 rows = 18 fixed rows, MTP (a batch is selected at 2+ live requests, the smallest that covers the live slots)
2026-10-02 20:54:16.678 INFO  bus graph era: variant 54 recorded with 98 collective node(s)
2026-10-02 20:54:16.679 INFO  rank 0: graph variant 54 shape: 2704 nodes, 3290 edges: kernel 2704 empty 0 memcpy 0 memset 0 host 0 event 0 other 0; max in-degree 2
2026-10-02 20:54:16.695 INFO  rank 0: graph variant 54 instantiated — 58.2 MiB of device memory (6.2 GiB free)
2026-10-02 20:54:16.697 INFO  bus graph era: variant 55 recorded with 98 collective node(s)
2026-10-02 20:54:16.698 INFO  rank 0: graph variant 55 shape: 2704 nodes, 3290 edges: kernel 2704 empty 0 memcpy 0 memset 0 host 0 event 0 other 0; max in-degree 2
2026-10-02 20:54:16.711 INFO  rank 0: graph variant 55 instantiated — 59.0 MiB of device memory (6.1 GiB free)
2026-10-02 20:54:16.711 INFO  rank 0: serving reduced-depth row-batched graph variants 54/55 captured for 3 slots x 2 rows (1 of the 5 drafts)
2026-10-02 20:54:16.713 INFO  bus graph era: variant 56 recorded with 98 collective node(s)
2026-10-02 20:54:16.713 INFO  rank 0: graph variant 56 shape: 2746 nodes, 3332 edges: kernel 2746 empty 0 memcpy 0 memset 0 host 0 event 0 other 0; max in-degree 2
2026-10-02 20:54:16.728 INFO  rank 0: graph variant 56 instantiated — 58.2 MiB of device memory (6.1 GiB free)
2026-10-02 20:54:16.730 INFO  bus graph era: variant 57 recorded with 98 collective node(s)
2026-10-02 20:54:16.730 INFO  rank 0: graph variant 57 shape: 2746 nodes, 3332 edges: kernel 2746 empty 0 memcpy 0 memset 0 host 0 event 0 other 0; max in-degree 2
2026-10-02 20:54:16.745 INFO  rank 0: graph variant 57 instantiated — 58.2 MiB of device memory (6.0 GiB free)
2026-10-02 20:54:16.745 INFO  rank 0: serving reduced-depth row-batched graph variants 56/57 captured for 3 slots x 3 rows (2 of the 5 drafts)
2026-10-02 20:54:16.747 INFO  bus graph era: variant 58 recorded with 98 collective node(s)
2026-10-02 20:54:16.747 INFO  rank 0: graph variant 58 shape: 2746 nodes, 3332 edges: kernel 2746 empty 0 memcpy 0 memset 0 host 0 event 0 other 0; max in-degree 2
2026-10-02 20:54:16.762 INFO  rank 0: graph variant 58 instantiated — 56.9 MiB of device memory (6.0 GiB free)
2026-10-02 20:54:16.764 INFO  bus graph era: variant 59 recorded with 98 collective node(s)
2026-10-02 20:54:16.764 INFO  rank 0: graph variant 59 shape: 2746 nodes, 3332 edges: kernel 2746 empty 0 memcpy 0 memset 0 host 0 event 0 other 0; max in-degree 2
2026-10-02 20:54:16.780 INFO  rank 0: graph variant 59 instantiated — 60.8 MiB of device memory (5.9 GiB free)
2026-10-02 20:54:16.780 INFO  rank 0: serving reduced-depth row-batched graph variants 58/59 captured for 3 slots x 4 rows (3 of the 5 drafts)
2026-10-02 20:54:16.781 INFO  bus graph era: variant 60 recorded with 98 collective node(s)
2026-10-02 20:54:16.782 INFO  rank 0: graph variant 60 shape: 2746 nodes, 3332 edges: kernel 2746 empty 0 memcpy 0 memset 0 host 0 event 0 other 0; max in-degree 2
2026-10-02 20:54:16.796 INFO  rank 0: graph variant 60 instantiated — 56.5 MiB of device memory (5.9 GiB free)
2026-10-02 20:54:16.798 INFO  bus graph era: variant 61 recorded with 98 collective node(s)
2026-10-02 20:54:16.798 INFO  rank 0: graph variant 61 shape: 2746 nodes, 3332 edges: kernel 2746 empty 0 memcpy 0 memset 0 host 0 event 0 other 0; max in-degree 2
2026-10-02 20:54:16.814 INFO  rank 0: graph variant 61 instantiated — 59.9 MiB of device memory (5.8 GiB free)
2026-10-02 20:54:16.814 INFO  rank 0: serving reduced-depth row-batched graph variants 60/61 captured for 3 slots x 5 rows (4 of the 5 drafts)
2026-10-02 20:54:16.816 INFO  bus graph era: variant 12 recorded with 98 collective node(s)
2026-10-02 20:54:16.816 INFO  rank 0: graph variant 12 shape: 2789 nodes, 3375 edges: kernel 2789 empty 0 memcpy 0 memset 0 host 0 event 0 other 0; max in-degree 2
2026-10-02 20:54:16.831 INFO  rank 0: graph variant 12 instantiated — 60.4 MiB of device memory (5.7 GiB free)
2026-10-02 20:54:16.833 INFO  bus graph era: variant 13 recorded with 98 collective node(s)
2026-10-02 20:54:16.834 INFO  rank 0: graph variant 13 shape: 2789 nodes, 3375 edges: kernel 2789 empty 0 memcpy 0 memset 0 host 0 event 0 other 0; max in-degree 2
2026-10-02 20:54:16.849 INFO  rank 0: graph variant 13 instantiated — 59.4 MiB of device memory (5.7 GiB free)
2026-10-02 20:54:16.849 INFO  rank 0: serving row-batched graph variants 12/13 captured for 4 slots x 6 rows = 24 fixed rows, MTP (a batch is selected at 2+ live requests, the smallest that covers the live slots)
2026-10-02 20:54:16.851 INFO  bus graph era: variant 62 recorded with 98 collective node(s)
2026-10-02 20:54:16.851 INFO  rank 0: graph variant 62 shape: 2706 nodes, 3292 edges: kernel 2706 empty 0 memcpy 0 memset 0 host 0 event 0 other 0; max in-degree 2
2026-10-02 20:54:16.867 INFO  rank 0: graph variant 62 instantiated — 65.6 MiB of device memory (5.6 GiB free)
2026-10-02 20:54:16.869 INFO  bus graph era: variant 63 recorded with 98 collective node(s)
2026-10-02 20:54:16.869 INFO  rank 0: graph variant 63 shape: 2706 nodes, 3292 edges: kernel 2706 empty 0 memcpy 0 memset 0 host 0 event 0 other 0; max in-degree 2
2026-10-02 20:54:16.884 INFO  rank 0: graph variant 63 instantiated — 56.9 MiB of device memory (5.6 GiB free)
2026-10-02 20:54:16.884 INFO  rank 0: serving reduced-depth row-batched graph variants 62/63 captured for 4 slots x 2 rows (1 of the 5 drafts)
2026-10-02 20:54:16.886 INFO  bus graph era: variant 64 recorded with 98 collective node(s)
2026-10-02 20:54:16.887 INFO  rank 0: graph variant 64 shape: 2748 nodes, 3334 edges: kernel 2748 empty 0 memcpy 0 memset 0 host 0 event 0 other 0; max in-degree 2
2026-10-02 20:54:16.903 INFO  rank 0: graph variant 64 instantiated — 61.7 MiB of device memory (5.5 GiB free)
2026-10-02 20:54:16.905 INFO  bus graph era: variant 65 recorded with 98 collective node(s)
2026-10-02 20:54:16.905 INFO  rank 0: graph variant 65 shape: 2748 nodes, 3334 edges: kernel 2748 empty 0 memcpy 0 memset 0 host 0 event 0 other 0; max in-degree 2
2026-10-02 20:54:16.920 INFO  rank 0: graph variant 65 instantiated — 53.3 MiB of device memory (5.5 GiB free)
2026-10-02 20:54:16.920 INFO  rank 0: serving reduced-depth row-batched graph variants 64/65 captured for 4 slots x 3 rows (2 of the 5 drafts)
2026-10-02 20:54:16.922 INFO  bus graph era: variant 66 recorded with 98 collective node(s)
2026-10-02 20:54:16.922 INFO  rank 0: graph variant 66 shape: 2748 nodes, 3334 edges: kernel 2748 empty 0 memcpy 0 memset 0 host 0 event 0 other 0; max in-degree 2
2026-10-02 20:54:16.938 INFO  rank 0: graph variant 66 instantiated — 60.3 MiB of device memory (5.4 GiB free)
2026-10-02 20:54:16.940 INFO  bus graph era: variant 67 recorded with 98 collective node(s)
2026-10-02 20:54:16.940 INFO  rank 0: graph variant 67 shape: 2748 nodes, 3334 edges: kernel 2748 empty 0 memcpy 0 memset 0 host 0 event 0 other 0; max in-degree 2
2026-10-02 20:54:16.959 INFO  rank 0: graph variant 67 instantiated — 61.2 MiB of device memory (5.3 GiB free)
2026-10-02 20:54:16.959 INFO  rank 0: serving reduced-depth row-batched graph variants 66/67 captured for 4 slots x 4 rows (3 of the 5 drafts)
2026-10-02 20:54:16.961 INFO  bus graph era: variant 68 recorded with 98 collective node(s)
2026-10-02 20:54:16.961 INFO  rank 0: graph variant 68 shape: 2790 nodes, 3376 edges: kernel 2790 empty 0 memcpy 0 memset 0 host 0 event 0 other 0; max in-degree 2
2026-10-02 20:54:16.976 INFO  rank 0: graph variant 68 instantiated — 54.7 MiB of device memory (5.3 GiB free)
2026-10-02 20:54:16.978 INFO  bus graph era: variant 69 recorded with 98 collective node(s)
2026-10-02 20:54:16.978 INFO  rank 0: graph variant 69 shape: 2790 nodes, 3376 edges: kernel 2790 empty 0 memcpy 0 memset 0 host 0 event 0 other 0; max in-degree 2
2026-10-02 20:54:16.996 INFO  rank 0: graph variant 69 instantiated — 63.5 MiB of device memory (5.2 GiB free)
2026-10-02 20:54:16.996 INFO  rank 0: serving reduced-depth row-batched graph variants 68/69 captured for 4 slots x 5 rows (4 of the 5 drafts)
2026-10-02 20:54:17.124 INFO  bus graph era: variant 2 recorded with 98 collective node(s)
2026-10-02 20:54:17.124 INFO  rank 0: graph variant 2 shape: 2699 nodes, 3285 edges: kernel 2699 empty 0 memcpy 0 memset 0 host 0 event 0 other 0; max in-degree 2
2026-10-02 20:54:17.139 INFO  rank 0: graph variant 2 instantiated — 55.6 MiB of device memory (5.2 GiB free)
2026-10-02 20:54:17.141 INFO  bus graph era: variant 3 recorded with 98 collective node(s)
2026-10-02 20:54:17.142 INFO  rank 0: graph variant 3 shape: 2699 nodes, 3285 edges: kernel 2699 empty 0 memcpy 0 memset 0 host 0 event 0 other 0; max in-degree 2
2026-10-02 20:54:17.158 INFO  rank 0: graph variant 3 instantiated — 57.8 MiB of device memory (5.1 GiB free)
2026-10-02 20:54:17.158 INFO  rank 0: serving scalar graph variants 2/3 captured for request slot 1 (6 rows, MTP)
2026-10-02 20:54:17.160 INFO  bus graph era: variant 22 recorded with 98 collective node(s)
2026-10-02 20:54:17.160 INFO  rank 0: graph variant 22 shape: 2699 nodes, 3285 edges: kernel 2699 empty 0 memcpy 0 memset 0 host 0 event 0 other 0; max in-degree 2
2026-10-02 20:54:17.176 INFO  rank 0: graph variant 22 instantiated — 57.6 MiB of device memory (5.1 GiB free)
2026-10-02 20:54:17.178 INFO  bus graph era: variant 23 recorded with 98 collective node(s)
2026-10-02 20:54:17.178 INFO  rank 0: graph variant 23 shape: 2699 nodes, 3285 edges: kernel 2699 empty 0 memcpy 0 memset 0 host 0 event 0 other 0; max in-degree 2
2026-10-02 20:54:17.195 INFO  rank 0: graph variant 23 instantiated — 58.3 MiB of device memory (5.0 GiB free)
2026-10-02 20:54:17.195 INFO  rank 0: serving reduced-depth graph variants 22/23 captured for request slot 1 (2 rows: 1 of the 5 drafts)
2026-10-02 20:54:17.197 INFO  bus graph era: variant 24 recorded with 98 collective node(s)
2026-10-02 20:54:17.197 INFO  rank 0: graph variant 24 shape: 2699 nodes, 3285 edges: kernel 2699 empty 0 memcpy 0 memset 0 host 0 event 0 other 0; max in-degree 2
2026-10-02 20:54:17.214 INFO  rank 0: graph variant 24 instantiated — 58.6 MiB of device memory (4.9 GiB free)
2026-10-02 20:54:17.216 INFO  bus graph era: variant 25 recorded with 98 collective node(s)
2026-10-02 20:54:17.216 INFO  rank 0: graph variant 25 shape: 2699 nodes, 3285 edges: kernel 2699 empty 0 memcpy 0 memset 0 host 0 event 0 other 0; max in-degree 2
2026-10-02 20:54:17.233 INFO  rank 0: graph variant 25 instantiated — 57.3 MiB of device memory (4.9 GiB free)
2026-10-02 20:54:17.233 INFO  rank 0: serving reduced-depth graph variants 24/25 captured for request slot 1 (3 rows: 2 of the 5 drafts)
2026-10-02 20:54:17.235 INFO  bus graph era: variant 26 recorded with 98 collective node(s)
2026-10-02 20:54:17.235 INFO  rank 0: graph variant 26 shape: 2699 nodes, 3285 edges: kernel 2699 empty 0 memcpy 0 memset 0 host 0 event 0 other 0; max in-degree 2
2026-10-02 20:54:17.253 INFO  rank 0: graph variant 26 instantiated — 60.4 MiB of device memory (4.8 GiB free)
2026-10-02 20:54:17.255 INFO  bus graph era: variant 27 recorded with 98 collective node(s)
2026-10-02 20:54:17.255 INFO  rank 0: graph variant 27 shape: 2699 nodes, 3285 edges: kernel 2699 empty 0 memcpy 0 memset 0 host 0 event 0 other 0; max in-degree 2
2026-10-02 20:54:17.272 INFO  rank 0: graph variant 27 instantiated — 58.7 MiB of device memory (4.8 GiB free)
2026-10-02 20:54:17.272 INFO  rank 0: serving reduced-depth graph variants 26/27 captured for request slot 1 (4 rows: 3 of the 5 drafts)
2026-10-02 20:54:17.274 INFO  bus graph era: variant 28 recorded with 98 collective node(s)
2026-10-02 20:54:17.274 INFO  rank 0: graph variant 28 shape: 2699 nodes, 3285 edges: kernel 2699 empty 0 memcpy 0 memset 0 host 0 event 0 other 0; max in-degree 2
2026-10-02 20:54:17.292 INFO  rank 0: graph variant 28 instantiated — 58.2 MiB of device memory (4.7 GiB free)
2026-10-02 20:54:17.294 INFO  bus graph era: variant 29 recorded with 98 collective node(s)
2026-10-02 20:54:17.294 INFO  rank 0: graph variant 29 shape: 2699 nodes, 3285 edges: kernel 2699 empty 0 memcpy 0 memset 0 host 0 event 0 other 0; max in-degree 2
2026-10-02 20:54:17.311 INFO  rank 0: graph variant 29 instantiated — 57.8 MiB of device memory (4.7 GiB free)
2026-10-02 20:54:17.311 INFO  rank 0: serving reduced-depth graph variants 28/29 captured for request slot 1 (5 rows: 4 of the 5 drafts)
2026-10-02 20:54:17.427 INFO  bus graph era: variant 4 recorded with 98 collective node(s)
2026-10-02 20:54:17.427 INFO  rank 0: graph variant 4 shape: 2699 nodes, 3285 edges: kernel 2699 empty 0 memcpy 0 memset 0 host 0 event 0 other 0; max in-degree 2
2026-10-02 20:54:17.443 INFO  rank 0: graph variant 4 instantiated — 58.6 MiB of device memory (4.6 GiB free)
2026-10-02 20:54:17.445 INFO  bus graph era: variant 5 recorded with 98 collective node(s)
2026-10-02 20:54:17.445 INFO  rank 0: graph variant 5 shape: 2699 nodes, 3285 edges: kernel 2699 empty 0 memcpy 0 memset 0 host 0 event 0 other 0; max in-degree 2
2026-10-02 20:54:17.462 INFO  rank 0: graph variant 5 instantiated — 56.4 MiB of device memory (4.5 GiB free)
2026-10-02 20:54:17.462 INFO  rank 0: serving scalar graph variants 4/5 captured for request slot 2 (6 rows, MTP)
2026-10-02 20:54:17.464 INFO  bus graph era: variant 30 recorded with 98 collective node(s)
2026-10-02 20:54:17.465 INFO  rank 0: graph variant 30 shape: 2699 nodes, 3285 edges: kernel 2699 empty 0 memcpy 0 memset 0 host 0 event 0 other 0; max in-degree 2
2026-10-02 20:54:17.485 INFO  rank 0: graph variant 30 instantiated — 59.2 MiB of device memory (4.5 GiB free)
2026-10-02 20:54:17.487 INFO  bus graph era: variant 31 recorded with 98 collective node(s)
2026-10-02 20:54:17.487 INFO  rank 0: graph variant 31 shape: 2699 nodes, 3285 edges: kernel 2699 empty 0 memcpy 0 memset 0 host 0 event 0 other 0; max in-degree 2
2026-10-02 20:54:17.506 INFO  rank 0: graph variant 31 instantiated — 62.2 MiB of device memory (4.4 GiB free)
2026-10-02 20:54:17.506 INFO  rank 0: serving reduced-depth graph variants 30/31 captured for request slot 2 (2 rows: 1 of the 5 drafts)
2026-10-02 20:54:17.508 INFO  bus graph era: variant 32 recorded with 98 collective node(s)
2026-10-02 20:54:17.508 INFO  rank 0: graph variant 32 shape: 2699 nodes, 3285 edges: kernel 2699 empty 0 memcpy 0 memset 0 host 0 event 0 other 0; max in-degree 2
2026-10-02 20:54:17.525 INFO  rank 0: graph variant 32 instantiated — 53.4 MiB of device memory (4.4 GiB free)
2026-10-02 20:54:17.527 INFO  bus graph era: variant 33 recorded with 98 collective node(s)
2026-10-02 20:54:17.527 INFO  rank 0: graph variant 33 shape: 2699 nodes, 3285 edges: kernel 2699 empty 0 memcpy 0 memset 0 host 0 event 0 other 0; max in-degree 2
2026-10-02 20:54:17.546 INFO  rank 0: graph variant 33 instantiated — 61.2 MiB of device memory (4.3 GiB free)
2026-10-02 20:54:17.546 INFO  rank 0: serving reduced-depth graph variants 32/33 captured for request slot 2 (3 rows: 2 of the 5 drafts)
2026-10-02 20:54:17.548 INFO  bus graph era: variant 34 recorded with 98 collective node(s)
2026-10-02 20:54:17.548 INFO  rank 0: graph variant 34 shape: 2699 nodes, 3285 edges: kernel 2699 empty 0 memcpy 0 memset 0 host 0 event 0 other 0; max in-degree 2
2026-10-02 20:54:17.567 INFO  rank 0: graph variant 34 instantiated — 59.0 MiB of device memory (4.3 GiB free)
2026-10-02 20:54:17.569 INFO  bus graph era: variant 35 recorded with 98 collective node(s)
2026-10-02 20:54:17.569 INFO  rank 0: graph variant 35 shape: 2699 nodes, 3285 edges: kernel 2699 empty 0 memcpy 0 memset 0 host 0 event 0 other 0; max in-degree 2
2026-10-02 20:54:17.586 INFO  rank 0: graph variant 35 instantiated — 56.1 MiB of device memory (4.2 GiB free)
2026-10-02 20:54:17.587 INFO  rank 0: serving reduced-depth graph variants 34/35 captured for request slot 2 (4 rows: 3 of the 5 drafts)
2026-10-02 20:54:17.588 INFO  bus graph era: variant 36 recorded with 98 collective node(s)
2026-10-02 20:54:17.589 INFO  rank 0: graph variant 36 shape: 2699 nodes, 3285 edges: kernel 2699 empty 0 memcpy 0 memset 0 host 0 event 0 other 0; max in-degree 2
2026-10-02 20:54:17.608 INFO  rank 0: graph variant 36 instantiated — 59.6 MiB of device memory (4.1 GiB free)
2026-10-02 20:54:17.610 INFO  bus graph era: variant 37 recorded with 98 collective node(s)
2026-10-02 20:54:17.610 INFO  rank 0: graph variant 37 shape: 2699 nodes, 3285 edges: kernel 2699 empty 0 memcpy 0 memset 0 host 0 event 0 other 0; max in-degree 2
2026-10-02 20:54:17.629 INFO  rank 0: graph variant 37 instantiated — 59.9 MiB of device memory (4.1 GiB free)
2026-10-02 20:54:17.629 INFO  rank 0: serving reduced-depth graph variants 36/37 captured for request slot 2 (5 rows: 4 of the 5 drafts)
2026-10-02 20:54:17.730 INFO  bus graph era: variant 6 recorded with 98 collective node(s)
2026-10-02 20:54:17.731 INFO  rank 0: graph variant 6 shape: 2699 nodes, 3285 edges: kernel 2699 empty 0 memcpy 0 memset 0 host 0 event 0 other 0; max in-degree 2
2026-10-02 20:54:17.749 INFO  rank 0: graph variant 6 instantiated — 57.8 MiB of device memory (4.0 GiB free)
2026-10-02 20:54:17.751 INFO  bus graph era: variant 7 recorded with 98 collective node(s)
2026-10-02 20:54:17.751 INFO  rank 0: graph variant 7 shape: 2699 nodes, 3285 edges: kernel 2699 empty 0 memcpy 0 memset 0 host 0 event 0 other 0; max in-degree 2
2026-10-02 20:54:17.769 INFO  rank 0: graph variant 7 instantiated — 56.9 MiB of device memory (4.0 GiB free)
2026-10-02 20:54:17.769 INFO  rank 0: serving scalar graph variants 6/7 captured for request slot 3 (6 rows, MTP)
2026-10-02 20:54:17.771 INFO  bus graph era: variant 38 recorded with 98 collective node(s)
2026-10-02 20:54:17.772 INFO  rank 0: graph variant 38 shape: 2699 nodes, 3285 edges: kernel 2699 empty 0 memcpy 0 memset 0 host 0 event 0 other 0; max in-degree 2
2026-10-02 20:54:17.790 INFO  rank 0: graph variant 38 instantiated — 60.0 MiB of device memory (3.9 GiB free)
2026-10-02 20:54:17.792 INFO  bus graph era: variant 39 recorded with 98 collective node(s)
2026-10-02 20:54:17.792 INFO  rank 0: graph variant 39 shape: 2699 nodes, 3285 edges: kernel 2699 empty 0 memcpy 0 memset 0 host 0 event 0 other 0; max in-degree 2
2026-10-02 20:54:17.812 INFO  rank 0: graph variant 39 instantiated — 58.2 MiB of device memory (3.9 GiB free)
2026-10-02 20:54:17.812 INFO  rank 0: serving reduced-depth graph variants 38/39 captured for request slot 3 (2 rows: 1 of the 5 drafts)
2026-10-02 20:54:17.814 INFO  bus graph era: variant 40 recorded with 98 collective node(s)
2026-10-02 20:54:17.814 INFO  rank 0: graph variant 40 shape: 2699 nodes, 3285 edges: kernel 2699 empty 0 memcpy 0 memset 0 host 0 event 0 other 0; max in-degree 2
2026-10-02 20:54:17.833 INFO  rank 0: graph variant 40 instantiated — 59.5 MiB of device memory (3.8 GiB free)
2026-10-02 20:54:17.835 INFO  bus graph era: variant 41 recorded with 98 collective node(s)
2026-10-02 20:54:17.835 INFO  rank 0: graph variant 41 shape: 2699 nodes, 3285 edges: kernel 2699 empty 0 memcpy 0 memset 0 host 0 event 0 other 0; max in-degree 2
2026-10-02 20:54:17.856 INFO  rank 0: graph variant 41 instantiated — 59.0 MiB of device memory (3.7 GiB free)
2026-10-02 20:54:17.856 INFO  rank 0: serving reduced-depth graph variants 40/41 captured for request slot 3 (3 rows: 2 of the 5 drafts)
2026-10-02 20:54:17.858 INFO  bus graph era: variant 42 recorded with 98 collective node(s)
2026-10-02 20:54:17.858 INFO  rank 0: graph variant 42 shape: 2699 nodes, 3285 edges: kernel 2699 empty 0 memcpy 0 memset 0 host 0 event 0 other 0; max in-degree 2
2026-10-02 20:54:17.876 INFO  rank 0: graph variant 42 instantiated — 55.6 MiB of device memory (3.7 GiB free)
2026-10-02 20:54:17.878 INFO  bus graph era: variant 43 recorded with 98 collective node(s)
2026-10-02 20:54:17.878 INFO  rank 0: graph variant 43 shape: 2699 nodes, 3285 edges: kernel 2699 empty 0 memcpy 0 memset 0 host 0 event 0 other 0; max in-degree 2
2026-10-02 20:54:17.902 INFO  rank 0: graph variant 43 instantiated — 62.6 MiB of device memory (3.6 GiB free)
2026-10-02 20:54:17.902 INFO  rank 0: serving reduced-depth graph variants 42/43 captured for request slot 3 (4 rows: 3 of the 5 drafts)
2026-10-02 20:54:17.904 INFO  bus graph era: variant 44 recorded with 98 collective node(s)
2026-10-02 20:54:17.904 INFO  rank 0: graph variant 44 shape: 2699 nodes, 3285 edges: kernel 2699 empty 0 memcpy 0 memset 0 host 0 event 0 other 0; max in-degree 2
2026-10-02 20:54:17.923 INFO  rank 0: graph variant 44 instantiated — 59.2 MiB of device memory (3.6 GiB free)
2026-10-02 20:54:17.925 INFO  bus graph era: variant 45 recorded with 98 collective node(s)
2026-10-02 20:54:17.926 INFO  rank 0: graph variant 45 shape: 2699 nodes, 3285 edges: kernel 2699 empty 0 memcpy 0 memset 0 host 0 event 0 other 0; max in-degree 2
2026-10-02 20:54:17.945 INFO  rank 0: graph variant 45 instantiated — 58.6 MiB of device memory (3.5 GiB free)
2026-10-02 20:54:17.945 INFO  rank 0: serving reduced-depth graph variants 44/45 captured for request slot 3 (5 rows: 4 of the 5 drafts)
2026-10-02 20:54:17.946 INFO  rank 0: warm capture complete — 4 scalar variants and the row batches for 2 slots, 3 slots, 4 slots and 4 reduced-depth variants per slot recorded before the first request
2026-10-02 20:54:17.946 INFO  memory ledger: rank 0 after the warm capture — rss 3.05 GiB (anon 2.14, shmem 0.22, file 0.69; locked 14.08); device free 3.51 GiB, node available 14.14 GiB
2026-10-02 20:54:17.946 INFO  rank 0: graph variants warm-captured in 2.07s
2026-10-02 20:54:17.994 INFO  tokenizer: loaded vocab 128000 merges 127741 added 1283 (revision 0x26a12b8da63e89c8; deepseek-v4.1 pattern, no normalizer, ignore_merges false)
2026-10-02 20:54:17.994 INFO  serve: tokenizer 0x26a12b8da63e89c8, the DeepSeek-V4 prompt renderer 0x647376342d2d3031
2026-10-02 20:54:17.994 INFO  serve: prefix cache on — 780 snapshot slots, 2 boundary token(s)
2026-10-02 20:54:17.994 INFO  serve: sampling available — defaults temperature 1 top_p 1 top_k 0 min_p 0 repetition_penalty 1; seedless requests draw a fresh seed each
2026-10-02 20:54:17.994 INFO  serve: tool calls available (the template's markers are in the tokenizer); tool_choice/parallel_tool_calls enforced by constrained decoding; reasoning on reasoning_content
2026-10-02 20:54:17.994 INFO  serve: default chat template kwargs {}
2026-10-02 20:54:17.994 INFO  serve: HTTP request body limit 268435456 bytes
2026-10-02 20:54:17.994 INFO  serve: engine progress deadline 120 s (scheduler passes, prefill progress and completed collectives)
2026-10-02 20:54:17.995 INFO  memory ledger: rank 0 at listening — rss 3.12 GiB (anon 2.20, shmem 0.22, file 0.69; locked 14.08); device free 3.44 GiB, node available 14.07 GiB
2026-10-02 20:54:17.995 INFO  serve: listening on :18080 — deepseek-ai/DeepSeek-V4-Flash-0731 (boot 25.8s) [fabric rank 0]; endpoints: POST /v1/chat/completions, POST /v1/completions, GET /v1/models, GET /health, GET /metrics, GET /v1/metrics
2026-10-02 20:54:18.391 INFO  sched: request 'chatcmpl-c6ea0dce8415100a' starting prefill in slot 0 (152 prompt tokens)
2026-10-02 20:54:18.391 INFO  sched: request 'chatcmpl-c6ea0dce8415100a' prefix cache miss — 1 cut(s), the cache is empty
2026-10-02 20:54:18.392 INFO  sched: request 'chatcmpl-c6ea0dce8415100a' prefilling in slot 0 (1280 tokens/tick)
2026-10-02 20:54:18.392 INFO  sched: request 'chatcmpl-c6ea0dce8415100c' starting prefill in slot 1 (159 prompt tokens)
2026-10-02 20:54:18.392 INFO  sched: request 'chatcmpl-c6ea0dce8415100c' prefix cache miss — 1 cut(s), the cache is empty
2026-10-02 20:54:18.392 INFO  sched: request 'chatcmpl-c6ea0dce8415100c' prefilling in slot 1 (1280 tokens/tick)
2026-10-02 20:54:18.392 INFO  sched: request 'chatcmpl-c6ea0dce8415100d' starting prefill in slot 2 (150 prompt tokens)
2026-10-02 20:54:18.392 INFO  sched: request 'chatcmpl-c6ea0dce8415100d' prefix cache miss — 1 cut(s), the cache is empty
2026-10-02 20:54:18.392 INFO  sched: request 'chatcmpl-c6ea0dce8415100d' prefilling in slot 2 (1280 tokens/tick)
2026-10-02 20:54:19.066 INFO  sched: request 'chatcmpl-c6ea0dce8415100a' admitted to slot 0 (reserve 18 blocks; pool 54/8192 blocks in use) — first token 9854
2026-10-02 20:54:19.066 INFO  sched: request 'chatcmpl-c6ea0dce8415100c' admitted to slot 1 (reserve 18 blocks; pool 54/8192 blocks in use) — first token 9854
2026-10-02 20:54:19.066 INFO  sched: request 'chatcmpl-c6ea0dce8415100d' admitted to slot 2 (reserve 18 blocks; pool 54/8192 blocks in use) — first token 9854
2026-10-02 20:54:19.066 INFO  sched: request 'chatcmpl-c6ea0dce8415100b' starting prefill in slot 3 (116 prompt tokens)
2026-10-02 20:54:19.364 INFO  sched: request 'chatcmpl-c6ea0dce8415100b' prefix cache miss — 0 cut(s), the cache is empty
2026-10-02 20:54:19.364 INFO  sched: request 'chatcmpl-c6ea0dce8415100b' admitted to slot 3 (reserve 17 blocks; pool 71/8192 blocks in use) — first token 9854
2026-10-02 20:54:22.386 INFO  sched: request 'chatcmpl-c6ea0dce8415100b' retired (eos): 91 tok in 3.3 s — prefill 116 tok (0 cached) in 298 ms; decode 90 tok / 16 passes in 3.0 s: 29.8 tok/s, 33.6 ms/tok, 189 ms/pass, 5.62 tok/pass, accept p1 100 % p2 94 % p3 94 % p4 94 % p5 88 %
2026-10-02 20:54:22.706 INFO  sched: request 'chatcmpl-c6ea0dce8415100e' starting prefill in slot 3 (148 prompt tokens)
2026-10-02 20:54:22.706 INFO  sched: request 'chatcmpl-c6ea0dce8415100e' prefix cache miss — 1 cut(s), the cache is empty
2026-10-02 20:54:22.706 INFO  sched: request 'chatcmpl-c6ea0dce8415100e' prefilling in slot 3 (256 tokens/tick)
2026-10-02 20:54:23.041 INFO  sched: request 'chatcmpl-c6ea0dce8415100e' admitted to slot 3 (reserve 18 blocks; pool 72/8192 blocks in use) — first token 9854
2026-10-02 20:54:24.737 INFO  sched: request 'chatcmpl-c6ea0dce8415100e' retired (eos): 52 tok in 2.0 s — prefill 148 tok (0 cached) in 335 ms; decode 51 tok / 9 passes in 1.7 s: 30.1 tok/s, 33.2 ms/tok, 188 ms/pass, 5.67 tok/pass, accept p1 100 % p2 100 % p3 100 % p4 89 % p5 89 %
2026-10-02 20:54:24.739 INFO  sched: request 'chatcmpl-c6ea0dce8415100d' retired (eos): 150 tok in 6.3 s — prefill 150 tok (0 cached) in 674 ms; decode 149 tok / 27 passes in 5.7 s: 26.3 tok/s, 38.1 ms/tok, 210 ms/pass, 5.52 tok/pass, accept p1 96 % p2 96 % p3 89 % p4 89 % p5 85 %
2026-10-02 20:54:24.971 INFO  sched: request 'chatcmpl-c6ea0dce8415100c' retired (eos): 166 tok in 6.6 s — prefill 159 tok (0 cached) in 674 ms; decode 165 tok / 29 passes in 5.9 s: 27.9 tok/s, 35.8 ms/tok, 204 ms/pass, 5.69 tok/pass, accept p1 97 % p2 97 % p3 97 % p4 93 % p5 90 %
2026-10-02 20:54:25.046 INFO  sched: request 'chatcmpl-c6ea0dce8415100f' starting prefill in slot 1 (127 prompt tokens)
2026-10-02 20:54:25.361 INFO  sched: request 'chatcmpl-c6ea0dce8415100f' prefix cache miss — 0 cut(s), the cache is empty
2026-10-02 20:54:25.361 INFO  sched: request 'chatcmpl-c6ea0dce8415100f' admitted to slot 1 (reserve 17 blocks; pool 36/8192 blocks in use) — first token 9854
2026-10-02 20:54:25.480 INFO  sched: request 'chatcmpl-c6ea0dce84151010' starting prefill in slot 2 (147 prompt tokens)
2026-10-02 20:54:25.480 INFO  sched: request 'chatcmpl-c6ea0dce84151010' prefix cache miss — 1 cut(s), the cache is empty
2026-10-02 20:54:25.480 INFO  sched: request 'chatcmpl-c6ea0dce84151010' prefilling in slot 2 (256 tokens/tick)
2026-10-02 20:54:25.817 INFO  sched: request 'chatcmpl-c6ea0dce84151010' admitted to slot 2 (reserve 18 blocks; pool 54/8192 blocks in use) — first token 9854
2026-10-02 20:54:25.973 INFO  sched: request 'chatcmpl-c6ea0dce84151011' starting prefill in slot 3 (126 prompt tokens)
2026-10-02 20:54:26.279 INFO  sched: request 'chatcmpl-c6ea0dce84151011' prefix cache miss — 0 cut(s), the cache is empty
2026-10-02 20:54:26.279 INFO  sched: request 'chatcmpl-c6ea0dce84151011' admitted to slot 3 (reserve 17 blocks; pool 72/8192 blocks in use) — first token 9854
2026-10-02 20:54:27.609 INFO  sched: request 'chatcmpl-c6ea0dce8415100a' retired (eos): 211 tok in 9.2 s — prefill 152 tok (0 cached) in 674 ms; decode 210 tok / 39 passes in 8.5 s: 24.6 tok/s, 40.7 ms/tok, 219 ms/pass, 5.38 tok/pass, accept p1 97 % p2 90 % p3 87 % p4 85 % p5 82 %
2026-10-02 20:54:27.995 INFO  sched: request 'chatcmpl-c6ea0dce84151012' starting prefill in slot 0 (142 prompt tokens)
2026-10-02 20:54:27.995 INFO  sched: request 'chatcmpl-c6ea0dce84151012' prefix cache miss — 1 cut(s), the cache is empty
2026-10-02 20:54:27.995 INFO  sched: request 'chatcmpl-c6ea0dce84151012' prefilling in slot 0 (256 tokens/tick)
2026-10-02 20:54:28.329 INFO  sched: request 'chatcmpl-c6ea0dce84151012' admitted to slot 0 (reserve 18 blocks; pool 72/8192 blocks in use) — first token 9854
2026-10-02 20:54:28.502 INFO  stats: rank 0 | 10.5 s | decode 82.8 tok/s, 8.5 ms/tok, 175.1 ms/step (42 steps / 870 tok, 70 % of wall) | mtp 5.65 tok/step/req, accept p1 97 % p2 95 % p3 93 % p4 90 % p5 87 % | prefill 9 prompts / 1267 tok, 121 tok/s, 2.05 ms/tok, 289 ms avg (25 % of wall), 0 tok cached (0/9 hits) | live 4, queued 0 | pool 72/8192 blocks (1 %) | prefix cache 0/780 entries | requests +9 (shed 0, cancelled 0)
2026-10-02 20:54:30.059 INFO  sched: request 'chatcmpl-c6ea0dce84151011' retired (eos): 107 tok in 4.1 s — prefill 126 tok (0 cached) in 305 ms; decode 106 tok / 18 passes in 3.8 s: 28.0 tok/s, 35.7 ms/tok, 210 ms/pass, 5.89 tok/pass, accept p1 100 % p2 100 % p3 100 % p4 100 % p5 94 %
2026-10-02 20:54:30.377 INFO  sched: request 'chatcmpl-c6ea0dce84151013' starting prefill in slot 3 (131 prompt tokens)
2026-10-02 20:54:30.377 INFO  sched: request 'chatcmpl-c6ea0dce84151013' prefix cache miss — 1 cut(s), the cache is empty
2026-10-02 20:54:30.377 INFO  sched: request 'chatcmpl-c6ea0dce84151013' prefilling in slot 3 (256 tokens/tick)
2026-10-02 20:54:30.702 INFO  sched: request 'chatcmpl-c6ea0dce84151013' admitted to slot 3 (reserve 18 blocks; pool 72/8192 blocks in use) — first token 9854
2026-10-02 20:54:30.897 INFO  sched: request 'chatcmpl-c6ea0dce8415100f' retired (eos): 131 tok in 5.9 s — prefill 127 tok (0 cached) in 315 ms; decode 130 tok / 23 passes in 5.5 s: 23.5 tok/s, 42.6 ms/tok, 241 ms/pass, 5.65 tok/pass, accept p1 96 % p2 96 % p3 96 % p4 91 % p5 91 %
2026-10-02 20:54:31.277 INFO  sched: request 'chatcmpl-c6ea0dce84151014' starting prefill in slot 1 (177 prompt tokens)
2026-10-02 20:54:31.277 INFO  sched: request 'chatcmpl-c6ea0dce84151014' prefix cache miss — 1 cut(s), the cache is empty
2026-10-02 20:54:31.277 INFO  sched: request 'chatcmpl-c6ea0dce84151014' prefilling in slot 1 (256 tokens/tick)
2026-10-02 20:54:31.638 INFO  sched: request 'chatcmpl-c6ea0dce84151014' admitted to slot 1 (reserve 18 blocks; pool 72/8192 blocks in use) — first token 9854
2026-10-02 20:54:33.954 INFO  sched: request 'chatcmpl-c6ea0dce84151010' retired (eos): 203 tok in 8.5 s — prefill 147 tok (0 cached) in 337 ms; decode 202 tok / 36 passes in 8.1 s: 24.8 tok/s, 40.3 ms/tok, 226 ms/pass, 5.61 tok/pass, accept p1 97 % p2 97 % p3 92 % p4 89 % p5 89 %
2026-10-02 20:54:34.156 INFO  sched: request 'chatcmpl-c6ea0dce84151012' retired (eos): 158 tok in 6.2 s — prefill 142 tok (0 cached) in 334 ms; decode 157 tok / 27 passes in 5.8 s: 26.9 tok/s, 37.1 ms/tok, 216 ms/pass, 5.81 tok/pass, accept p1 100 % p2 100 % p3 96 % p4 96 % p5 93 %
2026-10-02 20:54:34.350 INFO  sched: request 'chatcmpl-c6ea0dce84151015' starting prefill in slot 0 (109 prompt tokens)
2026-10-02 20:54:34.636 INFO  sched: request 'chatcmpl-c6ea0dce84151015' prefix cache miss — 0 cut(s), the cache is empty
2026-10-02 20:54:34.636 INFO  sched: request 'chatcmpl-c6ea0dce84151015' admitted to slot 0 (reserve 17 blocks; pool 53/8192 blocks in use) — first token 9854
2026-10-02 20:54:34.834 INFO  sched: request 'chatcmpl-c6ea0dce84151016' starting prefill in slot 2 (134 prompt tokens)
2026-10-02 20:54:34.834 INFO  sched: request 'chatcmpl-c6ea0dce84151016' prefix cache miss — 1 cut(s), the cache is empty
2026-10-02 20:54:34.835 INFO  sched: request 'chatcmpl-c6ea0dce84151016' prefilling in slot 2 (256 tokens/tick)
2026-10-02 20:54:35.157 INFO  sched: request 'chatcmpl-c6ea0dce84151016' admitted to slot 2 (reserve 18 blocks; pool 71/8192 blocks in use) — first token 9854
2026-10-02 20:54:36.322 INFO  sched: request 'chatcmpl-c6ea0dce84151013' retired (eos): 140 tok in 5.9 s — prefill 131 tok (0 cached) in 325 ms; decode 139 tok / 24 passes in 5.6 s: 24.7 tok/s, 40.4 ms/tok, 234 ms/pass, 5.79 tok/pass, accept p1 100 % p2 100 % p3 96 % p4 96 % p5 92 %
2026-10-02 20:54:36.638 INFO  sched: request 'chatcmpl-c6ea0dce84151017' starting prefill in slot 3 (102 prompt tokens)
2026-10-02 20:54:36.925 INFO  sched: request 'chatcmpl-c6ea0dce84151017' prefix cache miss — 0 cut(s), the cache is empty
2026-10-02 20:54:36.925 INFO  sched: request 'chatcmpl-c6ea0dce84151017' admitted to slot 3 (reserve 17 blocks; pool 70/8192 blocks in use) — first token 9854
2026-10-02 20:54:38.657 INFO  sched: request 'chatcmpl-c6ea0dce84151015' retired (eos): 99 tok in 4.3 s — prefill 109 tok (0 cached) in 286 ms; decode 98 tok / 18 passes in 4.0 s: 24.4 tok/s, 41.0 ms/tok, 223 ms/pass, 5.44 tok/pass, accept p1 94 % p2 94 % p3 94 % p4 89 % p5 78 %
2026-10-02 20:54:38.658 INFO  stats: rank 0 | 10.2 s | decode 95.1 tok/s, 8.6 ms/tok, 185.6 ms/step (45 steps / 966 tok, 82 % of wall) | mtp 5.68 tok/step/req, accept p1 99 % p2 98 % p3 95 % p4 91 % p5 86 % | prefill 5 prompts / 653 tok, 64 tok/s, 2.42 ms/tok, 316 ms avg (16 % of wall), 0 tok cached (0/5 hits) | live 3, queued 0 | pool 53/8192 blocks (1 %) | prefix cache 0/780 entries | requests +5 (shed 0, cancelled 0)
2026-10-02 20:54:39.045 INFO  sched: request 'chatcmpl-c6ea0dce84151018' starting prefill in slot 0 (90 prompt tokens)
2026-10-02 20:54:39.317 INFO  sched: request 'chatcmpl-c6ea0dce84151018' prefix cache miss — 0 cut(s), the cache is empty
2026-10-02 20:54:39.317 INFO  sched: request 'chatcmpl-c6ea0dce84151018' admitted to slot 0 (reserve 17 blocks; pool 70/8192 blocks in use) — first token 9854
2026-10-02 20:54:39.638 INFO  sched: request 'chatcmpl-c6ea0dce84151016' retired (eos): 121 tok in 4.8 s — prefill 134 tok (0 cached) in 322 ms; decode 120 tok / 21 passes in 4.5 s: 26.8 tok/s, 37.3 ms/tok, 213 ms/pass, 5.71 tok/pass, accept p1 100 % p2 100 % p3 95 % p4 95 % p5 100 %
2026-10-02 20:54:40.025 INFO  sched: request 'chatcmpl-c6ea0dce84151019' starting prefill in slot 2 (103 prompt tokens)
2026-10-02 20:54:40.306 INFO  sched: request 'chatcmpl-c6ea0dce84151019' prefix cache miss — 0 cut(s), the cache is empty
2026-10-02 20:54:40.306 INFO  sched: request 'chatcmpl-c6ea0dce84151019' admitted to slot 2 (reserve 17 blocks; pool 69/8192 blocks in use) — first token 9854
2026-10-02 20:54:40.508 INFO  sched: request 'chatcmpl-c6ea0dce84151017' retired (eos): 90 tok in 3.9 s — prefill 102 tok (0 cached) in 287 ms; decode 89 tok / 16 passes in 3.6 s: 24.8 tok/s, 40.3 ms/tok, 224 ms/pass, 5.56 tok/pass, accept p1 100 % p2 100 % p3 100 % p4 93 % p5 86 %
2026-10-02 20:54:40.833 INFO  sched: request 'chatcmpl-c6ea0dce8415101a' starting prefill in slot 3 (103 prompt tokens)
2026-10-02 20:54:41.121 INFO  sched: request 'chatcmpl-c6ea0dce8415101a' prefix cache miss — 0 cut(s), the cache is empty
2026-10-02 20:54:41.121 INFO  sched: request 'chatcmpl-c6ea0dce8415101a' admitted to slot 3 (reserve 17 blocks; pool 69/8192 blocks in use) — first token 9854
2026-10-02 20:54:42.483 INFO  sched: request 'chatcmpl-c6ea0dce84151018' retired (eos): 79 tok in 3.4 s — prefill 90 tok (0 cached) in 272 ms; decode 78 tok / 14 passes in 3.2 s: 24.6 tok/s, 40.6 ms/tok, 226 ms/pass, 5.57 tok/pass, accept p1 100 % p2 100 % p3 100 % p4 100 % p5 83 %
2026-10-02 20:54:42.871 INFO  sched: request 'chatcmpl-c6ea0dce84151014' retired (eos): 240 tok in 11.6 s — prefill 177 tok (0 cached) in 361 ms; decode 239 tok / 50 passes in 11.2 s: 21.3 tok/s, 47.0 ms/tok, 225 ms/pass, 4.78 tok/pass, accept p1 98 % p2 86 % p3 78 % p4 65 % p5 56 %
2026-10-02 20:54:42.871 INFO  sched: request 'chatcmpl-c6ea0dce8415101b' starting prefill in slot 0 (205 prompt tokens)
2026-10-02 20:54:42.871 INFO  sched: request 'chatcmpl-c6ea0dce8415101b' prefix cache miss — 1 cut(s), the cache is empty
2026-10-02 20:54:42.871 INFO  sched: request 'chatcmpl-c6ea0dce8415101b' prefilling in slot 0 (256 tokens/tick)
2026-10-02 20:54:43.257 INFO  sched: request 'chatcmpl-c6ea0dce8415101b' admitted to slot 0 (reserve 18 blocks; pool 52/8192 blocks in use) — first token 9854
2026-10-02 20:54:43.461 INFO  sched: request 'chatcmpl-c6ea0dce8415101c' starting prefill in slot 1 (125 prompt tokens)
2026-10-02 20:54:43.766 INFO  sched: request 'chatcmpl-c6ea0dce8415101c' prefix cache miss — 0 cut(s), the cache is empty
2026-10-02 20:54:43.766 INFO  sched: request 'chatcmpl-c6ea0dce8415101c' admitted to slot 1 (reserve 17 blocks; pool 70/8192 blocks in use) — first token 9854
2026-10-02 20:54:44.150 INFO  sched: request 'chatcmpl-c6ea0dce84151019' retired (eos): 88 tok in 4.1 s — prefill 103 tok (0 cached) in 281 ms; decode 87 tok / 15 passes in 3.8 s: 22.6 tok/s, 44.2 ms/tok, 256 ms/pass, 5.80 tok/pass, accept p1 100 % p2 100 % p3 100 % p4 93 % p5 93 %
2026-10-02 20:54:44.352 INFO  sched: request 'chatcmpl-c6ea0dce8415101a' retired (eos): 78 tok in 3.5 s — prefill 103 tok (0 cached) in 288 ms; decode 77 tok / 13 passes in 3.2 s: 23.8 tok/s, 42.0 ms/tok, 249 ms/pass, 5.92 tok/pass, accept p1 100 % p2 100 % p3 100 % p4 100 % p5 100 %
2026-10-02 20:54:44.352 INFO  sched: request 'chatcmpl-c6ea0dce8415101d' starting prefill in slot 2 (136 prompt tokens)
2026-10-02 20:54:44.352 INFO  sched: request 'chatcmpl-c6ea0dce8415101d' prefix cache miss — 1 cut(s), the cache is empty
2026-10-02 20:54:44.353 INFO  sched: request 'chatcmpl-c6ea0dce8415101d' prefilling in slot 2 (256 tokens/tick)
2026-10-02 20:54:44.674 INFO  sched: request 'chatcmpl-c6ea0dce8415101d' admitted to slot 2 (reserve 18 blocks; pool 54/8192 blocks in use) — first token 9854
2026-10-02 20:54:44.826 INFO  sched: request 'chatcmpl-c6ea0dce8415101e' starting prefill in slot 3 (202 prompt tokens)
2026-10-02 20:54:44.826 INFO  sched: request 'chatcmpl-c6ea0dce8415101e' prefix cache miss — 1 cut(s), the cache is empty
2026-10-02 20:54:44.827 INFO  sched: request 'chatcmpl-c6ea0dce8415101e' prefilling in slot 3 (256 tokens/tick)
2026-10-02 20:54:45.216 INFO  sched: request 'chatcmpl-c6ea0dce8415101e' admitted to slot 3 (reserve 18 blocks; pool 72/8192 blocks in use) — first token 9854
2026-10-02 20:54:48.685 INFO  stats: rank 0 | 10.0 s | decode 80.9 tok/s, 9.3 ms/tok, 184.7 ms/step (41 steps / 811 tok, 76 % of wall) | mtp 5.30 tok/step/req, accept p1 99 % p2 93 % p3 88 % p4 81 % p5 77 % | prefill 7 prompts / 964 tok, 96 tok/s, 2.33 ms/tok, 320 ms avg (22 % of wall), 0 tok cached (0/7 hits) | live 4, queued 0 | pool 72/8192 blocks (1 %) | prefix cache 0/780 entries | requests +7 (shed 0, cancelled 0)
2026-10-02 20:54:49.871 INFO  sched: request 'chatcmpl-c6ea0dce8415101c' retired (eos): 155 tok in 6.4 s — prefill 125 tok (0 cached) in 305 ms; decode 154 tok / 28 passes in 6.1 s: 25.2 tok/s, 39.6 ms/tok, 218 ms/pass, 5.50 tok/pass, accept p1 100 % p2 96 % p3 89 % p4 86 % p5 85 %
2026-10-02 20:54:50.073 INFO  sched: request 'chatcmpl-c6ea0dce8415101f' starting prefill in slot 1 (156 prompt tokens)
2026-10-02 20:54:50.073 INFO  sched: request 'chatcmpl-c6ea0dce8415101f' prefix cache miss — 1 cut(s), the cache is empty
2026-10-02 20:54:50.073 INFO  sched: request 'chatcmpl-c6ea0dce8415101f' prefilling in slot 1 (256 tokens/tick)
2026-10-02 20:54:50.418 INFO  sched: request 'chatcmpl-c6ea0dce8415101f' admitted to slot 1 (reserve 18 blocks; pool 72/8192 blocks in use) — first token 9854
2026-10-02 20:54:52.477 INFO  sched: request 'chatcmpl-c6ea0dce8415101d' retired (eos): 197 tok in 8.1 s — prefill 136 tok (0 cached) in 322 ms; decode 196 tok / 37 passes in 7.8 s: 25.1 tok/s, 39.8 ms/tok, 211 ms/pass, 5.30 tok/pass, accept p1 95 % p2 89 % p3 86 % p4 86 % p5 85 %
2026-10-02 20:54:52.875 INFO  sched: request 'chatcmpl-c6ea0dce84151020' starting prefill in slot 2 (126 prompt tokens)
2026-10-02 20:54:53.178 INFO  sched: request 'chatcmpl-c6ea0dce84151020' prefix cache miss — 0 cut(s), the cache is empty
2026-10-02 20:54:53.178 INFO  sched: request 'chatcmpl-c6ea0dce84151020' admitted to slot 2 (reserve 17 blocks; pool 72/8192 blocks in use) — first token 9854
2026-10-02 20:54:53.380 INFO  sched: request 'chatcmpl-c6ea0dce8415101b' retired (eos): 234 tok in 10.5 s — prefill 205 tok (0 cached) in 387 ms; decode 233 tok / 44 passes in 10.1 s: 23.0 tok/s, 43.4 ms/tok, 230 ms/pass, 5.30 tok/pass, accept p1 100 % p2 95 % p3 91 % p4 79 % p5 73 %
2026-10-02 20:54:53.768 INFO  sched: request 'chatcmpl-c6ea0dce84151021' starting prefill in slot 0 (73 prompt tokens)
2026-10-02 20:54:54.021 INFO  sched: request 'chatcmpl-c6ea0dce84151021' prefix cache miss — 0 cut(s), the cache is empty
2026-10-02 20:54:54.021 INFO  sched: request 'chatcmpl-c6ea0dce84151021' admitted to slot 0 (reserve 17 blocks; pool 71/8192 blocks in use) — first token 9854
2026-10-02 20:54:54.991 INFO  sched: request 'chatcmpl-c6ea0dce8415101e' retired (eos): 250 tok in 10.2 s — prefill 202 tok (0 cached) in 389 ms; decode 249 tok / 46 passes in 9.8 s: 25.5 tok/s, 39.3 ms/tok, 213 ms/pass, 5.41 tok/pass, accept p1 100 % p2 98 % p3 89 % p4 84 % p5 79 %
2026-10-02 20:54:55.301 INFO  sched: request 'chatcmpl-c6ea0dce84151022' starting prefill in slot 3 (82 prompt tokens)
2026-10-02 20:54:55.573 INFO  sched: request 'chatcmpl-c6ea0dce84151022' prefix cache miss — 0 cut(s), the cache is empty
2026-10-02 20:54:55.573 INFO  sched: request 'chatcmpl-c6ea0dce84151022' admitted to slot 3 (reserve 17 blocks; pool 70/8192 blocks in use) — first token 9854
2026-10-02 20:54:55.764 INFO  sched: request 'chatcmpl-c6ea0dce84151021' retired (eos): 46 tok in 2.0 s — prefill 73 tok (0 cached) in 252 ms; decode 45 tok / 8 passes in 1.7 s: 25.8 tok/s, 38.7 ms/tok, 218 ms/pass, 5.62 tok/pass, accept p1 100 % p2 100 % p3 100 % p4 88 % p5 88 %
2026-10-02 20:54:55.964 INFO  sched: request 'chatcmpl-c6ea0dce84151023' starting prefill in slot 0 (156 prompt tokens)
2026-10-02 20:54:55.964 INFO  sched: request 'chatcmpl-c6ea0dce84151023' prefix cache miss — 1 cut(s), the cache is empty
2026-10-02 20:54:55.965 INFO  sched: request 'chatcmpl-c6ea0dce84151023' prefilling in slot 0 (256 tokens/tick)
2026-10-02 20:54:56.307 INFO  sched: request 'chatcmpl-c6ea0dce84151023' admitted to slot 0 (reserve 18 blocks; pool 71/8192 blocks in use) — first token 9854
2026-10-02 20:54:57.843 INFO  sched: request 'chatcmpl-c6ea0dce8415101f' retired (eos): 183 tok in 7.8 s — prefill 156 tok (0 cached) in 345 ms; decode 182 tok / 33 passes in 7.4 s: 24.5 tok/s, 40.8 ms/tok, 225 ms/pass, 5.52 tok/pass, accept p1 97 % p2 94 % p3 91 % p4 91 % p5 90 %
2026-10-02 20:54:57.844 INFO  sched: request 'chatcmpl-c6ea0dce84151020' retired (eos): 115 tok in 5.0 s — prefill 126 tok (0 cached) in 303 ms; decode 114 tok / 20 passes in 4.7 s: 24.4 tok/s, 40.9 ms/tok, 233 ms/pass, 5.70 tok/pass, accept p1 100 % p2 100 % p3 100 % p4 90 % p5 85 %
2026-10-02 20:54:58.210 INFO  sched: request 'chatcmpl-c6ea0dce84151024' starting prefill in slot 1 (119 prompt tokens)
2026-10-02 20:54:58.210 INFO  sched: request 'chatcmpl-c6ea0dce84151025' starting prefill in slot 2 (79 prompt tokens)
2026-10-02 20:54:58.640 INFO  sched: request 'chatcmpl-c6ea0dce84151024' prefix cache miss — 0 cut(s), the cache is empty
2026-10-02 20:54:58.640 INFO  sched: request 'chatcmpl-c6ea0dce84151024' admitted to slot 1 (reserve 17 blocks; pool 53/8192 blocks in use) — first token 9854
2026-10-02 20:54:58.640 INFO  sched: request 'chatcmpl-c6ea0dce84151025' prefix cache miss — 0 cut(s), the cache is empty
2026-10-02 20:54:58.640 INFO  sched: request 'chatcmpl-c6ea0dce84151025' admitted to slot 2 (reserve 17 blocks; pool 69/8192 blocks in use) — first token 9854
2026-10-02 20:54:58.640 INFO  sched: 2 requests admitted together in one prefill (431 ms)
2026-10-02 20:54:58.814 INFO  stats: rank 0 | 10.1 s | decode 88.0 tok/s, 8.9 ms/tok, 184.4 ms/step (43 steps / 891 tok, 78 % of wall) | mtp 5.57 tok/step/req, accept p1 98 % p2 96 % p3 93 % p4 89 % p5 88 % | prefill 7 prompts / 791 tok, 78 tok/s, 2.46 ms/tok, 278 ms avg (19 % of wall), 0 tok cached (0/7 hits) | live 4, queued 0 | pool 69/8192 blocks (1 %) | prefix cache 0/780 entries | requests +7 (shed 0, cancelled 0)
2026-10-02 20:54:59.224 INFO  sched: request 'chatcmpl-c6ea0dce84151022' retired (eos): 84 tok in 3.9 s — prefill 82 tok (0 cached) in 272 ms; decode 83 tok / 15 passes in 3.7 s: 22.7 tok/s, 44.0 ms/tok, 243 ms/pass, 5.53 tok/pass, accept p1 100 % p2 100 % p3 93 % p4 87 % p5 80 %
2026-10-02 20:54:59.541 INFO  sched: request 'chatcmpl-c6ea0dce84151026' starting prefill in slot 3 (94 prompt tokens)
2026-10-02 20:54:59.813 INFO  sched: request 'chatcmpl-c6ea0dce84151026' prefix cache miss — 0 cut(s), the cache is empty
2026-10-02 20:54:59.813 INFO  sched: request 'chatcmpl-c6ea0dce84151026' admitted to slot 3 (reserve 17 blocks; pool 69/8192 blocks in use) — first token 9854
2026-10-02 20:55:00.787 INFO  sched: request 'chatcmpl-c6ea0dce84151025' retired (eos): 54 tok in 2.6 s — prefill 79 tok (0 cached) in 431 ms; decode 53 tok / 10 passes in 2.1 s: 24.7 tok/s, 40.5 ms/tok, 215 ms/pass, 5.30 tok/pass, accept p1 100 % p2 100 % p3 80 % p4 80 % p5 80 %
2026-10-02 20:55:01.175 INFO  sched: request 'chatcmpl-c6ea0dce84151027' starting prefill in slot 2 (121 prompt tokens)
2026-10-02 20:55:01.479 INFO  sched: request 'chatcmpl-c6ea0dce84151027' prefix cache miss — 0 cut(s), the cache is empty
2026-10-02 20:55:01.479 INFO  sched: request 'chatcmpl-c6ea0dce84151027' admitted to slot 2 (reserve 17 blocks; pool 69/8192 blocks in use) — first token 9854
2026-10-02 20:55:02.434 INFO  sched: request 'chatcmpl-c6ea0dce84151026' retired (eos): 69 tok in 2.9 s — prefill 94 tok (0 cached) in 272 ms; decode 68 tok / 12 passes in 2.6 s: 25.9 tok/s, 38.5 ms/tok, 218 ms/pass, 5.67 tok/pass, accept p1 100 % p2 100 % p3 92 % p4 92 % p5 92 %
2026-10-02 20:55:02.751 INFO  sched: request 'chatcmpl-c6ea0dce84151028' starting prefill in slot 3 (148 prompt tokens)
2026-10-02 20:55:02.751 INFO  sched: request 'chatcmpl-c6ea0dce84151028' prefix cache miss — 1 cut(s), the cache is empty
2026-10-02 20:55:02.752 INFO  sched: request 'chatcmpl-c6ea0dce84151028' prefilling in slot 3 (256 tokens/tick)
2026-10-02 20:55:03.081 INFO  sched: request 'chatcmpl-c6ea0dce84151028' admitted to slot 3 (reserve 18 blocks; pool 70/8192 blocks in use) — first token 9854
2026-10-02 20:55:03.465 INFO  sched: request 'chatcmpl-c6ea0dce84151024' retired (eos): 115 tok in 5.3 s — prefill 119 tok (0 cached) in 431 ms; decode 114 tok / 21 passes in 4.8 s: 23.6 tok/s, 42.3 ms/tok, 230 ms/pass, 5.43 tok/pass, accept p1 95 % p2 90 % p3 90 % p4 90 % p5 81 %
2026-10-02 20:55:03.862 INFO  sched: request 'chatcmpl-c6ea0dce84151023' retired (eos): 192 tok in 7.9 s — prefill 156 tok (0 cached) in 343 ms; decode 191 tok / 33 passes in 7.6 s: 25.3 tok/s, 39.6 ms/tok, 229 ms/pass, 5.79 tok/pass, accept p1 97 % p2 97 % p3 97 % p4 97 % p5 94 %
2026-10-02 20:55:03.862 INFO  sched: request 'chatcmpl-c6ea0dce84151029' starting prefill in slot 0 (130 prompt tokens)
2026-10-02 20:55:03.862 INFO  sched: request 'chatcmpl-c6ea0dce84151029' prefix cache miss — 1 cut(s), the cache is empty
2026-10-02 20:55:03.862 INFO  sched: request 'chatcmpl-c6ea0dce84151029' prefilling in slot 0 (256 tokens/tick)
2026-10-02 20:55:04.179 INFO  sched: request 'chatcmpl-c6ea0dce84151029' admitted to slot 0 (reserve 18 blocks; pool 53/8192 blocks in use) — first token 9854
2026-10-02 20:55:04.375 INFO  sched: request 'chatcmpl-c6ea0dce8415102a' starting prefill in slot 1 (295 prompt tokens)
2026-10-02 20:55:04.375 INFO  sched: request 'chatcmpl-c6ea0dce8415102a' prefix cache miss — 1 cut(s), the cache is empty
2026-10-02 20:55:04.376 INFO  sched: request 'chatcmpl-c6ea0dce8415102a' prefilling in slot 1 (256 tokens/tick)
2026-10-02 20:55:05.186 INFO  sched: request 'chatcmpl-c6ea0dce8415102a' admitted to slot 1 (reserve 19 blocks; pool 72/8192 blocks in use) — first token 9854
2026-10-02 20:55:06.291 INFO  sched: request 'chatcmpl-c6ea0dce84151027' retired (eos): 104 tok in 5.1 s — prefill 121 tok (0 cached) in 304 ms; decode 103 tok / 19 passes in 4.8 s: 21.4 tok/s, 46.7 ms/tok, 253 ms/pass, 5.42 tok/pass, accept p1 100 % p2 89 % p3 89 % p4 89 % p5 89 %
2026-10-02 20:55:06.682 INFO  sched: request 'chatcmpl-c6ea0dce8415102b' starting prefill in slot 2 (184 prompt tokens)
2026-10-02 20:55:06.682 INFO  sched: request 'chatcmpl-c6ea0dce8415102b' prefix cache miss — 1 cut(s), the cache is empty
2026-10-02 20:55:06.682 INFO  sched: request 'chatcmpl-c6ea0dce8415102b' prefilling in slot 2 (256 tokens/tick)
2026-10-02 20:55:07.040 INFO  sched: request 'chatcmpl-c6ea0dce8415102b' admitted to slot 2 (reserve 18 blocks; pool 73/8192 blocks in use) — first token 9854
2026-10-02 20:55:08.575 INFO  sched: request 'chatcmpl-c6ea0dce84151028' retired (eos): 130 tok in 5.8 s — prefill 148 tok (0 cached) in 329 ms; decode 129 tok / 22 passes in 5.5 s: 23.5 tok/s, 42.6 ms/tok, 250 ms/pass, 5.86 tok/pass, accept p1 100 % p2 100 % p3 100 % p4 100 % p5 100 %
2026-10-02 20:55:08.852 INFO  stats: rank 0 | 10.0 s | decode 84.4 tok/s, 9.0 ms/tok, 181.1 ms/step (42 steps / 847 tok, 76 % of wall) | mtp 5.50 tok/step/req, accept p1 99 % p2 96 % p3 92 % p4 89 % p5 84 % | prefill 6 prompts / 972 tok, 97 tok/s, 2.27 ms/tok, 368 ms avg (22 % of wall), 0 tok cached (0/6 hits) | live 3, queued 0 | pool 55/8192 blocks (1 %) | prefix cache 0/780 entries | requests +7 (shed 0, cancelled 0)
2026-10-02 20:55:08.865 INFO  sched: request 'chatcmpl-c6ea0dce8415102c' starting prefill in slot 3 (104 prompt tokens)
2026-10-02 20:55:09.150 INFO  sched: request 'chatcmpl-c6ea0dce8415102c' prefix cache miss — 0 cut(s), the cache is empty
2026-10-02 20:55:09.150 INFO  sched: request 'chatcmpl-c6ea0dce8415102c' admitted to slot 3 (reserve 17 blocks; pool 72/8192 blocks in use) — first token 9854
2026-10-02 20:55:11.257 INFO  sched: request 'chatcmpl-c6ea0dce84151029' retired (eos): 171 tok in 7.4 s — prefill 130 tok (0 cached) in 317 ms; decode 170 tok / 31 passes in 7.1 s: 24.0 tok/s, 41.6 ms/tok, 228 ms/pass, 5.48 tok/pass, accept p1 100 % p2 97 % p3 90 % p4 93 % p5 92 %
2026-10-02 20:55:11.624 INFO  sched: request 'chatcmpl-c6ea0dce8415102d' starting prefill in slot 0 (111 prompt tokens)
2026-10-02 20:55:11.913 INFO  sched: request 'chatcmpl-c6ea0dce8415102d' prefix cache miss — 0 cut(s), the cache is empty
2026-10-02 20:55:11.913 INFO  sched: request 'chatcmpl-c6ea0dce8415102d' admitted to slot 0 (reserve 17 blocks; pool 71/8192 blocks in use) — first token 9854
2026-10-02 20:55:12.106 INFO  sched: request 'chatcmpl-c6ea0dce8415102c' retired (eos): 78 tok in 3.2 s — prefill 104 tok (0 cached) in 285 ms; decode 77 tok / 14 passes in 3.0 s: 26.0 tok/s, 38.4 ms/tok, 211 ms/pass, 5.50 tok/pass, accept p1 100 % p2 100 % p3 93 % p4 93 % p5 91 %
2026-10-02 20:55:12.427 INFO  sched: request 'chatcmpl-c6ea0dce8415102e' starting prefill in slot 3 (111 prompt tokens)
2026-10-02 20:55:12.722 INFO  sched: request 'chatcmpl-c6ea0dce8415102e' prefix cache miss — 0 cut(s), the cache is empty
2026-10-02 20:55:12.722 INFO  sched: request 'chatcmpl-c6ea0dce8415102e' admitted to slot 3 (reserve 17 blocks; pool 71/8192 blocks in use) — first token 9854
2026-10-02 20:55:14.949 INFO  sched: request 'chatcmpl-c6ea0dce8415102d' retired (eos): 84 tok in 3.3 s — prefill 111 tok (0 cached) in 288 ms; decode 83 tok / 15 passes in 3.0 s: 27.3 tok/s, 36.6 ms/tok, 202 ms/pass, 5.53 tok/pass, accept p1 100 % p2 100 % p3 100 % p4 100 % p5 100 %
2026-10-02 20:55:15.317 INFO  sched: request 'chatcmpl-c6ea0dce8415102f' starting prefill in slot 0 (157 prompt tokens)
2026-10-02 20:55:15.317 INFO  sched: request 'chatcmpl-c6ea0dce8415102f' prefix cache miss — 1 cut(s), the cache is empty
2026-10-02 20:55:15.317 INFO  sched: request 'chatcmpl-c6ea0dce8415102f' prefilling in slot 0 (256 tokens/tick)
2026-10-02 20:55:15.656 INFO  sched: request 'chatcmpl-c6ea0dce8415102f' admitted to slot 0 (reserve 18 blocks; pool 72/8192 blocks in use) — first token 9854
2026-10-02 20:55:17.385 INFO  sched: request 'chatcmpl-c6ea0dce8415102e' retired (eos): 124 tok in 5.0 s — prefill 111 tok (0 cached) in 295 ms; decode 123 tok / 24 passes in 4.7 s: 26.4 tok/s, 37.9 ms/tok, 194 ms/pass, 5.12 tok/pass, accept p1 100 % p2 100 % p3 95 % p4 95 % p5 87 %
2026-10-02 20:55:17.387 INFO  sched: request 'chatcmpl-c6ea0dce8415102b' retired (eos): 262 tok in 10.7 s — prefill 184 tok (0 cached) in 358 ms; decode 261 tok / 50 passes in 10.3 s: 25.2 tok/s, 39.6 ms/tok, 207 ms/pass, 5.22 tok/pass, accept p1 98 % p2 94 % p3 94 % p4 91 % p5 86 %
2026-10-02 20:55:17.677 INFO  sched: request 'chatcmpl-c6ea0dce84151030' starting prefill in slot 2 (192 prompt tokens)
2026-10-02 20:55:17.677 INFO  sched: request 'chatcmpl-c6ea0dce84151030' prefix cache miss — 1 cut(s), the cache is empty
2026-10-02 20:55:17.678 INFO  sched: request 'chatcmpl-c6ea0dce84151030' prefilling in slot 2 (256 tokens/tick)
2026-10-02 20:55:18.051 INFO  sched: request 'chatcmpl-c6ea0dce84151030' admitted to slot 2 (reserve 18 blocks; pool 55/8192 blocks in use) — first token 9854
2026-10-02 20:55:18.153 INFO  sched: request 'chatcmpl-c6ea0dce84151031' starting prefill in slot 3 (123 prompt tokens)
2026-10-02 20:55:18.451 INFO  sched: request 'chatcmpl-c6ea0dce84151031' prefix cache miss — 0 cut(s), the cache is empty
2026-10-02 20:55:18.451 INFO  sched: request 'chatcmpl-c6ea0dce84151031' admitted to slot 3 (reserve 17 blocks; pool 72/8192 blocks in use) — first token 9854
2026-10-02 20:55:18.892 INFO  stats: rank 0 | 10.0 s | decode 87.7 tok/s, 9.0 ms/tok, 169.0 ms/step (47 steps / 880 tok, 79 % of wall) | mtp 5.03 tok/step/req, accept p1 99 % p2 95 % p3 91 % p4 90 % p5 87 % | prefill 6 prompts / 798 tok, 79 tok/s, 2.36 ms/tok, 313 ms avg (19 % of wall), 0 tok cached (0/6 hits) | live 4, queued 0 | pool 72/8192 blocks (1 %) | prefix cache 0/780 entries | requests +5 (shed 0, cancelled 0)
2026-10-02 20:55:23.160 INFO  sched: request 'chatcmpl-c6ea0dce8415102f' retired (eos): 196 tok in 7.8 s — prefill 157 tok (0 cached) in 339 ms; decode 195 tok / 42 passes in 7.5 s: 26.0 tok/s, 38.5 ms/tok, 179 ms/pass, 4.64 tok/pass, accept p1 95 % p2 93 % p3 97 % p4 96 % p5 100 %
2026-10-02 20:55:23.314 INFO  sched: request 'chatcmpl-c6ea0dce84151030' retired (eos): 137 tok in 5.6 s — prefill 192 tok (0 cached) in 373 ms; decode 136 tok / 30 passes in 5.3 s: 25.8 tok/s, 38.7 ms/tok, 175 ms/pass, 4.53 tok/pass, accept p1 100 % p2 100 % p3 91 % p4 89 % p5 91 %
2026-10-02 20:55:23.435 INFO  sched: request 'chatcmpl-c6ea0dce84151032' starting prefill in slot 0 (197 prompt tokens)
2026-10-02 20:55:23.435 INFO  sched: request 'chatcmpl-c6ea0dce84151032' prefix cache miss — 1 cut(s), the cache is empty
2026-10-02 20:55:23.436 INFO  sched: request 'chatcmpl-c6ea0dce84151032' prefilling in slot 0 (256 tokens/tick)
2026-10-02 20:55:23.812 INFO  sched: request 'chatcmpl-c6ea0dce84151032' admitted to slot 0 (reserve 18 blocks; pool 54/8192 blocks in use) — first token 9854
2026-10-02 20:55:23.969 INFO  sched: request 'chatcmpl-c6ea0dce84151033' starting prefill in slot 2 (185 prompt tokens)
2026-10-02 20:55:23.969 INFO  sched: request 'chatcmpl-c6ea0dce84151033' prefix cache miss — 1 cut(s), the cache is empty
2026-10-02 20:55:23.969 INFO  sched: request 'chatcmpl-c6ea0dce84151033' prefilling in slot 2 (256 tokens/tick)
2026-10-02 20:55:24.330 INFO  sched: request 'chatcmpl-c6ea0dce84151033' admitted to slot 2 (reserve 18 blocks; pool 72/8192 blocks in use) — first token 9854
2026-10-02 20:55:26.035 INFO  sched: request 'chatcmpl-c6ea0dce8415102a' retired (eos): 453 tok in 21.7 s — prefill 295 tok (0 cached) in 627 ms; decode 452 tok / 103 passes in 21.0 s: 21.5 tok/s, 46.5 ms/tok, 204 ms/pass, 4.39 tok/pass, accept p1 97 % p2 86 % p3 76 % p4 71 % p5 62 %
2026-10-02 20:55:26.231 INFO  sched: request 'chatcmpl-c6ea0dce84151031' retired (eos): 198 tok in 8.1 s — prefill 123 tok (0 cached) in 299 ms; decode 197 tok / 42 passes in 7.8 s: 25.3 tok/s, 39.5 ms/tok, 185 ms/pass, 4.69 tok/pass, accept p1 98 % p2 98 % p3 94 % p4 96 % p5 100 %
2026-10-02 20:55:26.390 INFO  sched: request 'chatcmpl-c6ea0dce84151034' starting prefill in slot 1 (143 prompt tokens)
2026-10-02 20:55:26.390 INFO  sched: request 'chatcmpl-c6ea0dce84151034' prefix cache miss — 1 cut(s), the cache is empty
2026-10-02 20:55:26.390 INFO  sched: request 'chatcmpl-c6ea0dce84151034' prefilling in slot 1 (256 tokens/tick)
2026-10-02 20:55:26.716 INFO  sched: request 'chatcmpl-c6ea0dce84151034' admitted to slot 1 (reserve 18 blocks; pool 54/8192 blocks in use) — first token 9854
2026-10-02 20:55:26.856 INFO  sched: request 'chatcmpl-c6ea0dce84151035' starting prefill in slot 3 (188 prompt tokens)
2026-10-02 20:55:26.856 INFO  sched: request 'chatcmpl-c6ea0dce84151035' prefix cache miss — 1 cut(s), the cache is empty
2026-10-02 20:55:26.857 INFO  sched: request 'chatcmpl-c6ea0dce84151035' prefilling in slot 3 (256 tokens/tick)
2026-10-02 20:55:27.211 INFO  sched: request 'chatcmpl-c6ea0dce84151035' admitted to slot 3 (reserve 18 blocks; pool 72/8192 blocks in use) — first token 9854
2026-10-02 20:55:28.943 INFO  stats: rank 0 | 10.1 s | decode 91.0 tok/s, 9.2 ms/tok, 168.5 ms/step (50 steps / 915 tok, 84 % of wall) | mtp 4.77 tok/step/req, accept p1 97 % p2 94 % p3 90 % p4 86 % p5 86 % | prefill 4 prompts / 713 tok, 71 tok/s, 1.99 ms/tok, 355 ms avg (14 % of wall), 0 tok cached (0/4 hits) | live 4, queued 0 | pool 72/8192 blocks (1 %) | prefix cache 0/780 entries | requests +4 (shed 0, cancelled 0)
2026-10-02 20:55:30.695 INFO  sched: request 'chatcmpl-c6ea0dce84151033' retired (eos): 159 tok in 6.7 s — prefill 185 tok (0 cached) in 362 ms; decode 158 tok / 31 passes in 6.4 s: 24.8 tok/s, 40.3 ms/tok, 205 ms/pass, 5.10 tok/pass, accept p1 100 % p2 100 % p3 97 % p4 74 % p5 67 %
2026-10-02 20:55:31.068 INFO  sched: request 'chatcmpl-c6ea0dce84151034' retired (eos): 123 tok in 4.7 s — prefill 143 tok (0 cached) in 326 ms; decode 122 tok / 21 passes in 4.4 s: 28.0 tok/s, 35.7 ms/tok, 207 ms/pass, 5.81 tok/pass, accept p1 100 % p2 100 % p3 100 % p4 100 % p5 100 %
2026-10-02 20:55:31.069 INFO  sched: request 'chatcmpl-c6ea0dce84151036' starting prefill in slot 1 (122 prompt tokens)
2026-10-02 20:55:31.367 INFO  sched: request 'chatcmpl-c6ea0dce84151036' prefix cache miss — 0 cut(s), the cache is empty
2026-10-02 20:55:31.367 INFO  sched: request 'chatcmpl-c6ea0dce84151036' admitted to slot 1 (reserve 17 blocks; pool 53/8192 blocks in use) — first token 9854
2026-10-02 20:55:31.543 INFO  sched: request 'chatcmpl-c6ea0dce84151037' starting prefill in slot 2 (76 prompt tokens)
2026-10-02 20:55:31.800 INFO  sched: request 'chatcmpl-c6ea0dce84151037' prefix cache miss — 0 cut(s), the cache is empty
2026-10-02 20:55:31.800 INFO  sched: request 'chatcmpl-c6ea0dce84151037' admitted to slot 2 (reserve 17 blocks; pool 70/8192 blocks in use) — first token 9854
2026-10-02 20:55:33.704 INFO  sched: request 'chatcmpl-c6ea0dce84151037' retired (eos): 55 tok in 2.2 s — prefill 76 tok (0 cached) in 256 ms; decode 54 tok / 10 passes in 1.9 s: 28.4 tok/s, 35.3 ms/tok, 190 ms/pass, 5.40 tok/pass, accept p1 100 % p2 90 % p3 90 % p4 90 % p5 89 %
2026-10-02 20:55:34.083 INFO  sched: request 'chatcmpl-c6ea0dce84151035' retired (eos): 187 tok in 7.2 s — prefill 188 tok (0 cached) in 355 ms; decode 186 tok / 33 passes in 6.9 s: 27.1 tok/s, 36.9 ms/tok, 208 ms/pass, 5.64 tok/pass, accept p1 100 % p2 97 % p3 94 % p4 94 % p5 96 %
2026-10-02 20:55:34.084 INFO  sched: request 'chatcmpl-c6ea0dce84151038' starting prefill in slot 2 (199 prompt tokens)
2026-10-02 20:55:34.084 INFO  sched: request 'chatcmpl-c6ea0dce84151038' prefix cache miss — 1 cut(s), the cache is empty
2026-10-02 20:55:34.084 INFO  sched: request 'chatcmpl-c6ea0dce84151038' prefilling in slot 2 (256 tokens/tick)
2026-10-02 20:55:34.461 INFO  sched: request 'chatcmpl-c6ea0dce84151038' admitted to slot 2 (reserve 18 blocks; pool 53/8192 blocks in use) — first token 9854
2026-10-02 20:55:34.581 INFO  sched: request 'chatcmpl-c6ea0dce84151039' starting prefill in slot 3 (105 prompt tokens)
2026-10-02 20:55:34.870 INFO  sched: request 'chatcmpl-c6ea0dce84151039' prefix cache miss — 0 cut(s), the cache is empty
2026-10-02 20:55:34.870 INFO  sched: request 'chatcmpl-c6ea0dce84151039' admitted to slot 3 (reserve 17 blocks; pool 70/8192 blocks in use) — first token 9854
2026-10-02 20:55:35.793 INFO  sched: request 'chatcmpl-c6ea0dce84151032' retired (eos): 276 tok in 12.4 s — prefill 197 tok (0 cached) in 377 ms; decode 275 tok / 53 passes in 12.0 s: 23.0 tok/s, 43.6 ms/tok, 226 ms/pass, 5.19 tok/pass, accept p1 96 % p2 94 % p3 92 % p4 87 % p5 87 %
2026-10-02 20:55:36.191 INFO  sched: request 'chatcmpl-c6ea0dce8415103a' starting prefill in slot 0 (108 prompt tokens)
2026-10-02 20:55:36.481 INFO  sched: request 'chatcmpl-c6ea0dce8415103a' prefix cache miss — 0 cut(s), the cache is empty
2026-10-02 20:55:36.481 INFO  sched: request 'chatcmpl-c6ea0dce8415103a' admitted to slot 0 (reserve 17 blocks; pool 69/8192 blocks in use) — first token 9854
2026-10-02 20:55:37.072 INFO  sched: request 'chatcmpl-c6ea0dce84151036' retired (eos): 136 tok in 6.0 s — prefill 122 tok (0 cached) in 298 ms; decode 135 tok / 24 passes in 5.7 s: 23.7 tok/s, 42.3 ms/tok, 238 ms/pass, 5.62 tok/pass, accept p1 100 % p2 100 % p3 100 % p4 100 % p5 95 %
2026-10-02 20:55:37.469 INFO  sched: request 'chatcmpl-c6ea0dce8415103b' starting prefill in slot 1 (131 prompt tokens)
2026-10-02 20:55:37.469 INFO  sched: request 'chatcmpl-c6ea0dce8415103b' prefix cache miss — 1 cut(s), the cache is empty
2026-10-02 20:55:37.469 INFO  sched: request 'chatcmpl-c6ea0dce8415103b' prefilling in slot 1 (256 tokens/tick)
2026-10-02 20:55:37.788 INFO  sched: request 'chatcmpl-c6ea0dce8415103b' admitted to slot 1 (reserve 18 blocks; pool 70/8192 blocks in use) — first token 9854
2026-10-02 20:55:39.133 INFO  stats: rank 0 | 10.2 s | decode 90.3 tok/s, 8.8 ms/tok, 185.0 ms/step (44 steps / 920 tok, 80 % of wall) | mtp 5.54 tok/step/req, accept p1 99 % p2 96 % p3 95 % p4 91 % p5 88 % | prefill 6 prompts / 741 tok, 73 tok/s, 2.47 ms/tok, 305 ms avg (18 % of wall), 0 tok cached (0/6 hits) | live 4, queued 0 | pool 70/8192 blocks (1 %) | prefix cache 0/780 entries | requests +6 (shed 0, cancelled 0)
2026-10-02 20:55:39.537 INFO  sched: request 'chatcmpl-c6ea0dce8415103a' retired (eos): 84 tok in 3.3 s — prefill 108 tok (0 cached) in 290 ms; decode 83 tok / 14 passes in 3.1 s: 27.2 tok/s, 36.8 ms/tok, 218 ms/pass, 5.93 tok/pass, accept p1 100 % p2 100 % p3 100 % p4 100 % p5 100 %
2026-10-02 20:55:39.934 INFO  sched: request 'chatcmpl-c6ea0dce8415103c' starting prefill in slot 0 (126 prompt tokens)
2026-10-02 20:55:40.240 INFO  sched: request 'chatcmpl-c6ea0dce8415103c' prefix cache miss — 0 cut(s), the cache is empty
2026-10-02 20:55:40.240 INFO  sched: request 'chatcmpl-c6ea0dce8415103c' admitted to slot 0 (reserve 17 blocks; pool 71/8192 blocks in use) — first token 9854
2026-10-02 20:55:40.440 INFO  sched: request 'chatcmpl-c6ea0dce84151039' retired (eos): 133 tok in 5.9 s — prefill 105 tok (0 cached) in 289 ms; decode 132 tok / 24 passes in 5.6 s: 23.7 tok/s, 42.2 ms/tok, 232 ms/pass, 5.50 tok/pass, accept p1 100 % p2 92 % p3 92 % p4 91 % p5 87 %
2026-10-02 20:55:40.755 INFO  sched: request 'chatcmpl-c6ea0dce8415103d' starting prefill in slot 3 (147 prompt tokens)
2026-10-02 20:55:40.755 INFO  sched: request 'chatcmpl-c6ea0dce8415103d' prefix cache miss — 1 cut(s), the cache is empty
2026-10-02 20:55:40.755 INFO  sched: request 'chatcmpl-c6ea0dce8415103d' prefilling in slot 3 (256 tokens/tick)
2026-10-02 20:55:41.090 INFO  sched: request 'chatcmpl-c6ea0dce8415103d' admitted to slot 3 (reserve 18 blocks; pool 72/8192 blocks in use) — first token 9854
2026-10-02 20:55:42.046 INFO  sched: request 'chatcmpl-c6ea0dce8415103b' retired (eos): 109 tok in 4.6 s — prefill 131 tok (0 cached) in 319 ms; decode 108 tok / 19 passes in 4.3 s: 25.4 tok/s, 39.4 ms/tok, 224 ms/pass, 5.68 tok/pass, accept p1 100 % p2 95 % p3 95 % p4 95 % p5 89 %
2026-10-02 20:55:42.434 INFO  sched: request 'chatcmpl-c6ea0dce8415103e' starting prefill in slot 1 (113 prompt tokens)
2026-10-02 20:55:42.724 INFO  sched: request 'chatcmpl-c6ea0dce8415103e' prefix cache miss — 0 cut(s), the cache is empty
2026-10-02 20:55:42.724 INFO  sched: request 'chatcmpl-c6ea0dce8415103e' admitted to slot 1 (reserve 17 blocks; pool 71/8192 blocks in use) — first token 9854
2026-10-02 20:55:43.123 INFO  sched: request 'chatcmpl-c6ea0dce8415103c' retired (eos): 66 tok in 3.2 s — prefill 126 tok (0 cached) in 306 ms; decode 65 tok / 12 passes in 2.9 s: 22.5 tok/s, 44.4 ms/tok, 240 ms/pass, 5.42 tok/pass, accept p1 100 % p2 100 % p3 100 % p4 75 % p5 75 %
2026-10-02 20:55:43.524 INFO  sched: request 'chatcmpl-c6ea0dce8415103f' starting prefill in slot 0 (82 prompt tokens)
2026-10-02 20:55:43.781 INFO  sched: request 'chatcmpl-c6ea0dce8415103f' prefix cache miss — 0 cut(s), the cache is empty
2026-10-02 20:55:43.781 INFO  sched: request 'chatcmpl-c6ea0dce8415103f' admitted to slot 0 (reserve 17 blocks; pool 70/8192 blocks in use) — first token 9854
2026-10-02 20:55:45.637 INFO  sched: request 'chatcmpl-c6ea0dce8415103f' retired (eos): 56 tok in 2.1 s — prefill 82 tok (0 cached) in 257 ms; decode 55 tok / 10 passes in 1.9 s: 29.6 tok/s, 33.7 ms/tok, 186 ms/pass, 5.50 tok/pass, accept p1 100 % p2 90 % p3 100 % p4 100 % p5 100 %
2026-10-02 20:55:46.022 INFO  sched: request 'chatcmpl-c6ea0dce8415103e' retired (eos): 92 tok in 3.6 s — prefill 113 tok (0 cached) in 290 ms; decode 91 tok / 16 passes in 3.3 s: 27.6 tok/s, 36.2 ms/tok, 206 ms/pass, 5.69 tok/pass, accept p1 100 % p2 100 % p3 100 % p4 100 % p5 93 %
2026-10-02 20:55:46.024 INFO  sched: request 'chatcmpl-c6ea0dce84151040' starting prefill in slot 0 (183 prompt tokens)
2026-10-02 20:55:46.024 INFO  sched: request 'chatcmpl-c6ea0dce84151040' prefix cache miss — 1 cut(s), the cache is empty
2026-10-02 20:55:46.024 INFO  sched: request 'chatcmpl-c6ea0dce84151040' prefilling in slot 0 (256 tokens/tick)
2026-10-02 20:55:46.378 INFO  sched: request 'chatcmpl-c6ea0dce84151040' admitted to slot 0 (reserve 18 blocks; pool 54/8192 blocks in use) — first token 9854
2026-10-02 20:55:46.501 INFO  sched: request 'chatcmpl-c6ea0dce84151041' starting prefill in slot 1 (80 prompt tokens)
2026-10-02 20:55:46.762 INFO  sched: request 'chatcmpl-c6ea0dce84151041' prefix cache miss — 0 cut(s), the cache is empty
2026-10-02 20:55:46.762 INFO  sched: request 'chatcmpl-c6ea0dce84151041' admitted to slot 1 (reserve 17 blocks; pool 71/8192 blocks in use) — first token 9854
2026-10-02 20:55:46.951 INFO  sched: request 'chatcmpl-c6ea0dce8415103d' retired (eos): 140 tok in 6.2 s — prefill 147 tok (0 cached) in 335 ms; decode 139 tok / 25 passes in 5.9 s: 23.7 tok/s, 42.2 ms/tok, 234 ms/pass, 5.56 tok/pass, accept p1 100 % p2 96 % p3 96 % p4 96 % p5 96 %
2026-10-02 20:55:47.240 INFO  sched: request 'chatcmpl-c6ea0dce84151042' starting prefill in slot 3 (126 prompt tokens)
2026-10-02 20:55:47.541 INFO  sched: request 'chatcmpl-c6ea0dce84151042' prefix cache miss — 0 cut(s), the cache is empty
2026-10-02 20:55:47.541 INFO  sched: request 'chatcmpl-c6ea0dce84151042' admitted to slot 3 (reserve 17 blocks; pool 71/8192 blocks in use) — first token 9854
2026-10-02 20:55:47.739 INFO  sched: request 'chatcmpl-c6ea0dce84151038' retired (eos): 297 tok in 13.7 s — prefill 199 tok (0 cached) in 378 ms; decode 296 tok / 55 passes in 13.3 s: 22.3 tok/s, 44.9 ms/tok, 241 ms/pass, 5.38 tok/pass, accept p1 100 % p2 100 % p3 94 % p4 84 % p5 78 %
2026-10-02 20:55:48.106 INFO  sched: request 'chatcmpl-c6ea0dce84151043' starting prefill in slot 2 (117 prompt tokens)
2026-10-02 20:55:48.406 INFO  sched: request 'chatcmpl-c6ea0dce84151043' prefix cache miss — 0 cut(s), the cache is empty
2026-10-02 20:55:48.406 INFO  sched: request 'chatcmpl-c6ea0dce84151043' admitted to slot 2 (reserve 17 blocks; pool 70/8192 blocks in use) — first token 9854
2026-10-02 20:55:49.177 INFO  stats: rank 0 | 10.0 s | decode 82.0 tok/s, 8.9 ms/tok, 179.4 ms/step (41 steps / 824 tok, 73 % of wall) | mtp 5.53 tok/step/req, accept p1 100 % p2 97 % p3 96 % p4 90 % p5 86 % | prefill 8 prompts / 974 tok, 97 tok/s, 2.47 ms/tok, 301 ms avg (24 % of wall), 0 tok cached (0/8 hits) | live 4, queued 0 | pool 70/8192 blocks (1 %) | prefix cache 0/780 entries | requests +8 (shed 0, cancelled 0)
2026-10-02 20:55:51.288 INFO  sched: request 'chatcmpl-c6ea0dce84151041' retired (eos): 114 tok in 4.8 s — prefill 80 tok (0 cached) in 261 ms; decode 113 tok / 21 passes in 4.5 s: 25.0 tok/s, 40.1 ms/tok, 216 ms/pass, 5.38 tok/pass, accept p1 100 % p2 100 % p3 90 % p4 81 % p5 83 %
2026-10-02 20:55:51.671 INFO  sched: request 'chatcmpl-c6ea0dce84151044' starting prefill in slot 1 (145 prompt tokens)
2026-10-02 20:55:51.671 INFO  sched: request 'chatcmpl-c6ea0dce84151044' prefix cache miss — 1 cut(s), the cache is empty
2026-10-02 20:55:51.671 INFO  sched: request 'chatcmpl-c6ea0dce84151044' prefilling in slot 1 (256 tokens/tick)
2026-10-02 20:55:51.999 INFO  sched: request 'chatcmpl-c6ea0dce84151044' admitted to slot 1 (reserve 18 blocks; pool 71/8192 blocks in use) — first token 9854
2026-10-02 20:55:53.082 INFO  sched: request 'chatcmpl-c6ea0dce84151040' retired (eos): 162 tok in 7.1 s — prefill 183 tok (0 cached) in 354 ms; decode 161 tok / 30 passes in 6.7 s: 24.0 tok/s, 41.6 ms/tok, 223 ms/pass, 5.37 tok/pass, accept p1 100 % p2 100 % p3 97 % p4 93 % p5 75 %
2026-10-02 20:55:53.471 INFO  sched: request 'chatcmpl-c6ea0dce84151042' retired (eos): 152 tok in 6.2 s — prefill 126 tok (0 cached) in 302 ms; decode 151 tok / 28 passes in 5.9 s: 25.5 tok/s, 39.3 ms/tok, 212 ms/pass, 5.39 tok/pass, accept p1 96 % p2 93 % p3 93 % p4 89 % p5 88 %
2026-10-02 20:55:53.472 INFO  sched: request 'chatcmpl-c6ea0dce84151045' starting prefill in slot 0 (92 prompt tokens)
2026-10-02 20:55:53.755 INFO  sched: request 'chatcmpl-c6ea0dce84151045' prefix cache miss — 0 cut(s), the cache is empty
2026-10-02 20:55:53.755 INFO  sched: request 'chatcmpl-c6ea0dce84151045' admitted to slot 0 (reserve 17 blocks; pool 52/8192 blocks in use) — first token 9854
2026-10-02 20:55:53.920 INFO  sched: request 'chatcmpl-c6ea0dce84151046' starting prefill in slot 3 (120 prompt tokens)
2026-10-02 20:55:54.222 INFO  sched: request 'chatcmpl-c6ea0dce84151046' prefix cache miss — 0 cut(s), the cache is empty
2026-10-02 20:55:54.222 INFO  sched: request 'chatcmpl-c6ea0dce84151046' admitted to slot 3 (reserve 17 blocks; pool 69/8192 blocks in use) — first token 9854
2026-10-02 20:55:54.412 INFO  sched: request 'chatcmpl-c6ea0dce84151043' retired (eos): 148 tok in 6.3 s — prefill 117 tok (0 cached) in 300 ms; decode 147 tok / 27 passes in 6.0 s: 24.5 tok/s, 40.9 ms/tok, 222 ms/pass, 5.44 tok/pass, accept p1 100 % p2 93 % p3 89 % p4 88 % p5 88 %
2026-10-02 20:55:54.795 INFO  sched: request 'chatcmpl-c6ea0dce84151047' starting prefill in slot 2 (126 prompt tokens)
2026-10-02 20:55:55.100 INFO  sched: request 'chatcmpl-c6ea0dce84151047' prefix cache miss — 0 cut(s), the cache is empty
2026-10-02 20:55:55.100 INFO  sched: request 'chatcmpl-c6ea0dce84151047' admitted to slot 2 (reserve 17 blocks; pool 70/8192 blocks in use) — first token 9854
2026-10-02 20:55:57.020 INFO  sched: request 'chatcmpl-c6ea0dce84151044' retired (eos): 125 tok in 5.3 s — prefill 145 tok (0 cached) in 328 ms; decode 124 tok / 22 passes in 5.0 s: 24.7 tok/s, 40.5 ms/tok, 228 ms/pass, 5.64 tok/pass, accept p1 100 % p2 95 % p3 95 % p4 95 % p5 95 %
2026-10-02 20:55:57.404 INFO  sched: request 'chatcmpl-c6ea0dce84151048' starting prefill in slot 1 (140 prompt tokens)
2026-10-02 20:55:57.404 INFO  sched: request 'chatcmpl-c6ea0dce84151048' prefix cache miss — 1 cut(s), the cache is empty
2026-10-02 20:55:57.404 INFO  sched: request 'chatcmpl-c6ea0dce84151048' prefilling in slot 1 (256 tokens/tick)
2026-10-02 20:55:57.727 INFO  sched: request 'chatcmpl-c6ea0dce84151048' admitted to slot 1 (reserve 18 blocks; pool 70/8192 blocks in use) — first token 9854
2026-10-02 20:55:58.105 INFO  sched: request 'chatcmpl-c6ea0dce84151046' retired (eos): 102 tok in 4.2 s — prefill 120 tok (0 cached) in 301 ms; decode 101 tok / 17 passes in 3.9 s: 26.0 tok/s, 38.5 ms/tok, 228 ms/pass, 5.94 tok/pass, accept p1 100 % p2 100 % p3 100 % p4 100 % p5 100 %
2026-10-02 20:55:58.107 INFO  sched: request 'chatcmpl-c6ea0dce84151045' retired (eos): 102 tok in 4.6 s — prefill 92 tok (0 cached) in 283 ms; decode 101 tok / 18 passes in 4.4 s: 23.2 tok/s, 43.1 ms/tok, 242 ms/pass, 5.61 tok/pass, accept p1 100 % p2 94 % p3 94 % p4 89 % p5 83 %
2026-10-02 20:55:58.413 INFO  sched: request 'chatcmpl-c6ea0dce84151049' starting prefill in slot 0 (176 prompt tokens)
2026-10-02 20:55:58.413 INFO  sched: request 'chatcmpl-c6ea0dce84151049' prefix cache miss — 1 cut(s), the cache is empty
2026-10-02 20:55:58.414 INFO  sched: request 'chatcmpl-c6ea0dce84151049' prefilling in slot 0 (256 tokens/tick)
2026-10-02 20:55:58.414 INFO  sched: request 'chatcmpl-c6ea0dce8415104a' starting prefill in slot 3 (155 prompt tokens)
2026-10-02 20:55:58.414 INFO  sched: request 'chatcmpl-c6ea0dce8415104a' prefix cache miss — 1 cut(s), the cache is empty
2026-10-02 20:55:58.414 INFO  sched: request 'chatcmpl-c6ea0dce8415104a' prefilling in slot 3 (256 tokens/tick)
2026-10-02 20:55:58.943 INFO  sched: request 'chatcmpl-c6ea0dce84151049' admitted to slot 0 (reserve 18 blocks; pool 72/8192 blocks in use) — first token 9854
2026-10-02 20:55:58.943 INFO  sched: request 'chatcmpl-c6ea0dce8415104a' admitted to slot 3 (reserve 18 blocks; pool 72/8192 blocks in use) — first token 9854
2026-10-02 20:55:59.241 INFO  stats: rank 0 | 10.1 s | decode 87.8 tok/s, 8.8 ms/tok, 180.9 ms/step (43 steps / 884 tok, 77 % of wall) | mtp 5.56 tok/step/req, accept p1 99 % p2 96 % p3 94 % p4 92 % p5 89 % | prefill 7 prompts / 954 tok, 95 tok/s, 2.17 ms/tok, 296 ms avg (21 % of wall), 0 tok cached (0/7 hits) | live 4, queued 0 | pool 72/8192 blocks (1 %) | prefix cache 0/780 entries | requests +7 (shed 0, cancelled 0)
2026-10-02 20:56:00.979 INFO  sched: request 'chatcmpl-c6ea0dce84151047' retired (eos): 149 tok in 6.2 s — prefill 126 tok (0 cached) in 305 ms; decode 148 tok / 27 passes in 5.9 s: 25.2 tok/s, 39.7 ms/tok, 218 ms/pass, 5.48 tok/pass, accept p1 100 % p2 96 % p3 89 % p4 92 % p5 91 %
2026-10-02 20:56:01.373 INFO  sched: request 'chatcmpl-c6ea0dce8415104b' starting prefill in slot 2 (117 prompt tokens)
2026-10-02 20:56:01.670 INFO  sched: request 'chatcmpl-c6ea0dce8415104b' prefix cache miss — 0 cut(s), the cache is empty
2026-10-02 20:56:01.670 INFO  sched: request 'chatcmpl-c6ea0dce8415104b' admitted to slot 2 (reserve 17 blocks; pool 71/8192 blocks in use) — first token 9854
2026-10-02 20:56:03.051 INFO  sched: request 'chatcmpl-c6ea0dce84151048' retired (eos): 127 tok in 5.6 s — prefill 140 tok (0 cached) in 323 ms; decode 126 tok / 24 passes in 5.3 s: 23.7 tok/s, 42.3 ms/tok, 222 ms/pass, 5.25 tok/pass, accept p1 100 % p2 96 % p3 88 % p4 83 % p5 80 %
2026-10-02 20:56:03.440 INFO  sched: request 'chatcmpl-c6ea0dce8415104c' starting prefill in slot 1 (144 prompt tokens)
2026-10-02 20:56:03.440 INFO  sched: request 'chatcmpl-c6ea0dce8415104c' prefix cache miss — 1 cut(s), the cache is empty
2026-10-02 20:56:03.441 INFO  sched: request 'chatcmpl-c6ea0dce8415104c' prefilling in slot 1 (256 tokens/tick)
2026-10-02 20:56:03.772 INFO  sched: request 'chatcmpl-c6ea0dce8415104c' admitted to slot 1 (reserve 18 blocks; pool 71/8192 blocks in use) — first token 9854
2026-10-02 20:56:04.692 INFO  sched: request 'chatcmpl-c6ea0dce8415104c' retired (eos): 26 tok in 1.3 s — prefill 144 tok (0 cached) in 332 ms; decode 25 tok / 5 passes in 0.9 s: 27.2 tok/s, 36.8 ms/tok, 184 ms/pass, 5.00 tok/pass, accept p1 100 % p2 100 % p3 100 % p4 80 % p5 67 %
2026-10-02 20:56:05.006 INFO  sched: request 'chatcmpl-c6ea0dce8415104d' starting prefill in slot 1 (246 prompt tokens)
2026-10-02 20:56:05.006 INFO  sched: request 'chatcmpl-c6ea0dce8415104d' prefix cache miss — 1 cut(s), the cache is empty
2026-10-02 20:56:05.006 INFO  sched: request 'chatcmpl-c6ea0dce8415104d' prefilling in slot 1 (256 tokens/tick)
2026-10-02 20:56:05.419 INFO  sched: request 'chatcmpl-c6ea0dce8415104d' admitted to slot 1 (reserve 18 blocks; pool 71/8192 blocks in use) — first token 9854
2026-10-02 20:56:06.276 INFO  sched: request 'chatcmpl-c6ea0dce8415104a' retired (eos): 181 tok in 7.9 s — prefill 155 tok (0 cached) in 529 ms; decode 180 tok / 34 passes in 7.3 s: 24.5 tok/s, 40.7 ms/tok, 216 ms/pass, 5.29 tok/pass, accept p1 100 % p2 100 % p3 91 % p4 90 % p5 92 %
2026-10-02 20:56:06.576 INFO  sched: request 'chatcmpl-c6ea0dce8415104e' starting prefill in slot 3 (343 prompt tokens)
2026-10-02 20:56:06.576 INFO  sched: request 'chatcmpl-c6ea0dce8415104e' prefix cache miss — 1 cut(s), the cache is empty
2026-10-02 20:56:06.576 INFO  sched: request 'chatcmpl-c6ea0dce8415104e' prefilling in slot 3 (256 tokens/tick)
2026-10-02 20:56:07.426 INFO  sched: request 'chatcmpl-c6ea0dce8415104e' admitted to slot 3 (reserve 19 blocks; pool 72/8192 blocks in use) — first token 9854
2026-10-02 20:56:07.601 INFO  sched: request 'chatcmpl-c6ea0dce8415104b' retired (eos): 135 tok in 6.2 s — prefill 117 tok (0 cached) in 297 ms; decode 134 tok / 25 passes in 5.9 s: 22.6 tok/s, 44.3 ms/tok, 237 ms/pass, 5.36 tok/pass, accept p1 100 % p2 96 % p3 96 % p4 95 % p5 100 %
2026-10-02 20:56:07.851 INFO  sched: request 'chatcmpl-c6ea0dce8415104f' starting prefill in slot 2 (196 prompt tokens)
2026-10-02 20:56:07.851 INFO  sched: request 'chatcmpl-c6ea0dce8415104f' prefix cache miss — 1 cut(s), the cache is empty
2026-10-02 20:56:07.852 INFO  sched: request 'chatcmpl-c6ea0dce8415104f' prefilling in slot 2 (256 tokens/tick)
2026-10-02 20:56:08.231 INFO  sched: request 'chatcmpl-c6ea0dce8415104f' admitted to slot 2 (reserve 18 blocks; pool 73/8192 blocks in use) — first token 9854
2026-10-02 20:56:09.452 INFO  sched: request 'chatcmpl-c6ea0dce84151049' retired (eos): 230 tok in 11.0 s — prefill 176 tok (0 cached) in 529 ms; decode 229 tok / 47 passes in 10.5 s: 21.8 tok/s, 45.9 ms/tok, 224 ms/pass, 4.87 tok/pass, accept p1 98 % p2 96 % p3 91 % p4 79 % p5 76 %
2026-10-02 20:56:09.452 INFO  stats: rank 0 | 10.2 s | decode 83.9 tok/s, 9.2 ms/tok, 174.5 ms/step (45 steps / 857 tok, 77 % of wall) | mtp 5.07 tok/step/req, accept p1 99 % p2 97 % p3 90 % p4 86 % p5 84 % | prefill 5 prompts / 1046 tok, 102 tok/s, 2.04 ms/tok, 426 ms avg (21 % of wall), 0 tok cached (0/5 hits) | live 3, queued 0 | pool 55/8192 blocks (1 %) | prefix cache 0/780 entries | requests +5 (shed 0, cancelled 0)
2026-10-02 20:56:09.842 INFO  sched: request 'chatcmpl-c6ea0dce84151050' starting prefill in slot 0 (155 prompt tokens)
2026-10-02 20:56:09.842 INFO  sched: request 'chatcmpl-c6ea0dce84151050' prefix cache miss — 1 cut(s), the cache is empty
2026-10-02 20:56:09.843 INFO  sched: request 'chatcmpl-c6ea0dce84151050' prefilling in slot 0 (256 tokens/tick)
2026-10-02 20:56:10.189 INFO  sched: request 'chatcmpl-c6ea0dce84151050' admitted to slot 0 (reserve 18 blocks; pool 73/8192 blocks in use) — first token 9854
2026-10-02 20:56:10.910 INFO  sched: request 'chatcmpl-c6ea0dce8415104f' retired (eos): 69 tok in 3.1 s — prefill 196 tok (0 cached) in 380 ms; decode 68 tok / 13 passes in 2.7 s: 25.4 tok/s, 39.4 ms/tok, 206 ms/pass, 5.23 tok/pass, accept p1 100 % p2 100 % p3 100 % p4 100 % p5 100 %
2026-10-02 20:56:11.267 INFO  sched: request 'chatcmpl-c6ea0dce84151051' starting prefill in slot 2 (152 prompt tokens)
2026-10-02 20:56:11.267 INFO  sched: request 'chatcmpl-c6ea0dce84151051' prefix cache miss — 1 cut(s), the cache is empty
2026-10-02 20:56:11.267 INFO  sched: request 'chatcmpl-c6ea0dce84151051' prefilling in slot 2 (256 tokens/tick)
2026-10-02 20:56:11.615 INFO  sched: request 'chatcmpl-c6ea0dce84151051' admitted to slot 2 (reserve 18 blocks; pool 73/8192 blocks in use) — first token 9854
2026-10-02 20:56:15.901 INFO  sched: request 'chatcmpl-c6ea0dce8415104d' retired (eos): 241 tok in 10.9 s — prefill 246 tok (0 cached) in 414 ms; decode 240 tok / 49 passes in 10.5 s: 22.9 tok/s, 43.7 ms/tok, 214 ms/pass, 4.90 tok/pass, accept p1 100 % p2 90 % p3 85 % p4 87 % p5 93 %
2026-10-02 20:56:16.240 INFO  sched: request 'chatcmpl-c6ea0dce84151052' starting prefill in slot 1 (259 prompt tokens)
2026-10-02 20:56:16.240 INFO  sched: request 'chatcmpl-c6ea0dce84151052' prefix cache miss — 1 cut(s), the cache is empty
2026-10-02 20:56:16.240 INFO  sched: request 'chatcmpl-c6ea0dce84151052' prefilling in slot 1 (256 tokens/tick)
2026-10-02 20:56:16.864 INFO  sched: request 'chatcmpl-c6ea0dce84151050' retired (eos): 167 tok in 7.0 s — prefill 155 tok (0 cached) in 347 ms; decode 166 tok / 32 passes in 6.7 s: 24.9 tok/s, 40.2 ms/tok, 209 ms/pass, 5.19 tok/pass, accept p1 100 % p2 94 % p3 94 % p4 89 % p5 90 %
2026-10-02 20:56:16.958 INFO  sched: request 'chatcmpl-c6ea0dce84151052' admitted to slot 1 (reserve 19 blocks; pool 56/8192 blocks in use) — first token 9854
2026-10-02 20:56:17.161 INFO  sched: request 'chatcmpl-c6ea0dce84151053' starting prefill in slot 0 (186 prompt tokens)
2026-10-02 20:56:17.161 INFO  sched: request 'chatcmpl-c6ea0dce84151053' prefix cache miss — 1 cut(s), the cache is empty
2026-10-02 20:56:17.162 INFO  sched: request 'chatcmpl-c6ea0dce84151053' prefilling in slot 0 (256 tokens/tick)
2026-10-02 20:56:17.530 INFO  sched: request 'chatcmpl-c6ea0dce84151053' admitted to slot 0 (reserve 18 blocks; pool 74/8192 blocks in use) — first token 9854
2026-10-02 20:56:18.451 INFO  sched: request 'chatcmpl-c6ea0dce84151052' retired (eos): 28 tok in 2.2 s — prefill 259 tok (0 cached) in 516 ms; decode 27 tok / 6 passes in 1.7 s: 15.9 tok/s, 62.8 ms/tok, 282 ms/pass, 4.50 tok/pass, accept p1 100 % p2 100 % p3 67 % p4 60 % p5 60 %
2026-10-02 20:56:18.832 INFO  sched: request 'chatcmpl-c6ea0dce84151054' starting prefill in slot 1 (226 prompt tokens)
2026-10-02 20:56:18.832 INFO  sched: request 'chatcmpl-c6ea0dce84151054' prefix cache miss — 1 cut(s), the cache is empty
2026-10-02 20:56:18.832 INFO  sched: request 'chatcmpl-c6ea0dce84151054' prefilling in slot 1 (256 tokens/tick)
2026-10-02 20:56:19.226 INFO  sched: request 'chatcmpl-c6ea0dce84151054' admitted to slot 1 (reserve 18 blocks; pool 73/8192 blocks in use) — first token 9854
2026-10-02 20:56:19.609 INFO  sched: request 'chatcmpl-c6ea0dce84151051' retired (eos): 198 tok in 8.3 s — prefill 152 tok (0 cached) in 348 ms; decode 197 tok / 36 passes in 8.0 s: 24.6 tok/s, 40.6 ms/tok, 222 ms/pass, 5.47 tok/pass, accept p1 100 % p2 100 % p3 100 % p4 100 % p5 92 %
2026-10-02 20:56:19.611 INFO  stats: rank 0 | 10.2 s | decode 87.1 tok/s, 9.0 ms/tok, 180.8 ms/step (44 steps / 885 tok, 78 % of wall) | mtp 5.33 tok/step/req, accept p1 100 % p2 96 % p3 94 % p4 93 % p5 90 % | prefill 5 prompts / 978 tok, 96 tok/s, 2.02 ms/tok, 395 ms avg (19 % of wall), 0 tok cached (0/5 hits) | live 3, queued 0 | pool 55/8192 blocks (1 %) | prefix cache 0/780 entries | requests +5 (shed 0, cancelled 0)
2026-10-02 20:56:19.905 INFO  sched: request 'chatcmpl-c6ea0dce84151055' starting prefill in slot 2 (111 prompt tokens)
2026-10-02 20:56:20.193 INFO  sched: request 'chatcmpl-c6ea0dce84151055' prefix cache miss — 0 cut(s), the cache is empty
2026-10-02 20:56:20.193 INFO  sched: request 'chatcmpl-c6ea0dce84151055' admitted to slot 2 (reserve 17 blocks; pool 72/8192 blocks in use) — first token 9854
2026-10-02 20:56:21.656 INFO  sched: request 'chatcmpl-c6ea0dce84151054' retired (eos): 60 tok in 2.8 s — prefill 226 tok (0 cached) in 394 ms; decode 59 tok / 12 passes in 2.4 s: 24.3 tok/s, 41.2 ms/tok, 202 ms/pass, 4.92 tok/pass, accept p1 100 % p2 92 % p3 92 % p4 100 % p5 100 %
2026-10-02 20:56:22.045 INFO  sched: request 'chatcmpl-c6ea0dce84151056' starting prefill in slot 1 (187 prompt tokens)
2026-10-02 20:56:22.045 INFO  sched: request 'chatcmpl-c6ea0dce84151056' prefix cache miss — 1 cut(s), the cache is empty
2026-10-02 20:56:22.045 INFO  sched: request 'chatcmpl-c6ea0dce84151056' prefilling in slot 1 (256 tokens/tick)
2026-10-02 20:56:22.400 INFO  sched: request 'chatcmpl-c6ea0dce84151056' admitted to slot 1 (reserve 18 blocks; pool 72/8192 blocks in use) — first token 9854
2026-10-02 20:56:24.989 INFO  sched: request 'chatcmpl-c6ea0dce84151056' retired (eos): 68 tok in 2.9 s — prefill 187 tok (0 cached) in 355 ms; decode 67 tok / 15 passes in 2.6 s: 25.9 tok/s, 38.6 ms/tok, 173 ms/pass, 4.47 tok/pass, accept p1 93 % p2 87 % p3 79 % p4 82 % p5 75 %
2026-10-02 20:56:25.119 INFO  sched: request 'chatcmpl-c6ea0dce8415104e' retired (eos): 420 tok in 18.5 s — prefill 343 tok (0 cached) in 708 ms; decode 419 tok / 82 passes in 17.8 s: 23.5 tok/s, 42.6 ms/tok, 218 ms/pass, 5.11 tok/pass, accept p1 99 % p2 99 % p3 96 % p4 95 % p5 85 %
2026-10-02 20:56:25.276 INFO  sched: request 'chatcmpl-c6ea0dce84151053' retired (eos): 198 tok in 8.1 s — prefill 186 tok (0 cached) in 369 ms; decode 197 tok / 38 passes in 7.7 s: 25.4 tok/s, 39.3 ms/tok, 204 ms/pass, 5.18 tok/pass, accept p1 100 % p2 100 % p3 97 % p4 96 % p5 95 %
2026-10-02 20:56:25.277 INFO  sched: request 'chatcmpl-c6ea0dce84151057' starting prefill in slot 0 (141 prompt tokens)
2026-10-02 20:56:25.277 INFO  sched: request 'chatcmpl-c6ea0dce84151057' prefix cache miss — 1 cut(s), the cache is empty
2026-10-02 20:56:25.277 INFO  sched: request 'chatcmpl-c6ea0dce84151057' prefilling in slot 0 (256 tokens/tick)
2026-10-02 20:56:25.609 INFO  sched: request 'chatcmpl-c6ea0dce84151057' admitted to slot 0 (reserve 18 blocks; pool 35/8192 blocks in use) — first token 9854
2026-10-02 20:56:25.756 INFO  sched: request 'chatcmpl-c6ea0dce84151058' starting prefill in slot 1 (330 prompt tokens)
2026-10-02 20:56:25.756 INFO  sched: request 'chatcmpl-c6ea0dce84151058' prefix cache miss — 1 cut(s), the cache is empty
2026-10-02 20:56:25.756 INFO  sched: request 'chatcmpl-c6ea0dce84151058' prefilling in slot 1 (256 tokens/tick)
2026-10-02 20:56:25.756 INFO  sched: request 'chatcmpl-c6ea0dce84151059' starting prefill in slot 3 (174 prompt tokens)
2026-10-02 20:56:25.756 INFO  sched: request 'chatcmpl-c6ea0dce84151059' prefix cache miss — 1 cut(s), the cache is empty
2026-10-02 20:56:25.757 INFO  sched: request 'chatcmpl-c6ea0dce84151059' prefilling in slot 3 (256 tokens/tick)
2026-10-02 20:56:26.379 INFO  sched: request 'chatcmpl-c6ea0dce84151058' admitted to slot 1 (reserve 19 blocks; pool 72/8192 blocks in use) — first token 9854
2026-10-02 20:56:26.706 INFO  sched: request 'chatcmpl-c6ea0dce84151059' admitted to slot 3 (reserve 18 blocks; pool 72/8192 blocks in use) — first token 9854
2026-10-02 20:56:28.573 INFO  sched: request 'chatcmpl-c6ea0dce84151058' retired (eos): 53 tok in 2.8 s — prefill 330 tok (0 cached) in 622 ms; decode 52 tok / 12 passes in 2.2 s: 23.7 tok/s, 42.2 ms/tok, 183 ms/pass, 4.33 tok/pass, accept p1 92 % p2 83 % p3 80 % p4 86 % p5 100 %
2026-10-02 20:56:28.779 INFO  sched: request 'chatcmpl-c6ea0dce84151055' retired (eos): 209 tok in 8.9 s — prefill 111 tok (0 cached) in 288 ms; decode 208 tok / 41 passes in 8.6 s: 24.2 tok/s, 41.3 ms/tok, 209 ms/pass, 5.07 tok/pass, accept p1 100 % p2 100 % p3 97 % p4 97 % p5 96 %
2026-10-02 20:56:28.969 INFO  sched: request 'chatcmpl-c6ea0dce8415105a' starting prefill in slot 1 (153 prompt tokens)
2026-10-02 20:56:28.969 INFO  sched: request 'chatcmpl-c6ea0dce8415105a' prefix cache miss — 1 cut(s), the cache is empty
2026-10-02 20:56:28.969 INFO  sched: request 'chatcmpl-c6ea0dce8415105a' prefilling in slot 1 (256 tokens/tick)
2026-10-02 20:56:29.312 INFO  sched: request 'chatcmpl-c6ea0dce8415105a' admitted to slot 1 (reserve 18 blocks; pool 54/8192 blocks in use) — first token 9854
2026-10-02 20:56:29.512 INFO  sched: request 'chatcmpl-c6ea0dce8415105b' starting prefill in slot 2 (304 prompt tokens)
2026-10-02 20:56:29.512 INFO  sched: request 'chatcmpl-c6ea0dce8415105b' prefix cache miss — 1 cut(s), the cache is empty
2026-10-02 20:56:29.512 INFO  sched: request 'chatcmpl-c6ea0dce8415105b' prefilling in slot 2 (256 tokens/tick)
2026-10-02 20:56:30.104 INFO  stats: rank 0 | 10.5 s | decode 79.8 tok/s, 9.2 ms/tok, 166.6 ms/step (46 steps / 837 tok, 73 % of wall) | mtp 4.95 tok/step/req, accept p1 98 % p2 96 % p3 94 % p4 93 % p5 91 % | prefill 6 prompts / 1352 tok, 129 tok/s, 1.91 ms/tok, 431 ms avg (25 % of wall), 0 tok cached (0/7 hits) | live 4, queued 0 | pool 73/8192 blocks (1 %) | prefix cache 0/780 entries | 1 prefilling | requests +7 (shed 0, cancelled 0)
2026-10-02 20:56:30.328 INFO  sched: request 'chatcmpl-c6ea0dce8415105b' admitted to slot 2 (reserve 19 blocks; pool 73/8192 blocks in use) — first token 9854
2026-10-02 20:56:33.147 INFO  sched: request 'chatcmpl-c6ea0dce84151057' retired (eos): 165 tok in 7.9 s — prefill 141 tok (0 cached) in 332 ms; decode 164 tok / 32 passes in 7.5 s: 21.8 tok/s, 46.0 ms/tok, 236 ms/pass, 5.12 tok/pass, accept p1 100 % p2 94 % p3 93 % p4 96 % p5 86 %
2026-10-02 20:56:33.342 INFO  sched: request 'chatcmpl-c6ea0dce84151059' retired (eos): 157 tok in 7.6 s — prefill 174 tok (0 cached) in 843 ms; decode 156 tok / 31 passes in 6.7 s: 23.1 tok/s, 43.2 ms/tok, 217 ms/pass, 5.03 tok/pass, accept p1 100 % p2 94 % p3 93 % p4 88 % p5 77 %
2026-10-02 20:56:33.501 INFO  sched: request 'chatcmpl-c6ea0dce8415105c' starting prefill in slot 0 (113 prompt tokens)
2026-10-02 20:56:33.801 INFO  sched: request 'chatcmpl-c6ea0dce8415105c' prefix cache miss — 0 cut(s), the cache is empty
2026-10-02 20:56:33.801 INFO  sched: request 'chatcmpl-c6ea0dce8415105c' admitted to slot 0 (reserve 17 blocks; pool 54/8192 blocks in use) — first token 9854
2026-10-02 20:56:33.960 INFO  sched: request 'chatcmpl-c6ea0dce8415105d' starting prefill in slot 3 (76 prompt tokens)
2026-10-02 20:56:34.219 INFO  sched: request 'chatcmpl-c6ea0dce8415105d' prefix cache miss — 0 cut(s), the cache is empty
2026-10-02 20:56:34.219 INFO  sched: request 'chatcmpl-c6ea0dce8415105d' admitted to slot 3 (reserve 17 blocks; pool 71/8192 blocks in use) — first token 9854
2026-10-02 20:56:36.879 INFO  sched: request 'chatcmpl-c6ea0dce8415105a' retired (eos): 187 tok in 7.9 s — prefill 153 tok (0 cached) in 344 ms; decode 186 tok / 34 passes in 7.6 s: 24.6 tok/s, 40.7 ms/tok, 223 ms/pass, 5.47 tok/pass, accept p1 100 % p2 97 % p3 94 % p4 94 % p5 93 %
2026-10-02 20:56:37.267 INFO  sched: request 'chatcmpl-c6ea0dce8415105e' starting prefill in slot 1 (164 prompt tokens)
2026-10-02 20:56:37.267 INFO  sched: request 'chatcmpl-c6ea0dce8415105e' prefix cache miss — 1 cut(s), the cache is empty
2026-10-02 20:56:37.267 INFO  sched: request 'chatcmpl-c6ea0dce8415105e' prefilling in slot 1 (256 tokens/tick)
2026-10-02 20:56:37.613 INFO  sched: request 'chatcmpl-c6ea0dce8415105e' admitted to slot 1 (reserve 18 blocks; pool 71/8192 blocks in use) — first token 9854
2026-10-02 20:56:38.878 INFO  sched: request 'chatcmpl-c6ea0dce8415105c' retired (eos): 134 tok in 5.4 s — prefill 113 tok (0 cached) in 300 ms; decode 133 tok / 24 passes in 5.1 s: 26.2 tok/s, 38.2 ms/tok, 212 ms/pass, 5.54 tok/pass, accept p1 100 % p2 100 % p3 100 % p4 100 % p5 94 %
2026-10-02 20:56:39.088 INFO  sched: request 'chatcmpl-c6ea0dce8415105f' starting prefill in slot 0 (86 prompt tokens)
2026-10-02 20:56:39.358 INFO  sched: request 'chatcmpl-c6ea0dce8415105f' prefix cache miss — 0 cut(s), the cache is empty
2026-10-02 20:56:39.358 INFO  sched: request 'chatcmpl-c6ea0dce8415105f' admitted to slot 0 (reserve 17 blocks; pool 71/8192 blocks in use) — first token 9854
2026-10-02 20:56:39.551 INFO  sched: request 'chatcmpl-c6ea0dce8415105b' retired (eos): 238 tok in 10.0 s — prefill 304 tok (0 cached) in 650 ms; decode 237 tok / 43 passes in 9.4 s: 25.2 tok/s, 39.6 ms/tok, 218 ms/pass, 5.51 tok/pass, accept p1 100 % p2 98 % p3 98 % p4 95 % p5 94 %
2026-10-02 20:56:39.952 INFO  sched: request 'chatcmpl-c6ea0dce84151060' starting prefill in slot 2 (165 prompt tokens)
2026-10-02 20:56:39.952 INFO  sched: request 'chatcmpl-c6ea0dce84151060' prefix cache miss — 1 cut(s), the cache is empty
2026-10-02 20:56:39.952 INFO  sched: request 'chatcmpl-c6ea0dce84151060' prefilling in slot 2 (256 tokens/tick)
2026-10-02 20:56:40.297 INFO  sched: request 'chatcmpl-c6ea0dce84151060' admitted to slot 2 (reserve 18 blocks; pool 70/8192 blocks in use) — first token 9854
2026-10-02 20:56:40.479 INFO  stats: rank 0 | 10.4 s | decode 89.0 tok/s, 9.1 ms/tok, 182.9 ms/step (46 steps / 923 tok, 81 % of wall) | mtp 5.27 tok/step/req, accept p1 98 % p2 93 % p3 91 % p4 89 % p5 84 % | prefill 6 prompts / 652 tok, 63 tok/s, 2.68 ms/tok, 291 ms avg (17 % of wall), 0 tok cached (0/5 hits) | live 4, queued 0 | pool 70/8192 blocks (1 %) | prefix cache 0/780 entries | requests +5 (shed 0, cancelled 0)
2026-10-02 20:56:42.703 INFO  sched: request 'chatcmpl-c6ea0dce8415105f' retired (eos): 83 tok in 3.6 s — prefill 86 tok (0 cached) in 270 ms; decode 82 tok / 17 passes in 3.3 s: 24.5 tok/s, 40.8 ms/tok, 197 ms/pass, 4.82 tok/pass, accept p1 94 % p2 94 % p3 94 % p4 100 % p5 75 %
2026-10-02 20:56:42.978 INFO  sched: request 'chatcmpl-c6ea0dce84151061' starting prefill in slot 0 (291 prompt tokens)
2026-10-02 20:56:42.978 INFO  sched: request 'chatcmpl-c6ea0dce84151061' prefix cache miss — 1 cut(s), the cache is empty
2026-10-02 20:56:42.979 INFO  sched: request 'chatcmpl-c6ea0dce84151061' prefilling in slot 0 (256 tokens/tick)
2026-10-02 20:56:43.761 INFO  sched: request 'chatcmpl-c6ea0dce84151061' admitted to slot 0 (reserve 19 blocks; pool 72/8192 blocks in use) — first token 9854
2026-10-02 20:56:44.349 INFO  sched: request 'chatcmpl-c6ea0dce8415105d' retired (eos): 208 tok in 10.4 s — prefill 76 tok (0 cached) in 259 ms; decode 207 tok / 47 passes in 10.1 s: 20.4 tok/s, 48.9 ms/tok, 216 ms/pass, 4.40 tok/pass, accept p1 89 % p2 83 % p3 78 % p4 70 % p5 66 %
2026-10-02 20:56:44.350 INFO  sched: request 'chatcmpl-c6ea0dce8415105e' retired (eos): 155 tok in 7.1 s — prefill 164 tok (0 cached) in 346 ms; decode 154 tok / 31 passes in 6.7 s: 22.9 tok/s, 43.7 ms/tok, 217 ms/pass, 4.97 tok/pass, accept p1 100 % p2 97 % p3 97 % p4 91 % p5 94 %
2026-10-02 20:56:44.609 INFO  sched: request 'chatcmpl-c6ea0dce84151062' starting prefill in slot 1 (234 prompt tokens)
2026-10-02 20:56:44.609 INFO  sched: request 'chatcmpl-c6ea0dce84151062' prefix cache miss — 1 cut(s), the cache is empty
2026-10-02 20:56:44.609 INFO  sched: request 'chatcmpl-c6ea0dce84151062' prefilling in slot 1 (256 tokens/tick)
2026-10-02 20:56:44.609 INFO  sched: request 'chatcmpl-c6ea0dce84151063' starting prefill in slot 3 (142 prompt tokens)
2026-10-02 20:56:44.609 INFO  sched: request 'chatcmpl-c6ea0dce84151063' prefix cache miss — 1 cut(s), the cache is empty
2026-10-02 20:56:44.609 INFO  sched: request 'chatcmpl-c6ea0dce84151063' prefilling in slot 3 (256 tokens/tick)
2026-10-02 20:56:45.190 INFO  sched: request 'chatcmpl-c6ea0dce84151062' admitted to slot 1 (reserve 18 blocks; pool 73/8192 blocks in use) — first token 9854
2026-10-02 20:56:45.190 INFO  sched: request 'chatcmpl-c6ea0dce84151063' admitted to slot 3 (reserve 18 blocks; pool 73/8192 blocks in use) — first token 9854
2026-10-02 20:56:46.822 INFO  sched: request 'chatcmpl-c6ea0dce84151061' retired (eos): 73 tok in 3.8 s — prefill 291 tok (0 cached) in 619 ms; decode 72 tok / 14 passes in 3.2 s: 22.3 tok/s, 44.8 ms/tok, 230 ms/pass, 5.14 tok/pass, accept p1 100 % p2 93 % p3 92 % p4 92 % p5 88 %
2026-10-02 20:56:47.178 INFO  sched: request 'chatcmpl-c6ea0dce84151064' starting prefill in slot 0 (161 prompt tokens)
2026-10-02 20:56:47.178 INFO  sched: request 'chatcmpl-c6ea0dce84151064' prefix cache miss — 1 cut(s), the cache is empty
2026-10-02 20:56:47.178 INFO  sched: request 'chatcmpl-c6ea0dce84151064' prefilling in slot 0 (256 tokens/tick)
2026-10-02 20:56:47.520 INFO  sched: request 'chatcmpl-c6ea0dce84151064' admitted to slot 0 (reserve 18 blocks; pool 72/8192 blocks in use) — first token 9854
2026-10-02 20:56:48.054 INFO  sched: request 'chatcmpl-c6ea0dce84151060' retired (eos): 169 tok in 8.1 s — prefill 165 tok (0 cached) in 346 ms; decode 168 tok / 36 passes in 7.8 s: 21.7 tok/s, 46.2 ms/tok, 215 ms/pass, 4.67 tok/pass, accept p1 97 % p2 92 % p3 85 % p4 85 % p5 88 %
2026-10-02 20:56:48.445 INFO  sched: request 'chatcmpl-c6ea0dce84151065' starting prefill in slot 2 (139 prompt tokens)
2026-10-02 20:56:48.445 INFO  sched: request 'chatcmpl-c6ea0dce84151065' prefix cache miss — 1 cut(s), the cache is empty
2026-10-02 20:56:48.445 INFO  sched: request 'chatcmpl-c6ea0dce84151065' prefilling in slot 2 (256 tokens/tick)
2026-10-02 20:56:48.779 INFO  sched: request 'chatcmpl-c6ea0dce84151065' admitted to slot 2 (reserve 18 blocks; pool 72/8192 blocks in use) — first token 9854
2026-10-02 20:56:50.145 INFO  sched: request 'chatcmpl-c6ea0dce84151063' retired (eos): 119 tok in 5.5 s — prefill 142 tok (0 cached) in 581 ms; decode 118 tok / 23 passes in 5.0 s: 23.8 tok/s, 42.0 ms/tok, 215 ms/pass, 5.13 tok/pass, accept p1 96 % p2 91 % p3 87 % p4 86 % p5 93 %
2026-10-02 20:56:50.461 INFO  sched: request 'chatcmpl-c6ea0dce84151066' starting prefill in slot 3 (166 prompt tokens)
2026-10-02 20:56:50.461 INFO  sched: request 'chatcmpl-c6ea0dce84151066' prefix cache miss — 1 cut(s), the cache is empty
2026-10-02 20:56:50.461 INFO  sched: request 'chatcmpl-c6ea0dce84151066' prefilling in slot 3 (256 tokens/tick)
2026-10-02 20:56:50.808 INFO  sched: request 'chatcmpl-c6ea0dce84151066' admitted to slot 3 (reserve 18 blocks; pool 72/8192 blocks in use) — first token 9854
2026-10-02 20:56:50.987 INFO  stats: rank 0 | 10.5 s | decode 84.2 tok/s, 9.1 ms/tok, 172.0 ms/step (47 steps / 885 tok, 77 % of wall) | mtp 5.06 tok/step/req, accept p1 98 % p2 95 % p3 92 % p4 91 % p5 90 % | prefill 6 prompts / 1133 tok, 108 tok/s, 1.96 ms/tok, 371 ms avg (21 % of wall), 0 tok cached (0/6 hits) | live 4, queued 0 | pool 72/8192 blocks (1 %) | prefix cache 0/780 entries | requests +6 (shed 0, cancelled 0)
2026-10-02 20:56:54.138 INFO  sched: request 'chatcmpl-c6ea0dce84151064' retired (eos): 174 tok in 7.0 s — prefill 161 tok (0 cached) in 342 ms; decode 173 tok / 32 passes in 6.6 s: 26.1 tok/s, 38.3 ms/tok, 207 ms/pass, 5.41 tok/pass, accept p1 100 % p2 97 % p3 91 % p4 93 % p5 92 %
2026-10-02 20:56:54.525 INFO  sched: request 'chatcmpl-c6ea0dce84151067' starting prefill in slot 0 (140 prompt tokens)
2026-10-02 20:56:54.525 INFO  sched: request 'chatcmpl-c6ea0dce84151067' prefix cache miss — 1 cut(s), the cache is empty
2026-10-02 20:56:54.525 INFO  sched: request 'chatcmpl-c6ea0dce84151067' prefilling in slot 0 (256 tokens/tick)
2026-10-02 20:56:54.861 INFO  sched: request 'chatcmpl-c6ea0dce84151067' admitted to slot 0 (reserve 18 blocks; pool 72/8192 blocks in use) — first token 9854
2026-10-02 20:56:55.249 INFO  sched: request 'chatcmpl-c6ea0dce84151065' retired (eos): 167 tok in 6.8 s — prefill 139 tok (0 cached) in 334 ms; decode 166 tok / 31 passes in 6.5 s: 25.7 tok/s, 39.0 ms/tok, 209 ms/pass, 5.35 tok/pass, accept p1 100 % p2 100 % p3 90 % p4 87 % p5 83 %
2026-10-02 20:56:55.517 INFO  sched: request 'chatcmpl-c6ea0dce84151068' starting prefill in slot 2 (317 prompt tokens)
2026-10-02 20:56:55.517 INFO  sched: request 'chatcmpl-c6ea0dce84151068' prefix cache miss — 1 cut(s), the cache is empty
2026-10-02 20:56:55.517 INFO  sched: request 'chatcmpl-c6ea0dce84151068' prefilling in slot 2 (256 tokens/tick)
2026-10-02 20:56:56.280 INFO  sched: request 'chatcmpl-c6ea0dce84151068' admitted to slot 2 (reserve 19 blocks; pool 73/8192 blocks in use) — first token 9854
2026-10-02 20:56:57.771 INFO  sched: request 'chatcmpl-c6ea0dce84151062' retired (eos): 295 tok in 13.2 s — prefill 234 tok (0 cached) in 581 ms; decode 294 tok / 60 passes in 12.6 s: 23.4 tok/s, 42.8 ms/tok, 210 ms/pass, 4.90 tok/pass, accept p1 98 % p2 92 % p3 89 % p4 85 % p5 88 %
2026-10-02 20:56:57.949 INFO  sched: request 'chatcmpl-c6ea0dce84151066' retired (eos): 181 tok in 7.5 s — prefill 166 tok (0 cached) in 348 ms; decode 180 tok / 36 passes in 7.1 s: 25.2 tok/s, 39.7 ms/tok, 198 ms/pass, 5.00 tok/pass, accept p1 100 % p2 100 % p3 100 % p4 100 % p5 94 %
2026-10-02 20:56:58.079 INFO  sched: request 'chatcmpl-c6ea0dce84151069' starting prefill in slot 1 (211 prompt tokens)
2026-10-02 20:56:58.079 INFO  sched: request 'chatcmpl-c6ea0dce84151069' prefix cache miss — 1 cut(s), the cache is empty
2026-10-02 20:56:58.079 INFO  sched: request 'chatcmpl-c6ea0dce84151069' prefilling in slot 1 (256 tokens/tick)
2026-10-02 20:56:58.467 INFO  sched: request 'chatcmpl-c6ea0dce84151069' admitted to slot 1 (reserve 18 blocks; pool 55/8192 blocks in use) — first token 9854
2026-10-02 20:56:58.568 INFO  sched: request 'chatcmpl-c6ea0dce8415106a' starting prefill in slot 3 (176 prompt tokens)
2026-10-02 20:56:58.568 INFO  sched: request 'chatcmpl-c6ea0dce8415106a' prefix cache miss — 1 cut(s), the cache is empty
2026-10-02 20:56:58.569 INFO  sched: request 'chatcmpl-c6ea0dce8415106a' prefilling in slot 3 (256 tokens/tick)
2026-10-02 20:56:58.923 INFO  sched: request 'chatcmpl-c6ea0dce8415106a' admitted to slot 3 (reserve 18 blocks; pool 73/8192 blocks in use) — first token 9854
2026-10-02 20:57:01.090 INFO  stats: rank 0 | 10.1 s | decode 87.1 tok/s, 9.3 ms/tok, 164.2 ms/step (50 steps / 880 tok, 81 % of wall) | mtp 4.61 tok/step/req, accept p1 99 % p2 91 % p3 87 % p4 87 % p5 87 % | prefill 4 prompts / 844 tok, 84 tok/s, 2.02 ms/tok, 427 ms avg (17 % of wall), 0 tok cached (0/4 hits) | live 4, queued 0 | pool 73/8192 blocks (1 %) | prefix cache 0/780 entries | requests +4 (shed 0, cancelled 0)
2026-10-02 20:57:01.687 INFO  sched: request 'chatcmpl-c6ea0dce84151069' retired (eos): 79 tok in 3.6 s — prefill 211 tok (0 cached) in 388 ms; decode 78 tok / 17 passes in 3.2 s: 24.2 tok/s, 41.3 ms/tok, 189 ms/pass, 4.59 tok/pass, accept p1 100 % p2 88 % p3 93 % p4 91 % p5 88 %
2026-10-02 20:57:01.689 INFO  sched: request 'chatcmpl-c6ea0dce84151068' retired (eos): 119 tok in 6.2 s — prefill 317 tok (0 cached) in 630 ms; decode 118 tok / 29 passes in 5.5 s: 21.3 tok/s, 47.0 ms/tok, 191 ms/pass, 4.07 tok/pass, accept p1 100 % p2 83 % p3 83 % p4 81 % p5 50 %
2026-10-02 20:57:02.035 INFO  sched: request 'chatcmpl-c6ea0dce8415106b' starting prefill in slot 1 (129 prompt tokens)
2026-10-02 20:57:02.035 INFO  sched: request 'chatcmpl-c6ea0dce8415106b' prefix cache miss — 0 cut(s), the cache is empty
2026-10-02 20:57:02.035 INFO  sched: request 'chatcmpl-c6ea0dce8415106b' prefilling in slot 1 (256 tokens/tick)
2026-10-02 20:57:02.357 INFO  sched: request 'chatcmpl-c6ea0dce8415106b' admitted to slot 1 (reserve 18 blocks; pool 54/8192 blocks in use) — first token 9854
2026-10-02 20:57:02.558 INFO  sched: request 'chatcmpl-c6ea0dce8415106c' starting prefill in slot 2 (108 prompt tokens)
2026-10-02 20:57:02.846 INFO  sched: request 'chatcmpl-c6ea0dce8415106c' prefix cache miss — 0 cut(s), the cache is empty
2026-10-02 20:57:02.846 INFO  sched: request 'chatcmpl-c6ea0dce8415106c' admitted to slot 2 (reserve 17 blocks; pool 71/8192 blocks in use) — first token 9854
2026-10-02 20:57:03.603 INFO  sched: request 'chatcmpl-c6ea0dce84151067' retired (eos): 175 tok in 9.1 s — prefill 140 tok (0 cached) in 336 ms; decode 174 tok / 41 passes in 8.7 s: 19.9 tok/s, 50.2 ms/tok, 213 ms/pass, 4.24 tok/pass, accept p1 98 % p2 88 % p3 77 % p4 76 % p5 86 %
2026-10-02 20:57:03.805 INFO  sched: request 'chatcmpl-c6ea0dce8415106d' starting prefill in slot 0 (187 prompt tokens)
2026-10-02 20:57:03.805 INFO  sched: request 'chatcmpl-c6ea0dce8415106d' prefix cache miss — 1 cut(s), the cache is empty
2026-10-02 20:57:03.805 INFO  sched: request 'chatcmpl-c6ea0dce8415106d' prefilling in slot 0 (256 tokens/tick)
2026-10-02 20:57:04.183 INFO  sched: request 'chatcmpl-c6ea0dce8415106d' admitted to slot 0 (reserve 18 blocks; pool 71/8192 blocks in use) — first token 9854
2026-10-02 20:57:06.892 INFO  sched: request 'chatcmpl-c6ea0dce8415106b' retired (eos): 116 tok in 4.9 s — prefill 129 tok (0 cached) in 323 ms; decode 115 tok / 20 passes in 4.5 s: 25.4 tok/s, 39.4 ms/tok, 227 ms/pass, 5.75 tok/pass, accept p1 100 % p2 100 % p3 95 % p4 95 % p5 94 %
2026-10-02 20:57:07.278 INFO  sched: request 'chatcmpl-c6ea0dce8415106a' retired (eos): 215 tok in 8.7 s — prefill 176 tok (0 cached) in 355 ms; decode 214 tok / 40 passes in 8.4 s: 25.6 tok/s, 39.0 ms/tok, 209 ms/pass, 5.35 tok/pass, accept p1 100 % p2 100 % p3 97 % p4 91 % p5 93 %
2026-10-02 20:57:07.279 INFO  sched: request 'chatcmpl-c6ea0dce8415106c' retired (eos): 123 tok in 4.7 s — prefill 108 tok (0 cached) in 288 ms; decode 122 tok / 21 passes in 4.4 s: 27.5 tok/s, 36.3 ms/tok, 211 ms/pass, 5.81 tok/pass, accept p1 100 % p2 100 % p3 100 % p4 95 % p5 95 %
2026-10-02 20:57:07.279 INFO  sched: request 'chatcmpl-c6ea0dce8415106e' starting prefill in slot 1 (163 prompt tokens)
2026-10-02 20:57:07.279 INFO  sched: request 'chatcmpl-c6ea0dce8415106e' prefix cache miss — 1 cut(s), the cache is empty
2026-10-02 20:57:07.279 INFO  sched: request 'chatcmpl-c6ea0dce8415106e' prefilling in slot 1 (256 tokens/tick)
2026-10-02 20:57:07.629 INFO  sched: request 'chatcmpl-c6ea0dce8415106e' admitted to slot 1 (reserve 18 blocks; pool 36/8192 blocks in use) — first token 9854
2026-10-02 20:57:07.722 INFO  sched: request 'chatcmpl-c6ea0dce8415106f' starting prefill in slot 2 (147 prompt tokens)
2026-10-02 20:57:07.722 INFO  sched: request 'chatcmpl-c6ea0dce8415106f' prefix cache miss — 1 cut(s), the cache is empty
2026-10-02 20:57:07.722 INFO  sched: request 'chatcmpl-c6ea0dce8415106f' prefilling in slot 2 (256 tokens/tick)
2026-10-02 20:57:08.056 INFO  sched: request 'chatcmpl-c6ea0dce8415106f' admitted to slot 2 (reserve 18 blocks; pool 54/8192 blocks in use) — first token 9854
2026-10-02 20:57:08.193 INFO  sched: request 'chatcmpl-c6ea0dce84151070' starting prefill in slot 3 (125 prompt tokens)
2026-10-02 20:57:08.497 INFO  sched: request 'chatcmpl-c6ea0dce84151070' prefix cache miss — 0 cut(s), the cache is empty
2026-10-02 20:57:08.497 INFO  sched: request 'chatcmpl-c6ea0dce84151070' admitted to slot 3 (reserve 17 blocks; pool 72/8192 blocks in use) — first token 9854
2026-10-02 20:57:11.101 INFO  stats: rank 0 | 10.0 s | decode 88.4 tok/s, 8.9 ms/tok, 182.5 ms/step (43 steps / 885 tok, 78 % of wall) | mtp 5.50 tok/step/req, accept p1 99 % p2 98 % p3 94 % p4 90 % p5 88 % | prefill 6 prompts / 859 tok, 86 tok/s, 2.30 ms/tok, 330 ms avg (20 % of wall), 0 tok cached (0/6 hits) | live 4, queued 0 | pool 72/8192 blocks (1 %) | prefix cache 0/780 entries | requests +6 (shed 0, cancelled 0)
2026-10-02 20:57:12.069 INFO  sched: request 'chatcmpl-c6ea0dce8415106d' retired (eos): 192 tok in 8.3 s — prefill 187 tok (0 cached) in 378 ms; decode 191 tok / 37 passes in 7.9 s: 24.2 tok/s, 41.3 ms/tok, 213 ms/pass, 5.16 tok/pass, accept p1 100 % p2 95 % p3 89 % p4 79 % p5 79 %
2026-10-02 20:57:12.411 INFO  sched: request 'chatcmpl-c6ea0dce84151071' starting prefill in slot 0 (176 prompt tokens)
2026-10-02 20:57:12.411 INFO  sched: request 'chatcmpl-c6ea0dce84151071' prefix cache miss — 1 cut(s), the cache is empty
2026-10-02 20:57:12.411 INFO  sched: request 'chatcmpl-c6ea0dce84151071' prefilling in slot 0 (256 tokens/tick)
2026-10-02 20:57:12.768 INFO  sched: request 'chatcmpl-c6ea0dce84151071' admitted to slot 0 (reserve 18 blocks; pool 72/8192 blocks in use) — first token 9854
2026-10-02 20:57:13.607 INFO  sched: request 'chatcmpl-c6ea0dce8415106f' retired (eos): 139 tok in 5.9 s — prefill 147 tok (0 cached) in 334 ms; decode 138 tok / 27 passes in 5.6 s: 24.9 tok/s, 40.2 ms/tok, 206 ms/pass, 5.11 tok/pass, accept p1 100 % p2 100 % p3 89 % p4 91 % p5 82 %
2026-10-02 20:57:13.784 INFO  sched: request 'chatcmpl-c6ea0dce84151070' retired (eos): 142 tok in 5.6 s — prefill 125 tok (0 cached) in 304 ms; decode 141 tok / 27 passes in 5.3 s: 26.7 tok/s, 37.5 ms/tok, 196 ms/pass, 5.22 tok/pass, accept p1 100 % p2 93 % p3 93 % p4 95 % p5 100 %
2026-10-02 20:57:13.897 INFO  sched: request 'chatcmpl-c6ea0dce84151072' starting prefill in slot 2 (137 prompt tokens)
2026-10-02 20:57:13.897 INFO  sched: request 'chatcmpl-c6ea0dce84151072' prefix cache miss — 1 cut(s), the cache is empty
2026-10-02 20:57:13.897 INFO  sched: request 'chatcmpl-c6ea0dce84151072' prefilling in slot 2 (256 tokens/tick)
2026-10-02 20:57:14.230 INFO  sched: request 'chatcmpl-c6ea0dce84151072' admitted to slot 2 (reserve 18 blocks; pool 54/8192 blocks in use) — first token 9854
2026-10-02 20:57:14.363 INFO  sched: request 'chatcmpl-c6ea0dce84151073' starting prefill in slot 3 (307 prompt tokens)
2026-10-02 20:57:14.363 INFO  sched: request 'chatcmpl-c6ea0dce84151073' prefix cache miss — 1 cut(s), the cache is empty
2026-10-02 20:57:14.364 INFO  sched: request 'chatcmpl-c6ea0dce84151073' prefilling in slot 3 (256 tokens/tick)
2026-10-02 20:57:15.136 INFO  sched: request 'chatcmpl-c6ea0dce84151073' admitted to slot 3 (reserve 19 blocks; pool 73/8192 blocks in use) — first token 9854
2026-10-02 20:57:15.870 INFO  sched: request 'chatcmpl-c6ea0dce8415106e' retired (eos): 181 tok in 8.6 s — prefill 163 tok (0 cached) in 350 ms; decode 180 tok / 36 passes in 8.2 s: 21.8 tok/s, 45.8 ms/tok, 229 ms/pass, 5.00 tok/pass, accept p1 97 % p2 94 % p3 92 % p4 87 % p5 85 %
2026-10-02 20:57:16.074 INFO  sched: request 'chatcmpl-c6ea0dce84151071' retired (eos): 66 tok in 3.7 s — prefill 176 tok (0 cached) in 357 ms; decode 65 tok / 14 passes in 3.3 s: 19.7 tok/s, 50.9 ms/tok, 236 ms/pass, 4.64 tok/pass, accept p1 93 % p2 93 % p3 86 % p4 67 % p5 83 %
2026-10-02 20:57:16.236 INFO  sched: request 'chatcmpl-c6ea0dce84151074' starting prefill in slot 0 (155 prompt tokens)
2026-10-02 20:57:16.236 INFO  sched: request 'chatcmpl-c6ea0dce84151074' prefix cache miss — 1 cut(s), the cache is empty
2026-10-02 20:57:16.237 INFO  sched: request 'chatcmpl-c6ea0dce84151074' prefilling in slot 0 (256 tokens/tick)
2026-10-02 20:57:16.578 INFO  sched: request 'chatcmpl-c6ea0dce84151074' admitted to slot 0 (reserve 18 blocks; pool 55/8192 blocks in use) — first token 9854
2026-10-02 20:57:16.756 INFO  sched: request 'chatcmpl-c6ea0dce84151075' starting prefill in slot 1 (240 prompt tokens)
2026-10-02 20:57:16.756 INFO  sched: request 'chatcmpl-c6ea0dce84151075' prefix cache miss — 1 cut(s), the cache is empty
2026-10-02 20:57:16.757 INFO  sched: request 'chatcmpl-c6ea0dce84151075' prefilling in slot 1 (256 tokens/tick)
2026-10-02 20:57:17.176 INFO  sched: request 'chatcmpl-c6ea0dce84151075' admitted to slot 1 (reserve 18 blocks; pool 73/8192 blocks in use) — first token 9854
2026-10-02 20:57:20.256 INFO  sched: request 'chatcmpl-c6ea0dce84151075' retired (eos): 89 tok in 3.5 s — prefill 240 tok (0 cached) in 420 ms; decode 88 tok / 16 passes in 3.1 s: 28.6 tok/s, 35.0 ms/tok, 192 ms/pass, 5.50 tok/pass, accept p1 100 % p2 100 % p3 94 % p4 87 % p5 87 %
2026-10-02 20:57:20.656 INFO  sched: request 'chatcmpl-c6ea0dce84151072' retired (eos): 143 tok in 6.8 s — prefill 137 tok (0 cached) in 333 ms; decode 142 tok / 27 passes in 6.4 s: 22.1 tok/s, 45.3 ms/tok, 238 ms/pass, 5.26 tok/pass, accept p1 96 % p2 96 % p3 89 % p4 88 % p5 85 %
2026-10-02 20:57:20.656 INFO  sched: request 'chatcmpl-c6ea0dce84151076' starting prefill in slot 1 (161 prompt tokens)
2026-10-02 20:57:20.656 INFO  sched: request 'chatcmpl-c6ea0dce84151076' prefix cache miss — 1 cut(s), the cache is empty
2026-10-02 20:57:20.657 INFO  sched: request 'chatcmpl-c6ea0dce84151076' prefilling in slot 1 (256 tokens/tick)
2026-10-02 20:57:21.008 INFO  sched: request 'chatcmpl-c6ea0dce84151076' admitted to slot 1 (reserve 18 blocks; pool 55/8192 blocks in use) — first token 9854
2026-10-02 20:57:21.186 INFO  stats: rank 0 | 10.1 s | decode 80.0 tok/s, 9.2 ms/tok, 176.2 ms/step (42 steps / 807 tok, 73 % of wall) | mtp 5.24 tok/step/req, accept p1 98 % p2 96 % p3 91 % p4 88 % p5 87 % | prefill 6 prompts / 1176 tok, 117 tok/s, 2.09 ms/tok, 409 ms avg (24 % of wall), 0 tok cached (0/6 hits) | live 3, queued 0 | pool 55/8192 blocks (1 %) | prefix cache 0/780 entries | requests +7 (shed 0, cancelled 0)
2026-10-02 20:57:21.201 INFO  sched: request 'chatcmpl-c6ea0dce84151077' starting prefill in slot 2 (335 prompt tokens)
2026-10-02 20:57:21.201 INFO  sched: request 'chatcmpl-c6ea0dce84151077' prefix cache miss — 1 cut(s), the cache is empty
2026-10-02 20:57:21.202 INFO  sched: request 'chatcmpl-c6ea0dce84151077' prefilling in slot 2 (256 tokens/tick)
2026-10-02 20:57:22.096 INFO  sched: request 'chatcmpl-c6ea0dce84151077' admitted to slot 2 (reserve 19 blocks; pool 74/8192 blocks in use) — first token 9854
2026-10-02 20:57:26.158 INFO  sched: request 'chatcmpl-c6ea0dce84151074' retired (eos): 229 tok in 9.9 s — prefill 155 tok (0 cached) in 342 ms; decode 228 tok / 45 passes in 9.6 s: 23.8 tok/s, 42.0 ms/tok, 213 ms/pass, 5.07 tok/pass, accept p1 98 % p2 95 % p3 93 % p4 94 % p5 93 %
2026-10-02 20:57:26.426 INFO  sched: request 'chatcmpl-c6ea0dce84151078' starting prefill in slot 0 (228 prompt tokens)
2026-10-02 20:57:26.426 INFO  sched: request 'chatcmpl-c6ea0dce84151078' prefix cache miss — 1 cut(s), the cache is empty
2026-10-02 20:57:26.426 INFO  sched: request 'chatcmpl-c6ea0dce84151078' prefilling in slot 0 (256 tokens/tick)
2026-10-02 20:57:26.832 INFO  sched: request 'chatcmpl-c6ea0dce84151078' admitted to slot 0 (reserve 18 blocks; pool 74/8192 blocks in use) — first token 9854
2026-10-02 20:57:27.675 INFO  sched: request 'chatcmpl-c6ea0dce84151077' retired (eos): 122 tok in 6.5 s — prefill 335 tok (0 cached) in 714 ms; decode 121 tok / 32 passes in 5.8 s: 21.0 tok/s, 47.6 ms/tok, 180 ms/pass, 3.78 tok/pass, accept p1 84 % p2 83 % p3 81 % p4 67 % p5 70 %
2026-10-02 20:57:28.005 INFO  sched: request 'chatcmpl-c6ea0dce84151079' starting prefill in slot 2 (182 prompt tokens)
2026-10-02 20:57:28.005 INFO  sched: request 'chatcmpl-c6ea0dce84151079' prefix cache miss — 1 cut(s), the cache is empty
2026-10-02 20:57:28.006 INFO  sched: request 'chatcmpl-c6ea0dce84151079' prefilling in slot 2 (256 tokens/tick)
2026-10-02 20:57:28.365 INFO  sched: request 'chatcmpl-c6ea0dce84151079' admitted to slot 2 (reserve 18 blocks; pool 73/8192 blocks in use) — first token 9854
2026-10-02 20:57:30.097 INFO  sched: request 'chatcmpl-c6ea0dce84151073' retired (eos): 342 tok in 15.7 s — prefill 307 tok (0 cached) in 652 ms; decode 341 tok / 71 passes in 15.1 s: 22.6 tok/s, 44.2 ms/tok, 212 ms/pass, 4.80 tok/pass, accept p1 99 % p2 96 % p3 92 % p4 90 % p5 86 %
2026-10-02 20:57:30.417 INFO  sched: request 'chatcmpl-c6ea0dce84151078' retired (eos): 91 tok in 4.0 s — prefill 228 tok (0 cached) in 406 ms; decode 90 tok / 20 passes in 3.6 s: 25.1 tok/s, 39.8 ms/tok, 179 ms/pass, 4.50 tok/pass, accept p1 95 % p2 95 % p3 94 % p4 91 % p5 100 %
2026-10-02 20:57:30.417 INFO  sched: request 'chatcmpl-c6ea0dce8415107a' starting prefill in slot 0 (195 prompt tokens)
2026-10-02 20:57:30.417 INFO  sched: request 'chatcmpl-c6ea0dce8415107a' prefix cache miss — 1 cut(s), the cache is empty
2026-10-02 20:57:30.418 INFO  sched: request 'chatcmpl-c6ea0dce8415107a' prefilling in slot 0 (256 tokens/tick)
2026-10-02 20:57:30.798 INFO  sched: request 'chatcmpl-c6ea0dce8415107a' admitted to slot 0 (reserve 18 blocks; pool 54/8192 blocks in use) — first token 9854
2026-10-02 20:57:30.947 INFO  sched: request 'chatcmpl-c6ea0dce84151076' retired (eos): 225 tok in 10.3 s — prefill 161 tok (0 cached) in 351 ms; decode 224 tok / 49 passes in 9.9 s: 22.5 tok/s, 44.4 ms/tok, 203 ms/pass, 4.57 tok/pass, accept p1 96 % p2 96 % p3 95 % p4 93 % p5 94 %
2026-10-02 20:57:30.948 INFO  sched: request 'chatcmpl-c6ea0dce8415107b' starting prefill in slot 1 (206 prompt tokens)
2026-10-02 20:57:30.948 INFO  sched: request 'chatcmpl-c6ea0dce8415107b' prefix cache miss — 1 cut(s), the cache is empty
2026-10-02 20:57:30.948 INFO  sched: request 'chatcmpl-c6ea0dce8415107b' prefilling in slot 1 (256 tokens/tick)
2026-10-02 20:57:31.329 INFO  sched: request 'chatcmpl-c6ea0dce8415107b' admitted to slot 1 (reserve 18 blocks; pool 54/8192 blocks in use) — first token 9854
2026-10-02 20:57:31.452 INFO  stats: rank 0 | 10.3 s | decode 80.1 tok/s, 9.5 ms/tok, 159.7 ms/step (49 steps / 822 tok, 76 % of wall) | mtp 4.40 tok/step/req, accept p1 95 % p2 92 % p3 90 % p4 84 % p5 86 % | prefill 5 prompts / 1146 tok, 112 tok/s, 1.96 ms/tok, 448 ms avg (22 % of wall), 0 tok cached (0/5 hits) | live 3, queued 0 | pool 54/8192 blocks (1 %) | prefix cache 0/780 entries | requests +5 (shed 0, cancelled 0)
2026-10-02 20:57:31.465 INFO  sched: request 'chatcmpl-c6ea0dce8415107c' starting prefill in slot 3 (121 prompt tokens)
2026-10-02 20:57:31.772 INFO  sched: request 'chatcmpl-c6ea0dce8415107c' prefix cache miss — 0 cut(s), the cache is empty
2026-10-02 20:57:31.772 INFO  sched: request 'chatcmpl-c6ea0dce8415107c' admitted to slot 3 (reserve 17 blocks; pool 71/8192 blocks in use) — first token 9854
2026-10-02 20:57:33.082 INFO  sched: request 'chatcmpl-c6ea0dce8415107a' retired (eos): 38 tok in 2.7 s — prefill 195 tok (0 cached) in 380 ms; decode 37 tok / 9 passes in 2.3 s: 16.2 tok/s, 61.7 ms/tok, 254 ms/pass, 4.11 tok/pass, accept p1 89 % p2 78 % p3 67 % p4 62 % p5 50 %
2026-10-02 20:57:33.478 INFO  sched: request 'chatcmpl-c6ea0dce8415107d' starting prefill in slot 0 (358 prompt tokens)
2026-10-02 20:57:33.478 INFO  sched: request 'chatcmpl-c6ea0dce8415107d' prefix cache miss — 1 cut(s), the cache is empty
2026-10-02 20:57:33.478 INFO  sched: request 'chatcmpl-c6ea0dce8415107d' prefilling in slot 0 (256 tokens/tick)
2026-10-02 20:57:34.363 INFO  sched: request 'chatcmpl-c6ea0dce8415107d' admitted to slot 0 (reserve 19 blocks; pool 72/8192 blocks in use) — first token 9854
2026-10-02 20:57:35.074 INFO  sched: request 'chatcmpl-c6ea0dce8415107b' retired (eos): 77 tok in 4.1 s — prefill 206 tok (0 cached) in 382 ms; decode 76 tok / 15 passes in 3.7 s: 20.3 tok/s, 49.3 ms/tok, 250 ms/pass, 5.07 tok/pass, accept p1 100 % p2 100 % p3 93 % p4 77 % p5 80 %
2026-10-02 20:57:35.450 INFO  sched: request 'chatcmpl-c6ea0dce8415107e' starting prefill in slot 1 (202 prompt tokens)
2026-10-02 20:57:35.450 INFO  sched: request 'chatcmpl-c6ea0dce8415107e' prefix cache miss — 1 cut(s), the cache is empty
2026-10-02 20:57:35.450 INFO  sched: request 'chatcmpl-c6ea0dce8415107e' prefilling in slot 1 (256 tokens/tick)
2026-10-02 20:57:35.839 INFO  sched: request 'chatcmpl-c6ea0dce8415107e' admitted to slot 1 (reserve 18 blocks; pool 72/8192 blocks in use) — first token 9854
2026-10-02 20:57:36.446 INFO  sched: request 'chatcmpl-c6ea0dce8415107d' retired (eos): 42 tok in 3.0 s — prefill 358 tok (0 cached) in 721 ms; decode 41 tok / 10 passes in 2.2 s: 18.2 tok/s, 54.8 ms/tok, 225 ms/pass, 4.10 tok/pass, accept p1 100 % p2 90 % p3 67 % p4 57 % p5 100 %
2026-10-02 20:57:36.837 INFO  sched: request 'chatcmpl-c6ea0dce8415107f' starting prefill in slot 0 (211 prompt tokens)
2026-10-02 20:57:36.837 INFO  sched: request 'chatcmpl-c6ea0dce8415107f' prefix cache miss — 1 cut(s), the cache is empty
2026-10-02 20:57:36.837 INFO  sched: request 'chatcmpl-c6ea0dce8415107f' prefilling in slot 0 (256 tokens/tick)
2026-10-02 20:57:37.238 INFO  sched: request 'chatcmpl-c6ea0dce8415107f' admitted to slot 0 (reserve 18 blocks; pool 71/8192 blocks in use) — first token 9854
2026-10-02 20:57:38.157 INFO  sched: request 'chatcmpl-c6ea0dce8415107c' retired (eos): 142 tok in 6.7 s — prefill 121 tok (0 cached) in 307 ms; decode 141 tok / 27 passes in 6.4 s: 22.1 tok/s, 45.3 ms/tok, 236 ms/pass, 5.22 tok/pass, accept p1 100 % p2 100 % p3 100 % p4 91 % p5 93 %
2026-10-02 20:57:38.283 INFO  sched: request 'chatcmpl-c6ea0dce84151079' retired (eos): 217 tok in 10.3 s — prefill 182 tok (0 cached) in 359 ms; decode 216 tok / 42 passes in 9.9 s: 21.8 tok/s, 45.9 ms/tok, 236 ms/pass, 5.14 tok/pass, accept p1 100 % p2 100 % p3 98 % p4 91 % p5 95 %
2026-10-02 20:57:38.400 INFO  sched: request 'chatcmpl-c6ea0dce84151080' starting prefill in slot 2 (179 prompt tokens)
2026-10-02 20:57:38.400 INFO  sched: request 'chatcmpl-c6ea0dce84151080' prefix cache miss — 1 cut(s), the cache is empty
2026-10-02 20:57:38.400 INFO  sched: request 'chatcmpl-c6ea0dce84151080' prefilling in slot 2 (256 tokens/tick)
2026-10-02 20:57:38.761 INFO  sched: request 'chatcmpl-c6ea0dce84151080' admitted to slot 2 (reserve 18 blocks; pool 54/8192 blocks in use) — first token 9854
2026-10-02 20:57:38.900 INFO  sched: request 'chatcmpl-c6ea0dce84151081' starting prefill in slot 3 (202 prompt tokens)
2026-10-02 20:57:38.900 INFO  sched: request 'chatcmpl-c6ea0dce84151081' prefix cache miss — 1 cut(s), the cache is empty
2026-10-02 20:57:38.900 INFO  sched: request 'chatcmpl-c6ea0dce84151081' prefilling in slot 3 (256 tokens/tick)
2026-10-02 20:57:39.283 INFO  sched: request 'chatcmpl-c6ea0dce84151081' admitted to slot 3 (reserve 18 blocks; pool 72/8192 blocks in use) — first token 9854
2026-10-02 20:57:41.460 INFO  stats: rank 0 | 10.0 s | decode 78.6 tok/s, 9.2 ms/tok, 172.5 ms/step (42 steps / 787 tok, 72 % of wall) | mtp 5.01 tok/step/req, accept p1 99 % p2 97 % p3 93 % p4 85 % p5 85 % | prefill 6 prompts / 1273 tok, 127 tok/s, 2.01 ms/tok, 427 ms avg (26 % of wall), 0 tok cached (0/6 hits) | live 4, queued 0 | pool 72/8192 blocks (1 %) | prefix cache 0/780 entries | requests +5 (shed 0, cancelled 0)
2026-10-02 20:57:42.076 INFO  sched: request 'chatcmpl-c6ea0dce84151080' retired (eos): 76 tok in 3.7 s — prefill 179 tok (0 cached) in 361 ms; decode 75 tok / 16 passes in 3.3 s: 22.6 tok/s, 44.2 ms/tok, 207 ms/pass, 4.69 tok/pass, accept p1 100 % p2 94 % p3 80 % p4 73 % p5 67 %
2026-10-02 20:57:42.477 INFO  sched: request 'chatcmpl-c6ea0dce84151082' starting prefill in slot 2 (245 prompt tokens)
2026-10-02 20:57:42.477 INFO  sched: request 'chatcmpl-c6ea0dce84151082' prefix cache miss — 1 cut(s), the cache is empty
2026-10-02 20:57:42.477 INFO  sched: request 'chatcmpl-c6ea0dce84151082' prefilling in slot 2 (256 tokens/tick)
2026-10-02 20:57:42.886 INFO  sched: request 'chatcmpl-c6ea0dce84151082' admitted to slot 2 (reserve 18 blocks; pool 72/8192 blocks in use) — first token 9854
2026-10-02 20:57:43.813 INFO  sched: request 'chatcmpl-c6ea0dce8415107e' retired (eos): 188 tok in 8.4 s — prefill 202 tok (0 cached) in 389 ms; decode 187 tok / 36 passes in 8.0 s: 23.4 tok/s, 42.6 ms/tok, 222 ms/pass, 5.19 tok/pass, accept p1 100 % p2 94 % p3 97 % p4 97 % p5 100 %
2026-10-02 20:57:44.021 INFO  sched: request 'chatcmpl-c6ea0dce84151082' retired (eos): 28 tok in 1.5 s — prefill 245 tok (0 cached) in 409 ms; decode 27 tok / 6 passes in 1.1 s: 23.8 tok/s, 42.1 ms/tok, 189 ms/pass, 4.50 tok/pass, accept p1 100 % p2 83 % p3 83 % p4 60 % p5 50 %
2026-10-02 20:57:44.022 INFO  sched: request 'chatcmpl-c6ea0dce84151083' starting prefill in slot 1 (128 prompt tokens)
2026-10-02 20:57:44.337 INFO  sched: request 'chatcmpl-c6ea0dce84151083' prefix cache miss — 0 cut(s), the cache is empty
2026-10-02 20:57:44.337 INFO  sched: request 'chatcmpl-c6ea0dce84151083' admitted to slot 1 (reserve 17 blocks; pool 54/8192 blocks in use) — first token 9854
2026-10-02 20:57:44.520 INFO  sched: request 'chatcmpl-c6ea0dce84151084' starting prefill in slot 2 (158 prompt tokens)
2026-10-02 20:57:44.520 INFO  sched: request 'chatcmpl-c6ea0dce84151084' prefix cache miss — 1 cut(s), the cache is empty
2026-10-02 20:57:44.520 INFO  sched: request 'chatcmpl-c6ea0dce84151084' prefilling in slot 2 (256 tokens/tick)
2026-10-02 20:57:44.870 INFO  sched: request 'chatcmpl-c6ea0dce84151084' admitted to slot 2 (reserve 18 blocks; pool 72/8192 blocks in use) — first token 9854
2026-10-02 20:57:47.710 INFO  sched: request 'chatcmpl-c6ea0dce8415107f' retired (eos): 242 tok in 10.9 s — prefill 211 tok (0 cached) in 401 ms; decode 241 tok / 48 passes in 10.5 s: 23.0 tok/s, 43.5 ms/tok, 218 ms/pass, 5.02 tok/pass, accept p1 100 % p2 98 % p3 91 % p4 83 % p5 84 %
2026-10-02 20:57:48.092 INFO  sched: request 'chatcmpl-c6ea0dce84151085' starting prefill in slot 0 (261 prompt tokens)
2026-10-02 20:57:48.092 INFO  sched: request 'chatcmpl-c6ea0dce84151085' prefix cache miss — 1 cut(s), the cache is empty
2026-10-02 20:57:48.093 INFO  sched: request 'chatcmpl-c6ea0dce84151085' prefilling in slot 0 (256 tokens/tick)
2026-10-02 20:57:48.825 INFO  sched: request 'chatcmpl-c6ea0dce84151085' admitted to slot 0 (reserve 19 blocks; pool 73/8192 blocks in use) — first token 9854
2026-10-02 20:57:49.652 INFO  sched: request 'chatcmpl-c6ea0dce84151083' retired (eos): 125 tok in 5.6 s — prefill 128 tok (0 cached) in 315 ms; decode 124 tok / 25 passes in 5.3 s: 23.3 tok/s, 42.9 ms/tok, 213 ms/pass, 4.96 tok/pass, accept p1 100 % p2 96 % p3 96 % p4 90 % p5 83 %
2026-10-02 20:57:50.000 INFO  sched: request 'chatcmpl-c6ea0dce84151086' starting prefill in slot 1 (292 prompt tokens)
2026-10-02 20:57:50.000 INFO  sched: request 'chatcmpl-c6ea0dce84151086' prefix cache miss — 1 cut(s), the cache is empty
2026-10-02 20:57:50.000 INFO  sched: request 'chatcmpl-c6ea0dce84151086' prefilling in slot 1 (256 tokens/tick)
2026-10-02 20:57:50.795 INFO  sched: request 'chatcmpl-c6ea0dce84151086' admitted to slot 1 (reserve 19 blocks; pool 74/8192 blocks in use) — first token 9854
2026-10-02 20:57:51.271 INFO  sched: request 'chatcmpl-c6ea0dce84151081' retired (eos): 263 tok in 12.4 s — prefill 202 tok (0 cached) in 383 ms; decode 262 tok / 54 passes in 12.0 s: 21.9 tok/s, 45.8 ms/tok, 222 ms/pass, 4.85 tok/pass, accept p1 96 % p2 91 % p3 88 % p4 89 % p5 81 %
2026-10-02 20:57:51.538 INFO  stats: rank 0 | 10.1 s | decode 79.6 tok/s, 9.5 ms/tok, 173.0 ms/step (44 steps / 802 tok, 76 % of wall) | mtp 4.89 tok/step/req, accept p1 98 % p2 93 % p3 89 % p4 87 % p5 87 % | prefill 5 prompts / 1084 tok, 108 tok/s, 2.07 ms/tok, 448 ms avg (22 % of wall), 0 tok cached (0/5 hits) | live 3, queued 0 | pool 56/8192 blocks (1 %) | prefix cache 0/780 entries | requests +6 (shed 0, cancelled 0)
2026-10-02 20:57:51.550 INFO  sched: request 'chatcmpl-c6ea0dce84151087' starting prefill in slot 3 (175 prompt tokens)
2026-10-02 20:57:51.550 INFO  sched: request 'chatcmpl-c6ea0dce84151087' prefix cache miss — 1 cut(s), the cache is empty
2026-10-02 20:57:51.550 INFO  sched: request 'chatcmpl-c6ea0dce84151087' prefilling in slot 3 (256 tokens/tick)
2026-10-02 20:57:51.911 INFO  sched: request 'chatcmpl-c6ea0dce84151087' admitted to slot 3 (reserve 18 blocks; pool 74/8192 blocks in use) — first token 9854
2026-10-02 20:57:52.086 INFO  sched: request 'chatcmpl-c6ea0dce84151084' retired (eos): 159 tok in 7.6 s — prefill 158 tok (0 cached) in 351 ms; decode 158 tok / 33 passes in 7.2 s: 21.9 tok/s, 45.7 ms/tok, 219 ms/pass, 4.79 tok/pass, accept p1 97 % p2 97 % p3 88 % p4 85 % p5 100 %
2026-10-02 20:57:52.436 INFO  sched: request 'chatcmpl-c6ea0dce84151088' starting prefill in slot 2 (289 prompt tokens)
2026-10-02 20:57:52.436 INFO  sched: request 'chatcmpl-c6ea0dce84151088' prefix cache miss — 1 cut(s), the cache is empty
2026-10-02 20:57:52.437 INFO  sched: request 'chatcmpl-c6ea0dce84151088' prefilling in slot 2 (256 tokens/tick)
2026-10-02 20:57:53.230 INFO  sched: request 'chatcmpl-c6ea0dce84151088' admitted to slot 2 (reserve 19 blocks; pool 75/8192 blocks in use) — first token 9854
2026-10-02 20:57:59.724 INFO  sched: request 'chatcmpl-c6ea0dce84151087' retired (eos): 201 tok in 8.2 s — prefill 175 tok (0 cached) in 361 ms; decode 200 tok / 38 passes in 7.8 s: 25.6 tok/s, 39.1 ms/tok, 206 ms/pass, 5.26 tok/pass, accept p1 97 % p2 97 % p3 92 % p4 86 % p5 79 %
2026-10-02 20:58:00.047 INFO  sched: request 'chatcmpl-c6ea0dce84151089' starting prefill in slot 3 (286 prompt tokens)
2026-10-02 20:58:00.047 INFO  sched: request 'chatcmpl-c6ea0dce84151089' prefix cache miss — 1 cut(s), the cache is empty
2026-10-02 20:58:00.047 INFO  sched: request 'chatcmpl-c6ea0dce84151089' prefilling in slot 3 (256 tokens/tick)
2026-10-02 20:58:00.803 INFO  sched: request 'chatcmpl-c6ea0dce84151089' admitted to slot 3 (reserve 19 blocks; pool 76/8192 blocks in use) — first token 9854
2026-10-02 20:58:01.668 INFO  stats: rank 0 | 10.1 s | decode 95.5 tok/s, 8.7 ms/tok, 182.4 ms/step (46 steps / 967 tok, 83 % of wall) | mtp 5.43 tok/step/req, accept p1 99 % p2 99 % p3 96 % p4 90 % p5 88 % | prefill 3 prompts / 750 tok, 74 tok/s, 2.10 ms/tok, 525 ms avg (16 % of wall), 0 tok cached (0/3 hits) | live 4, queued 0 | pool 76/8192 blocks (1 %) | prefix cache 0/780 entries | requests +2 (shed 0, cancelled 0)
2026-10-02 20:58:01.857 INFO  sched: request 'chatcmpl-c6ea0dce84151085' retired (eos): 311 tok in 13.8 s — prefill 261 tok (0 cached) in 540 ms; decode 310 tok / 60 passes in 13.2 s: 23.4 tok/s, 42.7 ms/tok, 220 ms/pass, 5.17 tok/pass, accept p1 100 % p2 98 % p3 92 % p4 89 % p5 86 %
2026-10-02 20:58:02.247 INFO  sched: request 'chatcmpl-c6ea0dce8415108a' starting prefill in slot 0 (152 prompt tokens)
2026-10-02 20:58:02.247 INFO  sched: request 'chatcmpl-c6ea0dce8415108a' prefix cache miss — 1 cut(s), the cache is empty
2026-10-02 20:58:02.247 INFO  sched: request 'chatcmpl-c6ea0dce8415108a' prefilling in slot 0 (256 tokens/tick)
2026-10-02 20:58:02.596 INFO  sched: request 'chatcmpl-c6ea0dce8415108a' admitted to slot 0 (reserve 18 blocks; pool 75/8192 blocks in use) — first token 9854
2026-10-02 20:58:05.060 INFO  sched: request 'chatcmpl-c6ea0dce84151089' retired (eos): 115 tok in 5.0 s — prefill 286 tok (0 cached) in 600 ms; decode 114 tok / 23 passes in 4.4 s: 25.8 tok/s, 38.7 ms/tok, 192 ms/pass, 4.96 tok/pass, accept p1 100 % p2 100 % p3 100 % p4 100 % p5 92 %
2026-10-02 20:58:05.376 INFO  sched: request 'chatcmpl-c6ea0dce8415108b' starting prefill in slot 3 (427 prompt tokens)
2026-10-02 20:58:05.376 INFO  sched: request 'chatcmpl-c6ea0dce8415108b' prefix cache miss — 1 cut(s), the cache is empty
2026-10-02 20:58:05.377 INFO  sched: request 'chatcmpl-c6ea0dce8415108b' prefilling in slot 3 (256 tokens/tick)
2026-10-02 20:58:06.321 INFO  sched: request 'chatcmpl-c6ea0dce8415108b' admitted to slot 3 (reserve 20 blocks; pool 76/8192 blocks in use) — first token 9854
2026-10-02 20:58:06.446 INFO  sched: request 'chatcmpl-c6ea0dce84151088' retired (eos): 330 tok in 14.0 s — prefill 289 tok (0 cached) in 614 ms; decode 329 tok / 64 passes in 13.4 s: 24.6 tok/s, 40.7 ms/tok, 209 ms/pass, 5.14 tok/pass, accept p1 100 % p2 94 % p3 95 % p4 87 % p5 84 %
2026-10-02 20:58:06.763 INFO  sched: request 'chatcmpl-c6ea0dce8415108a' retired (eos): 99 tok in 4.5 s — prefill 152 tok (0 cached) in 349 ms; decode 98 tok / 21 passes in 4.2 s: 23.5 tok/s, 42.5 ms/tok, 198 ms/pass, 4.67 tok/pass, accept p1 100 % p2 90 % p3 94 % p4 92 % p5 91 %
2026-10-02 20:58:06.765 INFO  sched: request 'chatcmpl-c6ea0dce8415108c' starting prefill in slot 0 (265 prompt tokens)
2026-10-02 20:58:06.765 INFO  sched: request 'chatcmpl-c6ea0dce8415108c' prefix cache miss — 1 cut(s), the cache is empty
2026-10-02 20:58:06.766 INFO  sched: request 'chatcmpl-c6ea0dce8415108c' prefilling in slot 0 (256 tokens/tick)
2026-10-02 20:58:07.519 INFO  sched: request 'chatcmpl-c6ea0dce8415108c' admitted to slot 0 (reserve 19 blocks; pool 58/8192 blocks in use) — first token 9854
2026-10-02 20:58:07.519 INFO  sched: request 'chatcmpl-c6ea0dce8415108d' deferred (needs 17 blocks, 8134 free, 1 slot(s) open) — admits when a peer retires
2026-10-02 20:58:07.640 INFO  sched: request 'chatcmpl-c6ea0dce8415108d' starting prefill in slot 2 (102 prompt tokens)
2026-10-02 20:58:07.924 INFO  sched: request 'chatcmpl-c6ea0dce8415108d' prefix cache miss — 0 cut(s), the cache is empty
2026-10-02 20:58:07.924 INFO  sched: request 'chatcmpl-c6ea0dce8415108d' admitted to slot 2 (reserve 17 blocks; pool 75/8192 blocks in use) — first token 9854
2026-10-02 20:58:11.690 INFO  stats: rank 0 | 10.0 s | decode 80.7 tok/s, 9.7 ms/tok, 156.5 ms/step (50 steps / 809 tok, 78 % of wall) | mtp 4.26 tok/step/req, accept p1 97 % p2 88 % p3 90 % p4 88 % p5 84 % | prefill 4 prompts / 946 tok, 94 tok/s, 2.11 ms/tok, 498 ms avg (20 % of wall), 0 tok cached (0/4 hits) | live 4, queued 0 | pool 75/8192 blocks (1 %) | prefix cache 0/780 entries | requests +4 (shed 0, cancelled 0)
2026-10-02 20:58:12.740 INFO  sched: request 'chatcmpl-c6ea0dce8415108d' retired (eos): 129 tok in 5.1 s — prefill 102 tok (0 cached) in 284 ms; decode 128 tok / 30 passes in 4.8 s: 26.6 tok/s, 37.6 ms/tok, 161 ms/pass, 4.27 tok/pass, accept p1 97 % p2 96 % p3 100 % p4 100 % p5 86 %
2026-10-02 20:58:13.070 INFO  sched: request 'chatcmpl-c6ea0dce84151086' retired (eos): 526 tok in 23.1 s — prefill 292 tok (0 cached) in 625 ms; decode 525 tok / 109 passes in 22.4 s: 23.4 tok/s, 42.8 ms/tok, 206 ms/pass, 4.82 tok/pass, accept p1 96 % p2 93 % p3 93 % p4 93 % p5 93 %
2026-10-02 20:58:13.070 INFO  sched: request 'chatcmpl-c6ea0dce8415108e' starting prefill in slot 1 (172 prompt tokens)
2026-10-02 20:58:13.070 INFO  sched: request 'chatcmpl-c6ea0dce8415108e' prefix cache miss — 1 cut(s), the cache is empty
2026-10-02 20:58:13.071 INFO  sched: request 'chatcmpl-c6ea0dce8415108e' prefilling in slot 1 (256 tokens/tick)
2026-10-02 20:58:13.420 INFO  sched: request 'chatcmpl-c6ea0dce8415108e' admitted to slot 1 (reserve 18 blocks; pool 57/8192 blocks in use) — first token 9854
2026-10-02 20:58:13.619 INFO  sched: request 'chatcmpl-c6ea0dce8415108f' starting prefill in slot 2 (189 prompt tokens)
2026-10-02 20:58:13.619 INFO  sched: request 'chatcmpl-c6ea0dce8415108f' prefix cache miss — 1 cut(s), the cache is empty
2026-10-02 20:58:13.619 INFO  sched: request 'chatcmpl-c6ea0dce8415108f' prefilling in slot 2 (256 tokens/tick)
2026-10-02 20:58:13.983 INFO  sched: request 'chatcmpl-c6ea0dce8415108f' admitted to slot 2 (reserve 18 blocks; pool 75/8192 blocks in use) — first token 9854
2026-10-02 20:58:20.363 INFO  sched: request 'chatcmpl-c6ea0dce8415108f' retired (eos): 174 tok in 6.7 s — prefill 189 tok (0 cached) in 364 ms; decode 173 tok / 38 passes in 6.4 s: 27.1 tok/s, 36.9 ms/tok, 168 ms/pass, 4.55 tok/pass, accept p1 97 % p2 94 % p3 97 % p4 91 % p5 88 %
2026-10-02 20:58:20.711 INFO  sched: request 'chatcmpl-c6ea0dce84151090' starting prefill in slot 2 (175 prompt tokens)
2026-10-02 20:58:20.711 INFO  sched: request 'chatcmpl-c6ea0dce84151090' prefix cache miss — 1 cut(s), the cache is empty
2026-10-02 20:58:20.711 INFO  sched: request 'chatcmpl-c6ea0dce84151090' prefilling in slot 2 (256 tokens/tick)
2026-10-02 20:58:21.072 INFO  sched: request 'chatcmpl-c6ea0dce84151090' admitted to slot 2 (reserve 18 blocks; pool 75/8192 blocks in use) — first token 9854
2026-10-02 20:58:21.702 INFO  stats: rank 0 | 10.0 s | decode 89.7 tok/s, 9.7 ms/tok, 158.9 ms/step (55 steps / 898 tok, 87 % of wall) | mtp 4.20 tok/step/req, accept p1 94 % p2 88 % p3 90 % p4 89 % p5 82 % | prefill 3 prompts / 536 tok, 54 tok/s, 2.01 ms/tok, 359 ms avg (11 % of wall), 0 tok cached (0/3 hits) | live 4, queued 0 | pool 75/8192 blocks (1 %) | prefix cache 0/780 entries | requests +3 (shed 0, cancelled 0)
2026-10-02 20:58:24.596 INFO  sched: request 'chatcmpl-c6ea0dce8415108b' retired (eos): 395 tok in 19.2 s — prefill 427 tok (0 cached) in 797 ms; decode 394 tok / 105 passes in 18.4 s: 21.4 tok/s, 46.8 ms/tok, 175 ms/pass, 3.75 tok/pass, accept p1 94 % p2 82 % p3 80 % p4 74 % p5 79 %
2026-10-02 20:58:24.894 INFO  sched: request 'chatcmpl-c6ea0dce84151090' retired (eos): 97 tok in 4.2 s — prefill 175 tok (0 cached) in 361 ms; decode 96 tok / 28 passes in 3.8 s: 25.1 tok/s, 39.8 ms/tok, 137 ms/pass, 3.43 tok/pass, accept p1 96 % p2 100 % p3 91 % p4 67 % p5 67 %
2026-10-02 20:58:24.896 INFO  sched: request 'chatcmpl-c6ea0dce84151091' starting prefill in slot 2 (134 prompt tokens)
2026-10-02 20:58:24.896 INFO  sched: request 'chatcmpl-c6ea0dce84151091' prefix cache miss — 1 cut(s), the cache is empty
2026-10-02 20:58:24.897 INFO  sched: request 'chatcmpl-c6ea0dce84151091' prefilling in slot 2 (256 tokens/tick)
2026-10-02 20:58:25.230 INFO  sched: request 'chatcmpl-c6ea0dce84151091' admitted to slot 2 (reserve 18 blocks; pool 55/8192 blocks in use) — first token 9854
2026-10-02 20:58:25.385 INFO  sched: request 'chatcmpl-c6ea0dce8415108c' retired (eos): 419 tok in 18.6 s — prefill 265 tok (0 cached) in 563 ms; decode 418 tok / 104 passes in 18.1 s: 23.1 tok/s, 43.2 ms/tok, 174 ms/pass, 4.02 tok/pass, accept p1 96 % p2 91 % p3 91 % p4 92 % p5 76 %
2026-10-02 20:58:25.386 INFO  sched: request 'chatcmpl-c6ea0dce84151092' starting prefill in slot 0 (177 prompt tokens)
2026-10-02 20:58:25.386 INFO  sched: request 'chatcmpl-c6ea0dce84151092' prefix cache miss — 1 cut(s), the cache is empty
2026-10-02 20:58:25.386 INFO  sched: request 'chatcmpl-c6ea0dce84151092' prefilling in slot 0 (256 tokens/tick)
2026-10-02 20:58:25.749 INFO  sched: request 'chatcmpl-c6ea0dce84151092' admitted to slot 0 (reserve 18 blocks; pool 54/8192 blocks in use) — first token 9854
2026-10-02 20:58:25.870 INFO  sched: request 'chatcmpl-c6ea0dce84151093' starting prefill in slot 3 (172 prompt tokens)
2026-10-02 20:58:25.870 INFO  sched: request 'chatcmpl-c6ea0dce84151093' prefix cache miss — 1 cut(s), the cache is empty
2026-10-02 20:58:25.870 INFO  sched: request 'chatcmpl-c6ea0dce84151093' prefilling in slot 3 (256 tokens/tick)
2026-10-02 20:58:26.224 INFO  sched: request 'chatcmpl-c6ea0dce84151093' admitted to slot 3 (reserve 18 blocks; pool 72/8192 blocks in use) — first token 9854
2026-10-02 20:58:28.839 INFO  sched: request 'chatcmpl-c6ea0dce84151092' retired (eos): 77 tok in 3.5 s — prefill 177 tok (0 cached) in 362 ms; decode 76 tok / 17 passes in 3.1 s: 24.6 tok/s, 40.7 ms/tok, 182 ms/pass, 4.47 tok/pass, accept p1 94 % p2 100 % p3 93 % p4 100 % p5 100 %
2026-10-02 20:58:28.971 INFO  sched: request 'chatcmpl-c6ea0dce84151093' retired (eos): 76 tok in 3.1 s — prefill 172 tok (0 cached) in 354 ms; decode 75 tok / 17 passes in 2.7 s: 27.3 tok/s, 36.6 ms/tok, 162 ms/pass, 4.41 tok/pass, accept p1 100 % p2 93 % p3 100 % p4 90 % p5 100 %
2026-10-02 20:58:29.121 INFO  sched: request 'chatcmpl-c6ea0dce84151094' starting prefill in slot 0 (112 prompt tokens)
2026-10-02 20:58:29.418 INFO  sched: request 'chatcmpl-c6ea0dce84151094' prefix cache miss — 0 cut(s), the cache is empty
2026-10-02 20:58:29.418 INFO  sched: request 'chatcmpl-c6ea0dce84151094' admitted to slot 0 (reserve 17 blocks; pool 53/8192 blocks in use) — first token 9854
2026-10-02 20:58:29.519 INFO  sched: request 'chatcmpl-c6ea0dce84151095' starting prefill in slot 3 (126 prompt tokens)
2026-10-02 20:58:29.824 INFO  sched: request 'chatcmpl-c6ea0dce84151095' prefix cache miss — 0 cut(s), the cache is empty
2026-10-02 20:58:29.824 INFO  sched: request 'chatcmpl-c6ea0dce84151095' admitted to slot 3 (reserve 17 blocks; pool 71/8192 blocks in use) — first token 9854
2026-10-02 20:58:31.121 INFO  sched: request 'chatcmpl-c6ea0dce8415108e' retired (eos): 354 tok in 18.1 s — prefill 172 tok (0 cached) in 350 ms; decode 353 tok / 98 passes in 17.7 s: 19.9 tok/s, 50.1 ms/tok, 181 ms/pass, 3.60 tok/pass, accept p1 85 % p2 70 % p3 76 % p4 74 % p5 74 %
2026-10-02 20:58:31.276 INFO  sched: request 'chatcmpl-c6ea0dce84151091' retired (eos): 138 tok in 6.4 s — prefill 134 tok (0 cached) in 333 ms; decode 137 tok / 29 passes in 6.0 s: 22.7 tok/s, 44.1 ms/tok, 208 ms/pass, 4.72 tok/pass, accept p1 100 % p2 100 % p3 96 % p4 100 % p5 100 %
2026-10-02 20:58:31.466 INFO  sched: request 'chatcmpl-c6ea0dce84151096' starting prefill in slot 1 (142 prompt tokens)
2026-10-02 20:58:31.466 INFO  sched: request 'chatcmpl-c6ea0dce84151096' prefix cache miss — 1 cut(s), the cache is empty
2026-10-02 20:58:31.467 INFO  sched: request 'chatcmpl-c6ea0dce84151096' prefilling in slot 1 (256 tokens/tick)
2026-10-02 20:58:31.467 INFO  sched: request 'chatcmpl-c6ea0dce84151097' starting prefill in slot 2 (248 prompt tokens)
2026-10-02 20:58:31.467 INFO  sched: request 'chatcmpl-c6ea0dce84151097' prefix cache miss — 1 cut(s), the cache is empty
2026-10-02 20:58:31.467 INFO  sched: request 'chatcmpl-c6ea0dce84151097' prefilling in slot 2 (256 tokens/tick)
2026-10-02 20:58:32.050 INFO  sched: request 'chatcmpl-c6ea0dce84151096' admitted to slot 1 (reserve 18 blocks; pool 71/8192 blocks in use) — first token 9854
2026-10-02 20:58:32.050 INFO  sched: request 'chatcmpl-c6ea0dce84151097' admitted to slot 2 (reserve 18 blocks; pool 71/8192 blocks in use) — first token 9854
2026-10-02 20:58:32.221 INFO  stats: rank 0 | 10.5 s | decode 77.7 tok/s, 9.8 ms/tok, 148.8 ms/step (54 steps / 817 tok, 76 % of wall) | mtp 3.99 tok/step/req, accept p1 94 % p2 88 % p3 87 % p4 85 % p5 85 % | prefill 7 prompts / 1111 tok, 106 tok/s, 2.01 ms/tok, 319 ms avg (21 % of wall), 0 tok cached (0/7 hits) | live 4, queued 0 | pool 71/8192 blocks (1 %) | prefix cache 0/780 entries | requests +7 (shed 0, cancelled 0)
2026-10-02 20:58:33.954 INFO  sched: request 'chatcmpl-c6ea0dce84151094' retired (eos): 103 tok in 4.8 s — prefill 112 tok (0 cached) in 297 ms; decode 102 tok / 20 passes in 4.5 s: 22.5 tok/s, 44.5 ms/tok, 227 ms/pass, 5.10 tok/pass, accept p1 100 % p2 95 % p3 95 % p4 88 % p5 85 %
2026-10-02 20:58:34.330 INFO  sched: request 'chatcmpl-c6ea0dce84151098' starting prefill in slot 0 (201 prompt tokens)
2026-10-02 20:58:34.330 INFO  sched: request 'chatcmpl-c6ea0dce84151098' prefix cache miss — 1 cut(s), the cache is empty
2026-10-02 20:58:34.330 INFO  sched: request 'chatcmpl-c6ea0dce84151098' prefilling in slot 0 (256 tokens/tick)
2026-10-02 20:58:34.713 INFO  sched: request 'chatcmpl-c6ea0dce84151098' admitted to slot 0 (reserve 18 blocks; pool 72/8192 blocks in use) — first token 9854
2026-10-02 20:58:35.881 INFO  sched: request 'chatcmpl-c6ea0dce84151095' retired (eos): 146 tok in 6.4 s — prefill 126 tok (0 cached) in 305 ms; decode 145 tok / 27 passes in 6.1 s: 23.9 tok/s, 41.8 ms/tok, 224 ms/pass, 5.37 tok/pass, accept p1 100 % p2 96 % p3 96 % p4 96 % p5 84 %
2026-10-02 20:58:36.210 INFO  sched: request 'chatcmpl-c6ea0dce84151099' starting prefill in slot 3 (181 prompt tokens)
2026-10-02 20:58:36.210 INFO  sched: request 'chatcmpl-c6ea0dce84151099' prefix cache miss — 1 cut(s), the cache is empty
2026-10-02 20:58:36.210 INFO  sched: request 'chatcmpl-c6ea0dce84151099' prefilling in slot 3 (256 tokens/tick)
2026-10-02 20:58:36.580 INFO  sched: request 'chatcmpl-c6ea0dce84151099' admitted to slot 3 (reserve 18 blocks; pool 72/8192 blocks in use) — first token 9854
2026-10-02 20:58:37.683 INFO  sched: request 'chatcmpl-c6ea0dce84151098' retired (eos): 74 tok in 3.4 s — prefill 201 tok (0 cached) in 383 ms; decode 73 tok / 14 passes in 3.0 s: 24.6 tok/s, 40.7 ms/tok, 212 ms/pass, 5.21 tok/pass, accept p1 100 % p2 93 % p3 86 % p4 92 % p5 82 %
2026-10-02 20:58:38.076 INFO  sched: request 'chatcmpl-c6ea0dce8415109a' starting prefill in slot 0 (188 prompt tokens)
2026-10-02 20:58:38.076 INFO  sched: request 'chatcmpl-c6ea0dce8415109a' prefix cache miss — 1 cut(s), the cache is empty
2026-10-02 20:58:38.076 INFO  sched: request 'chatcmpl-c6ea0dce8415109a' prefilling in slot 0 (256 tokens/tick)
2026-10-02 20:58:38.439 INFO  sched: request 'chatcmpl-c6ea0dce8415109a' admitted to slot 0 (reserve 18 blocks; pool 72/8192 blocks in use) — first token 9854
2026-10-02 20:58:40.410 INFO  sched: request 'chatcmpl-c6ea0dce84151099' retired (eos): 94 tok in 4.2 s — prefill 181 tok (0 cached) in 370 ms; decode 93 tok / 19 passes in 3.8 s: 24.3 tok/s, 41.2 ms/tok, 202 ms/pass, 4.89 tok/pass, accept p1 100 % p2 95 % p3 89 % p4 76 % p5 82 %
2026-10-02 20:58:40.716 INFO  sched: request 'chatcmpl-c6ea0dce8415109b' starting prefill in slot 3 (146 prompt tokens)
2026-10-02 20:58:40.716 INFO  sched: request 'chatcmpl-c6ea0dce8415109b' prefix cache miss — 1 cut(s), the cache is empty
2026-10-02 20:58:40.716 INFO  sched: request 'chatcmpl-c6ea0dce8415109b' prefilling in slot 3 (256 tokens/tick)
2026-10-02 20:58:41.071 INFO  sched: request 'chatcmpl-c6ea0dce8415109b' admitted to slot 3 (reserve 18 blocks; pool 72/8192 blocks in use) — first token 9854
2026-10-02 20:58:41.269 INFO  sched: request 'chatcmpl-c6ea0dce84151096' retired (eos): 224 tok in 9.8 s — prefill 142 tok (0 cached) in 584 ms; decode 223 tok / 42 passes in 9.2 s: 24.2 tok/s, 41.3 ms/tok, 219 ms/pass, 5.31 tok/pass, accept p1 95 % p2 95 % p3 95 % p4 92 % p5 86 %
2026-10-02 20:58:41.559 INFO  sched: request 'chatcmpl-c6ea0dce8415109c' starting prefill in slot 1 (150 prompt tokens)
2026-10-02 20:58:41.559 INFO  sched: request 'chatcmpl-c6ea0dce8415109c' prefix cache miss — 1 cut(s), the cache is empty
2026-10-02 20:58:41.559 INFO  sched: request 'chatcmpl-c6ea0dce8415109c' prefilling in slot 1 (256 tokens/tick)
2026-10-02 20:58:41.899 INFO  sched: request 'chatcmpl-c6ea0dce8415109c' admitted to slot 1 (reserve 18 blocks; pool 72/8192 blocks in use) — first token 9854
2026-10-02 20:58:42.271 INFO  stats: rank 0 | 10.0 s | decode 86.5 tok/s, 9.2 ms/tok, 178.4 ms/step (45 steps / 869 tok, 80 % of wall) | mtp 5.11 tok/step/req, accept p1 99 % p2 95 % p3 90 % p4 85 % p5 75 % | prefill 5 prompts / 866 tok, 86 tok/s, 2.09 ms/tok, 362 ms avg (18 % of wall), 0 tok cached (0/5 hits) | live 4, queued 0 | pool 72/8192 blocks (1 %) | prefix cache 0/780 entries | requests +5 (shed 0, cancelled 0)
2026-10-02 20:58:44.929 INFO  sched: request 'chatcmpl-c6ea0dce8415109c' retired (eos): 74 tok in 3.4 s — prefill 150 tok (0 cached) in 341 ms; decode 73 tok / 16 passes in 3.0 s: 24.1 tok/s, 41.5 ms/tok, 189 ms/pass, 4.56 tok/pass, accept p1 94 % p2 75 % p3 69 % p4 67 % p5 64 %
2026-10-02 20:58:45.293 INFO  sched: request 'chatcmpl-c6ea0dce8415109d' starting prefill in slot 1 (198 prompt tokens)
2026-10-02 20:58:45.293 INFO  sched: request 'chatcmpl-c6ea0dce8415109d' prefix cache miss — 1 cut(s), the cache is empty
2026-10-02 20:58:45.293 INFO  sched: request 'chatcmpl-c6ea0dce8415109d' prefilling in slot 1 (256 tokens/tick)
2026-10-02 20:58:45.678 INFO  sched: request 'chatcmpl-c6ea0dce8415109d' admitted to slot 1 (reserve 18 blocks; pool 72/8192 blocks in use) — first token 9854
2026-10-02 20:58:46.167 INFO  sched: request 'chatcmpl-c6ea0dce84151097' retired (eos): 325 tok in 14.7 s — prefill 248 tok (0 cached) in 584 ms; decode 324 tok / 65 passes in 14.1 s: 23.0 tok/s, 43.6 ms/tok, 217 ms/pass, 4.98 tok/pass, accept p1 100 % p2 98 % p3 89 % p4 78 % p5 65 %
2026-10-02 20:58:46.455 INFO  sched: request 'chatcmpl-c6ea0dce8415109e' starting prefill in slot 2 (244 prompt tokens)
2026-10-02 20:58:46.455 INFO  sched: request 'chatcmpl-c6ea0dce8415109e' prefix cache miss — 1 cut(s), the cache is empty
2026-10-02 20:58:46.456 INFO  sched: request 'chatcmpl-c6ea0dce8415109e' prefilling in slot 2 (256 tokens/tick)
2026-10-02 20:58:46.870 INFO  sched: request 'chatcmpl-c6ea0dce8415109e' admitted to slot 2 (reserve 18 blocks; pool 72/8192 blocks in use) — first token 9854
2026-10-02 20:58:47.735 INFO  sched: request 'chatcmpl-c6ea0dce8415109a' retired (eos): 221 tok in 9.7 s — prefill 188 tok (0 cached) in 363 ms; decode 220 tok / 44 passes in 9.3 s: 23.7 tok/s, 42.3 ms/tok, 211 ms/pass, 5.00 tok/pass, accept p1 100 % p2 98 % p3 95 % p4 89 % p5 72 %
2026-10-02 20:58:47.735 INFO  sched: request 'chatcmpl-c6ea0dce8415109b' retired (eos): 151 tok in 7.0 s — prefill 146 tok (0 cached) in 355 ms; decode 150 tok / 31 passes in 6.7 s: 22.5 tok/s, 44.4 ms/tok, 215 ms/pass, 4.84 tok/pass, accept p1 100 % p2 90 % p3 83 % p4 83 % p5 89 %
2026-10-02 20:58:48.041 INFO  sched: request 'chatcmpl-c6ea0dce8415109f' starting prefill in slot 0 (219 prompt tokens)
2026-10-02 20:58:48.041 INFO  sched: request 'chatcmpl-c6ea0dce8415109f' prefix cache miss — 1 cut(s), the cache is empty
2026-10-02 20:58:48.042 INFO  sched: request 'chatcmpl-c6ea0dce8415109f' prefilling in slot 0 (256 tokens/tick)
2026-10-02 20:58:48.435 INFO  sched: request 'chatcmpl-c6ea0dce8415109f' admitted to slot 0 (reserve 18 blocks; pool 54/8192 blocks in use) — first token 9854
2026-10-02 20:58:48.592 INFO  sched: request 'chatcmpl-c6ea0dce841510a0' starting prefill in slot 3 (117 prompt tokens)
2026-10-02 20:58:48.891 INFO  sched: request 'chatcmpl-c6ea0dce841510a0' prefix cache miss — 0 cut(s), the cache is empty
2026-10-02 20:58:48.891 INFO  sched: request 'chatcmpl-c6ea0dce841510a0' admitted to slot 3 (reserve 17 blocks; pool 71/8192 blocks in use) — first token 9854
2026-10-02 20:58:51.938 INFO  sched: request 'chatcmpl-c6ea0dce8415109e' retired (eos): 124 tok in 5.5 s — prefill 244 tok (0 cached) in 415 ms; decode 123 tok / 25 passes in 5.1 s: 24.3 tok/s, 41.2 ms/tok, 203 ms/pass, 4.92 tok/pass, accept p1 100 % p2 96 % p3 96 % p4 86 % p5 73 %
2026-10-02 20:58:52.318 INFO  stats: rank 0 | 10.0 s | decode 88.6 tok/s, 9.4 ms/tok, 174.3 ms/step (48 steps / 890 tok, 83 % of wall) | mtp 4.92 tok/step/req, accept p1 98 % p2 92 % p3 88 % p4 83 % p5 83 % | prefill 4 prompts / 778 tok, 77 tok/s, 1.92 ms/tok, 373 ms avg (15 % of wall), 0 tok cached (0/4 hits) | live 3, queued 0 | pool 53/8192 blocks (1 %) | prefix cache 0/780 entries | requests +5 (shed 0, cancelled 0)
2026-10-02 20:58:52.333 INFO  sched: request 'chatcmpl-c6ea0dce841510a1' starting prefill in slot 2 (175 prompt tokens)
2026-10-02 20:58:52.333 INFO  sched: request 'chatcmpl-c6ea0dce841510a1' prefix cache miss — 1 cut(s), the cache is empty
2026-10-02 20:58:52.334 INFO  sched: request 'chatcmpl-c6ea0dce841510a1' prefilling in slot 2 (256 tokens/tick)
2026-10-02 20:58:52.680 INFO  sched: request 'chatcmpl-c6ea0dce841510a1' admitted to slot 2 (reserve 18 blocks; pool 71/8192 blocks in use) — first token 9854
2026-10-02 20:58:53.766 INFO  sched: request 'chatcmpl-c6ea0dce841510a0' retired (eos): 132 tok in 5.2 s — prefill 117 tok (0 cached) in 298 ms; decode 131 tok / 25 passes in 4.9 s: 26.9 tok/s, 37.2 ms/tok, 195 ms/pass, 5.24 tok/pass, accept p1 100 % p2 100 % p3 96 % p4 95 % p5 100 %
2026-10-02 20:58:54.096 INFO  sched: request 'chatcmpl-c6ea0dce8415109d' retired (eos): 184 tok in 8.8 s — prefill 198 tok (0 cached) in 385 ms; decode 183 tok / 40 passes in 8.4 s: 21.7 tok/s, 46.0 ms/tok, 210 ms/pass, 4.58 tok/pass, accept p1 95 % p2 82 % p3 79 % p4 78 % p5 90 %
2026-10-02 20:58:54.096 INFO  sched: request 'chatcmpl-c6ea0dce841510a2' starting prefill in slot 1 (261 prompt tokens)
2026-10-02 20:58:54.096 INFO  sched: request 'chatcmpl-c6ea0dce841510a2' prefix cache miss — 1 cut(s), the cache is empty
2026-10-02 20:58:54.097 INFO  sched: request 'chatcmpl-c6ea0dce841510a2' prefilling in slot 1 (256 tokens/tick)
2026-10-02 20:58:54.643 INFO  sched: request 'chatcmpl-c6ea0dce841510a3' starting prefill in slot 3 (306 prompt tokens)
2026-10-02 20:58:54.643 INFO  sched: request 'chatcmpl-c6ea0dce841510a3' prefix cache miss — 1 cut(s), the cache is empty
2026-10-02 20:58:54.643 INFO  sched: request 'chatcmpl-c6ea0dce841510a3' prefilling in slot 3 (256 tokens/tick)
2026-10-02 20:58:55.174 INFO  sched: request 'chatcmpl-c6ea0dce841510a2' admitted to slot 1 (reserve 19 blocks; pool 74/8192 blocks in use) — first token 9854
2026-10-02 20:58:55.174 INFO  sched: request 'chatcmpl-c6ea0dce841510a3' admitted to slot 3 (reserve 19 blocks; pool 74/8192 blocks in use) — first token 9854
2026-10-02 20:58:56.726 INFO  sched: request 'chatcmpl-c6ea0dce841510a2' retired (eos): 29 tok in 2.6 s — prefill 261 tok (0 cached) in 951 ms; decode 28 tok / 9 passes in 1.7 s: 16.7 tok/s, 60.0 ms/tok, 187 ms/pass, 3.11 tok/pass, accept p1 78 % p2 67 % p3 43 % p4 43 % p5 25 %
2026-10-02 20:58:57.101 INFO  sched: request 'chatcmpl-c6ea0dce841510a4' starting prefill in slot 1 (167 prompt tokens)
2026-10-02 20:58:57.101 INFO  sched: request 'chatcmpl-c6ea0dce841510a4' prefix cache miss — 1 cut(s), the cache is empty
2026-10-02 20:58:57.101 INFO  sched: request 'chatcmpl-c6ea0dce841510a4' prefilling in slot 1 (256 tokens/tick)
2026-10-02 20:58:57.447 INFO  sched: request 'chatcmpl-c6ea0dce841510a4' admitted to slot 1 (reserve 18 blocks; pool 73/8192 blocks in use) — first token 9854
2026-10-02 20:58:59.477 INFO  sched: request 'chatcmpl-c6ea0dce8415109f' retired (eos): 253 tok in 11.4 s — prefill 219 tok (0 cached) in 394 ms; decode 252 tok / 51 passes in 11.0 s: 22.8 tok/s, 43.8 ms/tok, 217 ms/pass, 4.94 tok/pass, accept p1 98 % p2 96 % p3 90 % p4 84 % p5 85 %
2026-10-02 20:58:59.677 INFO  sched: request 'chatcmpl-c6ea0dce841510a3' retired (eos): 113 tok in 5.0 s — prefill 306 tok (0 cached) in 531 ms; decode 112 tok / 23 passes in 4.5 s: 24.9 tok/s, 40.2 ms/tok, 196 ms/pass, 4.87 tok/pass, accept p1 100 % p2 91 % p3 90 % p4 90 % p5 67 %
2026-10-02 20:58:59.792 INFO  sched: request 'chatcmpl-c6ea0dce841510a5' starting prefill in slot 0 (99 prompt tokens)
2026-10-02 20:59:00.077 INFO  sched: request 'chatcmpl-c6ea0dce841510a5' prefix cache miss — 0 cut(s), the cache is empty
2026-10-02 20:59:00.077 INFO  sched: request 'chatcmpl-c6ea0dce841510a5' admitted to slot 0 (reserve 17 blocks; pool 53/8192 blocks in use) — first token 9854
2026-10-02 20:59:00.238 INFO  sched: request 'chatcmpl-c6ea0dce841510a6' starting prefill in slot 3 (136 prompt tokens)
2026-10-02 20:59:00.238 INFO  sched: request 'chatcmpl-c6ea0dce841510a6' prefix cache miss — 1 cut(s), the cache is empty
2026-10-02 20:59:00.238 INFO  sched: request 'chatcmpl-c6ea0dce841510a6' prefilling in slot 3 (256 tokens/tick)
2026-10-02 20:59:00.566 INFO  sched: request 'chatcmpl-c6ea0dce841510a6' admitted to slot 3 (reserve 18 blocks; pool 71/8192 blocks in use) — first token 9854
2026-10-02 20:59:01.362 INFO  sched: request 'chatcmpl-c6ea0dce841510a1' retired (eos): 195 tok in 9.0 s — prefill 175 tok (0 cached) in 347 ms; decode 194 tok / 38 passes in 8.7 s: 22.3 tok/s, 44.8 ms/tok, 228 ms/pass, 5.11 tok/pass, accept p1 97 % p2 95 % p3 94 % p4 91 % p5 91 %
2026-10-02 20:59:01.747 INFO  sched: request 'chatcmpl-c6ea0dce841510a7' starting prefill in slot 2 (144 prompt tokens)
2026-10-02 20:59:01.747 INFO  sched: request 'chatcmpl-c6ea0dce841510a7' prefix cache miss — 1 cut(s), the cache is empty
2026-10-02 20:59:01.748 INFO  sched: request 'chatcmpl-c6ea0dce841510a7' prefilling in slot 2 (256 tokens/tick)
2026-10-02 20:59:02.087 INFO  sched: request 'chatcmpl-c6ea0dce841510a7' admitted to slot 2 (reserve 18 blocks; pool 71/8192 blocks in use) — first token 9854
2026-10-02 20:59:02.457 INFO  stats: rank 0 | 10.1 s | decode 77.2 tok/s, 9.3 ms/tok, 174.0 ms/step (42 steps / 783 tok, 72 % of wall) | mtp 5.02 tok/step/req, accept p1 97 % p2 94 % p3 90 % p4 84 % p5 78 % | prefill 7 prompts / 1288 tok, 127 tok/s, 2.02 ms/tok, 371 ms avg (26 % of wall), 0 tok cached (0/7 hits) | live 4, queued 0 | pool 71/8192 blocks (1 %) | prefix cache 0/780 entries | requests +6 (shed 0, cancelled 0)
2026-10-02 20:59:05.107 INFO  sched: request 'chatcmpl-c6ea0dce841510a4' retired (eos): 181 tok in 8.0 s — prefill 167 tok (0 cached) in 346 ms; decode 180 tok / 36 passes in 7.7 s: 23.5 tok/s, 42.6 ms/tok, 213 ms/pass, 5.00 tok/pass, accept p1 100 % p2 94 % p3 86 % p4 76 % p5 66 %
2026-10-02 20:59:05.108 INFO  sched: request 'chatcmpl-c6ea0dce841510a5' retired (eos): 133 tok in 5.3 s — prefill 99 tok (0 cached) in 285 ms; decode 132 tok / 23 passes in 5.0 s: 26.2 tok/s, 38.1 ms/tok, 219 ms/pass, 5.74 tok/pass, accept p1 100 % p2 100 % p3 100 % p4 100 % p5 91 %
2026-10-02 20:59:05.486 INFO  sched: request 'chatcmpl-c6ea0dce841510a8' starting prefill in slot 0 (152 prompt tokens)
2026-10-02 20:59:05.486 INFO  sched: request 'chatcmpl-c6ea0dce841510a8' prefix cache miss — 1 cut(s), the cache is empty
2026-10-02 20:59:05.486 INFO  sched: request 'chatcmpl-c6ea0dce841510a8' prefilling in slot 0 (256 tokens/tick)
2026-10-02 20:59:05.486 INFO  sched: request 'chatcmpl-c6ea0dce841510a9' starting prefill in slot 1 (308 prompt tokens)
2026-10-02 20:59:05.486 INFO  sched: request 'chatcmpl-c6ea0dce841510a9' prefix cache miss — 1 cut(s), the cache is empty
2026-10-02 20:59:05.486 INFO  sched: request 'chatcmpl-c6ea0dce841510a9' prefilling in slot 1 (256 tokens/tick)
2026-10-02 20:59:06.086 INFO  sched: request 'chatcmpl-c6ea0dce841510a9' admitted to slot 1 (reserve 19 blocks; pool 73/8192 blocks in use) — first token 9854
2026-10-02 20:59:06.454 INFO  sched: request 'chatcmpl-c6ea0dce841510a8' admitted to slot 0 (reserve 18 blocks; pool 73/8192 blocks in use) — first token 9854
2026-10-02 20:59:07.365 INFO  sched: request 'chatcmpl-c6ea0dce841510a9' retired (eos): 33 tok in 1.9 s — prefill 308 tok (0 cached) in 600 ms; decode 32 tok / 6 passes in 1.3 s: 25.0 tok/s, 40.0 ms/tok, 213 ms/pass, 5.33 tok/pass, accept p1 100 % p2 100 % p3 100 % p4 100 % p5 100 %
2026-10-02 20:59:07.570 INFO  sched: request 'chatcmpl-c6ea0dce841510a7' retired (eos): 143 tok in 5.8 s — prefill 144 tok (0 cached) in 340 ms; decode 142 tok / 25 passes in 5.5 s: 25.9 tok/s, 38.6 ms/tok, 219 ms/pass, 5.68 tok/pass, accept p1 100 % p2 100 % p3 100 % p4 100 % p5 95 %
2026-10-02 20:59:07.764 INFO  sched: request 'chatcmpl-c6ea0dce841510aa' starting prefill in slot 1 (238 prompt tokens)
2026-10-02 20:59:07.764 INFO  sched: request 'chatcmpl-c6ea0dce841510aa' prefix cache miss — 1 cut(s), the cache is empty
2026-10-02 20:59:07.764 INFO  sched: request 'chatcmpl-c6ea0dce841510aa' prefilling in slot 1 (256 tokens/tick)
2026-10-02 20:59:08.168 INFO  sched: request 'chatcmpl-c6ea0dce841510aa' admitted to slot 1 (reserve 18 blocks; pool 54/8192 blocks in use) — first token 9854
2026-10-02 20:59:08.370 INFO  sched: request 'chatcmpl-c6ea0dce841510ab' starting prefill in slot 2 (138 prompt tokens)
2026-10-02 20:59:08.370 INFO  sched: request 'chatcmpl-c6ea0dce841510ab' prefix cache miss — 1 cut(s), the cache is empty
2026-10-02 20:59:08.370 INFO  sched: request 'chatcmpl-c6ea0dce841510ab' prefilling in slot 2 (256 tokens/tick)
2026-10-02 20:59:08.702 INFO  sched: request 'chatcmpl-c6ea0dce841510ab' admitted to slot 2 (reserve 18 blocks; pool 72/8192 blocks in use) — first token 9854
2026-10-02 20:59:10.453 INFO  sched: request 'chatcmpl-c6ea0dce841510ab' retired (eos): 49 tok in 2.1 s — prefill 138 tok (0 cached) in 332 ms; decode 48 tok / 10 passes in 1.8 s: 27.4 tok/s, 36.5 ms/tok, 175 ms/pass, 4.80 tok/pass, accept p1 100 % p2 90 % p3 100 % p4 88 % p5 71 %
2026-10-02 20:59:10.584 INFO  sched: request 'chatcmpl-c6ea0dce841510a6' retired (eos): 243 tok in 10.3 s — prefill 136 tok (0 cached) in 328 ms; decode 242 tok / 44 passes in 10.0 s: 24.2 tok/s, 41.4 ms/tok, 228 ms/pass, 5.50 tok/pass, accept p1 100 % p2 98 % p3 98 % p4 97 % p5 95 %
2026-10-02 20:59:10.825 INFO  sched: request 'chatcmpl-c6ea0dce841510ad' starting prefill in slot 2 (139 prompt tokens)
2026-10-02 20:59:10.825 INFO  sched: request 'chatcmpl-c6ea0dce841510ad' prefix cache miss — 1 cut(s), the cache is empty
2026-10-02 20:59:10.826 INFO  sched: request 'chatcmpl-c6ea0dce841510ad' prefilling in slot 2 (256 tokens/tick)
2026-10-02 20:59:11.153 INFO  sched: request 'chatcmpl-c6ea0dce841510ad' admitted to slot 2 (reserve 18 blocks; pool 54/8192 blocks in use) — first token 9854
2026-10-02 20:59:11.314 INFO  sched: request 'chatcmpl-c6ea0dce841510ac' starting prefill in slot 3 (109 prompt tokens)
2026-10-02 20:59:11.614 INFO  sched: request 'chatcmpl-c6ea0dce841510ac' prefix cache miss — 0 cut(s), the cache is empty
2026-10-02 20:59:11.614 INFO  sched: request 'chatcmpl-c6ea0dce841510ac' admitted to slot 3 (reserve 17 blocks; pool 71/8192 blocks in use) — first token 9854
2026-10-02 20:59:12.478 INFO  stats: rank 0 | 10.0 s | decode 85.6 tok/s, 8.9 ms/tok, 174.4 ms/step (44 steps / 858 tok, 77 % of wall) | mtp 5.33 tok/step/req, accept p1 99 % p2 96 % p3 97 % p4 96 % p5 90 % | prefill 6 prompts / 1084 tok, 108 tok/s, 1.98 ms/tok, 358 ms avg (21 % of wall), 0 tok cached (0/6 hits) | live 4, queued 0 | pool 71/8192 blocks (1 %) | prefix cache 0/780 entries | requests +6 (shed 0, cancelled 0)
2026-10-02 20:59:13.076 INFO  sched: request 'chatcmpl-c6ea0dce841510aa' retired (eos): 118 tok in 5.3 s — prefill 238 tok (0 cached) in 405 ms; decode 117 tok / 23 passes in 4.9 s: 23.8 tok/s, 41.9 ms/tok, 213 ms/pass, 5.09 tok/pass, accept p1 100 % p2 96 % p3 95 % p4 94 % p5 76 %
2026-10-02 20:59:14.206 INFO  sched: request 'chatcmpl-c6ea0dce841510a8' retired (eos): 191 tok in 8.7 s — prefill 152 tok (0 cached) in 780 ms; decode 190 tok / 36 passes in 7.9 s: 23.9 tok/s, 41.8 ms/tok, 221 ms/pass, 5.28 tok/pass, accept p1 97 % p2 97 % p3 94 % p4 93 % p5 93 %
2026-10-02 20:59:15.043 INFO  sched: request 'chatcmpl-c6ea0dce841510ac' retired (eos): 106 tok in 3.7 s — prefill 109 tok (0 cached) in 301 ms; decode 105 tok / 19 passes in 3.4 s: 30.6 tok/s, 32.7 ms/tok, 180 ms/pass, 5.53 tok/pass, accept p1 100 % p2 100 % p3 100 % p4 94 % p5 94 %
2026-10-02 20:59:15.591 INFO  sched: request 'chatcmpl-c6ea0dce841510ad' retired (eos): 147 tok in 4.8 s — prefill 139 tok (0 cached) in 328 ms; decode 146 tok / 28 passes in 4.4 s: 32.9 tok/s, 30.4 ms/tok, 159 ms/pass, 5.21 tok/pass, accept p1 96 % p2 96 % p3 93 % p4 91 % p5 87 %
2026-10-02 20:59:15.749 INFO  sched: request 'chatcmpl-c6ea0dce841510ae' starting prefill in slot 0 (52 prompt tokens)
2026-10-02 20:59:15.749 INFO  sched: request 'chatcmpl-c6ea0dce841510af' starting prefill in slot 1 (60 prompt tokens)
2026-10-02 20:59:15.749 INFO  sched: request 'chatcmpl-c6ea0dce841510b0' starting prefill in slot 2 (75 prompt tokens)
2026-10-02 20:59:15.749 INFO  sched: request 'chatcmpl-c6ea0dce841510b1' starting prefill in slot 3 (90 prompt tokens)
2026-10-02 20:59:16.325 INFO  sched: request 'chatcmpl-c6ea0dce841510ae' prefix cache miss — 0 cut(s), the cache is empty
2026-10-02 20:59:16.325 INFO  sched: request 'chatcmpl-c6ea0dce841510ae' admitted to slot 0 (reserve 17 blocks; pool 20/8192 blocks in use) — first token 2581
2026-10-02 20:59:16.325 INFO  sched: request 'chatcmpl-c6ea0dce841510af' prefix cache miss — 0 cut(s), the cache is empty
2026-10-02 20:59:16.325 INFO  sched: request 'chatcmpl-c6ea0dce841510af' admitted to slot 1 (reserve 17 blocks; pool 36/8192 blocks in use) — first token 10318
2026-10-02 20:59:16.325 INFO  sched: request 'chatcmpl-c6ea0dce841510b0' prefix cache miss — 0 cut(s), the cache is empty
2026-10-02 20:59:16.325 INFO  sched: request 'chatcmpl-c6ea0dce841510b0' admitted to slot 2 (reserve 17 blocks; pool 52/8192 blocks in use) — first token 2581
2026-10-02 20:59:16.325 INFO  sched: request 'chatcmpl-c6ea0dce841510b1' prefix cache miss — 0 cut(s), the cache is empty
2026-10-02 20:59:16.325 INFO  sched: request 'chatcmpl-c6ea0dce841510b1' admitted to slot 3 (reserve 17 blocks; pool 68/8192 blocks in use) — first token 2581
2026-10-02 20:59:16.325 INFO  sched: 4 requests admitted together in one prefill (575 ms)
2026-10-02 20:59:19.047 INFO  sched: request 'chatcmpl-c6ea0dce841510ae' retired (eos): 56 tok in 3.3 s — prefill 52 tok (0 cached) in 575 ms; decode 55 tok / 23 passes in 2.7 s: 20.2 tok/s, 49.5 ms/tok, 118 ms/pass, 2.39 tok/pass, accept p1 83 % p2 62 % p3 50 % p4 100 % p5 100 %
2026-10-02 20:59:19.173 INFO  sched: request 'chatcmpl-c6ea0dce841510b2' starting prefill in slot 0 (133 prompt tokens)
2026-10-02 20:59:19.173 INFO  sched: request 'chatcmpl-c6ea0dce841510b2' prefix cache miss — 1 cut(s), the cache is empty
2026-10-02 20:59:19.173 INFO  sched: request 'chatcmpl-c6ea0dce841510b2' prefilling in slot 0 (256 tokens/tick)
2026-10-02 20:59:19.491 INFO  sched: request 'chatcmpl-c6ea0dce841510b2' admitted to slot 0 (reserve 18 blocks; pool 69/8192 blocks in use) — first token 5718
2026-10-02 20:59:20.147 INFO  sched: request 'chatcmpl-c6ea0dce841510af' retired (eos): 76 tok in 4.4 s — prefill 60 tok (0 cached) in 575 ms; decode 75 tok / 29 passes in 3.8 s: 19.6 tok/s, 51.0 ms/tok, 132 ms/pass, 2.59 tok/pass, accept p1 90 % p2 78 % p3 75 % p4 33 % p5 0 %
2026-10-02 20:59:20.273 INFO  sched: request 'chatcmpl-c6ea0dce841510b3' starting prefill in slot 1 (80 prompt tokens)
2026-10-02 20:59:20.550 INFO  sched: request 'chatcmpl-c6ea0dce841510b3' prefix cache miss — 0 cut(s), the cache is empty
2026-10-02 20:59:20.550 INFO  sched: request 'chatcmpl-c6ea0dce841510b3' admitted to slot 1 (reserve 17 blocks; pool 69/8192 blocks in use) — first token 5718
2026-10-02 20:59:20.721 INFO  sched: request 'chatcmpl-c6ea0dce841510b1' retired (eos): 85 tok in 5.0 s — prefill 90 tok (0 cached) in 575 ms; decode 84 tok / 31 passes in 4.4 s: 19.1 tok/s, 52.3 ms/tok, 142 ms/pass, 2.71 tok/pass, accept p1 87 % p2 85 % p3 67 % p4 75 % p5 100 %
2026-10-02 20:59:20.823 INFO  sched: request 'chatcmpl-c6ea0dce841510b4' starting prefill in slot 3 (67 prompt tokens)
2026-10-02 20:59:21.072 INFO  sched: request 'chatcmpl-c6ea0dce841510b4' prefix cache miss — 0 cut(s), the cache is empty
2026-10-02 20:59:21.073 INFO  sched: request 'chatcmpl-c6ea0dce841510b4' admitted to slot 3 (reserve 17 blocks; pool 69/8192 blocks in use) — first token 5718
2026-10-02 20:59:22.488 INFO  stats: rank 0 | 10.0 s | decode 73.5 tok/s, 11.2 ms/tok, 126.9 ms/step (65 steps / 736 tok, 82 % of wall) | mtp 3.39 tok/step/req, accept p1 90 % p2 86 % p3 82 % p4 85 % p5 83 % | prefill 7 prompts / 557 tok, 56 tok/s, 2.55 ms/tok, 203 ms avg (14 % of wall), 0 tok cached (0/7 hits) | live 4, queued 0 | pool 69/8192 blocks (1 %) | prefix cache 0/780 entries | requests +7 (shed 0, cancelled 0)
2026-10-02 20:59:23.570 INFO  sched: request 'chatcmpl-c6ea0dce841510b0' retired (eos): 153 tok in 7.8 s — prefill 75 tok (0 cached) in 575 ms; decode 152 tok / 50 passes in 7.2 s: 21.0 tok/s, 47.7 ms/tok, 145 ms/pass, 3.04 tok/pass, accept p1 88 % p2 86 % p3 89 % p4 90 % p5 67 %
2026-10-02 20:59:23.739 INFO  sched: request 'chatcmpl-c6ea0dce841510b5' starting prefill in slot 2 (91 prompt tokens)
2026-10-02 20:59:24.017 INFO  sched: request 'chatcmpl-c6ea0dce841510b5' prefix cache miss — 0 cut(s), the cache is empty
2026-10-02 20:59:24.017 INFO  sched: request 'chatcmpl-c6ea0dce841510b5' admitted to slot 2 (reserve 17 blocks; pool 69/8192 blocks in use) — first token 2581
2026-10-02 20:59:25.128 INFO  sched: request 'chatcmpl-c6ea0dce841510b2' retired (eos): 117 tok in 6.0 s — prefill 133 tok (0 cached) in 319 ms; decode 116 tok / 35 passes in 5.6 s: 20.6 tok/s, 48.6 ms/tok, 161 ms/pass, 3.31 tok/pass, accept p1 91 % p2 86 % p3 71 % p4 83 % p5 100 %
2026-10-02 20:59:25.129 INFO  sched: request 'chatcmpl-c6ea0dce841510b4' retired (eos): 97 tok in 4.3 s — prefill 67 tok (0 cached) in 250 ms; decode 96 tok / 27 passes in 4.1 s: 23.7 tok/s, 42.3 ms/tok, 150 ms/pass, 3.56 tok/pass, accept p1 96 % p2 95 % p3 86 % p4 80 % p5 100 %
2026-10-02 20:59:25.253 INFO  sched: request 'chatcmpl-c6ea0dce841510b6' starting prefill in slot 0 (82 prompt tokens)
2026-10-02 20:59:25.253 INFO  sched: request 'chatcmpl-c6ea0dce841510b7' starting prefill in slot 3 (127 prompt tokens)
2026-10-02 20:59:25.688 INFO  sched: request 'chatcmpl-c6ea0dce841510b6' prefix cache miss — 0 cut(s), the cache is empty
2026-10-02 20:59:25.688 INFO  sched: request 'chatcmpl-c6ea0dce841510b6' admitted to slot 0 (reserve 17 blocks; pool 52/8192 blocks in use) — first token 5718
2026-10-02 20:59:25.688 INFO  sched: request 'chatcmpl-c6ea0dce841510b7' prefix cache miss — 0 cut(s), the cache is empty
2026-10-02 20:59:25.688 INFO  sched: request 'chatcmpl-c6ea0dce841510b7' admitted to slot 3 (reserve 17 blocks; pool 69/8192 blocks in use) — first token 5718
2026-10-02 20:59:25.688 INFO  sched: 2 requests admitted together in one prefill (435 ms)
2026-10-02 20:59:28.812 INFO  sched: request 'chatcmpl-c6ea0dce841510b3' retired (eos): 171 tok in 8.5 s — prefill 80 tok (0 cached) in 277 ms; decode 170 tok / 55 passes in 8.3 s: 20.6 tok/s, 48.6 ms/tok, 150 ms/pass, 3.09 tok/pass, accept p1 91 % p2 86 % p3 74 % p4 67 % p5 33 %
2026-10-02 20:59:28.941 INFO  sched: request 'chatcmpl-c6ea0dce841510b8' starting prefill in slot 1 (84 prompt tokens)
2026-10-02 20:59:29.211 INFO  sched: request 'chatcmpl-c6ea0dce841510b8' prefix cache miss — 0 cut(s), the cache is empty
2026-10-02 20:59:29.211 INFO  sched: request 'chatcmpl-c6ea0dce841510b8' admitted to slot 1 (reserve 17 blocks; pool 69/8192 blocks in use) — first token 5718
2026-10-02 20:59:32.256 INFO  sched: request 'chatcmpl-c6ea0dce841510b6' retired (eos): 150 tok in 7.0 s — prefill 82 tok (0 cached) in 435 ms; decode 149 tok / 48 passes in 6.6 s: 22.7 tok/s, 44.1 ms/tok, 137 ms/pass, 3.10 tok/pass, accept p1 92 % p2 88 % p3 82 % p4 75 % p5 100 %
2026-10-02 20:59:32.451 INFO  sched: request 'chatcmpl-c6ea0dce841510b9' starting prefill in slot 0 (88 prompt tokens)
2026-10-02 20:59:32.725 INFO  sched: request 'chatcmpl-c6ea0dce841510b9' prefix cache miss — 0 cut(s), the cache is empty
2026-10-02 20:59:32.725 INFO  sched: request 'chatcmpl-c6ea0dce841510b9' admitted to slot 0 (reserve 17 blocks; pool 69/8192 blocks in use) — first token 5718
2026-10-02 20:59:32.878 INFO  stats: rank 0 | 10.4 s | decode 81.7 tok/s, 10.6 ms/tok, 133.7 ms/step (67 steps / 849 tok, 86 % of wall) | mtp 3.23 tok/step/req, accept p1 92 % p2 84 % p3 78 % p4 74 % p5 74 % | prefill 5 prompts / 472 tok, 45 tok/s, 2.66 ms/tok, 251 ms avg (12 % of wall), 0 tok cached (0/5 hits) | live 4, queued 0 | pool 69/8192 blocks (1 %) | prefix cache 0/780 entries | requests +5 (shed 0, cancelled 0)
2026-10-02 20:59:33.550 INFO  sched: request 'chatcmpl-c6ea0dce841510b5' retired (eos): 206 tok in 9.8 s — prefill 91 tok (0 cached) in 278 ms; decode 205 tok / 64 passes in 9.5 s: 21.5 tok/s, 46.5 ms/tok, 149 ms/pass, 3.20 tok/pass, accept p1 97 % p2 84 % p3 76 % p4 85 % p5 75 %
2026-10-02 20:59:33.651 INFO  sched: request 'chatcmpl-c6ea0dce841510ba' starting prefill in slot 2 (93 prompt tokens)
2026-10-02 20:59:33.928 INFO  sched: request 'chatcmpl-c6ea0dce841510ba' prefix cache miss — 0 cut(s), the cache is empty
2026-10-02 20:59:33.928 INFO  sched: request 'chatcmpl-c6ea0dce841510ba' admitted to slot 2 (reserve 17 blocks; pool 69/8192 blocks in use) — first token 2581
2026-10-02 20:59:34.920 INFO  sched: request 'chatcmpl-c6ea0dce841510b8' retired (eos): 118 tok in 6.0 s — prefill 84 tok (0 cached) in 270 ms; decode 117 tok / 38 passes in 5.7 s: 20.5 tok/s, 48.8 ms/tok, 150 ms/pass, 3.08 tok/pass, accept p1 92 % p2 76 % p3 67 % p4 71 % p5 75 %
2026-10-02 20:59:35.044 INFO  sched: request 'chatcmpl-c6ea0dce841510bb' starting prefill in slot 1 (84 prompt tokens)
2026-10-02 20:59:35.321 INFO  sched: request 'chatcmpl-c6ea0dce841510bb' prefix cache miss — 0 cut(s), the cache is empty
2026-10-02 20:59:35.321 INFO  sched: request 'chatcmpl-c6ea0dce841510bb' admitted to slot 1 (reserve 17 blocks; pool 69/8192 blocks in use) — first token 5718
2026-10-02 20:59:39.313 INFO  sched: request 'chatcmpl-c6ea0dce841510b9' retired (eos): 153 tok in 6.9 s — prefill 88 tok (0 cached) in 274 ms; decode 152 tok / 42 passes in 6.6 s: 23.1 tok/s, 43.3 ms/tok, 157 ms/pass, 3.62 tok/pass, accept p1 98 % p2 86 % p3 86 % p4 87 % p5 100 %
2026-10-02 20:59:39.491 INFO  sched: request 'chatcmpl-c6ea0dce841510bc' starting prefill in slot 0 (75 prompt tokens)
2026-10-02 20:59:39.746 INFO  sched: request 'chatcmpl-c6ea0dce841510bc' prefix cache miss — 0 cut(s), the cache is empty
2026-10-02 20:59:39.746 INFO  sched: request 'chatcmpl-c6ea0dce841510bc' admitted to slot 0 (reserve 17 blocks; pool 69/8192 blocks in use) — first token 5718
2026-10-02 20:59:40.839 INFO  sched: request 'chatcmpl-c6ea0dce841510b7' retired (eos): 317 tok in 15.6 s — prefill 127 tok (0 cached) in 435 ms; decode 316 tok / 100 passes in 15.2 s: 20.9 tok/s, 47.9 ms/tok, 152 ms/pass, 3.16 tok/pass, accept p1 89 % p2 77 % p3 80 % p4 68 % p5 70 %
2026-10-02 20:59:40.922 INFO  sched: request 'chatcmpl-c6ea0dce841510bd' starting prefill in slot 3 (116 prompt tokens)
2026-10-02 20:59:41.224 INFO  sched: request 'chatcmpl-c6ea0dce841510bd' prefix cache miss — 0 cut(s), the cache is empty
2026-10-02 20:59:41.224 INFO  sched: request 'chatcmpl-c6ea0dce841510bd' admitted to slot 3 (reserve 17 blocks; pool 68/8192 blocks in use) — first token 2581
2026-10-02 20:59:42.957 INFO  stats: rank 0 | 10.1 s | decode 83.2 tok/s, 10.5 ms/tok, 137.1 ms/step (64 steps / 839 tok, 87 % of wall) | mtp 3.33 tok/step/req, accept p1 90 % p2 82 % p3 79 % p4 84 % p5 75 % | prefill 4 prompts / 368 tok, 37 tok/s, 3.02 ms/tok, 278 ms avg (11 % of wall), 0 tok cached (0/4 hits) | live 4, queued 0 | pool 68/8192 blocks (1 %) | prefix cache 0/780 entries | requests +4 (shed 0, cancelled 0)
2026-10-02 20:59:44.936 INFO  sched: request 'chatcmpl-c6ea0dce841510ba' retired (eos): 216 tok in 11.3 s — prefill 93 tok (0 cached) in 277 ms; decode 215 tok / 71 passes in 11.0 s: 19.5 tok/s, 51.2 ms/tok, 155 ms/pass, 3.03 tok/pass, accept p1 80 % p2 71 % p3 59 % p4 71 % p5 50 %
2026-10-02 20:59:45.110 INFO  sched: request 'chatcmpl-c6ea0dce841510be' starting prefill in slot 2 (75 prompt tokens)
2026-10-02 20:59:45.367 INFO  sched: request 'chatcmpl-c6ea0dce841510be' prefix cache miss — 0 cut(s), the cache is empty
2026-10-02 20:59:45.367 INFO  sched: request 'chatcmpl-c6ea0dce841510be' admitted to slot 2 (reserve 17 blocks; pool 68/8192 blocks in use) — first token 2581
2026-10-02 20:59:46.019 INFO  sched: request 'chatcmpl-c6ea0dce841510bc' retired (eos): 137 tok in 6.5 s — prefill 75 tok (0 cached) in 255 ms; decode 136 tok / 41 passes in 6.3 s: 21.7 tok/s, 46.1 ms/tok, 153 ms/pass, 3.32 tok/pass, accept p1 90 % p2 86 % p3 78 % p4 86 % p5 100 %
2026-10-02 20:59:46.167 INFO  sched: request 'chatcmpl-c6ea0dce841510bf' starting prefill in slot 0 (79 prompt tokens)
2026-10-02 20:59:46.429 INFO  sched: request 'chatcmpl-c6ea0dce841510bf' prefix cache miss — 0 cut(s), the cache is empty
2026-10-02 20:59:46.429 INFO  sched: request 'chatcmpl-c6ea0dce841510bf' admitted to slot 0 (reserve 17 blocks; pool 68/8192 blocks in use) — first token 10318
2026-10-02 20:59:47.546 INFO  sched: request 'chatcmpl-c6ea0dce841510bd' retired (eos): 141 tok in 6.6 s — prefill 116 tok (0 cached) in 302 ms; decode 140 tok / 42 passes in 6.3 s: 22.1 tok/s, 45.2 ms/tok, 151 ms/pass, 3.33 tok/pass, accept p1 93 % p2 89 % p3 86 % p4 100 % p5 100 %
2026-10-02 20:59:47.681 INFO  sched: request 'chatcmpl-c6ea0dce841510c0' starting prefill in slot 3 (54 prompt tokens)
2026-10-02 20:59:47.907 INFO  sched: request 'chatcmpl-c6ea0dce841510c0' prefix cache miss — 0 cut(s), the cache is empty
2026-10-02 20:59:47.907 INFO  sched: request 'chatcmpl-c6ea0dce841510c0' admitted to slot 3 (reserve 17 blocks; pool 68/8192 blocks in use) — first token 2581
2026-10-02 20:59:49.301 INFO  sched: request 'chatcmpl-c6ea0dce841510be' retired (eos): 68 tok in 4.2 s — prefill 75 tok (0 cached) in 257 ms; decode 67 tok / 26 passes in 3.9 s: 17.0 tok/s, 58.7 ms/tok, 151 ms/pass, 2.58 tok/pass, accept p1 77 % p2 64 % p3 45 % p4 100 %
2026-10-02 20:59:49.449 INFO  sched: request 'chatcmpl-c6ea0dce841510c1' starting prefill in slot 2 (90 prompt tokens)
2026-10-02 20:59:49.722 INFO  sched: request 'chatcmpl-c6ea0dce841510c1' prefix cache miss — 0 cut(s), the cache is empty
2026-10-02 20:59:49.722 INFO  sched: request 'chatcmpl-c6ea0dce841510c1' admitted to slot 2 (reserve 17 blocks; pool 68/8192 blocks in use) — first token 2581
2026-10-02 20:59:50.221 INFO  sched: request 'chatcmpl-c6ea0dce841510bb' retired (eos): 332 tok in 15.2 s — prefill 84 tok (0 cached) in 277 ms; decode 331 tok / 94 passes in 14.9 s: 22.2 tok/s, 45.0 ms/tok, 159 ms/pass, 3.52 tok/pass, accept p1 95 % p2 93 % p3 87 % p4 83 % p5 67 %
2026-10-02 20:59:50.343 INFO  sched: request 'chatcmpl-c6ea0dce841510c2' starting prefill in slot 1 (86 prompt tokens)
2026-10-02 20:59:50.611 INFO  sched: request 'chatcmpl-c6ea0dce841510c2' prefix cache miss — 0 cut(s), the cache is empty
2026-10-02 20:59:50.611 INFO  sched: request 'chatcmpl-c6ea0dce841510c2' admitted to slot 1 (reserve 17 blocks; pool 68/8192 blocks in use) — first token 5718
2026-10-02 20:59:52.157 INFO  sched: request 'chatcmpl-c6ea0dce841510bf' retired (eos): 105 tok in 6.0 s — prefill 79 tok (0 cached) in 262 ms; decode 104 tok / 37 passes in 5.7 s: 18.2 tok/s, 55.1 ms/tok, 155 ms/pass, 2.81 tok/pass, accept p1 86 % p2 64 % p3 63 % p4 75 %
2026-10-02 20:59:52.334 INFO  sched: request 'chatcmpl-c6ea0dce841510c3' starting prefill in slot 0 (70 prompt tokens)
2026-10-02 20:59:52.584 INFO  sched: request 'chatcmpl-c6ea0dce841510c3' prefix cache miss — 0 cut(s), the cache is empty
2026-10-02 20:59:52.584 INFO  sched: request 'chatcmpl-c6ea0dce841510c3' admitted to slot 0 (reserve 17 blocks; pool 68/8192 blocks in use) — first token 5718
2026-10-02 20:59:52.876 INFO  sched: request 'chatcmpl-c6ea0dce841510c0' retired (eos): 86 tok in 5.2 s — prefill 54 tok (0 cached) in 226 ms; decode 85 tok / 30 passes in 5.0 s: 17.1 tok/s, 58.5 ms/tok, 166 ms/pass, 2.83 tok/pass, accept p1 83 % p2 64 % p3 61 % p4 40 %
2026-10-02 20:59:52.997 INFO  stats: rank 0 | 10.0 s | decode 74.5 tok/s, 11.0 ms/tok, 135.0 ms/step (61 steps / 748 tok, 82 % of wall) | mtp 3.16 tok/step/req, accept p1 89 % p2 77 % p3 69 % p4 73 % p5 88 % | prefill 6 prompts / 454 tok, 45 tok/s, 3.38 ms/tok, 256 ms avg (15 % of wall), 0 tok cached (0/6 hits) | live 3, queued 0 | pool 51/8192 blocks (1 %) | prefix cache 0/780 entries | requests +7 (shed 0, cancelled 0)
2026-10-02 20:59:53.009 INFO  sched: request 'chatcmpl-c6ea0dce841510c4' starting prefill in slot 3 (81 prompt tokens)
2026-10-02 20:59:53.272 INFO  sched: request 'chatcmpl-c6ea0dce841510c4' prefix cache miss — 0 cut(s), the cache is empty
2026-10-02 20:59:53.272 INFO  sched: request 'chatcmpl-c6ea0dce841510c4' admitted to slot 3 (reserve 17 blocks; pool 68/8192 blocks in use) — first token 5718
2026-10-02 20:59:57.076 INFO  sched: request 'chatcmpl-c6ea0dce841510c4' retired (eos): 92 tok in 4.1 s — prefill 81 tok (0 cached) in 263 ms; decode 91 tok / 26 passes in 3.8 s: 23.9 tok/s, 41.8 ms/tok, 146 ms/pass, 3.50 tok/pass, accept p1 92 % p2 88 % p3 78 % p4 57 % p5 50 %
2026-10-02 20:59:57.193 INFO  sched: request 'chatcmpl-c6ea0dce841510c5' starting prefill in slot 3 (62 prompt tokens)
2026-10-02 20:59:57.437 INFO  sched: request 'chatcmpl-c6ea0dce841510c5' prefix cache miss — 0 cut(s), the cache is empty
2026-10-02 20:59:57.437 INFO  sched: request 'chatcmpl-c6ea0dce841510c5' admitted to slot 3 (reserve 17 blocks; pool 68/8192 blocks in use) — first token 10318
2026-10-02 20:59:57.958 INFO  sched: request 'chatcmpl-c6ea0dce841510c3' retired (eos): 124 tok in 5.6 s — prefill 70 tok (0 cached) in 250 ms; decode 123 tok / 34 passes in 5.4 s: 22.9 tok/s, 43.7 ms/tok, 158 ms/pass, 3.62 tok/pass, accept p1 97 % p2 79 % p3 91 % p4 78 % p5 100 %
2026-10-02 20:59:58.157 INFO  sched: request 'chatcmpl-c6ea0dce841510c6' starting prefill in slot 0 (63 prompt tokens)
2026-10-02 20:59:58.394 INFO  sched: request 'chatcmpl-c6ea0dce841510c6' prefix cache miss — 0 cut(s), the cache is empty
2026-10-02 20:59:58.394 INFO  sched: request 'chatcmpl-c6ea0dce841510c6' admitted to slot 0 (reserve 17 blocks; pool 68/8192 blocks in use) — first token 5718
2026-10-02 20:59:59.972 INFO  sched: request 'chatcmpl-c6ea0dce841510c1' retired (eos): 211 tok in 10.5 s — prefill 90 tok (0 cached) in 273 ms; decode 210 tok / 63 passes in 10.2 s: 20.5 tok/s, 48.8 ms/tok, 163 ms/pass, 3.33 tok/pass, accept p1 92 % p2 77 % p3 72 % p4 60 % p5 71 %
2026-10-02 21:00:00.100 INFO  sched: request 'chatcmpl-c6ea0dce841510c7' starting prefill in slot 2 (89 prompt tokens)
2026-10-02 21:00:00.369 INFO  sched: request 'chatcmpl-c6ea0dce841510c7' prefix cache miss — 0 cut(s), the cache is empty
2026-10-02 21:00:00.369 INFO  sched: request 'chatcmpl-c6ea0dce841510c7' admitted to slot 2 (reserve 17 blocks; pool 68/8192 blocks in use) — first token 5718
2026-10-02 21:00:00.956 INFO  sched: request 'chatcmpl-c6ea0dce841510c5' retired (eos): 70 tok in 3.8 s — prefill 62 tok (0 cached) in 243 ms; decode 69 tok / 21 passes in 3.5 s: 19.6 tok/s, 51.0 ms/tok, 168 ms/pass, 3.29 tok/pass, accept p1 100 % p2 76 % p3 50 % p4 80 % p5 75 %
2026-10-02 21:00:01.108 INFO  sched: request 'chatcmpl-c6ea0dce841510c8' starting prefill in slot 3 (90 prompt tokens)
2026-10-02 21:00:01.376 INFO  sched: request 'chatcmpl-c6ea0dce841510c8' prefix cache miss — 0 cut(s), the cache is empty
2026-10-02 21:00:01.376 INFO  sched: request 'chatcmpl-c6ea0dce841510c8' admitted to slot 3 (reserve 17 blocks; pool 68/8192 blocks in use) — first token 10318
2026-10-02 21:00:02.638 INFO  sched: request 'chatcmpl-c6ea0dce841510c6' retired (eos): 89 tok in 4.5 s — prefill 63 tok (0 cached) in 238 ms; decode 88 tok / 26 passes in 4.2 s: 20.7 tok/s, 48.2 ms/tok, 163 ms/pass, 3.38 tok/pass, accept p1 88 % p2 77 % p3 85 % p4 86 % p5 60 %
2026-10-02 21:00:02.836 INFO  sched: request 'chatcmpl-c6ea0dce841510c9' starting prefill in slot 0 (82 prompt tokens)
2026-10-02 21:00:03.098 INFO  sched: request 'chatcmpl-c6ea0dce841510c9' prefix cache miss — 0 cut(s), the cache is empty
2026-10-02 21:00:03.098 INFO  sched: request 'chatcmpl-c6ea0dce841510c9' admitted to slot 0 (reserve 17 blocks; pool 68/8192 blocks in use) — first token 10318
2026-10-02 21:00:03.277 INFO  stats: rank 0 | 10.3 s | decode 82.2 tok/s, 10.1 ms/tok, 142.0 ms/step (60 steps / 845 tok, 83 % of wall) | mtp 3.60 tok/step/req, accept p1 94 % p2 82 % p3 81 % p4 77 % p5 76 % | prefill 6 prompts / 467 tok, 45 tok/s, 3.31 ms/tok, 257 ms avg (15 % of wall), 0 tok cached (0/6 hits) | live 4, queued 0 | pool 68/8192 blocks (1 %) | prefix cache 0/780 entries | requests +5 (shed 0, cancelled 0)
2026-10-02 21:00:05.123 INFO  sched: request 'chatcmpl-c6ea0dce841510c2' retired (eos): 325 tok in 14.8 s — prefill 86 tok (0 cached) in 268 ms; decode 324 tok / 88 passes in 14.5 s: 22.3 tok/s, 44.8 ms/tok, 165 ms/pass, 3.68 tok/pass, accept p1 95 % p2 87 % p3 84 % p4 92 % p5 85 %
2026-10-02 21:00:05.316 INFO  sched: request 'chatcmpl-c6ea0dce841510ca' starting prefill in slot 1 (73 prompt tokens)
2026-10-02 21:00:05.571 INFO  sched: request 'chatcmpl-c6ea0dce841510ca' prefix cache miss — 0 cut(s), the cache is empty
2026-10-02 21:00:05.571 INFO  sched: request 'chatcmpl-c6ea0dce841510ca' admitted to slot 1 (reserve 17 blocks; pool 68/8192 blocks in use) — first token 5718
2026-10-02 21:00:06.143 INFO  sched: request 'chatcmpl-c6ea0dce841510c8' retired (eos): 106 tok in 5.0 s — prefill 90 tok (0 cached) in 268 ms; decode 105 tok / 29 passes in 4.8 s: 22.0 tok/s, 45.4 ms/tok, 164 ms/pass, 3.62 tok/pass, accept p1 93 % p2 82 % p3 83 % p4 78 % p5 100 %
2026-10-02 21:00:06.260 INFO  sched: request 'chatcmpl-c6ea0dce841510cb' starting prefill in slot 3 (94 prompt tokens)
2026-10-02 21:00:06.544 INFO  sched: request 'chatcmpl-c6ea0dce841510cb' prefix cache miss — 0 cut(s), the cache is empty
2026-10-02 21:00:06.544 INFO  sched: request 'chatcmpl-c6ea0dce841510cb' admitted to slot 3 (reserve 17 blocks; pool 68/8192 blocks in use) — first token 5718
2026-10-02 21:00:07.602 INFO  sched: request 'chatcmpl-c6ea0dce841510c7' retired (eos): 152 tok in 7.5 s — prefill 89 tok (0 cached) in 269 ms; decode 151 tok / 42 passes in 7.2 s: 20.9 tok/s, 47.9 ms/tok, 172 ms/pass, 3.60 tok/pass, accept p1 98 % p2 83 % p3 79 % p4 64 % p5 57 %
2026-10-02 21:00:07.602 INFO  sched: request 'chatcmpl-c6ea0dce841510c9' retired (eos): 98 tok in 4.8 s — prefill 82 tok (0 cached) in 262 ms; decode 97 tok / 27 passes in 4.5 s: 21.5 tok/s, 46.4 ms/tok, 167 ms/pass, 3.59 tok/pass, accept p1 93 % p2 81 % p3 80 % p4 78 % p5 33 %
2026-10-02 21:00:07.701 INFO  sched: request 'chatcmpl-c6ea0dce841510cc' starting prefill in slot 0 (61 prompt tokens)
2026-10-02 21:00:07.701 INFO  sched: request 'chatcmpl-c6ea0dce841510cd' starting prefill in slot 2 (86 prompt tokens)
2026-10-02 21:00:08.085 INFO  sched: request 'chatcmpl-c6ea0dce841510cc' prefix cache miss — 0 cut(s), the cache is empty
2026-10-02 21:00:08.085 INFO  sched: request 'chatcmpl-c6ea0dce841510cc' admitted to slot 0 (reserve 17 blocks; pool 52/8192 blocks in use) — first token 5718
2026-10-02 21:00:08.085 INFO  sched: request 'chatcmpl-c6ea0dce841510cd' prefix cache miss — 0 cut(s), the cache is empty
2026-10-02 21:00:08.085 INFO  sched: request 'chatcmpl-c6ea0dce841510cd' admitted to slot 2 (reserve 17 blocks; pool 68/8192 blocks in use) — first token 10318
2026-10-02 21:00:08.085 INFO  sched: 2 requests admitted together in one prefill (383 ms)
2026-10-02 21:00:10.442 INFO  sched: request 'chatcmpl-c6ea0dce841510ca' retired (eos): 104 tok in 5.1 s — prefill 73 tok (0 cached) in 255 ms; decode 103 tok / 30 passes in 4.9 s: 21.1 tok/s, 47.3 ms/tok, 162 ms/pass, 3.43 tok/pass, accept p1 93 % p2 85 % p3 80 % p4 75 % p5 100 %
2026-10-02 21:00:10.570 INFO  sched: request 'chatcmpl-c6ea0dce841510ce' starting prefill in slot 1 (66 prompt tokens)
2026-10-02 21:00:10.818 INFO  sched: request 'chatcmpl-c6ea0dce841510ce' prefix cache miss — 0 cut(s), the cache is empty
2026-10-02 21:00:10.818 INFO  sched: request 'chatcmpl-c6ea0dce841510ce' admitted to slot 1 (reserve 17 blocks; pool 68/8192 blocks in use) — first token 10318
2026-10-02 21:00:11.828 INFO  sched: request 'chatcmpl-c6ea0dce841510cb' retired (eos): 114 tok in 5.6 s — prefill 94 tok (0 cached) in 284 ms; decode 113 tok / 33 passes in 5.3 s: 21.4 tok/s, 46.8 ms/tok, 160 ms/pass, 3.42 tok/pass, accept p1 97 % p2 90 % p3 77 % p4 62 % p5 50 %
2026-10-02 21:00:11.950 INFO  sched: request 'chatcmpl-c6ea0dce841510cd' retired (eos): 90 tok in 4.2 s — prefill 86 tok (0 cached) in 383 ms; decode 89 tok / 26 passes in 3.9 s: 23.0 tok/s, 43.4 ms/tok, 149 ms/pass, 3.42 tok/pass, accept p1 92 % p2 87 % p3 82 % p4 100 % p5 50 %
2026-10-02 21:00:11.951 INFO  sched: request 'chatcmpl-c6ea0dce841510cf' starting prefill in slot 2 (54 prompt tokens)
2026-10-02 21:00:12.186 INFO  sched: request 'chatcmpl-c6ea0dce841510cf' prefix cache miss — 0 cut(s), the cache is empty
2026-10-02 21:00:12.186 INFO  sched: request 'chatcmpl-c6ea0dce841510cf' admitted to slot 2 (reserve 17 blocks; pool 51/8192 blocks in use) — first token 5718
2026-10-02 21:00:12.285 INFO  sched: request 'chatcmpl-c6ea0dce841510d0' starting prefill in slot 3 (66 prompt tokens)
2026-10-02 21:00:12.538 INFO  sched: request 'chatcmpl-c6ea0dce841510d0' prefix cache miss — 0 cut(s), the cache is empty
2026-10-02 21:00:12.538 INFO  sched: request 'chatcmpl-c6ea0dce841510d0' admitted to slot 3 (reserve 17 blocks; pool 68/8192 blocks in use) — first token 2581
2026-10-02 21:00:13.383 INFO  stats: rank 0 | 10.1 s | decode 78.9 tok/s, 10.3 ms/tok, 135.0 ms/step (61 steps / 797 tok, 82 % of wall) | mtp 3.36 tok/step/req, accept p1 91 % p2 82 % p3 81 % p4 76 % p5 67 % | prefill 7 prompts / 500 tok, 49 tok/s, 3.32 ms/tok, 237 ms avg (16 % of wall), 0 tok cached (0/7 hits) | live 4, queued 0 | pool 68/8192 blocks (1 %) | prefix cache 0/780 entries | requests +7 (shed 0, cancelled 0)
2026-10-02 21:00:13.832 INFO  sched: request 'chatcmpl-c6ea0dce841510cc' retired (eos): 120 tok in 6.1 s — prefill 61 tok (0 cached) in 383 ms; decode 119 tok / 37 passes in 5.7 s: 20.7 tok/s, 48.3 ms/tok, 155 ms/pass, 3.22 tok/pass, accept p1 89 % p2 78 % p3 80 % p4 86 % p5 100 %
2026-10-02 21:00:13.981 INFO  sched: request 'chatcmpl-c6ea0dce841510ce' retired (eos): 57 tok in 3.4 s — prefill 66 tok (0 cached) in 248 ms; decode 56 tok / 20 passes in 3.2 s: 17.7 tok/s, 56.5 ms/tok, 158 ms/pass, 2.80 tok/pass, accept p1 85 % p2 56 % p3 64 % p4 67 % p5 100 %
2026-10-02 21:00:13.981 INFO  sched: request 'chatcmpl-c6ea0dce841510d1' starting prefill in slot 0 (75 prompt tokens)
2026-10-02 21:00:14.237 INFO  sched: request 'chatcmpl-c6ea0dce841510d1' prefix cache miss — 0 cut(s), the cache is empty
2026-10-02 21:00:14.237 INFO  sched: request 'chatcmpl-c6ea0dce841510d1' admitted to slot 0 (reserve 17 blocks; pool 51/8192 blocks in use) — first token 10318
2026-10-02 21:00:14.382 INFO  sched: request 'chatcmpl-c6ea0dce841510d2' starting prefill in slot 1 (68 prompt tokens)
2026-10-02 21:00:14.632 INFO  sched: request 'chatcmpl-c6ea0dce841510d2' prefix cache miss — 0 cut(s), the cache is empty
2026-10-02 21:00:14.632 INFO  sched: request 'chatcmpl-c6ea0dce841510d2' admitted to slot 1 (reserve 17 blocks; pool 68/8192 blocks in use) — first token 10318
2026-10-02 21:00:16.433 INFO  sched: request 'chatcmpl-c6ea0dce841510d0' retired (eos): 88 tok in 4.1 s — prefill 66 tok (0 cached) in 253 ms; decode 87 tok / 23 passes in 3.9 s: 22.3 tok/s, 44.8 ms/tok, 169 ms/pass, 3.78 tok/pass, accept p1 87 % p2 90 % p3 87 % p4 89 % p5 100 %
2026-10-02 21:00:16.514 INFO  sched: request 'chatcmpl-c6ea0dce841510d3' starting prefill in slot 3 (86 prompt tokens)
2026-10-02 21:00:16.785 INFO  sched: request 'chatcmpl-c6ea0dce841510d3' prefix cache miss — 0 cut(s), the cache is empty
2026-10-02 21:00:16.785 INFO  sched: request 'chatcmpl-c6ea0dce841510d3' admitted to slot 3 (reserve 17 blocks; pool 68/8192 blocks in use) — first token 5718
2026-10-02 21:00:17.589 INFO  sched: request 'chatcmpl-c6ea0dce841510cf' retired (eos): 106 tok in 5.6 s — prefill 54 tok (0 cached) in 236 ms; decode 105 tok / 31 passes in 5.4 s: 19.4 tok/s, 51.5 ms/tok, 174 ms/pass, 3.39 tok/pass, accept p1 87 % p2 78 % p3 79 % p4 100 % p5 75 %
2026-10-02 21:00:17.741 INFO  sched: request 'chatcmpl-c6ea0dce841510d4' starting prefill in slot 2 (69 prompt tokens)
2026-10-02 21:00:17.987 INFO  sched: request 'chatcmpl-c6ea0dce841510d4' prefix cache miss — 0 cut(s), the cache is empty
2026-10-02 21:00:17.987 INFO  sched: request 'chatcmpl-c6ea0dce841510d4' admitted to slot 2 (reserve 17 blocks; pool 68/8192 blocks in use) — first token 2581
2026-10-02 21:00:18.772 INFO  sched: request 'chatcmpl-c6ea0dce841510d1' retired (eos): 92 tok in 4.8 s — prefill 75 tok (0 cached) in 256 ms; decode 91 tok / 26 passes in 4.5 s: 20.1 tok/s, 49.8 ms/tok, 174 ms/pass, 3.50 tok/pass, accept p1 96 % p2 83 % p3 68 % p4 75 % p5 100 %
2026-10-02 21:00:18.924 INFO  sched: request 'chatcmpl-c6ea0dce841510d2' retired (eos): 87 tok in 4.5 s — prefill 68 tok (0 cached) in 250 ms; decode 86 tok / 26 passes in 4.3 s: 20.0 tok/s, 49.9 ms/tok, 165 ms/pass, 3.31 tok/pass, accept p1 92 % p2 83 % p3 68 % p4 38 % p5 33 %
2026-10-02 21:00:18.924 INFO  sched: request 'chatcmpl-c6ea0dce841510d5' starting prefill in slot 0 (99 prompt tokens)
2026-10-02 21:00:19.204 INFO  sched: request 'chatcmpl-c6ea0dce841510d5' prefix cache miss — 0 cut(s), the cache is empty
2026-10-02 21:00:19.204 INFO  sched: request 'chatcmpl-c6ea0dce841510d5' admitted to slot 0 (reserve 17 blocks; pool 51/8192 blocks in use) — first token 2581
2026-10-02 21:00:19.305 INFO  sched: request 'chatcmpl-c6ea0dce841510d6' starting prefill in slot 1 (73 prompt tokens)
2026-10-02 21:00:19.559 INFO  sched: request 'chatcmpl-c6ea0dce841510d6' prefix cache miss — 0 cut(s), the cache is empty
2026-10-02 21:00:19.559 INFO  sched: request 'chatcmpl-c6ea0dce841510d6' admitted to slot 1 (reserve 17 blocks; pool 68/8192 blocks in use) — first token 5718
2026-10-02 21:00:23.386 INFO  stats: rank 0 | 10.0 s | decode 79.8 tok/s, 10.3 ms/tok, 137.6 ms/step (60 steps / 798 tok, 83 % of wall) | mtp 3.41 tok/step/req, accept p1 93 % p2 81 % p3 76 % p4 81 % p5 88 % | prefill 6 prompts / 470 tok, 47 tok/s, 3.31 ms/tok, 259 ms avg (16 % of wall), 0 tok cached (0/6 hits) | live 4, queued 0 | pool 68/8192 blocks (1 %) | prefix cache 0/780 entries | requests +6 (shed 0, cancelled 0)
2026-10-02 21:00:24.886 INFO  sched: request 'chatcmpl-c6ea0dce841510d4' retired (eos): 158 tok in 7.1 s — prefill 69 tok (0 cached) in 246 ms; decode 157 tok / 46 passes in 6.9 s: 22.8 tok/s, 43.9 ms/tok, 150 ms/pass, 3.41 tok/pass, accept p1 98 % p2 86 % p3 85 % p4 88 % p5 100 %
2026-10-02 21:00:25.044 INFO  sched: request 'chatcmpl-c6ea0dce841510d7' starting prefill in slot 2 (152 prompt tokens)
2026-10-02 21:00:25.044 INFO  sched: request 'chatcmpl-c6ea0dce841510d7' prefix cache miss — 1 cut(s), the cache is empty
2026-10-02 21:00:25.045 INFO  sched: request 'chatcmpl-c6ea0dce841510d7' prefilling in slot 2 (256 tokens/tick)
2026-10-02 21:00:25.384 INFO  sched: request 'chatcmpl-c6ea0dce841510d7' admitted to slot 2 (reserve 18 blocks; pool 69/8192 blocks in use) — first token 5718
2026-10-02 21:00:25.796 INFO  sched: request 'chatcmpl-c6ea0dce841510d6' retired (eos): 141 tok in 6.5 s — prefill 73 tok (0 cached) in 254 ms; decode 140 tok / 42 passes in 6.2 s: 22.4 tok/s, 44.6 ms/tok, 149 ms/pass, 3.33 tok/pass, accept p1 90 % p2 83 % p3 72 % p4 100 % p5 100 %
2026-10-02 21:00:25.975 INFO  sched: request 'chatcmpl-c6ea0dce841510d8' starting prefill in slot 1 (107 prompt tokens)
2026-10-02 21:00:26.268 INFO  sched: request 'chatcmpl-c6ea0dce841510d8' prefix cache miss — 0 cut(s), the cache is empty
2026-10-02 21:00:26.268 INFO  sched: request 'chatcmpl-c6ea0dce841510d8' admitted to slot 1 (reserve 17 blocks; pool 69/8192 blocks in use) — first token 5718
2026-10-02 21:00:26.524 INFO  sched: request 'chatcmpl-c6ea0dce841510d5' retired (eos): 156 tok in 7.6 s — prefill 99 tok (0 cached) in 280 ms; decode 155 tok / 46 passes in 7.3 s: 21.2 tok/s, 47.2 ms/tok, 159 ms/pass, 3.37 tok/pass, accept p1 91 % p2 82 % p3 88 % p4 88 % p5 100 %
2026-10-02 21:00:26.652 INFO  sched: request 'chatcmpl-c6ea0dce841510d9' starting prefill in slot 0 (79 prompt tokens)
2026-10-02 21:00:26.915 INFO  sched: request 'chatcmpl-c6ea0dce841510d9' prefix cache miss — 0 cut(s), the cache is empty
2026-10-02 21:00:26.915 INFO  sched: request 'chatcmpl-c6ea0dce841510d9' admitted to slot 0 (reserve 17 blocks; pool 69/8192 blocks in use) — first token 2581
2026-10-02 21:00:27.522 INFO  sched: request 'chatcmpl-c6ea0dce841510d3' retired (eos): 205 tok in 11.0 s — prefill 86 tok (0 cached) in 271 ms; decode 204 tok / 66 passes in 10.7 s: 19.0 tok/s, 52.6 ms/tok, 163 ms/pass, 3.09 tok/pass, accept p1 91 % p2 80 % p3 65 % p4 56 % p5 100 %
2026-10-02 21:00:27.667 INFO  sched: request 'chatcmpl-c6ea0dce841510da' starting prefill in slot 3 (98 prompt tokens)
2026-10-02 21:00:27.948 INFO  sched: request 'chatcmpl-c6ea0dce841510da' prefix cache miss — 0 cut(s), the cache is empty
2026-10-02 21:00:27.948 INFO  sched: request 'chatcmpl-c6ea0dce841510da' admitted to slot 3 (reserve 17 blocks; pool 69/8192 blocks in use) — first token 2581
2026-10-02 21:00:30.864 INFO  sched: request 'chatcmpl-c6ea0dce841510d8' retired (eos): 92 tok in 4.9 s — prefill 107 tok (0 cached) in 294 ms; decode 91 tok / 31 passes in 4.6 s: 19.8 tok/s, 50.5 ms/tok, 148 ms/pass, 2.94 tok/pass, accept p1 90 % p2 74 % p3 69 % p4 100 %
2026-10-02 21:00:31.009 INFO  sched: request 'chatcmpl-c6ea0dce841510db' starting prefill in slot 1 (118 prompt tokens)
2026-10-02 21:00:31.318 INFO  sched: request 'chatcmpl-c6ea0dce841510db' prefix cache miss — 0 cut(s), the cache is empty
2026-10-02 21:00:31.318 INFO  sched: request 'chatcmpl-c6ea0dce841510db' admitted to slot 1 (reserve 17 blocks; pool 69/8192 blocks in use) — first token 5718
2026-10-02 21:00:33.529 INFO  stats: rank 0 | 10.1 s | decode 77.4 tok/s, 10.8 ms/tok, 132.1 ms/step (64 steps / 785 tok, 83 % of wall) | mtp 3.13 tok/step/req, accept p1 91 % p2 82 % p3 74 % p4 73 % | prefill 5 prompts / 554 tok, 55 tok/s, 2.68 ms/tok, 297 ms avg (15 % of wall), 0 tok cached (0/5 hits) | live 4, queued 0 | pool 69/8192 blocks (1 %) | prefix cache 0/780 entries | requests +5 (shed 0, cancelled 0)
2026-10-02 21:00:34.461 INFO  sched: request 'chatcmpl-c6ea0dce841510d7' retired (eos): 183 tok in 9.4 s — prefill 152 tok (0 cached) in 339 ms; decode 182 tok / 60 passes in 9.1 s: 20.1 tok/s, 49.9 ms/tok, 151 ms/pass, 3.03 tok/pass, accept p1 93 % p2 79 % p3 66 % p4 83 % p5 100 %
2026-10-02 21:00:34.462 INFO  sched: request 'chatcmpl-c6ea0dce841510d9' retired (eos): 160 tok in 7.8 s — prefill 79 tok (0 cached) in 263 ms; decode 159 tok / 53 passes in 7.5 s: 21.1 tok/s, 47.5 ms/tok, 142 ms/pass, 3.00 tok/pass, accept p1 85 % p2 82 % p3 77 % p4 60 % p5 100 %
2026-10-02 21:00:34.574 INFO  sched: request 'chatcmpl-c6ea0dce841510dc' starting prefill in slot 0 (116 prompt tokens)
2026-10-02 21:00:34.574 INFO  sched: request 'chatcmpl-c6ea0dce841510dd' starting prefill in slot 2 (72 prompt tokens)
2026-10-02 21:00:34.985 INFO  sched: request 'chatcmpl-c6ea0dce841510dc' prefix cache miss — 0 cut(s), the cache is empty
2026-10-02 21:00:34.985 INFO  sched: request 'chatcmpl-c6ea0dce841510dc' admitted to slot 0 (reserve 17 blocks; pool 52/8192 blocks in use) — first token 5718
2026-10-02 21:00:34.985 INFO  sched: request 'chatcmpl-c6ea0dce841510dd' prefix cache miss — 0 cut(s), the cache is empty
2026-10-02 21:00:34.985 INFO  sched: request 'chatcmpl-c6ea0dce841510dd' admitted to slot 2 (reserve 17 blocks; pool 68/8192 blocks in use) — first token 2581
2026-10-02 21:00:34.985 INFO  sched: 2 requests admitted together in one prefill (411 ms)
2026-10-02 21:00:36.173 INFO  sched: request 'chatcmpl-c6ea0dce841510da' retired (eos): 180 tok in 8.5 s — prefill 98 tok (0 cached) in 280 ms; decode 179 tok / 57 passes in 8.2 s: 21.8 tok/s, 46.0 ms/tok, 144 ms/pass, 3.14 tok/pass, accept p1 93 % p2 82 % p3 89 % p4 83 % p5 100 %
2026-10-02 21:00:36.281 INFO  sched: request 'chatcmpl-c6ea0dce841510de' starting prefill in slot 3 (63 prompt tokens)
2026-10-02 21:00:36.523 INFO  sched: request 'chatcmpl-c6ea0dce841510de' prefix cache miss — 0 cut(s), the cache is empty
2026-10-02 21:00:36.523 INFO  sched: request 'chatcmpl-c6ea0dce841510de' admitted to slot 3 (reserve 17 blocks; pool 68/8192 blocks in use) — first token 2581
2026-10-02 21:00:38.978 INFO  sched: request 'chatcmpl-c6ea0dce841510de' retired (eos): 61 tok in 2.7 s — prefill 63 tok (0 cached) in 241 ms; decode 60 tok / 17 passes in 2.5 s: 24.4 tok/s, 40.9 ms/tok, 144 ms/pass, 3.53 tok/pass, accept p1 94 % p2 81 % p3 80 % p4 83 % p5 50 %
2026-10-02 21:00:39.080 INFO  sched: request 'chatcmpl-c6ea0dce841510df' starting prefill in slot 3 (68 prompt tokens)
2026-10-02 21:00:39.328 INFO  sched: request 'chatcmpl-c6ea0dce841510df' prefix cache miss — 0 cut(s), the cache is empty
2026-10-02 21:00:39.328 INFO  sched: request 'chatcmpl-c6ea0dce841510df' admitted to slot 3 (reserve 17 blocks; pool 68/8192 blocks in use) — first token 10318
2026-10-02 21:00:40.029 INFO  sched: request 'chatcmpl-c6ea0dce841510db' retired (eos): 195 tok in 9.0 s — prefill 118 tok (0 cached) in 310 ms; decode 194 tok / 58 passes in 8.7 s: 22.3 tok/s, 44.9 ms/tok, 150 ms/pass, 3.34 tok/pass, accept p1 95 % p2 88 % p3 82 % p4 92 % p5 60 %
2026-10-02 21:00:40.154 INFO  sched: request 'chatcmpl-c6ea0dce841510e0' starting prefill in slot 1 (61 prompt tokens)
2026-10-02 21:00:40.392 INFO  sched: request 'chatcmpl-c6ea0dce841510e0' prefix cache miss — 0 cut(s), the cache is empty
2026-10-02 21:00:40.392 INFO  sched: request 'chatcmpl-c6ea0dce841510e0' admitted to slot 1 (reserve 17 blocks; pool 68/8192 blocks in use) — first token 2581
2026-10-02 21:00:40.919 INFO  sched: request 'chatcmpl-c6ea0dce841510dd' retired (eos): 128 tok in 6.3 s — prefill 72 tok (0 cached) in 411 ms; decode 127 tok / 38 passes in 5.9 s: 21.4 tok/s, 46.7 ms/tok, 156 ms/pass, 3.34 tok/pass, accept p1 87 % p2 82 % p3 83 % p4 90 % p5 100 %
2026-10-02 21:00:41.041 INFO  sched: request 'chatcmpl-c6ea0dce841510e1' starting prefill in slot 2 (74 prompt tokens)
2026-10-02 21:00:41.306 INFO  sched: request 'chatcmpl-c6ea0dce841510e1' prefix cache miss — 0 cut(s), the cache is empty
2026-10-02 21:00:41.306 INFO  sched: request 'chatcmpl-c6ea0dce841510e1' admitted to slot 2 (reserve 17 blocks; pool 68/8192 blocks in use) — first token 2581
2026-10-02 21:00:42.059 INFO  sched: request 'chatcmpl-c6ea0dce841510dc' retired (eos): 145 tok in 7.5 s — prefill 116 tok (0 cached) in 411 ms; decode 144 tok / 45 passes in 7.1 s: 20.4 tok/s, 49.1 ms/tok, 157 ms/pass, 3.20 tok/pass, accept p1 91 % p2 82 % p3 80 % p4 80 % p5 50 %
2026-10-02 21:00:42.186 INFO  sched: request 'chatcmpl-c6ea0dce841510e2' starting prefill in slot 0 (86 prompt tokens)
2026-10-02 21:00:42.474 INFO  sched: request 'chatcmpl-c6ea0dce841510e2' prefix cache miss — 0 cut(s), the cache is empty
2026-10-02 21:00:42.474 INFO  sched: request 'chatcmpl-c6ea0dce841510e2' admitted to slot 0 (reserve 17 blocks; pool 68/8192 blocks in use) — first token 10318
2026-10-02 21:00:43.555 INFO  stats: rank 0 | 10.0 s | decode 77.6 tok/s, 10.4 ms/tok, 128.6 ms/step (63 steps / 778 tok, 81 % of wall) | mtp 3.18 tok/step/req, accept p1 91 % p2 80 % p3 81 % p4 81 % p5 70 % | prefill 7 prompts / 540 tok, 54 tok/s, 3.13 ms/tok, 242 ms avg (17 % of wall), 0 tok cached (0/7 hits) | live 4, queued 0 | pool 68/8192 blocks (1 %) | prefix cache 0/780 entries | requests +7 (shed 0, cancelled 0)
2026-10-02 21:00:43.871 INFO  sched: request 'chatcmpl-c6ea0dce841510df' retired (eos): 90 tok in 4.8 s — prefill 68 tok (0 cached) in 249 ms; decode 89 tok / 29 passes in 4.5 s: 19.6 tok/s, 51.0 ms/tok, 157 ms/pass, 3.07 tok/pass, accept p1 100 % p2 83 % p3 67 % p4 75 % p5 50 %
2026-10-02 21:00:44.013 INFO  sched: request 'chatcmpl-c6ea0dce841510e3' starting prefill in slot 3 (123 prompt tokens)
2026-10-02 21:00:44.322 INFO  sched: request 'chatcmpl-c6ea0dce841510e3' prefix cache miss — 0 cut(s), the cache is empty
2026-10-02 21:00:44.322 INFO  sched: request 'chatcmpl-c6ea0dce841510e3' admitted to slot 3 (reserve 17 blocks; pool 68/8192 blocks in use) — first token 5718
2026-10-02 21:00:45.623 INFO  sched: request 'chatcmpl-c6ea0dce841510e0' retired (eos): 96 tok in 5.5 s — prefill 61 tok (0 cached) in 238 ms; decode 95 tok / 34 passes in 5.2 s: 18.2 tok/s, 55.1 ms/tok, 154 ms/pass, 2.79 tok/pass, accept p1 91 % p2 70 % p3 79 % p4 25 % p5 0 %
2026-10-02 21:00:45.822 INFO  sched: request 'chatcmpl-c6ea0dce841510e4' starting prefill in slot 1 (107 prompt tokens)
2026-10-02 21:00:46.119 INFO  sched: request 'chatcmpl-c6ea0dce841510e4' prefix cache miss — 0 cut(s), the cache is empty
2026-10-02 21:00:46.119 INFO  sched: request 'chatcmpl-c6ea0dce841510e4' admitted to slot 1 (reserve 17 blocks; pool 68/8192 blocks in use) — first token 5718
2026-10-02 21:00:47.330 INFO  sched: request 'chatcmpl-c6ea0dce841510e2' retired (eos): 103 tok in 5.1 s — prefill 86 tok (0 cached) in 288 ms; decode 102 tok / 31 passes in 4.9 s: 21.0 tok/s, 47.6 ms/tok, 157 ms/pass, 3.29 tok/pass, accept p1 94 % p2 88 % p3 71 % p4 75 % p5 100 %
2026-10-02 21:00:47.460 INFO  sched: request 'chatcmpl-c6ea0dce841510e1' retired (eos): 116 tok in 6.4 s — prefill 74 tok (0 cached) in 264 ms; decode 115 tok / 39 passes in 6.2 s: 18.7 tok/s, 53.5 ms/tok, 158 ms/pass, 2.95 tok/pass, accept p1 85 % p2 81 % p3 74 % p4 38 % p5 33 %
2026-10-02 21:00:47.460 INFO  sched: request 'chatcmpl-c6ea0dce841510e5' starting prefill in slot 0 (75 prompt tokens)
2026-10-02 21:00:47.716 INFO  sched: request 'chatcmpl-c6ea0dce841510e5' prefix cache miss — 0 cut(s), the cache is empty
2026-10-02 21:00:47.716 INFO  sched: request 'chatcmpl-c6ea0dce841510e5' admitted to slot 0 (reserve 17 blocks; pool 51/8192 blocks in use) — first token 10318
2026-10-02 21:00:47.815 INFO  sched: request 'chatcmpl-c6ea0dce841510e6' starting prefill in slot 2 (70 prompt tokens)
2026-10-02 21:00:48.069 INFO  sched: request 'chatcmpl-c6ea0dce841510e6' prefix cache miss — 0 cut(s), the cache is empty
2026-10-02 21:00:48.069 INFO  sched: request 'chatcmpl-c6ea0dce841510e6' admitted to slot 2 (reserve 17 blocks; pool 68/8192 blocks in use) — first token 5718
2026-10-02 21:00:50.248 INFO  sched: request 'chatcmpl-c6ea0dce841510e3' retired (eos): 114 tok in 6.2 s — prefill 123 tok (0 cached) in 309 ms; decode 113 tok / 38 passes in 5.9 s: 19.1 tok/s, 52.4 ms/tok, 156 ms/pass, 2.97 tok/pass, accept p1 82 % p2 77 % p3 69 % p4 75 % p5 100 %
2026-10-02 21:00:50.385 INFO  sched: request 'chatcmpl-c6ea0dce841510e7' starting prefill in slot 3 (98 prompt tokens)
2026-10-02 21:00:50.668 INFO  sched: request 'chatcmpl-c6ea0dce841510e7' prefix cache miss — 0 cut(s), the cache is empty
2026-10-02 21:00:50.668 INFO  sched: request 'chatcmpl-c6ea0dce841510e7' admitted to slot 3 (reserve 17 blocks; pool 68/8192 blocks in use) — first token 2581
2026-10-02 21:00:50.918 INFO  sched: request 'chatcmpl-c6ea0dce841510e5' retired (eos): 67 tok in 3.5 s — prefill 75 tok (0 cached) in 256 ms; decode 66 tok / 21 passes in 3.2 s: 20.6 tok/s, 48.5 ms/tok, 152 ms/pass, 3.14 tok/pass, accept p1 95 % p2 88 % p3 86 % p4 100 % p5 100 %
2026-10-02 21:00:51.039 INFO  sched: request 'chatcmpl-c6ea0dce841510e8' starting prefill in slot 0 (105 prompt tokens)
2026-10-02 21:00:51.320 INFO  sched: request 'chatcmpl-c6ea0dce841510e8' prefix cache miss — 0 cut(s), the cache is empty
2026-10-02 21:00:51.320 INFO  sched: request 'chatcmpl-c6ea0dce841510e8' admitted to slot 0 (reserve 17 blocks; pool 68/8192 blocks in use) — first token 5718
2026-10-02 21:00:52.829 INFO  sched: request 'chatcmpl-c6ea0dce841510e6' retired (eos): 95 tok in 5.0 s — prefill 70 tok (0 cached) in 255 ms; decode 94 tok / 32 passes in 4.8 s: 19.7 tok/s, 50.6 ms/tok, 149 ms/pass, 2.94 tok/pass, accept p1 88 % p2 71 % p3 77 % p4 60 % p5 100 %
2026-10-02 21:00:52.958 INFO  sched: request 'chatcmpl-c6ea0dce841510e9' starting prefill in slot 2 (57 prompt tokens)
2026-10-02 21:00:53.184 INFO  sched: request 'chatcmpl-c6ea0dce841510e9' prefix cache miss — 0 cut(s), the cache is empty
2026-10-02 21:00:53.184 INFO  sched: request 'chatcmpl-c6ea0dce841510e9' admitted to slot 2 (reserve 17 blocks; pool 68/8192 blocks in use) — first token 10318
2026-10-02 21:00:53.449 INFO  sched: request 'chatcmpl-c6ea0dce841510e4' retired (eos): 130 tok in 7.6 s — prefill 107 tok (0 cached) in 297 ms; decode 129 tok / 45 passes in 7.3 s: 17.6 tok/s, 56.8 ms/tok, 163 ms/pass, 2.87 tok/pass, accept p1 87 % p2 78 % p3 60 % p4 25 % p5 50 %
2026-10-02 21:00:53.579 INFO  stats: rank 0 | 10.0 s | decode 72.6 tok/s, 10.8 ms/tok, 131.1 ms/step (60 steps / 728 tok, 78 % of wall) | mtp 3.14 tok/step/req, accept p1 90 % p2 83 % p3 71 % p4 62 % p5 73 % | prefill 7 prompts / 635 tok, 63 tok/s, 3.00 ms/tok, 272 ms avg (19 % of wall), 0 tok cached (0/7 hits) | live 3, queued 0 | pool 51/8192 blocks (1 %) | prefix cache 0/780 entries | requests +8 (shed 0, cancelled 0)
2026-10-02 21:00:53.595 INFO  sched: request 'chatcmpl-c6ea0dce841510ea' starting prefill in slot 1 (62 prompt tokens)
2026-10-02 21:00:53.829 INFO  sched: request 'chatcmpl-c6ea0dce841510ea' prefix cache miss — 0 cut(s), the cache is empty
2026-10-02 21:00:53.829 INFO  sched: request 'chatcmpl-c6ea0dce841510ea' admitted to slot 1 (reserve 17 blocks; pool 68/8192 blocks in use) — first token 2581
2026-10-02 21:00:55.450 INFO  sched: request 'chatcmpl-c6ea0dce841510e7' retired (eos): 95 tok in 5.1 s — prefill 98 tok (0 cached) in 284 ms; decode 94 tok / 30 passes in 4.8 s: 19.7 tok/s, 50.9 ms/tok, 159 ms/pass, 3.13 tok/pass, accept p1 97 % p2 83 % p3 71 % p4 67 %
2026-10-02 21:00:55.451 INFO  sched: request 'chatcmpl-c6ea0dce841510e9' retired (eos): 46 tok in 2.5 s — prefill 57 tok (0 cached) in 226 ms; decode 45 tok / 15 passes in 2.3 s: 19.8 tok/s, 50.4 ms/tok, 151 ms/pass, 3.00 tok/pass, accept p1 93 % p2 86 % p3 50 % p4 0 %
2026-10-02 21:00:55.539 INFO  sched: request 'chatcmpl-c6ea0dce841510eb' starting prefill in slot 2 (89 prompt tokens)
2026-10-02 21:00:55.539 INFO  sched: request 'chatcmpl-c6ea0dce841510ec' starting prefill in slot 3 (83 prompt tokens)
2026-10-02 21:00:55.945 INFO  sched: request 'chatcmpl-c6ea0dce841510eb' prefix cache miss — 0 cut(s), the cache is empty
2026-10-02 21:00:55.945 INFO  sched: request 'chatcmpl-c6ea0dce841510eb' admitted to slot 2 (reserve 17 blocks; pool 52/8192 blocks in use) — first token 2581
2026-10-02 21:00:55.945 INFO  sched: request 'chatcmpl-c6ea0dce841510ec' prefix cache miss — 0 cut(s), the cache is empty
2026-10-02 21:00:55.945 INFO  sched: request 'chatcmpl-c6ea0dce841510ec' admitted to slot 3 (reserve 17 blocks; pool 68/8192 blocks in use) — first token 5718
2026-10-02 21:00:55.945 INFO  sched: 2 requests admitted together in one prefill (406 ms)
2026-10-02 21:00:57.950 INFO  sched: request 'chatcmpl-c6ea0dce841510e8' retired (eos): 133 tok in 6.9 s — prefill 105 tok (0 cached) in 281 ms; decode 132 tok / 42 passes in 6.6 s: 19.9 tok/s, 50.2 ms/tok, 158 ms/pass, 3.14 tok/pass, accept p1 83 % p2 78 % p3 74 % p4 100 % p5 100 %
2026-10-02 21:00:58.099 INFO  sched: request 'chatcmpl-c6ea0dce841510ed' starting prefill in slot 0 (92 prompt tokens)
2026-10-02 21:00:58.376 INFO  sched: request 'chatcmpl-c6ea0dce841510ed' prefix cache miss — 0 cut(s), the cache is empty
2026-10-02 21:00:58.376 INFO  sched: request 'chatcmpl-c6ea0dce841510ed' admitted to slot 0 (reserve 17 blocks; pool 68/8192 blocks in use) — first token 5718
2026-10-02 21:01:00.379 INFO  sched: request 'chatcmpl-c6ea0dce841510ea' retired (eos): 141 tok in 6.8 s — prefill 62 tok (0 cached) in 234 ms; decode 140 tok / 43 passes in 6.5 s: 21.4 tok/s, 46.8 ms/tok, 152 ms/pass, 3.26 tok/pass, accept p1 91 % p2 85 % p3 78 % p4 75 % p5 100 %
2026-10-02 21:01:00.566 INFO  sched: request 'chatcmpl-c6ea0dce841510ee' starting prefill in slot 1 (116 prompt tokens)
2026-10-02 21:01:00.864 INFO  sched: request 'chatcmpl-c6ea0dce841510ee' prefix cache miss — 0 cut(s), the cache is empty
2026-10-02 21:01:00.864 INFO  sched: request 'chatcmpl-c6ea0dce841510ee' admitted to slot 1 (reserve 17 blocks; pool 68/8192 blocks in use) — first token 2581
2026-10-02 21:01:01.425 INFO  sched: request 'chatcmpl-c6ea0dce841510ec' retired (eos): 111 tok in 5.9 s — prefill 83 tok (0 cached) in 406 ms; decode 110 tok / 35 passes in 5.5 s: 20.1 tok/s, 49.8 ms/tok, 157 ms/pass, 3.14 tok/pass, accept p1 94 % p2 72 % p3 65 % p4 75 % p5 50 %
2026-10-02 21:01:01.529 INFO  sched: request 'chatcmpl-c6ea0dce841510ef' starting prefill in slot 3 (73 prompt tokens)
2026-10-02 21:01:01.779 INFO  sched: request 'chatcmpl-c6ea0dce841510ef' prefix cache miss — 0 cut(s), the cache is empty
2026-10-02 21:01:01.779 INFO  sched: request 'chatcmpl-c6ea0dce841510ef' admitted to slot 3 (reserve 17 blocks; pool 68/8192 blocks in use) — first token 5718
2026-10-02 21:01:03.613 INFO  sched: request 'chatcmpl-c6ea0dce841510eb' retired (eos): 155 tok in 8.1 s — prefill 89 tok (0 cached) in 406 ms; decode 154 tok / 50 passes in 7.7 s: 20.1 tok/s, 49.8 ms/tok, 153 ms/pass, 3.08 tok/pass, accept p1 84 % p2 80 % p3 70 % p4 80 % p5 33 %
2026-10-02 21:01:03.613 INFO  stats: rank 0 | 10.0 s | decode 76.8 tok/s, 10.9 ms/tok, 133.0 ms/step (63 steps / 771 tok, 84 % of wall) | mtp 3.12 tok/step/req, accept p1 88 % p2 79 % p3 70 % p4 77 % p5 55 % | prefill 6 prompts / 515 tok, 51 tok/s, 2.85 ms/tok, 244 ms avg (15 % of wall), 0 tok cached (0/6 hits) | live 3, queued 0 | pool 51/8192 blocks (1 %) | prefix cache 0/780 entries | requests +5 (shed 0, cancelled 0)
2026-10-02 21:01:03.763 INFO  sched: request 'chatcmpl-c6ea0dce841510f0' starting prefill in slot 2 (84 prompt tokens)
2026-10-02 21:01:04.025 INFO  sched: request 'chatcmpl-c6ea0dce841510f0' prefix cache miss — 0 cut(s), the cache is empty
2026-10-02 21:01:04.025 INFO  sched: request 'chatcmpl-c6ea0dce841510f0' admitted to slot 2 (reserve 17 blocks; pool 68/8192 blocks in use) — first token 5718
2026-10-02 21:01:04.585 INFO  sched: request 'chatcmpl-c6ea0dce841510ee' retired (eos): 73 tok in 4.0 s — prefill 116 tok (0 cached) in 298 ms; decode 72 tok / 24 passes in 3.7 s: 19.4 tok/s, 51.7 ms/tok, 155 ms/pass, 3.00 tok/pass, accept p1 83 % p2 75 % p3 64 % p4 100 % p5 100 %
2026-10-02 21:01:04.722 INFO  sched: request 'chatcmpl-c6ea0dce841510f1' starting prefill in slot 1 (77 prompt tokens)
2026-10-02 21:01:04.985 INFO  sched: request 'chatcmpl-c6ea0dce841510f1' prefix cache miss — 0 cut(s), the cache is empty
2026-10-02 21:01:04.985 INFO  sched: request 'chatcmpl-c6ea0dce841510f1' admitted to slot 1 (reserve 17 blocks; pool 68/8192 blocks in use) — first token 5718
2026-10-02 21:01:05.875 INFO  sched: request 'chatcmpl-c6ea0dce841510ed' retired (eos): 153 tok in 7.8 s — prefill 92 tok (0 cached) in 277 ms; decode 152 tok / 47 passes in 7.5 s: 20.3 tok/s, 49.3 ms/tok, 160 ms/pass, 3.23 tok/pass, accept p1 91 % p2 83 % p3 75 % p4 75 % p5 50 %
2026-10-02 21:01:06.050 INFO  sched: request 'chatcmpl-c6ea0dce841510f2' starting prefill in slot 0 (62 prompt tokens)
2026-10-02 21:01:06.291 INFO  sched: request 'chatcmpl-c6ea0dce841510f2' prefix cache miss — 0 cut(s), the cache is empty
2026-10-02 21:01:06.291 INFO  sched: request 'chatcmpl-c6ea0dce841510f2' admitted to slot 0 (reserve 17 blocks; pool 68/8192 blocks in use) — first token 2581
2026-10-02 21:01:08.890 INFO  sched: request 'chatcmpl-c6ea0dce841510f2' retired (eos): 70 tok in 2.8 s — prefill 62 tok (0 cached) in 240 ms; decode 69 tok / 17 passes in 2.6 s: 26.5 tok/s, 37.7 ms/tok, 153 ms/pass, 4.06 tok/pass, accept p1 88 % p2 88 % p3 92 % p4 100 % p5 100 %
2026-10-02 21:01:08.891 INFO  sched: request 'chatcmpl-c6ea0dce841510ef' retired (eos): 156 tok in 7.4 s — prefill 73 tok (0 cached) in 251 ms; decode 155 tok / 44 passes in 7.1 s: 21.8 tok/s, 45.9 ms/tok, 162 ms/pass, 3.52 tok/pass, accept p1 91 % p2 88 % p3 74 % p4 79 % p5 50 %
2026-10-02 21:01:08.997 INFO  sched: request 'chatcmpl-c6ea0dce841510f3' starting prefill in slot 0 (76 prompt tokens)
2026-10-02 21:01:08.997 INFO  sched: request 'chatcmpl-c6ea0dce841510f4' starting prefill in slot 3 (77 prompt tokens)
2026-10-02 21:01:09.390 INFO  sched: request 'chatcmpl-c6ea0dce841510f3' prefix cache miss — 0 cut(s), the cache is empty
2026-10-02 21:01:09.390 INFO  sched: request 'chatcmpl-c6ea0dce841510f3' admitted to slot 0 (reserve 17 blocks; pool 52/8192 blocks in use) — first token 5718
2026-10-02 21:01:09.390 INFO  sched: request 'chatcmpl-c6ea0dce841510f4' prefix cache miss — 0 cut(s), the cache is empty
2026-10-02 21:01:09.390 INFO  sched: request 'chatcmpl-c6ea0dce841510f4' admitted to slot 3 (reserve 17 blocks; pool 68/8192 blocks in use) — first token 5718
2026-10-02 21:01:09.390 INFO  sched: 2 requests admitted together in one prefill (393 ms)
2026-10-02 21:01:09.624 INFO  sched: request 'chatcmpl-c6ea0dce841510f1' retired (eos): 105 tok in 4.9 s — prefill 77 tok (0 cached) in 263 ms; decode 104 tok / 27 passes in 4.6 s: 22.4 tok/s, 44.6 ms/tok, 172 ms/pass, 3.85 tok/pass, accept p1 96 % p2 81 % p3 89 % p4 100 % p5 67 %
2026-10-02 21:01:09.747 INFO  sched: request 'chatcmpl-c6ea0dce841510f5' starting prefill in slot 1 (69 prompt tokens)
2026-10-02 21:01:10.007 INFO  sched: request 'chatcmpl-c6ea0dce841510f5' prefix cache miss — 0 cut(s), the cache is empty
2026-10-02 21:01:10.007 INFO  sched: request 'chatcmpl-c6ea0dce841510f5' admitted to slot 1 (reserve 17 blocks; pool 68/8192 blocks in use) — first token 5718
2026-10-02 21:01:10.837 INFO  sched: request 'chatcmpl-c6ea0dce841510f0' retired (eos): 141 tok in 7.1 s — prefill 84 tok (0 cached) in 263 ms; decode 140 tok / 40 passes in 6.8 s: 20.6 tok/s, 48.7 ms/tok, 170 ms/pass, 3.50 tok/pass, accept p1 92 % p2 87 % p3 75 % p4 75 % p5 100 %
2026-10-02 21:01:11.004 INFO  sched: request 'chatcmpl-c6ea0dce841510f6' starting prefill in slot 2 (75 prompt tokens)
2026-10-02 21:01:11.264 INFO  sched: request 'chatcmpl-c6ea0dce841510f6' prefix cache miss — 0 cut(s), the cache is empty
2026-10-02 21:01:11.264 INFO  sched: request 'chatcmpl-c6ea0dce841510f6' admitted to slot 2 (reserve 17 blocks; pool 68/8192 blocks in use) — first token 10318
2026-10-02 21:01:13.655 INFO  stats: rank 0 | 10.0 s | decode 79.3 tok/s, 10.2 ms/tok, 135.9 ms/step (60 steps / 796 tok, 81 % of wall) | mtp 3.42 tok/step/req, accept p1 93 % p2 83 % p3 77 % p4 82 % p5 83 % | prefill 7 prompts / 520 tok, 52 tok/s, 3.23 ms/tok, 240 ms avg (17 % of wall), 0 tok cached (0/7 hits) | live 4, queued 0 | pool 68/8192 blocks (1 %) | prefix cache 0/780 entries | requests +7 (shed 0, cancelled 0)
2026-10-02 21:01:13.845 INFO  sched: request 'chatcmpl-c6ea0dce841510f6' retired (eos): 61 tok in 2.8 s — prefill 75 tok (0 cached) in 261 ms; decode 60 tok / 19 passes in 2.6 s: 23.3 tok/s, 43.0 ms/tok, 136 ms/pass, 3.16 tok/pass, accept p1 95 % p2 89 % p3 75 % p4 50 %
2026-10-02 21:01:13.971 INFO  sched: request 'chatcmpl-c6ea0dce841510f7' starting prefill in slot 2 (70 prompt tokens)
2026-10-02 21:01:14.223 INFO  sched: request 'chatcmpl-c6ea0dce841510f7' prefix cache miss — 0 cut(s), the cache is empty
2026-10-02 21:01:14.223 INFO  sched: request 'chatcmpl-c6ea0dce841510f7' admitted to slot 2 (reserve 17 blocks; pool 68/8192 blocks in use) — first token 5718
2026-10-02 21:01:14.812 INFO  sched: request 'chatcmpl-c6ea0dce841510f3' retired (eos): 103 tok in 5.8 s — prefill 76 tok (0 cached) in 393 ms; decode 102 tok / 35 passes in 5.4 s: 18.8 tok/s, 53.2 ms/tok, 155 ms/pass, 2.91 tok/pass, accept p1 89 % p2 82 % p3 62 % p4 33 % p5 0 %
2026-10-02 21:01:14.939 INFO  sched: request 'chatcmpl-c6ea0dce841510f8' starting prefill in slot 0 (147 prompt tokens)
2026-10-02 21:01:14.939 INFO  sched: request 'chatcmpl-c6ea0dce841510f8' prefix cache miss — 1 cut(s), the cache is empty
2026-10-02 21:01:14.939 INFO  sched: request 'chatcmpl-c6ea0dce841510f8' prefilling in slot 0 (256 tokens/tick)
2026-10-02 21:01:15.280 INFO  sched: request 'chatcmpl-c6ea0dce841510f8' admitted to slot 0 (reserve 18 blocks; pool 69/8192 blocks in use) — first token 10318
2026-10-02 21:01:15.425 INFO  sched: request 'chatcmpl-c6ea0dce841510f5' retired (eos): 100 tok in 5.7 s — prefill 69 tok (0 cached) in 260 ms; decode 99 tok / 34 passes in 5.4 s: 18.3 tok/s, 54.7 ms/tok, 159 ms/pass, 2.91 tok/pass, accept p1 88 % p2 72 % p3 57 % p4 67 % p5 100 %
2026-10-02 21:01:15.550 INFO  sched: request 'chatcmpl-c6ea0dce841510f9' starting prefill in slot 1 (91 prompt tokens)
2026-10-02 21:01:15.830 INFO  sched: request 'chatcmpl-c6ea0dce841510f9' prefix cache miss — 0 cut(s), the cache is empty
2026-10-02 21:01:15.830 INFO  sched: request 'chatcmpl-c6ea0dce841510f9' admitted to slot 1 (reserve 17 blocks; pool 69/8192 blocks in use) — first token 2581
2026-10-02 21:01:18.729 INFO  sched: request 'chatcmpl-c6ea0dce841510f4' retired (eos): 193 tok in 9.7 s — prefill 77 tok (0 cached) in 393 ms; decode 192 tok / 57 passes in 9.3 s: 20.6 tok/s, 48.6 ms/tok, 164 ms/pass, 3.37 tok/pass, accept p1 95 % p2 87 % p3 77 % p4 77 % p5 33 %
2026-10-02 21:01:18.883 INFO  sched: request 'chatcmpl-c6ea0dce841510fa' starting prefill in slot 3 (108 prompt tokens)
2026-10-02 21:01:19.170 INFO  sched: request 'chatcmpl-c6ea0dce841510fa' prefix cache miss — 0 cut(s), the cache is empty
2026-10-02 21:01:19.170 INFO  sched: request 'chatcmpl-c6ea0dce841510fa' admitted to slot 3 (reserve 17 blocks; pool 69/8192 blocks in use) — first token 2581
2026-10-02 21:01:20.316 INFO  sched: request 'chatcmpl-c6ea0dce841510f8' retired (eos): 120 tok in 5.4 s — prefill 147 tok (0 cached) in 341 ms; decode 119 tok / 30 passes in 5.0 s: 23.6 tok/s, 42.3 ms/tok, 168 ms/pass, 3.97 tok/pass, accept p1 97 % p2 89 % p3 95 % p4 91 % p5 100 %
2026-10-02 21:01:20.465 INFO  sched: request 'chatcmpl-c6ea0dce841510fb' starting prefill in slot 0 (69 prompt tokens)
2026-10-02 21:01:20.713 INFO  sched: request 'chatcmpl-c6ea0dce841510fb' prefix cache miss — 0 cut(s), the cache is empty
2026-10-02 21:01:20.713 INFO  sched: request 'chatcmpl-c6ea0dce841510fb' admitted to slot 0 (reserve 17 blocks; pool 68/8192 blocks in use) — first token 2581
2026-10-02 21:01:21.791 INFO  sched: request 'chatcmpl-c6ea0dce841510f7' retired (eos): 158 tok in 7.8 s — prefill 70 tok (0 cached) in 252 ms; decode 157 tok / 44 passes in 7.6 s: 20.7 tok/s, 48.2 ms/tok, 172 ms/pass, 3.57 tok/pass, accept p1 93 % p2 82 % p3 73 % p4 85 % p5 88 %
2026-10-02 21:01:21.942 INFO  sched: request 'chatcmpl-c6ea0dce841510fc' starting prefill in slot 2 (67 prompt tokens)
2026-10-02 21:01:22.194 INFO  sched: request 'chatcmpl-c6ea0dce841510fc' prefix cache miss — 0 cut(s), the cache is empty
2026-10-02 21:01:22.194 INFO  sched: request 'chatcmpl-c6ea0dce841510fc' admitted to slot 2 (reserve 17 blocks; pool 68/8192 blocks in use) — first token 10318
2026-10-02 21:01:22.581 INFO  sched: request 'chatcmpl-c6ea0dce841510f9' retired (eos): 142 tok in 7.0 s — prefill 91 tok (0 cached) in 280 ms; decode 141 tok / 41 passes in 6.8 s: 20.9 tok/s, 47.9 ms/tok, 165 ms/pass, 3.44 tok/pass, accept p1 93 % p2 75 % p3 68 % p4 77 % p5 100 %
2026-10-02 21:01:22.707 INFO  sched: request 'chatcmpl-c6ea0dce841510fd' starting prefill in slot 1 (71 prompt tokens)
2026-10-02 21:01:22.973 INFO  sched: request 'chatcmpl-c6ea0dce841510fd' prefix cache miss — 0 cut(s), the cache is empty
2026-10-02 21:01:22.973 INFO  sched: request 'chatcmpl-c6ea0dce841510fd' admitted to slot 1 (reserve 17 blocks; pool 68/8192 blocks in use) — first token 5718
2026-10-02 21:01:23.736 INFO  stats: rank 0 | 10.1 s | decode 76.3 tok/s, 10.3 ms/tok, 138.5 ms/step (57 steps / 769 tok, 78 % of wall) | mtp 3.48 tok/step/req, accept p1 92 % p2 84 % p3 77 % p4 75 % p5 77 % | prefill 7 prompts / 623 tok, 62 tok/s, 3.09 ms/tok, 275 ms avg (19 % of wall), 0 tok cached (0/7 hits) | live 4, queued 0 | pool 68/8192 blocks (1 %) | prefix cache 0/780 entries | requests +7 (shed 0, cancelled 0)
2026-10-02 21:01:26.642 INFO  sched: request 'chatcmpl-c6ea0dce841510fd' retired (eos): 83 tok in 3.9 s — prefill 71 tok (0 cached) in 266 ms; decode 82 tok / 25 passes in 3.7 s: 22.4 tok/s, 44.7 ms/tok, 147 ms/pass, 3.28 tok/pass, accept p1 84 % p2 68 % p3 72 % p4 71 % p5 67 %
2026-10-02 21:01:26.817 INFO  sched: request 'chatcmpl-c6ea0dce841510fe' starting prefill in slot 1 (60 prompt tokens)
2026-10-02 21:01:27.048 INFO  sched: request 'chatcmpl-c6ea0dce841510fe' prefix cache miss — 0 cut(s), the cache is empty
2026-10-02 21:01:27.048 INFO  sched: request 'chatcmpl-c6ea0dce841510fe' admitted to slot 1 (reserve 17 blocks; pool 68/8192 blocks in use) — first token 5718
2026-10-02 21:01:27.450 INFO  sched: request 'chatcmpl-c6ea0dce841510fb' retired (eos): 139 tok in 7.0 s — prefill 69 tok (0 cached) in 248 ms; decode 138 tok / 42 passes in 6.7 s: 20.5 tok/s, 48.8 ms/tok, 160 ms/pass, 3.29 tok/pass, accept p1 86 % p2 82 % p3 79 % p4 60 % p5 50 %
2026-10-02 21:01:27.577 INFO  sched: request 'chatcmpl-c6ea0dce841510ff' starting prefill in slot 0 (81 prompt tokens)
2026-10-02 21:01:27.845 INFO  sched: request 'chatcmpl-c6ea0dce841510ff' prefix cache miss — 0 cut(s), the cache is empty
2026-10-02 21:01:27.845 INFO  sched: request 'chatcmpl-c6ea0dce841510ff' admitted to slot 0 (reserve 17 blocks; pool 68/8192 blocks in use) — first token 5718
2026-10-02 21:01:28.457 INFO  sched: request 'chatcmpl-c6ea0dce841510fa' retired (eos): 192 tok in 9.6 s — prefill 108 tok (0 cached) in 288 ms; decode 191 tok / 57 passes in 9.3 s: 20.6 tok/s, 48.6 ms/tok, 163 ms/pass, 3.35 tok/pass, accept p1 95 % p2 84 % p3 73 % p4 77 % p5 57 %
2026-10-02 21:01:28.590 INFO  sched: request 'chatcmpl-c6ea0dce84151100' starting prefill in slot 3 (54 prompt tokens)
2026-10-02 21:01:28.814 INFO  sched: request 'chatcmpl-c6ea0dce84151100' prefix cache miss — 0 cut(s), the cache is empty
2026-10-02 21:01:28.814 INFO  sched: request 'chatcmpl-c6ea0dce84151100' admitted to slot 3 (reserve 17 blocks; pool 68/8192 blocks in use) — first token 2581
2026-10-02 21:01:30.692 INFO  sched: request 'chatcmpl-c6ea0dce841510fc' retired (eos): 193 tok in 8.7 s — prefill 67 tok (0 cached) in 252 ms; decode 192 tok / 53 passes in 8.5 s: 22.6 tok/s, 44.3 ms/tok, 160 ms/pass, 3.62 tok/pass, accept p1 98 % p2 92 % p3 82 % p4 77 % p5 100 %
2026-10-02 21:01:30.889 INFO  sched: request 'chatcmpl-c6ea0dce84151101' starting prefill in slot 2 (57 prompt tokens)
2026-10-02 21:01:31.118 INFO  sched: request 'chatcmpl-c6ea0dce84151101' prefix cache miss — 0 cut(s), the cache is empty
2026-10-02 21:01:31.118 INFO  sched: request 'chatcmpl-c6ea0dce84151101' admitted to slot 2 (reserve 17 blocks; pool 68/8192 blocks in use) — first token 10318
2026-10-02 21:01:32.927 INFO  sched: request 'chatcmpl-c6ea0dce84151100' retired (eos): 97 tok in 4.3 s — prefill 54 tok (0 cached) in 224 ms; decode 96 tok / 26 passes in 4.1 s: 23.3 tok/s, 42.8 ms/tok, 158 ms/pass, 3.69 tok/pass, accept p1 92 % p2 92 % p3 78 % p4 60 % p5 100 %
2026-10-02 21:01:33.081 INFO  sched: request 'chatcmpl-c6ea0dce841510ff' retired (eos): 113 tok in 5.5 s — prefill 81 tok (0 cached) in 268 ms; decode 112 tok / 33 passes in 5.2 s: 21.4 tok/s, 46.7 ms/tok, 159 ms/pass, 3.39 tok/pass, accept p1 82 % p2 74 % p3 90 % p4 67 % p5 60 %
2026-10-02 21:01:33.081 INFO  sched: request 'chatcmpl-c6ea0dce84151102' starting prefill in slot 0 (49 prompt tokens)
2026-10-02 21:01:33.300 INFO  sched: request 'chatcmpl-c6ea0dce84151102' prefix cache miss — 0 cut(s), the cache is empty
2026-10-02 21:01:33.300 INFO  sched: request 'chatcmpl-c6ea0dce84151102' admitted to slot 0 (reserve 17 blocks; pool 51/8192 blocks in use) — first token 5718
2026-10-02 21:01:33.379 INFO  sched: request 'chatcmpl-c6ea0dce84151103' starting prefill in slot 3 (107 prompt tokens)
2026-10-02 21:01:33.669 INFO  sched: request 'chatcmpl-c6ea0dce84151103' prefix cache miss — 0 cut(s), the cache is empty
2026-10-02 21:01:33.669 INFO  sched: request 'chatcmpl-c6ea0dce84151103' admitted to slot 3 (reserve 17 blocks; pool 68/8192 blocks in use) — first token 5718
2026-10-02 21:01:33.785 INFO  sched: request 'chatcmpl-c6ea0dce84151101' retired (eos): 54 tok in 2.9 s — prefill 57 tok (0 cached) in 229 ms; decode 53 tok / 15 passes in 2.7 s: 19.9 tok/s, 50.3 ms/tok, 178 ms/pass, 3.53 tok/pass, accept p1 100 % p2 77 % p3 78 % p4 71 % p5 67 %
2026-10-02 21:01:33.785 INFO  sched: request 'chatcmpl-c6ea0dce841510fe' retired (eos): 134 tok in 7.0 s — prefill 60 tok (0 cached) in 231 ms; decode 133 tok / 39 passes in 6.7 s: 19.7 tok/s, 50.7 ms/tok, 173 ms/pass, 3.41 tok/pass, accept p1 90 % p2 81 % p3 70 % p4 83 % p5 100 %
2026-10-02 21:01:33.785 INFO  stats: rank 0 | 10.0 s | decode 81.1 tok/s, 10.3 ms/tok, 141.7 ms/step (59 steps / 815 tok, 83 % of wall) | mtp 3.54 tok/step/req, accept p1 92 % p2 83 % p3 77 % p4 72 % p5 80 % | prefill 6 prompts / 408 tok, 41 tok/s, 3.58 ms/tok, 243 ms avg (15 % of wall), 0 tok cached (0/6 hits) | live 2, queued 0 | pool 34/8192 blocks (0 %) | prefix cache 0/780 entries | requests +6 (shed 0, cancelled 0)
2026-10-02 21:01:33.927 INFO  sched: request 'chatcmpl-c6ea0dce84151104' starting prefill in slot 1 (102 prompt tokens)
2026-10-02 21:01:33.955 INFO  sched: request 'chatcmpl-c6ea0dce84151105' starting prefill in slot 2 (114 prompt tokens)
2026-10-02 21:01:34.394 INFO  sched: request 'chatcmpl-c6ea0dce84151104' prefix cache miss — 0 cut(s), the cache is empty
2026-10-02 21:01:34.394 INFO  sched: request 'chatcmpl-c6ea0dce84151104' admitted to slot 1 (reserve 17 blocks; pool 52/8192 blocks in use) — first token 2581
2026-10-02 21:01:34.394 INFO  sched: request 'chatcmpl-c6ea0dce84151105' prefix cache miss — 0 cut(s), the cache is empty
2026-10-02 21:01:34.394 INFO  sched: request 'chatcmpl-c6ea0dce84151105' admitted to slot 2 (reserve 17 blocks; pool 68/8192 blocks in use) — first token 5718
2026-10-02 21:01:34.394 INFO  sched: 2 requests admitted together in one prefill (438 ms)
2026-10-02 21:01:38.271 INFO  sched: request 'chatcmpl-c6ea0dce84151102' retired (eos): 106 tok in 5.2 s — prefill 49 tok (0 cached) in 219 ms; decode 105 tok / 32 passes in 5.0 s: 21.1 tok/s, 47.3 ms/tok, 155 ms/pass, 3.28 tok/pass, accept p1 97 % p2 89 % p3 92 % p4 100 % p5 100 %
2026-10-02 21:01:38.416 INFO  sched: request 'chatcmpl-c6ea0dce84151106' starting prefill in slot 0 (62 prompt tokens)
2026-10-02 21:01:38.655 INFO  sched: request 'chatcmpl-c6ea0dce84151106' prefix cache miss — 0 cut(s), the cache is empty
2026-10-02 21:01:38.655 INFO  sched: request 'chatcmpl-c6ea0dce84151106' admitted to slot 0 (reserve 17 blocks; pool 68/8192 blocks in use) — first token 5718
2026-10-02 21:01:39.289 INFO  sched: request 'chatcmpl-c6ea0dce84151103' retired (eos): 111 tok in 5.9 s — prefill 107 tok (0 cached) in 290 ms; decode 110 tok / 37 passes in 5.6 s: 19.6 tok/s, 51.1 ms/tok, 152 ms/pass, 2.97 tok/pass, accept p1 84 % p2 79 % p3 80 % p4 100 % p5 50 %
2026-10-02 21:01:39.406 INFO  sched: request 'chatcmpl-c6ea0dce84151105' retired (eos): 118 tok in 5.5 s — prefill 114 tok (0 cached) in 438 ms; decode 117 tok / 36 passes in 5.0 s: 23.3 tok/s, 42.8 ms/tok, 139 ms/pass, 3.25 tok/pass, accept p1 94 % p2 88 % p3 87 % p4 100 % p5 100 %
2026-10-02 21:01:39.407 INFO  sched: request 'chatcmpl-c6ea0dce84151107' starting prefill in slot 2 (74 prompt tokens)
2026-10-02 21:01:39.679 INFO  sched: request 'chatcmpl-c6ea0dce84151107' prefix cache miss — 0 cut(s), the cache is empty
2026-10-02 21:01:39.679 INFO  sched: request 'chatcmpl-c6ea0dce84151107' admitted to slot 2 (reserve 17 blocks; pool 51/8192 blocks in use) — first token 2581
2026-10-02 21:01:39.761 INFO  sched: request 'chatcmpl-c6ea0dce84151108' starting prefill in slot 3 (110 prompt tokens)
2026-10-02 21:01:40.054 INFO  sched: request 'chatcmpl-c6ea0dce84151108' prefix cache miss — 0 cut(s), the cache is empty
2026-10-02 21:01:40.054 INFO  sched: request 'chatcmpl-c6ea0dce84151108' admitted to slot 3 (reserve 17 blocks; pool 68/8192 blocks in use) — first token 5718
2026-10-02 21:01:43.033 INFO  sched: request 'chatcmpl-c6ea0dce84151106' retired (eos): 93 tok in 4.6 s — prefill 62 tok (0 cached) in 239 ms; decode 92 tok / 29 passes in 4.4 s: 21.0 tok/s, 47.6 ms/tok, 151 ms/pass, 3.17 tok/pass, accept p1 97 % p2 88 % p3 77 % p4 67 % p5 100 %
2026-10-02 21:01:43.162 INFO  sched: request 'chatcmpl-c6ea0dce84151109' starting prefill in slot 0 (62 prompt tokens)
2026-10-02 21:01:43.395 INFO  sched: request 'chatcmpl-c6ea0dce84151109' prefix cache miss — 0 cut(s), the cache is empty
2026-10-02 21:01:43.395 INFO  sched: request 'chatcmpl-c6ea0dce84151109' admitted to slot 0 (reserve 17 blocks; pool 68/8192 blocks in use) — first token 2581
2026-10-02 21:01:43.898 INFO  stats: rank 0 | 10.1 s | decode 78.1 tok/s, 10.7 ms/tok, 132.1 ms/step (64 steps / 790 tok, 84 % of wall) | mtp 3.16 tok/step/req, accept p1 89 % p2 80 % p3 78 % p4 83 % p5 70 % | prefill 6 prompts / 524 tok, 52 tok/s, 2.82 ms/tok, 246 ms avg (15 % of wall), 0 tok cached (0/6 hits) | live 4, queued 0 | pool 68/8192 blocks (1 %) | prefix cache 0/780 entries | requests +6 (shed 0, cancelled 0)
2026-10-02 21:01:44.254 INFO  sched: request 'chatcmpl-c6ea0dce84151107' retired (eos): 92 tok in 4.8 s — prefill 74 tok (0 cached) in 272 ms; decode 91 tok / 29 passes in 4.6 s: 19.9 tok/s, 50.3 ms/tok, 158 ms/pass, 3.14 tok/pass, accept p1 86 % p2 77 % p3 81 % p4 57 % p5 67 %
2026-10-02 21:01:44.402 INFO  sched: request 'chatcmpl-c6ea0dce8415110a' starting prefill in slot 2 (76 prompt tokens)
2026-10-02 21:01:44.662 INFO  sched: request 'chatcmpl-c6ea0dce8415110a' prefix cache miss — 0 cut(s), the cache is empty
2026-10-02 21:01:44.662 INFO  sched: request 'chatcmpl-c6ea0dce8415110a' admitted to slot 2 (reserve 17 blocks; pool 68/8192 blocks in use) — first token 5718
2026-10-02 21:01:45.381 INFO  sched: request 'chatcmpl-c6ea0dce84151108' retired (eos): 119 tok in 5.6 s — prefill 110 tok (0 cached) in 293 ms; decode 118 tok / 34 passes in 5.3 s: 22.2 tok/s, 45.1 ms/tok, 157 ms/pass, 3.47 tok/pass, accept p1 94 % p2 84 % p3 70 % p4 89 % p5 100 %
2026-10-02 21:01:45.520 INFO  sched: request 'chatcmpl-c6ea0dce84151104' retired (eos): 216 tok in 11.6 s — prefill 102 tok (0 cached) in 438 ms; decode 215 tok / 72 passes in 11.1 s: 19.3 tok/s, 51.7 ms/tok, 155 ms/pass, 2.99 tok/pass, accept p1 81 % p2 72 % p3 78 % p4 64 % p5 40 %
2026-10-02 21:01:45.520 INFO  sched: request 'chatcmpl-c6ea0dce8415110b' starting prefill in slot 1 (100 prompt tokens)
2026-10-02 21:01:45.802 INFO  sched: request 'chatcmpl-c6ea0dce8415110b' prefix cache miss — 0 cut(s), the cache is empty
2026-10-02 21:01:45.802 INFO  sched: request 'chatcmpl-c6ea0dce8415110b' admitted to slot 1 (reserve 17 blocks; pool 51/8192 blocks in use) — first token 5718
2026-10-02 21:01:45.919 INFO  sched: request 'chatcmpl-c6ea0dce8415110c' starting prefill in slot 3 (76 prompt tokens)
2026-10-02 21:01:46.178 INFO  sched: request 'chatcmpl-c6ea0dce8415110c' prefix cache miss — 0 cut(s), the cache is empty
2026-10-02 21:01:46.178 INFO  sched: request 'chatcmpl-c6ea0dce8415110c' admitted to slot 3 (reserve 17 blocks; pool 68/8192 blocks in use) — first token 2581
2026-10-02 21:01:47.901 INFO  sched: request 'chatcmpl-c6ea0dce84151109' retired (eos): 99 tok in 4.7 s — prefill 62 tok (0 cached) in 233 ms; decode 98 tok / 25 passes in 4.5 s: 21.7 tok/s, 46.0 ms/tok, 180 ms/pass, 3.92 tok/pass, accept p1 100 % p2 92 % p3 89 % p4 80 % p5 67 %
2026-10-02 21:01:48.102 INFO  sched: request 'chatcmpl-c6ea0dce8415110d' starting prefill in slot 0 (66 prompt tokens)
2026-10-02 21:01:48.351 INFO  sched: request 'chatcmpl-c6ea0dce8415110d' prefix cache miss — 0 cut(s), the cache is empty
2026-10-02 21:01:48.351 INFO  sched: request 'chatcmpl-c6ea0dce8415110d' admitted to slot 0 (reserve 17 blocks; pool 68/8192 blocks in use) — first token 10318
2026-10-02 21:01:50.017 INFO  sched: request 'chatcmpl-c6ea0dce8415110a' retired (eos): 111 tok in 5.6 s — prefill 76 tok (0 cached) in 260 ms; decode 110 tok / 32 passes in 5.4 s: 20.5 tok/s, 48.7 ms/tok, 167 ms/pass, 3.44 tok/pass, accept p1 91 % p2 81 % p3 76 % p4 78 % p5 50 %
2026-10-02 21:01:50.141 INFO  sched: request 'chatcmpl-c6ea0dce8415110e' starting prefill in slot 2 (58 prompt tokens)
2026-10-02 21:01:50.371 INFO  sched: request 'chatcmpl-c6ea0dce8415110e' prefix cache miss — 0 cut(s), the cache is empty
2026-10-02 21:01:50.371 INFO  sched: request 'chatcmpl-c6ea0dce8415110e' admitted to slot 2 (reserve 17 blocks; pool 68/8192 blocks in use) — first token 5718
2026-10-02 21:01:50.782 INFO  sched: request 'chatcmpl-c6ea0dce8415110c' retired (eos): 96 tok in 4.9 s — prefill 76 tok (0 cached) in 260 ms; decode 95 tok / 29 passes in 4.6 s: 20.6 tok/s, 48.5 ms/tok, 159 ms/pass, 3.28 tok/pass, accept p1 86 % p2 79 % p3 71 % p4 86 % p5 100 %
2026-10-02 21:01:50.882 INFO  sched: request 'chatcmpl-c6ea0dce8415110f' starting prefill in slot 3 (79 prompt tokens)
2026-10-02 21:01:51.144 INFO  sched: request 'chatcmpl-c6ea0dce8415110f' prefix cache miss — 0 cut(s), the cache is empty
2026-10-02 21:01:51.144 INFO  sched: request 'chatcmpl-c6ea0dce8415110f' admitted to slot 3 (reserve 17 blocks; pool 68/8192 blocks in use) — first token 2581
2026-10-02 21:01:53.556 INFO  sched: request 'chatcmpl-c6ea0dce8415110d' retired (eos): 112 tok in 5.5 s — prefill 66 tok (0 cached) in 248 ms; decode 111 tok / 36 passes in 5.2 s: 21.3 tok/s, 46.9 ms/tok, 145 ms/pass, 3.08 tok/pass, accept p1 97 % p2 84 % p3 69 % p4 80 % p5 100 %
2026-10-02 21:01:53.683 INFO  sched: request 'chatcmpl-c6ea0dce84151110' starting prefill in slot 0 (118 prompt tokens)
2026-10-02 21:01:53.984 INFO  sched: request 'chatcmpl-c6ea0dce84151110' prefix cache miss — 0 cut(s), the cache is empty
2026-10-02 21:01:53.984 INFO  sched: request 'chatcmpl-c6ea0dce84151110' admitted to slot 0 (reserve 17 blocks; pool 68/8192 blocks in use) — first token 5718
2026-10-02 21:01:54.087 INFO  stats: rank 0 | 10.2 s | decode 75.2 tok/s, 10.6 ms/tok, 132.9 ms/step (61 steps / 766 tok, 80 % of wall) | mtp 3.23 tok/step/req, accept p1 88 % p2 82 % p3 80 % p4 76 % p5 73 % | prefill 7 prompts / 573 tok, 56 tok/s, 3.22 ms/tok, 263 ms avg (18 % of wall), 0 tok cached (0/7 hits) | live 4, queued 0 | pool 68/8192 blocks (1 %) | prefix cache 0/780 entries | requests +7 (shed 0, cancelled 0)
2026-10-02 21:01:55.436 INFO  sched: request 'chatcmpl-c6ea0dce8415110e' retired (eos): 100 tok in 5.3 s — prefill 58 tok (0 cached) in 229 ms; decode 99 tok / 34 passes in 5.1 s: 19.5 tok/s, 51.2 ms/tok, 149 ms/pass, 2.91 tok/pass, accept p1 76 % p2 69 % p3 92 % p4 100 % p5 100 %
2026-10-02 21:01:55.565 INFO  sched: request 'chatcmpl-c6ea0dce84151111' starting prefill in slot 2 (105 prompt tokens)
2026-10-02 21:01:55.857 INFO  sched: request 'chatcmpl-c6ea0dce84151111' prefix cache miss — 0 cut(s), the cache is empty
2026-10-02 21:01:55.857 INFO  sched: request 'chatcmpl-c6ea0dce84151111' admitted to slot 2 (reserve 17 blocks; pool 68/8192 blocks in use) — first token 5718
2026-10-02 21:01:57.810 INFO  sched: request 'chatcmpl-c6ea0dce8415110f' retired (eos): 138 tok in 6.9 s — prefill 79 tok (0 cached) in 263 ms; decode 137 tok / 45 passes in 6.7 s: 20.6 tok/s, 48.7 ms/tok, 148 ms/pass, 3.04 tok/pass, accept p1 89 % p2 78 % p3 75 % p4 71 % p5 67 %
2026-10-02 21:01:57.811 INFO  sched: request 'chatcmpl-c6ea0dce8415110b' retired (eos): 249 tok in 12.3 s — prefill 100 tok (0 cached) in 282 ms; decode 248 tok / 76 passes in 12.0 s: 20.7 tok/s, 48.4 ms/tok, 158 ms/pass, 3.26 tok/pass, accept p1 89 % p2 84 % p3 84 % p4 79 % p5 60 %
2026-10-02 21:01:57.938 INFO  sched: request 'chatcmpl-c6ea0dce84151112' starting prefill in slot 1 (118 prompt tokens)
2026-10-02 21:01:57.938 INFO  sched: request 'chatcmpl-c6ea0dce84151113' starting prefill in slot 3 (102 prompt tokens)
2026-10-02 21:01:58.382 INFO  sched: request 'chatcmpl-c6ea0dce84151112' prefix cache miss — 0 cut(s), the cache is empty
2026-10-02 21:01:58.382 INFO  sched: request 'chatcmpl-c6ea0dce84151112' admitted to slot 1 (reserve 17 blocks; pool 52/8192 blocks in use) — first token 5718
2026-10-02 21:01:58.382 INFO  sched: request 'chatcmpl-c6ea0dce84151113' prefix cache miss — 0 cut(s), the cache is empty
2026-10-02 21:01:58.383 INFO  sched: request 'chatcmpl-c6ea0dce84151113' admitted to slot 3 (reserve 17 blocks; pool 68/8192 blocks in use) — first token 10318
2026-10-02 21:01:58.383 INFO  sched: 2 requests admitted together in one prefill (445 ms)
2026-10-02 21:02:01.162 INFO  sched: request 'chatcmpl-c6ea0dce84151110' retired (eos): 146 tok in 7.5 s — prefill 118 tok (0 cached) in 301 ms; decode 145 tok / 46 passes in 7.2 s: 20.2 tok/s, 49.5 ms/tok, 156 ms/pass, 3.15 tok/pass, accept p1 89 % p2 79 % p3 61 % p4 56 % p5 67 %
2026-10-02 21:02:01.304 INFO  sched: request 'chatcmpl-c6ea0dce84151114' starting prefill in slot 0 (91 prompt tokens)
2026-10-02 21:02:01.578 INFO  sched: request 'chatcmpl-c6ea0dce84151114' prefix cache miss — 0 cut(s), the cache is empty
2026-10-02 21:02:01.578 INFO  sched: request 'chatcmpl-c6ea0dce84151114' admitted to slot 0 (reserve 17 blocks; pool 68/8192 blocks in use) — first token 5718
2026-10-02 21:02:02.379 INFO  sched: request 'chatcmpl-c6ea0dce84151111' retired (eos): 153 tok in 6.8 s — prefill 105 tok (0 cached) in 292 ms; decode 152 tok / 42 passes in 6.5 s: 23.3 tok/s, 42.9 ms/tok, 155 ms/pass, 3.62 tok/pass, accept p1 98 % p2 95 % p3 96 % p4 83 % p5 100 %
2026-10-02 21:02:02.500 INFO  sched: request 'chatcmpl-c6ea0dce84151115' starting prefill in slot 2 (88 prompt tokens)
2026-10-02 21:02:02.767 INFO  sched: request 'chatcmpl-c6ea0dce84151115' prefix cache miss — 0 cut(s), the cache is empty
2026-10-02 21:02:02.767 INFO  sched: request 'chatcmpl-c6ea0dce84151115' admitted to slot 2 (reserve 17 blocks; pool 68/8192 blocks in use) — first token 2581
2026-10-02 21:02:03.993 INFO  sched: request 'chatcmpl-c6ea0dce84151113' retired (eos): 119 tok in 6.1 s — prefill 102 tok (0 cached) in 445 ms; decode 118 tok / 37 passes in 5.6 s: 21.0 tok/s, 47.6 ms/tok, 152 ms/pass, 3.19 tok/pass, accept p1 89 % p2 84 % p3 80 % p4 71 % p5 67 %
2026-10-02 21:02:04.094 INFO  sched: request 'chatcmpl-c6ea0dce84151116' starting prefill in slot 3 (72 prompt tokens)
2026-10-02 21:02:04.348 INFO  sched: request 'chatcmpl-c6ea0dce84151116' prefix cache miss — 0 cut(s), the cache is empty
2026-10-02 21:02:04.348 INFO  sched: request 'chatcmpl-c6ea0dce84151116' admitted to slot 3 (reserve 17 blocks; pool 68/8192 blocks in use) — first token 5718
2026-10-02 21:02:04.477 INFO  stats: rank 0 | 10.4 s | decode 79.8 tok/s, 10.4 ms/tok, 135.2 ms/step (64 steps / 829 tok, 83 % of wall) | mtp 3.32 tok/step/req, accept p1 91 % p2 82 % p3 79 % p4 77 % p5 81 % | prefill 6 prompts / 576 tok, 55 tok/s, 2.66 ms/tok, 255 ms avg (15 % of wall), 0 tok cached (0/6 hits) | live 4, queued 0 | pool 68/8192 blocks (1 %) | prefix cache 0/780 entries | requests +6 (shed 0, cancelled 0)
2026-10-02 21:02:06.662 INFO  sched: request 'chatcmpl-c6ea0dce84151115' retired (eos): 85 tok in 4.2 s — prefill 88 tok (0 cached) in 267 ms; decode 84 tok / 26 passes in 3.9 s: 21.6 tok/s, 46.4 ms/tok, 150 ms/pass, 3.23 tok/pass, accept p1 85 % p2 86 % p3 93 % p4 43 % p5 33 %
2026-10-02 21:02:06.819 INFO  sched: request 'chatcmpl-c6ea0dce84151117' starting prefill in slot 2 (56 prompt tokens)
2026-10-02 21:02:07.049 INFO  sched: request 'chatcmpl-c6ea0dce84151117' prefix cache miss — 0 cut(s), the cache is empty
2026-10-02 21:02:07.049 INFO  sched: request 'chatcmpl-c6ea0dce84151117' admitted to slot 2 (reserve 17 blocks; pool 68/8192 blocks in use) — first token 5718
2026-10-02 21:02:07.693 INFO  sched: request 'chatcmpl-c6ea0dce84151112' retired (eos): 195 tok in 9.8 s — prefill 118 tok (0 cached) in 445 ms; decode 194 tok / 60 passes in 9.3 s: 20.8 tok/s, 48.0 ms/tok, 155 ms/pass, 3.23 tok/pass, accept p1 85 % p2 81 % p3 85 % p4 73 % p5 80 %
2026-10-02 21:02:07.865 INFO  sched: request 'chatcmpl-c6ea0dce84151118' starting prefill in slot 1 (70 prompt tokens)
2026-10-02 21:02:08.116 INFO  sched: request 'chatcmpl-c6ea0dce84151118' prefix cache miss — 0 cut(s), the cache is empty
2026-10-02 21:02:08.116 INFO  sched: request 'chatcmpl-c6ea0dce84151118' admitted to slot 1 (reserve 17 blocks; pool 68/8192 blocks in use) — first token 2581
2026-10-02 21:02:10.117 INFO  sched: request 'chatcmpl-c6ea0dce84151116' retired (eos): 135 tok in 6.0 s — prefill 72 tok (0 cached) in 255 ms; decode 134 tok / 37 passes in 5.8 s: 23.2 tok/s, 43.0 ms/tok, 156 ms/pass, 3.62 tok/pass, accept p1 97 % p2 85 % p3 91 % p4 100 % p5 100 %
2026-10-02 21:02:10.117 INFO  sched: request 'chatcmpl-c6ea0dce84151117' retired (eos): 66 tok in 3.3 s — prefill 56 tok (0 cached) in 229 ms; decode 65 tok / 20 passes in 3.1 s: 21.2 tok/s, 47.2 ms/tok, 153 ms/pass, 3.25 tok/pass, accept p1 90 % p2 83 % p3 64 % p4 75 % p5 100 %
2026-10-02 21:02:10.209 INFO  sched: request 'chatcmpl-c6ea0dce84151119' starting prefill in slot 2 (138 prompt tokens)
2026-10-02 21:02:10.209 INFO  sched: request 'chatcmpl-c6ea0dce84151119' prefix cache miss — 1 cut(s), the cache is empty
2026-10-02 21:02:10.209 INFO  sched: request 'chatcmpl-c6ea0dce84151119' prefilling in slot 2 (256 tokens/tick)
2026-10-02 21:02:10.528 INFO  sched: request 'chatcmpl-c6ea0dce84151119' admitted to slot 2 (reserve 18 blocks; pool 52/8192 blocks in use) — first token 5718
2026-10-02 21:02:10.626 INFO  sched: request 'chatcmpl-c6ea0dce8415111a' starting prefill in slot 3 (103 prompt tokens)
2026-10-02 21:02:10.911 INFO  sched: request 'chatcmpl-c6ea0dce8415111a' prefix cache miss — 0 cut(s), the cache is empty
2026-10-02 21:02:10.911 INFO  sched: request 'chatcmpl-c6ea0dce8415111a' admitted to slot 3 (reserve 17 blocks; pool 69/8192 blocks in use) — first token 5718
2026-10-02 21:02:12.472 INFO  sched: request 'chatcmpl-c6ea0dce84151114' retired (eos): 213 tok in 11.2 s — prefill 91 tok (0 cached) in 273 ms; decode 212 tok / 68 passes in 10.9 s: 19.5 tok/s, 51.4 ms/tok, 160 ms/pass, 3.12 tok/pass, accept p1 91 % p2 75 % p3 68 % p4 83 % p5 80 %
2026-10-02 21:02:12.623 INFO  sched: request 'chatcmpl-c6ea0dce8415111b' starting prefill in slot 0 (84 prompt tokens)
2026-10-02 21:02:12.895 INFO  sched: request 'chatcmpl-c6ea0dce8415111b' prefix cache miss — 0 cut(s), the cache is empty
2026-10-02 21:02:12.895 INFO  sched: request 'chatcmpl-c6ea0dce8415111b' admitted to slot 0 (reserve 17 blocks; pool 69/8192 blocks in use) — first token 10318
2026-10-02 21:02:14.358 INFO  sched: request 'chatcmpl-c6ea0dce84151118' retired (eos): 134 tok in 6.5 s — prefill 70 tok (0 cached) in 251 ms; decode 133 tok / 39 passes in 6.2 s: 21.3 tok/s, 46.9 ms/tok, 160 ms/pass, 3.41 tok/pass, accept p1 92 % p2 82 % p3 87 % p4 100 % p5 100 %
2026-10-02 21:02:14.486 INFO  sched: request 'chatcmpl-c6ea0dce8415111c' starting prefill in slot 1 (109 prompt tokens)
2026-10-02 21:02:14.789 INFO  sched: request 'chatcmpl-c6ea0dce8415111c' prefix cache miss — 0 cut(s), the cache is empty
2026-10-02 21:02:14.789 INFO  sched: request 'chatcmpl-c6ea0dce8415111c' admitted to slot 1 (reserve 17 blocks; pool 69/8192 blocks in use) — first token 5718
2026-10-02 21:02:14.871 INFO  stats: rank 0 | 10.4 s | decode 77.7 tok/s, 10.5 ms/tok, 135.2 ms/step (63 steps / 808 tok, 82 % of wall) | mtp 3.30 tok/step/req, accept p1 91 % p2 80 % p3 79 % p4 74 % p5 79 % | prefill 6 prompts / 560 tok, 54 tok/s, 2.96 ms/tok, 277 ms avg (16 % of wall), 0 tok cached (0/6 hits) | live 4, queued 0 | pool 69/8192 blocks (1 %) | prefix cache 0/780 entries | requests +6 (shed 0, cancelled 0)
2026-10-02 21:02:16.696 INFO  sched: request 'chatcmpl-c6ea0dce8415111b' retired (eos): 83 tok in 4.1 s — prefill 84 tok (0 cached) in 272 ms; decode 82 tok / 24 passes in 3.8 s: 21.6 tok/s, 46.3 ms/tok, 158 ms/pass, 3.42 tok/pass, accept p1 96 % p2 77 % p3 67 % p4 71 % p5 75 %
2026-10-02 21:02:16.860 INFO  sched: request 'chatcmpl-c6ea0dce8415111d' starting prefill in slot 0 (94 prompt tokens)
2026-10-02 21:02:17.139 INFO  sched: request 'chatcmpl-c6ea0dce8415111d' prefix cache miss — 0 cut(s), the cache is empty
2026-10-02 21:02:17.139 INFO  sched: request 'chatcmpl-c6ea0dce8415111d' admitted to slot 0 (reserve 17 blocks; pool 69/8192 blocks in use) — first token 2581
2026-10-02 21:02:19.371 INFO  sched: request 'chatcmpl-c6ea0dce8415111a' retired (eos): 195 tok in 8.7 s — prefill 103 tok (0 cached) in 285 ms; decode 194 tok / 52 passes in 8.5 s: 22.9 tok/s, 43.6 ms/tok, 163 ms/pass, 3.73 tok/pass, accept p1 96 % p2 89 % p3 88 % p4 87 % p5 100 %
2026-10-02 21:02:19.453 INFO  sched: request 'chatcmpl-c6ea0dce8415111e' starting prefill in slot 3 (88 prompt tokens)
2026-10-02 21:02:19.726 INFO  sched: request 'chatcmpl-c6ea0dce8415111e' prefix cache miss — 0 cut(s), the cache is empty
2026-10-02 21:02:19.726 INFO  sched: request 'chatcmpl-c6ea0dce8415111e' admitted to slot 3 (reserve 17 blocks; pool 69/8192 blocks in use) — first token 2581
2026-10-02 21:02:22.120 INFO  sched: request 'chatcmpl-c6ea0dce8415111c' retired (eos): 157 tok in 7.6 s — prefill 109 tok (0 cached) in 303 ms; decode 156 tok / 46 passes in 7.3 s: 21.3 tok/s, 47.0 ms/tok, 159 ms/pass, 3.39 tok/pass, accept p1 85 % p2 79 % p3 76 % p4 65 % p5 86 %
2026-10-02 21:02:22.247 INFO  sched: request 'chatcmpl-c6ea0dce8415111f' starting prefill in slot 1 (55 prompt tokens)
2026-10-02 21:02:22.481 INFO  sched: request 'chatcmpl-c6ea0dce8415111f' prefix cache miss — 0 cut(s), the cache is empty
2026-10-02 21:02:22.481 INFO  sched: request 'chatcmpl-c6ea0dce8415111f' admitted to slot 1 (reserve 17 blocks; pool 69/8192 blocks in use) — first token 10318
2026-10-02 21:02:22.628 INFO  sched: request 'chatcmpl-c6ea0dce8415111e' retired (eos): 66 tok in 3.2 s — prefill 88 tok (0 cached) in 272 ms; decode 65 tok / 19 passes in 2.9 s: 22.4 tok/s, 44.6 ms/tok, 153 ms/pass, 3.42 tok/pass, accept p1 89 % p2 83 % p3 90 % p4 100 %
2026-10-02 21:02:22.709 INFO  sched: request 'chatcmpl-c6ea0dce84151120' starting prefill in slot 3 (107 prompt tokens)
2026-10-02 21:02:22.998 INFO  sched: request 'chatcmpl-c6ea0dce84151120' prefix cache miss — 0 cut(s), the cache is empty
2026-10-02 21:02:22.998 INFO  sched: request 'chatcmpl-c6ea0dce84151120' admitted to slot 3 (reserve 17 blocks; pool 69/8192 blocks in use) — first token 5718
2026-10-02 21:02:24.016 INFO  sched: request 'chatcmpl-c6ea0dce84151119' retired (eos): 261 tok in 13.8 s — prefill 138 tok (0 cached) in 319 ms; decode 260 tok / 81 passes in 13.5 s: 19.3 tok/s, 51.9 ms/tok, 167 ms/pass, 3.21 tok/pass, accept p1 83 % p2 69 % p3 71 % p4 87 % p5 89 %
2026-10-02 21:02:24.159 INFO  sched: request 'chatcmpl-c6ea0dce84151121' starting prefill in slot 2 (114 prompt tokens)
2026-10-02 21:02:24.457 INFO  sched: request 'chatcmpl-c6ea0dce84151121' prefix cache miss — 0 cut(s), the cache is empty
2026-10-02 21:02:24.457 INFO  sched: request 'chatcmpl-c6ea0dce84151121' admitted to slot 2 (reserve 17 blocks; pool 68/8192 blocks in use) — first token 5718
2026-10-02 21:02:24.897 INFO  stats: rank 0 | 10.0 s | decode 81.9 tok/s, 10.3 ms/tok, 143.1 ms/step (59 steps / 821 tok, 84 % of wall) | mtp 3.55 tok/step/req, accept p1 89 % p2 80 % p3 78 % p4 81 % p5 91 % | prefill 5 prompts / 458 tok, 46 tok/s, 3.00 ms/tok, 275 ms avg (14 % of wall), 0 tok cached (0/5 hits) | live 4, queued 0 | pool 68/8192 blocks (1 %) | prefix cache 0/780 entries | requests +5 (shed 0, cancelled 0)
2026-10-02 21:02:25.335 INFO  sched: request 'chatcmpl-c6ea0dce8415111d' retired (eos): 170 tok in 8.5 s — prefill 94 tok (0 cached) in 278 ms; decode 169 tok / 49 passes in 8.2 s: 20.6 tok/s, 48.5 ms/tok, 167 ms/pass, 3.45 tok/pass, accept p1 90 % p2 81 % p3 77 % p4 76 % p5 83 %
2026-10-02 21:02:25.463 INFO  sched: request 'chatcmpl-c6ea0dce84151122' starting prefill in slot 0 (75 prompt tokens)
2026-10-02 21:02:25.720 INFO  sched: request 'chatcmpl-c6ea0dce84151122' prefix cache miss — 0 cut(s), the cache is empty
2026-10-02 21:02:25.720 INFO  sched: request 'chatcmpl-c6ea0dce84151122' admitted to slot 0 (reserve 17 blocks; pool 68/8192 blocks in use) — first token 2581
2026-10-02 21:02:26.109 INFO  sched: request 'chatcmpl-c6ea0dce8415111f' retired (eos): 61 tok in 3.9 s — prefill 55 tok (0 cached) in 235 ms; decode 60 tok / 20 passes in 3.6 s: 16.5 tok/s, 60.5 ms/tok, 181 ms/pass, 3.00 tok/pass, accept p1 90 % p2 76 % p3 67 % p4 40 % p5 100 %
2026-10-02 21:02:26.253 INFO  sched: request 'chatcmpl-c6ea0dce84151123' starting prefill in slot 1 (55 prompt tokens)
2026-10-02 21:02:26.478 INFO  sched: request 'chatcmpl-c6ea0dce84151123' prefix cache miss — 0 cut(s), the cache is empty
2026-10-02 21:02:26.478 INFO  sched: request 'chatcmpl-c6ea0dce84151123' admitted to slot 1 (reserve 17 blocks; pool 68/8192 blocks in use) — first token 10318
2026-10-02 21:02:28.809 INFO  sched: request 'chatcmpl-c6ea0dce84151123' retired (eos): 52 tok in 2.6 s — prefill 55 tok (0 cached) in 225 ms; decode 51 tok / 17 passes in 2.3 s: 21.9 tok/s, 45.7 ms/tok, 137 ms/pass, 3.00 tok/pass, accept p1 100 % p2 75 % p3 50 % p4 50 % p5 33 %
2026-10-02 21:02:28.960 INFO  sched: request 'chatcmpl-c6ea0dce84151124' starting prefill in slot 1 (98 prompt tokens)
2026-10-02 21:02:29.247 INFO  sched: request 'chatcmpl-c6ea0dce84151124' prefix cache miss — 0 cut(s), the cache is empty
2026-10-02 21:02:29.247 INFO  sched: request 'chatcmpl-c6ea0dce84151124' admitted to slot 1 (reserve 17 blocks; pool 68/8192 blocks in use) — first token 10318
2026-10-02 21:02:31.116 INFO  sched: request 'chatcmpl-c6ea0dce84151122' retired (eos): 105 tok in 5.7 s — prefill 75 tok (0 cached) in 257 ms; decode 104 tok / 38 passes in 5.4 s: 19.3 tok/s, 51.9 ms/tok, 142 ms/pass, 2.74 tok/pass, accept p1 87 % p2 68 % p3 64 % p4 75 % p5 100 %
2026-10-02 21:02:31.218 INFO  sched: request 'chatcmpl-c6ea0dce84151125' starting prefill in slot 0 (104 prompt tokens)
2026-10-02 21:02:31.502 INFO  sched: request 'chatcmpl-c6ea0dce84151125' prefix cache miss — 0 cut(s), the cache is empty
2026-10-02 21:02:31.502 INFO  sched: request 'chatcmpl-c6ea0dce84151125' admitted to slot 0 (reserve 17 blocks; pool 68/8192 blocks in use) — first token 5718
2026-10-02 21:02:32.868 INFO  sched: request 'chatcmpl-c6ea0dce84151120' retired (eos): 206 tok in 10.2 s — prefill 107 tok (0 cached) in 289 ms; decode 205 tok / 65 passes in 9.9 s: 20.8 tok/s, 48.1 ms/tok, 152 ms/pass, 3.15 tok/pass, accept p1 97 % p2 92 % p3 75 % p4 89 % p5 75 %
2026-10-02 21:02:33.003 INFO  sched: request 'chatcmpl-c6ea0dce84151126' starting prefill in slot 3 (65 prompt tokens)
2026-10-02 21:02:33.246 INFO  sched: request 'chatcmpl-c6ea0dce84151126' prefix cache miss — 0 cut(s), the cache is empty
2026-10-02 21:02:33.246 INFO  sched: request 'chatcmpl-c6ea0dce84151126' admitted to slot 3 (reserve 17 blocks; pool 68/8192 blocks in use) — first token 2581
2026-10-02 21:02:34.127 INFO  sched: request 'chatcmpl-c6ea0dce84151124' retired (eos): 92 tok in 5.2 s — prefill 98 tok (0 cached) in 288 ms; decode 91 tok / 35 passes in 4.9 s: 18.6 tok/s, 53.6 ms/tok, 139 ms/pass, 2.60 tok/pass, accept p1 77 % p2 76 % p3 90 % p4 50 %
2026-10-02 21:02:34.255 INFO  sched: request 'chatcmpl-c6ea0dce84151127' starting prefill in slot 1 (79 prompt tokens)
2026-10-02 21:02:34.525 INFO  sched: request 'chatcmpl-c6ea0dce84151127' prefix cache miss — 0 cut(s), the cache is empty
2026-10-02 21:02:34.525 INFO  sched: request 'chatcmpl-c6ea0dce84151127' admitted to slot 1 (reserve 17 blocks; pool 68/8192 blocks in use) — first token 5718
2026-10-02 21:02:34.944 INFO  stats: rank 0 | 10.0 s | decode 76.9 tok/s, 10.7 ms/tok, 126.8 ms/step (65 steps / 773 tok, 82 % of wall) | mtp 3.04 tok/step/req, accept p1 92 % p2 85 % p3 82 % p4 77 % p5 75 % | prefill 6 prompts / 476 tok, 47 tok/s, 3.29 ms/tok, 261 ms avg (16 % of wall), 0 tok cached (0/6 hits) | live 4, queued 0 | pool 68/8192 blocks (1 %) | prefix cache 0/780 entries | requests +6 (shed 0, cancelled 0)
2026-10-02 21:02:36.938 INFO  sched: request 'chatcmpl-c6ea0dce84151126' retired (eos): 80 tok in 3.9 s — prefill 65 tok (0 cached) in 243 ms; decode 79 tok / 22 passes in 3.7 s: 21.4 tok/s, 46.7 ms/tok, 168 ms/pass, 3.59 tok/pass, accept p1 82 % p2 81 % p3 76 % p4 58 % p5 67 %
2026-10-02 21:02:37.039 INFO  sched: request 'chatcmpl-c6ea0dce84151128' starting prefill in slot 3 (87 prompt tokens)
2026-10-02 21:02:37.310 INFO  sched: request 'chatcmpl-c6ea0dce84151128' prefix cache miss — 0 cut(s), the cache is empty
2026-10-02 21:02:37.310 INFO  sched: request 'chatcmpl-c6ea0dce84151128' admitted to slot 3 (reserve 17 blocks; pool 68/8192 blocks in use) — first token 5718
2026-10-02 21:02:38.064 INFO  sched: request 'chatcmpl-c6ea0dce84151121' retired (eos): 300 tok in 13.9 s — prefill 114 tok (0 cached) in 298 ms; decode 299 tok / 86 passes in 13.6 s: 22.0 tok/s, 45.5 ms/tok, 158 ms/pass, 3.48 tok/pass, accept p1 95 % p2 92 % p3 97 % p4 95 % p5 75 %
2026-10-02 21:02:38.193 INFO  sched: request 'chatcmpl-c6ea0dce84151129' starting prefill in slot 2 (62 prompt tokens)
2026-10-02 21:02:38.427 INFO  sched: request 'chatcmpl-c6ea0dce84151129' prefix cache miss — 0 cut(s), the cache is empty
2026-10-02 21:02:38.427 INFO  sched: request 'chatcmpl-c6ea0dce84151129' admitted to slot 2 (reserve 17 blocks; pool 68/8192 blocks in use) — first token 5718
2026-10-02 21:02:40.653 INFO  sched: request 'chatcmpl-c6ea0dce84151127' retired (eos): 151 tok in 6.4 s — prefill 79 tok (0 cached) in 270 ms; decode 150 tok / 37 passes in 6.1 s: 24.5 tok/s, 40.9 ms/tok, 166 ms/pass, 4.05 tok/pass, accept p1 97 % p2 94 % p3 89 % p4 93 % p5 100 %
2026-10-02 21:02:40.782 INFO  sched: request 'chatcmpl-c6ea0dce8415112a' starting prefill in slot 1 (94 prompt tokens)
2026-10-02 21:02:41.062 INFO  sched: request 'chatcmpl-c6ea0dce8415112a' prefix cache miss — 0 cut(s), the cache is empty
2026-10-02 21:02:41.062 INFO  sched: request 'chatcmpl-c6ea0dce8415112a' admitted to slot 1 (reserve 17 blocks; pool 68/8192 blocks in use) — first token 5718
2026-10-02 21:02:44.327 INFO  sched: request 'chatcmpl-c6ea0dce84151129' retired (eos): 138 tok in 6.1 s — prefill 62 tok (0 cached) in 234 ms; decode 137 tok / 39 passes in 5.9 s: 23.2 tok/s, 43.1 ms/tok, 151 ms/pass, 3.51 tok/pass, accept p1 95 % p2 92 % p3 83 % p4 86 % p5 60 %
2026-10-02 21:02:44.456 INFO  sched: request 'chatcmpl-c6ea0dce8415112b' starting prefill in slot 2 (141 prompt tokens)
2026-10-02 21:02:44.456 INFO  sched: request 'chatcmpl-c6ea0dce8415112b' prefix cache miss — 1 cut(s), the cache is empty
2026-10-02 21:02:44.456 INFO  sched: request 'chatcmpl-c6ea0dce8415112b' prefilling in slot 2 (256 tokens/tick)
2026-10-02 21:02:44.782 INFO  sched: request 'chatcmpl-c6ea0dce8415112b' admitted to slot 2 (reserve 18 blocks; pool 69/8192 blocks in use) — first token 5718
2026-10-02 21:02:45.022 INFO  stats: rank 0 | 10.1 s | decode 85.7 tok/s, 10.2 ms/tok, 143.8 ms/step (61 steps / 864 tok, 87 % of wall) | mtp 3.60 tok/step/req, accept p1 92 % p2 86 % p3 83 % p4 76 % p5 75 % | prefill 4 prompts / 384 tok, 38 tok/s, 2.89 ms/tok, 278 ms avg (11 % of wall), 0 tok cached (0/4 hits) | live 4, queued 0 | pool 69/8192 blocks (1 %) | prefix cache 0/780 entries | requests +4 (shed 0, cancelled 0)
2026-10-02 21:02:48.314 INFO  sched: request 'chatcmpl-c6ea0dce84151128' retired (eos): 248 tok in 11.3 s — prefill 87 tok (0 cached) in 271 ms; decode 247 tok / 74 passes in 11.0 s: 22.4 tok/s, 44.5 ms/tok, 149 ms/pass, 3.34 tok/pass, accept p1 95 % p2 89 % p3 87 % p4 100 % p5 86 %
2026-10-02 21:02:48.440 INFO  sched: request 'chatcmpl-c6ea0dce8415112c' starting prefill in slot 3 (74 prompt tokens)
2026-10-02 21:02:48.702 INFO  sched: request 'chatcmpl-c6ea0dce8415112c' prefix cache miss — 0 cut(s), the cache is empty
2026-10-02 21:02:48.702 INFO  sched: request 'chatcmpl-c6ea0dce8415112c' admitted to slot 3 (reserve 17 blocks; pool 69/8192 blocks in use) — first token 5718
2026-10-02 21:02:48.981 INFO  sched: request 'chatcmpl-c6ea0dce8415112a' retired (eos): 161 tok in 8.2 s — prefill 94 tok (0 cached) in 280 ms; decode 160 tok / 55 passes in 7.9 s: 20.2 tok/s, 49.5 ms/tok, 144 ms/pass, 2.91 tok/pass, accept p1 85 % p2 83 % p3 74 % p4 57 % p5 67 %
2026-10-02 21:02:49.089 INFO  sched: request 'chatcmpl-c6ea0dce8415112d' starting prefill in slot 1 (59 prompt tokens)
2026-10-02 21:02:49.326 INFO  sched: request 'chatcmpl-c6ea0dce8415112d' prefix cache miss — 0 cut(s), the cache is empty
2026-10-02 21:02:49.326 INFO  sched: request 'chatcmpl-c6ea0dce8415112d' admitted to slot 1 (reserve 17 blocks; pool 69/8192 blocks in use) — first token 5718
2026-10-02 21:02:51.332 INFO  sched: request 'chatcmpl-c6ea0dce8415112c' retired (eos): 62 tok in 2.9 s — prefill 74 tok (0 cached) in 262 ms; decode 61 tok / 17 passes in 2.6 s: 23.2 tok/s, 43.1 ms/tok, 155 ms/pass, 3.59 tok/pass, accept p1 100 % p2 94 % p3 88 % p4 100 % p5 100 %
2026-10-02 21:02:51.437 INFO  sched: request 'chatcmpl-c6ea0dce8415112e' starting prefill in slot 3 (106 prompt tokens)
2026-10-02 21:02:51.730 INFO  sched: request 'chatcmpl-c6ea0dce8415112e' prefix cache miss — 0 cut(s), the cache is empty
2026-10-02 21:02:51.730 INFO  sched: request 'chatcmpl-c6ea0dce8415112e' admitted to slot 3 (reserve 17 blocks; pool 69/8192 blocks in use) — first token 5718
2026-10-02 21:02:52.407 INFO  sched: request 'chatcmpl-c6ea0dce8415112d' retired (eos): 67 tok in 3.3 s — prefill 59 tok (0 cached) in 237 ms; decode 66 tok / 20 passes in 3.1 s: 21.4 tok/s, 46.7 ms/tok, 154 ms/pass, 3.30 tok/pass, accept p1 95 % p2 80 % p3 78 % p4 75 % p5 100 %
2026-10-02 21:02:52.536 INFO  sched: request 'chatcmpl-c6ea0dce8415112f' starting prefill in slot 1 (82 prompt tokens)
2026-10-02 21:02:52.806 INFO  sched: request 'chatcmpl-c6ea0dce8415112f' prefix cache miss — 0 cut(s), the cache is empty
2026-10-02 21:02:52.806 INFO  sched: request 'chatcmpl-c6ea0dce8415112f' admitted to slot 1 (reserve 17 blocks; pool 69/8192 blocks in use) — first token 2581
2026-10-02 21:02:54.254 INFO  sched: request 'chatcmpl-c6ea0dce8415112b' retired (eos): 186 tok in 9.8 s — prefill 141 tok (0 cached) in 326 ms; decode 185 tok / 64 passes in 9.5 s: 19.5 tok/s, 51.2 ms/tok, 148 ms/pass, 2.89 tok/pass, accept p1 89 % p2 77 % p3 75 % p4 71 % p5 67 %
2026-10-02 21:02:54.405 INFO  sched: request 'chatcmpl-c6ea0dce84151130' starting prefill in slot 2 (78 prompt tokens)
2026-10-02 21:02:54.675 INFO  sched: request 'chatcmpl-c6ea0dce84151130' prefix cache miss — 0 cut(s), the cache is empty
2026-10-02 21:02:54.675 INFO  sched: request 'chatcmpl-c6ea0dce84151130' admitted to slot 2 (reserve 17 blocks; pool 68/8192 blocks in use) — first token 5718
2026-10-02 21:02:55.148 INFO  stats: rank 0 | 10.1 s | decode 78.7 tok/s, 10.7 ms/tok, 129.5 ms/step (66 steps / 797 tok, 84 % of wall) | mtp 3.08 tok/step/req, accept p1 92 % p2 81 % p3 78 % p4 83 % p5 83 % | prefill 5 prompts / 399 tok, 39 tok/s, 3.34 ms/tok, 267 ms avg (13 % of wall), 0 tok cached (0/5 hits) | live 4, queued 0 | pool 68/8192 blocks (1 %) | prefix cache 0/780 entries | requests +5 (shed 0, cancelled 0)
2026-10-02 21:02:58.116 INFO  sched: request 'chatcmpl-c6ea0dce8415112e' retired (eos): 144 tok in 6.7 s — prefill 106 tok (0 cached) in 293 ms; decode 143 tok / 42 passes in 6.4 s: 22.4 tok/s, 44.7 ms/tok, 152 ms/pass, 3.40 tok/pass, accept p1 95 % p2 85 % p3 83 % p4 100 % p5 100 %
2026-10-02 21:02:58.216 INFO  sched: request 'chatcmpl-c6ea0dce84151131' starting prefill in slot 3 (57 prompt tokens)
2026-10-02 21:02:58.446 INFO  sched: request 'chatcmpl-c6ea0dce84151131' prefix cache miss — 0 cut(s), the cache is empty
2026-10-02 21:02:58.446 INFO  sched: request 'chatcmpl-c6ea0dce84151131' admitted to slot 3 (reserve 17 blocks; pool 68/8192 blocks in use) — first token 5718
2026-10-02 21:02:58.897 INFO  sched: request 'chatcmpl-c6ea0dce84151125' retired (eos): 563 tok in 27.7 s — prefill 104 tok (0 cached) in 284 ms; decode 562 tok / 175 passes in 27.4 s: 20.5 tok/s, 48.7 ms/tok, 157 ms/pass, 3.21 tok/pass, accept p1 93 % p2 80 % p3 77 % p4 69 % p5 71 %
2026-10-02 21:02:59.077 INFO  sched: request 'chatcmpl-c6ea0dce84151132' starting prefill in slot 0 (84 prompt tokens)
2026-10-02 21:02:59.351 INFO  sched: request 'chatcmpl-c6ea0dce84151132' prefix cache miss — 0 cut(s), the cache is empty
2026-10-02 21:02:59.351 INFO  sched: request 'chatcmpl-c6ea0dce84151132' admitted to slot 0 (reserve 17 blocks; pool 68/8192 blocks in use) — first token 5718
2026-10-02 21:03:00.263 INFO  sched: request 'chatcmpl-c6ea0dce84151130' retired (eos): 122 tok in 5.9 s — prefill 78 tok (0 cached) in 271 ms; decode 121 tok / 36 passes in 5.6 s: 21.7 tok/s, 46.2 ms/tok, 155 ms/pass, 3.36 tok/pass, accept p1 83 % p2 88 % p3 80 % p4 70 % p5 100 %
2026-10-02 21:03:00.409 INFO  sched: request 'chatcmpl-c6ea0dce84151133' starting prefill in slot 2 (71 prompt tokens)
2026-10-02 21:03:00.666 INFO  sched: request 'chatcmpl-c6ea0dce84151133' prefix cache miss — 0 cut(s), the cache is empty
2026-10-02 21:03:00.666 INFO  sched: request 'chatcmpl-c6ea0dce84151133' admitted to slot 2 (reserve 17 blocks; pool 68/8192 blocks in use) — first token 5718
2026-10-02 21:03:01.128 INFO  sched: request 'chatcmpl-c6ea0dce84151131' retired (eos): 51 tok in 2.9 s — prefill 57 tok (0 cached) in 229 ms; decode 50 tok / 15 passes in 2.7 s: 18.6 tok/s, 53.7 ms/tok, 179 ms/pass, 3.33 tok/pass, accept p1 93 % p2 85 % p3 88 % p4 60 % p5 100 %
2026-10-02 21:03:01.226 INFO  sched: request 'chatcmpl-c6ea0dce84151134' starting prefill in slot 3 (52 prompt tokens)
2026-10-02 21:03:01.453 INFO  sched: request 'chatcmpl-c6ea0dce84151134' prefix cache miss — 0 cut(s), the cache is empty
2026-10-02 21:03:01.453 INFO  sched: request 'chatcmpl-c6ea0dce84151134' admitted to slot 3 (reserve 17 blocks; pool 68/8192 blocks in use) — first token 10318
2026-10-02 21:03:01.573 INFO  sched: request 'chatcmpl-c6ea0dce8415112f' retired (eos): 184 tok in 9.0 s — prefill 82 tok (0 cached) in 270 ms; decode 183 tok / 54 passes in 8.8 s: 20.9 tok/s, 47.9 ms/tok, 162 ms/pass, 3.39 tok/pass, accept p1 89 % p2 80 % p3 90 % p4 100 % p5 100 %
2026-10-02 21:03:01.719 INFO  sched: request 'chatcmpl-c6ea0dce84151135' starting prefill in slot 1 (71 prompt tokens)
2026-10-02 21:03:01.977 INFO  sched: request 'chatcmpl-c6ea0dce84151135' prefix cache miss — 0 cut(s), the cache is empty
2026-10-02 21:03:01.977 INFO  sched: request 'chatcmpl-c6ea0dce84151135' admitted to slot 1 (reserve 17 blocks; pool 68/8192 blocks in use) — first token 5718
2026-10-02 21:03:03.976 INFO  sched: request 'chatcmpl-c6ea0dce84151134' retired (eos): 49 tok in 2.7 s — prefill 52 tok (0 cached) in 226 ms; decode 48 tok / 16 passes in 2.5 s: 19.0 tok/s, 52.6 ms/tok, 158 ms/pass, 3.00 tok/pass, accept p1 94 % p2 56 % p3 73 % p4 33 %
2026-10-02 21:03:04.095 INFO  sched: request 'chatcmpl-c6ea0dce84151136' starting prefill in slot 3 (69 prompt tokens)
2026-10-02 21:03:04.343 INFO  sched: request 'chatcmpl-c6ea0dce84151136' prefix cache miss — 0 cut(s), the cache is empty
2026-10-02 21:03:04.343 INFO  sched: request 'chatcmpl-c6ea0dce84151136' admitted to slot 3 (reserve 17 blocks; pool 68/8192 blocks in use) — first token 2581
2026-10-02 21:03:05.248 INFO  stats: rank 0 | 10.1 s | decode 79.4 tok/s, 10.4 ms/tok, 134.8 ms/step (62 steps / 802 tok, 83 % of wall) | mtp 3.31 tok/step/req, accept p1 90 % p2 82 % p3 78 % p4 75 % p5 88 % | prefill 6 prompts / 404 tok, 40 tok/s, 3.70 ms/tok, 249 ms avg (15 % of wall), 0 tok cached (0/6 hits) | live 4, queued 0 | pool 68/8192 blocks (1 %) | prefix cache 0/780 entries | requests +6 (shed 0, cancelled 0)
2026-10-02 21:03:06.265 INFO  sched: request 'chatcmpl-c6ea0dce84151132' retired (eos): 145 tok in 7.2 s — prefill 84 tok (0 cached) in 275 ms; decode 144 tok / 42 passes in 6.9 s: 20.8 tok/s, 48.0 ms/tok, 165 ms/pass, 3.43 tok/pass, accept p1 93 % p2 85 % p3 78 % p4 70 % p5 67 %
2026-10-02 21:03:06.456 INFO  sched: request 'chatcmpl-c6ea0dce84151137' starting prefill in slot 0 (97 prompt tokens)
2026-10-02 21:03:06.735 INFO  sched: request 'chatcmpl-c6ea0dce84151137' prefix cache miss — 0 cut(s), the cache is empty
2026-10-02 21:03:06.735 INFO  sched: request 'chatcmpl-c6ea0dce84151137' admitted to slot 0 (reserve 17 blocks; pool 68/8192 blocks in use) — first token 10318
2026-10-02 21:03:07.315 INFO  sched: request 'chatcmpl-c6ea0dce84151135' retired (eos): 115 tok in 5.6 s — prefill 71 tok (0 cached) in 258 ms; decode 114 tok / 34 passes in 5.3 s: 21.4 tok/s, 46.8 ms/tok, 157 ms/pass, 3.35 tok/pass, accept p1 91 % p2 78 % p3 74 % p4 62 % p5 100 %
2026-10-02 21:03:07.437 INFO  sched: request 'chatcmpl-c6ea0dce84151138' starting prefill in slot 1 (96 prompt tokens)
2026-10-02 21:03:07.719 INFO  sched: request 'chatcmpl-c6ea0dce84151138' prefix cache miss — 0 cut(s), the cache is empty
2026-10-02 21:03:07.719 INFO  sched: request 'chatcmpl-c6ea0dce84151138' admitted to slot 1 (reserve 17 blocks; pool 68/8192 blocks in use) — first token 5718
2026-10-02 21:03:07.916 INFO  sched: request 'chatcmpl-c6ea0dce84151136' retired (eos): 71 tok in 3.8 s — prefill 69 tok (0 cached) in 248 ms; decode 70 tok / 21 passes in 3.6 s: 19.6 tok/s, 51.0 ms/tok, 170 ms/pass, 3.33 tok/pass, accept p1 90 % p2 84 % p3 69 % p4 83 % p5 33 %
2026-10-02 21:03:08.051 INFO  sched: request 'chatcmpl-c6ea0dce84151139' starting prefill in slot 3 (70 prompt tokens)
2026-10-02 21:03:08.301 INFO  sched: request 'chatcmpl-c6ea0dce84151139' prefix cache miss — 0 cut(s), the cache is empty
2026-10-02 21:03:08.301 INFO  sched: request 'chatcmpl-c6ea0dce84151139' admitted to slot 3 (reserve 17 blocks; pool 68/8192 blocks in use) — first token 2581
2026-10-02 21:03:08.780 INFO  sched: request 'chatcmpl-c6ea0dce84151133' retired (eos): 161 tok in 8.4 s — prefill 71 tok (0 cached) in 257 ms; decode 160 tok / 47 passes in 8.1 s: 19.7 tok/s, 50.7 ms/tok, 173 ms/pass, 3.40 tok/pass, accept p1 89 % p2 86 % p3 72 % p4 82 % p5 75 %
2026-10-02 21:03:08.954 INFO  sched: request 'chatcmpl-c6ea0dce8415113a' starting prefill in slot 2 (65 prompt tokens)
2026-10-02 21:03:09.209 INFO  sched: request 'chatcmpl-c6ea0dce8415113a' prefix cache miss — 0 cut(s), the cache is empty
2026-10-02 21:03:09.209 INFO  sched: request 'chatcmpl-c6ea0dce8415113a' admitted to slot 2 (reserve 17 blocks; pool 68/8192 blocks in use) — first token 10318
2026-10-02 21:03:11.965 INFO  sched: request 'chatcmpl-c6ea0dce8415113a' retired (eos): 71 tok in 3.0 s — prefill 65 tok (0 cached) in 255 ms; decode 70 tok / 18 passes in 2.8 s: 25.4 tok/s, 39.4 ms/tok, 153 ms/pass, 3.89 tok/pass, accept p1 94 % p2 88 % p3 85 % p4 75 % p5 80 %
2026-10-02 21:03:12.095 INFO  sched: request 'chatcmpl-c6ea0dce8415113b' starting prefill in slot 2 (64 prompt tokens)
2026-10-02 21:03:12.330 INFO  sched: request 'chatcmpl-c6ea0dce8415113b' prefix cache miss — 0 cut(s), the cache is empty
2026-10-02 21:03:12.330 INFO  sched: request 'chatcmpl-c6ea0dce8415113b' admitted to slot 2 (reserve 17 blocks; pool 68/8192 blocks in use) — first token 5718
2026-10-02 21:03:13.648 INFO  sched: request 'chatcmpl-c6ea0dce84151139' retired (eos): 128 tok in 5.6 s — prefill 70 tok (0 cached) in 250 ms; decode 127 tok / 33 passes in 5.3 s: 23.8 tok/s, 42.1 ms/tok, 162 ms/pass, 3.85 tok/pass, accept p1 94 % p2 87 % p3 95 % p4 100 % p5 100 %
2026-10-02 21:03:13.808 INFO  sched: request 'chatcmpl-c6ea0dce8415113c' starting prefill in slot 3 (71 prompt tokens)
2026-10-02 21:03:14.066 INFO  sched: request 'chatcmpl-c6ea0dce8415113c' prefix cache miss — 0 cut(s), the cache is empty
2026-10-02 21:03:14.066 INFO  sched: request 'chatcmpl-c6ea0dce8415113c' admitted to slot 3 (reserve 17 blocks; pool 68/8192 blocks in use) — first token 5718
2026-10-02 21:03:15.219 INFO  sched: request 'chatcmpl-c6ea0dce84151137' retired (eos): 179 tok in 8.8 s — prefill 97 tok (0 cached) in 280 ms; decode 178 tok / 48 passes in 8.5 s: 21.0 tok/s, 47.7 ms/tok, 177 ms/pass, 3.71 tok/pass, accept p1 94 % p2 78 % p3 81 % p4 86 % p5 67 %
2026-10-02 21:03:15.305 INFO  stats: rank 0 | 10.1 s | decode 81.1 tok/s, 10.1 ms/tok, 144.8 ms/step (57 steps / 816 tok, 82 % of wall) | mtp 3.69 tok/step/req, accept p1 92 % p2 82 % p3 81 % p4 76 % p5 76 % | prefill 6 prompts / 463 tok, 46 tok/s, 3.37 ms/tok, 260 ms avg (16 % of wall), 0 tok cached (0/6 hits) | live 3, queued 0 | pool 51/8192 blocks (1 %) | prefix cache 0/780 entries | requests +7 (shed 0, cancelled 0)
2026-10-02 21:03:15.321 INFO  sched: request 'chatcmpl-c6ea0dce8415113d' starting prefill in slot 0 (82 prompt tokens)
2026-10-02 21:03:15.595 INFO  sched: request 'chatcmpl-c6ea0dce8415113d' prefix cache miss — 0 cut(s), the cache is empty
2026-10-02 21:03:15.595 INFO  sched: request 'chatcmpl-c6ea0dce8415113d' admitted to slot 0 (reserve 17 blocks; pool 68/8192 blocks in use) — first token 2581
2026-10-02 21:03:15.837 INFO  sched: request 'chatcmpl-c6ea0dce84151138' retired (eos): 173 tok in 8.4 s — prefill 96 tok (0 cached) in 282 ms; decode 172 tok / 46 passes in 8.1 s: 21.2 tok/s, 47.2 ms/tok, 176 ms/pass, 3.74 tok/pass, accept p1 89 % p2 88 % p3 83 % p4 75 % p5 89 %
2026-10-02 21:03:15.942 INFO  sched: request 'chatcmpl-c6ea0dce8415113e' starting prefill in slot 1 (159 prompt tokens)
2026-10-02 21:03:15.942 INFO  sched: request 'chatcmpl-c6ea0dce8415113e' prefix cache miss — 1 cut(s), the cache is empty
2026-10-02 21:03:15.942 INFO  sched: request 'chatcmpl-c6ea0dce8415113e' prefilling in slot 1 (256 tokens/tick)
2026-10-02 21:03:16.291 INFO  sched: request 'chatcmpl-c6ea0dce8415113e' admitted to slot 1 (reserve 18 blocks; pool 69/8192 blocks in use) — first token 5718
2026-10-02 21:03:18.789 INFO  sched: request 'chatcmpl-c6ea0dce8415113b' retired (eos): 127 tok in 6.7 s — prefill 64 tok (0 cached) in 235 ms; decode 126 tok / 39 passes in 6.5 s: 19.5 tok/s, 51.3 ms/tok, 166 ms/pass, 3.23 tok/pass, accept p1 90 % p2 78 % p3 75 % p4 50 % p5 60 %
2026-10-02 21:03:18.912 INFO  sched: request 'chatcmpl-c6ea0dce8415113f' starting prefill in slot 2 (70 prompt tokens)
2026-10-02 21:03:19.175 INFO  sched: request 'chatcmpl-c6ea0dce8415113f' prefix cache miss — 0 cut(s), the cache is empty
2026-10-02 21:03:19.175 INFO  sched: request 'chatcmpl-c6ea0dce8415113f' admitted to slot 2 (reserve 17 blocks; pool 69/8192 blocks in use) — first token 2581
2026-10-02 21:03:21.015 INFO  sched: request 'chatcmpl-c6ea0dce8415113c' retired (eos): 116 tok in 7.2 s — prefill 71 tok (0 cached) in 258 ms; decode 115 tok / 43 passes in 6.9 s: 16.5 tok/s, 60.4 ms/tok, 162 ms/pass, 2.67 tok/pass, accept p1 74 % p2 58 % p3 59 % p4 42 % p5 50 %
2026-10-02 21:03:21.170 INFO  sched: request 'chatcmpl-c6ea0dce84151140' starting prefill in slot 3 (106 prompt tokens)
2026-10-02 21:03:21.458 INFO  sched: request 'chatcmpl-c6ea0dce84151140' prefix cache miss — 0 cut(s), the cache is empty
2026-10-02 21:03:21.458 INFO  sched: request 'chatcmpl-c6ea0dce84151140' admitted to slot 3 (reserve 17 blocks; pool 69/8192 blocks in use) — first token 5718
2026-10-02 21:03:24.577 INFO  sched: request 'chatcmpl-c6ea0dce8415113e' retired (eos): 188 tok in 8.6 s — prefill 159 tok (0 cached) in 349 ms; decode 187 tok / 54 passes in 8.3 s: 22.6 tok/s, 44.3 ms/tok, 153 ms/pass, 3.46 tok/pass, accept p1 94 % p2 84 % p3 77 % p4 76 % p5 71 %
2026-10-02 21:03:24.704 INFO  sched: request 'chatcmpl-c6ea0dce84151141' starting prefill in slot 1 (150 prompt tokens)
2026-10-02 21:03:24.704 INFO  sched: request 'chatcmpl-c6ea0dce84151141' prefix cache miss — 1 cut(s), the cache is empty
2026-10-02 21:03:24.704 INFO  sched: request 'chatcmpl-c6ea0dce84151141' prefilling in slot 1 (256 tokens/tick)
2026-10-02 21:03:25.033 INFO  sched: request 'chatcmpl-c6ea0dce84151141' admitted to slot 1 (reserve 18 blocks; pool 69/8192 blocks in use) — first token 5718
2026-10-02 21:03:25.181 INFO  sched: request 'chatcmpl-c6ea0dce8415113d' retired (eos): 207 tok in 9.9 s — prefill 82 tok (0 cached) in 274 ms; decode 206 tok / 59 passes in 9.6 s: 21.5 tok/s, 46.5 ms/tok, 162 ms/pass, 3.49 tok/pass, accept p1 92 % p2 83 % p3 90 % p4 94 % p5 86 %
2026-10-02 21:03:25.308 INFO  sched: request 'chatcmpl-c6ea0dce84151142' starting prefill in slot 0 (93 prompt tokens)
2026-10-02 21:03:25.591 INFO  sched: request 'chatcmpl-c6ea0dce84151142' prefix cache miss — 0 cut(s), the cache is empty
2026-10-02 21:03:25.591 INFO  sched: request 'chatcmpl-c6ea0dce84151142' admitted to slot 0 (reserve 17 blocks; pool 69/8192 blocks in use) — first token 5718
2026-10-02 21:03:25.671 INFO  stats: rank 0 | 10.4 s | decode 77.8 tok/s, 10.4 ms/tok, 137.0 ms/step (61 steps / 806 tok, 81 % of wall) | mtp 3.37 tok/step/req, accept p1 90 % p2 81 % p3 82 % p4 84 % p5 74 % | prefill 6 prompts / 660 tok, 64 tok/s, 2.71 ms/tok, 298 ms avg (17 % of wall), 0 tok cached (0/6 hits) | live 4, queued 0 | pool 69/8192 blocks (1 %) | prefix cache 0/780 entries | requests +5 (shed 0, cancelled 0)
2026-10-02 21:03:25.926 INFO  sched: request 'chatcmpl-c6ea0dce8415113f' retired (eos): 139 tok in 7.0 s — prefill 70 tok (0 cached) in 263 ms; decode 138 tok / 41 passes in 6.8 s: 20.4 tok/s, 48.9 ms/tok, 165 ms/pass, 3.37 tok/pass, accept p1 88 % p2 76 % p3 83 % p4 93 % p5 40 %
2026-10-02 21:03:26.027 INFO  sched: request 'chatcmpl-c6ea0dce84151143' starting prefill in slot 2 (66 prompt tokens)
2026-10-02 21:03:26.272 INFO  sched: request 'chatcmpl-c6ea0dce84151143' prefix cache miss — 0 cut(s), the cache is empty
2026-10-02 21:03:26.272 INFO  sched: request 'chatcmpl-c6ea0dce84151143' admitted to slot 2 (reserve 17 blocks; pool 69/8192 blocks in use) — first token 2581
2026-10-02 21:03:27.069 INFO  sched: request 'chatcmpl-c6ea0dce84151140' retired (eos): 118 tok in 5.9 s — prefill 106 tok (0 cached) in 287 ms; decode 117 tok / 34 passes in 5.6 s: 20.9 tok/s, 48.0 ms/tok, 165 ms/pass, 3.44 tok/pass, accept p1 91 % p2 87 % p3 83 % p4 89 % p5 100 %
2026-10-02 21:03:27.150 INFO  sched: request 'chatcmpl-c6ea0dce84151144' starting prefill in slot 3 (116 prompt tokens)
2026-10-02 21:03:27.445 INFO  sched: request 'chatcmpl-c6ea0dce84151144' prefix cache miss — 0 cut(s), the cache is empty
2026-10-02 21:03:27.445 INFO  sched: request 'chatcmpl-c6ea0dce84151144' admitted to slot 3 (reserve 17 blocks; pool 69/8192 blocks in use) — first token 2581
2026-10-02 21:03:29.081 INFO  sched: request 'chatcmpl-c6ea0dce84151143' retired (eos): 60 tok in 3.1 s — prefill 66 tok (0 cached) in 245 ms; decode 59 tok / 19 passes in 2.8 s: 21.0 tok/s, 47.6 ms/tok, 148 ms/pass, 3.11 tok/pass, accept p1 89 % p2 94 % p3 88 % p4 50 % p5 50 %
2026-10-02 21:03:29.233 INFO  sched: request 'chatcmpl-c6ea0dce84151145' starting prefill in slot 2 (117 prompt tokens)
2026-10-02 21:03:29.546 INFO  sched: request 'chatcmpl-c6ea0dce84151145' prefix cache miss — 0 cut(s), the cache is empty
2026-10-02 21:03:29.546 INFO  sched: request 'chatcmpl-c6ea0dce84151145' admitted to slot 2 (reserve 17 blocks; pool 69/8192 blocks in use) — first token 5718
2026-10-02 21:03:29.816 INFO  sched: request 'chatcmpl-c6ea0dce84151142' retired (eos): 77 tok in 4.5 s — prefill 93 tok (0 cached) in 284 ms; decode 76 tok / 26 passes in 4.2 s: 18.0 tok/s, 55.6 ms/tok, 162 ms/pass, 2.92 tok/pass, accept p1 88 % p2 86 % p3 70 % p4 50 % p5 50 %
2026-10-02 21:03:29.961 INFO  sched: request 'chatcmpl-c6ea0dce84151146' starting prefill in slot 0 (65 prompt tokens)
2026-10-02 21:03:30.217 INFO  sched: request 'chatcmpl-c6ea0dce84151146' prefix cache miss — 0 cut(s), the cache is empty
2026-10-02 21:03:30.217 INFO  sched: request 'chatcmpl-c6ea0dce84151146' admitted to slot 0 (reserve 17 blocks; pool 69/8192 blocks in use) — first token 5718
2026-10-02 21:03:35.478 INFO  sched: request 'chatcmpl-c6ea0dce84151146' retired (eos): 131 tok in 5.5 s — prefill 65 tok (0 cached) in 244 ms; decode 130 tok / 36 passes in 5.3 s: 24.7 tok/s, 40.5 ms/tok, 146 ms/pass, 3.61 tok/pass, accept p1 86 % p2 89 % p3 88 % p4 89 % p5 100 %
2026-10-02 21:03:35.608 INFO  sched: request 'chatcmpl-c6ea0dce84151147' starting prefill in slot 0 (129 prompt tokens)
2026-10-02 21:03:35.608 INFO  sched: request 'chatcmpl-c6ea0dce84151147' prefix cache miss — 0 cut(s), the cache is empty
2026-10-02 21:03:35.608 INFO  sched: request 'chatcmpl-c6ea0dce84151147' prefilling in slot 0 (256 tokens/tick)
2026-10-02 21:03:35.926 INFO  sched: request 'chatcmpl-c6ea0dce84151147' admitted to slot 0 (reserve 18 blocks; pool 70/8192 blocks in use) — first token 5718
2026-10-02 21:03:36.035 INFO  stats: rank 0 | 10.4 s | decode 81.1 tok/s, 10.4 ms/tok, 136.3 ms/step (64 steps / 840 tok, 84 % of wall) | mtp 3.35 tok/step/req, accept p1 91 % p2 85 % p3 80 % p4 77 % p5 75 % | prefill 5 prompts / 493 tok, 48 tok/s, 2.87 ms/tok, 283 ms avg (14 % of wall), 0 tok cached (0/5 hits) | live 4, queued 0 | pool 70/8192 blocks (1 %) | prefix cache 0/780 entries | requests +5 (shed 0, cancelled 0)
2026-10-02 21:03:36.351 INFO  sched: request 'chatcmpl-c6ea0dce84151144' retired (eos): 175 tok in 9.2 s — prefill 116 tok (0 cached) in 295 ms; decode 174 tok / 56 passes in 8.9 s: 19.5 tok/s, 51.2 ms/tok, 159 ms/pass, 3.11 tok/pass, accept p1 86 % p2 72 % p3 64 % p4 73 % p5 40 %
2026-10-02 21:03:36.454 INFO  sched: request 'chatcmpl-c6ea0dce84151148' starting prefill in slot 3 (99 prompt tokens)
2026-10-02 21:03:36.739 INFO  sched: request 'chatcmpl-c6ea0dce84151148' prefix cache miss — 0 cut(s), the cache is empty
2026-10-02 21:03:36.739 INFO  sched: request 'chatcmpl-c6ea0dce84151148' admitted to slot 3 (reserve 17 blocks; pool 70/8192 blocks in use) — first token 10318
2026-10-02 21:03:38.694 INFO  sched: request 'chatcmpl-c6ea0dce84151145' retired (eos): 211 tok in 9.5 s — prefill 117 tok (0 cached) in 313 ms; decode 210 tok / 59 passes in 9.1 s: 23.0 tok/s, 43.6 ms/tok, 155 ms/pass, 3.56 tok/pass, accept p1 98 % p2 95 % p3 86 % p4 89 % p5 100 %
2026-10-02 21:03:38.824 INFO  sched: request 'chatcmpl-c6ea0dce84151149' starting prefill in slot 2 (95 prompt tokens)
2026-10-02 21:03:39.107 INFO  sched: request 'chatcmpl-c6ea0dce84151149' prefix cache miss — 0 cut(s), the cache is empty
2026-10-02 21:03:39.107 INFO  sched: request 'chatcmpl-c6ea0dce84151149' admitted to slot 2 (reserve 17 blocks; pool 70/8192 blocks in use) — first token 10318
2026-10-02 21:03:39.235 INFO  sched: request 'chatcmpl-c6ea0dce84151141' retired (eos): 287 tok in 14.5 s — prefill 150 tok (0 cached) in 329 ms; decode 286 tok / 87 passes in 14.2 s: 20.1 tok/s, 49.7 ms/tok, 163 ms/pass, 3.29 tok/pass, accept p1 98 % p2 86 % p3 76 % p4 73 % p5 100 %
2026-10-02 21:03:39.365 INFO  sched: request 'chatcmpl-c6ea0dce8415114a' starting prefill in slot 1 (95 prompt tokens)
2026-10-02 21:03:39.654 INFO  sched: request 'chatcmpl-c6ea0dce8415114a' prefix cache miss — 0 cut(s), the cache is empty
2026-10-02 21:03:39.654 INFO  sched: request 'chatcmpl-c6ea0dce8415114a' admitted to slot 1 (reserve 17 blocks; pool 69/8192 blocks in use) — first token 10318
2026-10-02 21:03:42.193 INFO  sched: request 'chatcmpl-c6ea0dce84151148' retired (eos): 122 tok in 5.7 s — prefill 99 tok (0 cached) in 285 ms; decode 121 tok / 34 passes in 5.5 s: 22.2 tok/s, 45.1 ms/tok, 160 ms/pass, 3.56 tok/pass, accept p1 97 % p2 90 % p3 82 % p4 88 % p5 67 %
2026-10-02 21:03:42.312 INFO  sched: request 'chatcmpl-c6ea0dce8415114b' starting prefill in slot 3 (124 prompt tokens)
2026-10-02 21:03:42.617 INFO  sched: request 'chatcmpl-c6ea0dce8415114b' prefix cache miss — 0 cut(s), the cache is empty
2026-10-02 21:03:42.617 INFO  sched: request 'chatcmpl-c6ea0dce8415114b' admitted to slot 3 (reserve 17 blocks; pool 69/8192 blocks in use) — first token 5718
2026-10-02 21:03:43.957 INFO  sched: request 'chatcmpl-c6ea0dce84151149' retired (eos): 104 tok in 5.1 s — prefill 95 tok (0 cached) in 283 ms; decode 103 tok / 29 passes in 4.8 s: 21.2 tok/s, 47.1 ms/tok, 167 ms/pass, 3.55 tok/pass, accept p1 93 % p2 73 % p3 80 % p4 80 % p5 100 %
2026-10-02 21:03:44.077 INFO  sched: request 'chatcmpl-c6ea0dce8415114c' starting prefill in slot 2 (77 prompt tokens)
2026-10-02 21:03:44.344 INFO  sched: request 'chatcmpl-c6ea0dce8415114c' prefix cache miss — 0 cut(s), the cache is empty
2026-10-02 21:03:44.344 INFO  sched: request 'chatcmpl-c6ea0dce8415114c' admitted to slot 2 (reserve 17 blocks; pool 69/8192 blocks in use) — first token 5718
2026-10-02 21:03:44.494 INFO  sched: request 'chatcmpl-c6ea0dce8415114a' retired (eos): 96 tok in 5.1 s — prefill 95 tok (0 cached) in 289 ms; decode 95 tok / 29 passes in 4.8 s: 19.6 tok/s, 51.0 ms/tok, 167 ms/pass, 3.28 tok/pass, accept p1 86 % p2 65 % p3 57 % p4 90 % p5 100 %
2026-10-02 21:03:44.625 INFO  sched: request 'chatcmpl-c6ea0dce8415114d' starting prefill in slot 1 (82 prompt tokens)
2026-10-02 21:03:44.893 INFO  sched: request 'chatcmpl-c6ea0dce8415114d' prefix cache miss — 0 cut(s), the cache is empty
2026-10-02 21:03:44.893 INFO  sched: request 'chatcmpl-c6ea0dce8415114d' admitted to slot 1 (reserve 17 blocks; pool 69/8192 blocks in use) — first token 5718
2026-10-02 21:03:46.157 INFO  stats: rank 0 | 10.1 s | decode 77.8 tok/s, 10.4 ms/tok, 136.4 ms/step (60 steps / 788 tok, 81 % of wall) | mtp 3.37 tok/step/req, accept p1 94 % p2 81 % p3 73 % p4 83 % p5 88 % | prefill 6 prompts / 572 tok, 57 tok/s, 2.97 ms/tok, 283 ms avg (17 % of wall), 0 tok cached (0/6 hits) | live 4, queued 0 | pool 69/8192 blocks (1 %) | prefix cache 0/780 entries | requests +6 (shed 0, cancelled 0)
2026-10-02 21:03:48.687 INFO  sched: request 'chatcmpl-c6ea0dce8415114c' retired (eos): 106 tok in 4.6 s — prefill 77 tok (0 cached) in 267 ms; decode 105 tok / 27 passes in 4.3 s: 24.2 tok/s, 41.4 ms/tok, 161 ms/pass, 3.89 tok/pass, accept p1 93 % p2 89 % p3 84 % p4 100 % p5 100 %
2026-10-02 21:03:48.814 INFO  sched: request 'chatcmpl-c6ea0dce8415114e' starting prefill in slot 2 (81 prompt tokens)
2026-10-02 21:03:49.075 INFO  sched: request 'chatcmpl-c6ea0dce8415114e' prefix cache miss — 0 cut(s), the cache is empty
2026-10-02 21:03:49.075 INFO  sched: request 'chatcmpl-c6ea0dce8415114e' admitted to slot 2 (reserve 17 blocks; pool 69/8192 blocks in use) — first token 5718
2026-10-02 21:03:49.573 INFO  sched: request 'chatcmpl-c6ea0dce8415114d' retired (eos): 106 tok in 4.9 s — prefill 82 tok (0 cached) in 268 ms; decode 105 tok / 29 passes in 4.7 s: 22.4 tok/s, 44.6 ms/tok, 161 ms/pass, 3.62 tok/pass, accept p1 90 % p2 79 % p3 81 % p4 73 % p5 75 %
2026-10-02 21:03:49.729 INFO  sched: request 'chatcmpl-c6ea0dce8415114f' starting prefill in slot 1 (97 prompt tokens)
2026-10-02 21:03:50.009 INFO  sched: request 'chatcmpl-c6ea0dce8415114f' prefix cache miss — 0 cut(s), the cache is empty
2026-10-02 21:03:50.009 INFO  sched: request 'chatcmpl-c6ea0dce8415114f' admitted to slot 1 (reserve 17 blocks; pool 69/8192 blocks in use) — first token 5718
2026-10-02 21:03:50.606 INFO  sched: request 'chatcmpl-c6ea0dce84151147' retired (eos): 318 tok in 15.0 s — prefill 129 tok (0 cached) in 319 ms; decode 317 tok / 86 passes in 14.7 s: 21.6 tok/s, 46.3 ms/tok, 171 ms/pass, 3.69 tok/pass, accept p1 98 % p2 91 % p3 84 % p4 91 % p5 89 %
2026-10-02 21:03:50.758 INFO  sched: request 'chatcmpl-c6ea0dce84151150' starting prefill in slot 0 (63 prompt tokens)
2026-10-02 21:03:50.996 INFO  sched: request 'chatcmpl-c6ea0dce84151150' prefix cache miss — 0 cut(s), the cache is empty
2026-10-02 21:03:50.996 INFO  sched: request 'chatcmpl-c6ea0dce84151150' admitted to slot 0 (reserve 17 blocks; pool 68/8192 blocks in use) — first token 2581
2026-10-02 21:03:53.915 INFO  sched: request 'chatcmpl-c6ea0dce8415114e' retired (eos): 102 tok in 5.1 s — prefill 81 tok (0 cached) in 261 ms; decode 101 tok / 29 passes in 4.8 s: 20.9 tok/s, 47.9 ms/tok, 167 ms/pass, 3.48 tok/pass, accept p1 90 % p2 85 % p3 64 % p4 62 % p5 100 %
2026-10-02 21:03:54.060 INFO  sched: request 'chatcmpl-c6ea0dce8415114b' retired (eos): 240 tok in 11.7 s — prefill 124 tok (0 cached) in 305 ms; decode 239 tok / 69 passes in 11.4 s: 20.9 tok/s, 47.9 ms/tok, 166 ms/pass, 3.46 tok/pass, accept p1 91 % p2 81 % p3 81 % p4 63 % p5 67 %
2026-10-02 21:03:54.060 INFO  sched: request 'chatcmpl-c6ea0dce84151151' starting prefill in slot 2 (82 prompt tokens)
2026-10-02 21:03:54.327 INFO  sched: request 'chatcmpl-c6ea0dce84151151' prefix cache miss — 0 cut(s), the cache is empty
2026-10-02 21:03:54.327 INFO  sched: request 'chatcmpl-c6ea0dce84151151' admitted to slot 2 (reserve 17 blocks; pool 51/8192 blocks in use) — first token 2581
2026-10-02 21:03:54.473 INFO  sched: request 'chatcmpl-c6ea0dce84151152' starting prefill in slot 3 (91 prompt tokens)
2026-10-02 21:03:54.760 INFO  sched: request 'chatcmpl-c6ea0dce84151152' prefix cache miss — 0 cut(s), the cache is empty
2026-10-02 21:03:54.760 INFO  sched: request 'chatcmpl-c6ea0dce84151152' admitted to slot 3 (reserve 17 blocks; pool 68/8192 blocks in use) — first token 5718
2026-10-02 21:03:56.184 INFO  stats: rank 0 | 10.0 s | decode 82.8 tok/s, 10.2 ms/tok, 144.0 ms/step (59 steps / 830 tok, 85 % of wall) | mtp 3.59 tok/step/req, accept p1 91 % p2 86 % p3 77 % p4 77 % p5 78 % | prefill 5 prompts / 414 tok, 41 tok/s, 3.22 ms/tok, 267 ms avg (13 % of wall), 0 tok cached (0/5 hits) | live 4, queued 0 | pool 68/8192 blocks (1 %) | prefix cache 0/780 entries | requests +5 (shed 0, cancelled 0)
2026-10-02 21:03:56.832 INFO  sched: request 'chatcmpl-c6ea0dce84151150' retired (eos): 117 tok in 6.1 s — prefill 63 tok (0 cached) in 239 ms; decode 116 tok / 37 passes in 5.8 s: 19.9 tok/s, 50.3 ms/tok, 158 ms/pass, 3.14 tok/pass, accept p1 86 % p2 76 % p3 60 % p4 67 % p5 50 %
2026-10-02 21:03:56.977 INFO  sched: request 'chatcmpl-c6ea0dce84151153' starting prefill in slot 0 (133 prompt tokens)
2026-10-02 21:03:56.977 INFO  sched: request 'chatcmpl-c6ea0dce84151153' prefix cache miss — 1 cut(s), the cache is empty
2026-10-02 21:03:56.978 INFO  sched: request 'chatcmpl-c6ea0dce84151153' prefilling in slot 0 (256 tokens/tick)
2026-10-02 21:03:57.309 INFO  sched: request 'chatcmpl-c6ea0dce84151153' admitted to slot 0 (reserve 18 blocks; pool 69/8192 blocks in use) — first token 5718
2026-10-02 21:03:57.825 INFO  sched: request 'chatcmpl-c6ea0dce8415114f' retired (eos): 160 tok in 8.1 s — prefill 97 tok (0 cached) in 280 ms; decode 159 tok / 47 passes in 7.8 s: 20.3 tok/s, 49.2 ms/tok, 166 ms/pass, 3.38 tok/pass, accept p1 87 % p2 85 % p3 75 % p4 82 % p5 80 %
2026-10-02 21:03:57.951 INFO  sched: request 'chatcmpl-c6ea0dce84151154' starting prefill in slot 1 (86 prompt tokens)
2026-10-02 21:03:58.224 INFO  sched: request 'chatcmpl-c6ea0dce84151154' prefix cache miss — 0 cut(s), the cache is empty
2026-10-02 21:03:58.224 INFO  sched: request 'chatcmpl-c6ea0dce84151154' admitted to slot 1 (reserve 17 blocks; pool 69/8192 blocks in use) — first token 10318
2026-10-02 21:04:02.107 INFO  sched: request 'chatcmpl-c6ea0dce84151154' retired (eos): 85 tok in 4.2 s — prefill 86 tok (0 cached) in 273 ms; decode 84 tok / 29 passes in 3.9 s: 21.6 tok/s, 46.2 ms/tok, 134 ms/pass, 2.90 tok/pass, accept p1 90 % p2 69 % p3 62 % p4 75 % p5 100 %
2026-10-02 21:04:02.107 INFO  sched: request 'chatcmpl-c6ea0dce84151151' retired (eos): 173 tok in 8.0 s — prefill 82 tok (0 cached) in 266 ms; decode 172 tok / 51 passes in 7.8 s: 22.1 tok/s, 45.2 ms/tok, 153 ms/pass, 3.37 tok/pass, accept p1 98 % p2 89 % p3 88 % p4 89 % p5 100 %
2026-10-02 21:04:02.108 INFO  sched: request 'chatcmpl-c6ea0dce84151152' retired (eos): 144 tok in 7.6 s — prefill 91 tok (0 cached) in 287 ms; decode 143 tok / 50 passes in 7.3 s: 19.5 tok/s, 51.4 ms/tok, 147 ms/pass, 2.86 tok/pass, accept p1 86 % p2 74 % p3 56 % p4 62 % p5 0 %
2026-10-02 21:04:02.165 INFO  sched: request 'chatcmpl-c6ea0dce84151155' starting prefill in slot 1 (55 prompt tokens)
2026-10-02 21:04:02.165 INFO  sched: request 'chatcmpl-c6ea0dce84151156' starting prefill in slot 2 (54 prompt tokens)
2026-10-02 21:04:02.165 INFO  sched: request 'chatcmpl-c6ea0dce84151157' starting prefill in slot 3 (55 prompt tokens)
2026-10-02 21:04:02.600 INFO  sched: request 'chatcmpl-c6ea0dce84151155' prefix cache miss — 0 cut(s), the cache is empty
2026-10-02 21:04:02.600 INFO  sched: request 'chatcmpl-c6ea0dce84151155' admitted to slot 1 (reserve 17 blocks; pool 37/8192 blocks in use) — first token 5718
2026-10-02 21:04:02.600 INFO  sched: request 'chatcmpl-c6ea0dce84151156' prefix cache miss — 0 cut(s), the cache is empty
2026-10-02 21:04:02.600 INFO  sched: request 'chatcmpl-c6ea0dce84151156' admitted to slot 2 (reserve 17 blocks; pool 53/8192 blocks in use) — first token 2581
2026-10-02 21:04:02.600 INFO  sched: request 'chatcmpl-c6ea0dce84151157' prefix cache miss — 0 cut(s), the cache is empty
2026-10-02 21:04:02.600 INFO  sched: request 'chatcmpl-c6ea0dce84151157' admitted to slot 3 (reserve 17 blocks; pool 69/8192 blocks in use) — first token 2581
2026-10-02 21:04:02.600 INFO  sched: 3 requests admitted together in one prefill (434 ms)
2026-10-02 21:04:02.691 INFO  sched: request 'chatcmpl-c6ea0dce84151153' retired (eos): 120 tok in 5.7 s — prefill 133 tok (0 cached) in 332 ms; decode 119 tok / 36 passes in 5.4 s: 22.1 tok/s, 45.2 ms/tok, 149 ms/pass, 3.31 tok/pass, accept p1 97 % p2 97 % p3 87 % p4 100 % p5 100 %
2026-10-02 21:04:02.786 INFO  sched: request 'chatcmpl-c6ea0dce84151158' starting prefill in slot 0 (80 prompt tokens)
2026-10-02 21:04:03.054 INFO  sched: request 'chatcmpl-c6ea0dce84151158' prefix cache miss — 0 cut(s), the cache is empty
2026-10-02 21:04:03.054 INFO  sched: request 'chatcmpl-c6ea0dce84151158' admitted to slot 0 (reserve 17 blocks; pool 68/8192 blocks in use) — first token 5718
2026-10-02 21:04:05.744 INFO  sched: request 'chatcmpl-c6ea0dce84151156' retired (eos): 74 tok in 3.6 s — prefill 54 tok (0 cached) in 434 ms; decode 73 tok / 20 passes in 3.1 s: 23.2 tok/s, 43.1 ms/tok, 157 ms/pass, 3.65 tok/pass, accept p1 95 % p2 89 % p3 83 % p4 75 % p5 100 %
2026-10-02 21:04:05.745 INFO  sched: request 'chatcmpl-c6ea0dce84151157' retired (eos): 77 tok in 3.6 s — prefill 55 tok (0 cached) in 434 ms; decode 76 tok / 20 passes in 3.1 s: 24.2 tok/s, 41.4 ms/tok, 157 ms/pass, 3.80 tok/pass, accept p1 90 % p2 89 % p3 92 % p4 100 % p5 100 %
2026-10-02 21:04:05.860 INFO  sched: request 'chatcmpl-c6ea0dce84151159' starting prefill in slot 2 (77 prompt tokens)
2026-10-02 21:04:05.860 INFO  sched: request 'chatcmpl-c6ea0dce8415115a' starting prefill in slot 3 (90 prompt tokens)
2026-10-02 21:04:06.267 INFO  sched: request 'chatcmpl-c6ea0dce84151159' prefix cache miss — 0 cut(s), the cache is empty
2026-10-02 21:04:06.267 INFO  sched: request 'chatcmpl-c6ea0dce84151159' admitted to slot 2 (reserve 17 blocks; pool 52/8192 blocks in use) — first token 10318
2026-10-02 21:04:06.267 INFO  sched: request 'chatcmpl-c6ea0dce8415115a' prefix cache miss — 0 cut(s), the cache is empty
2026-10-02 21:04:06.267 INFO  sched: request 'chatcmpl-c6ea0dce8415115a' admitted to slot 3 (reserve 17 blocks; pool 68/8192 blocks in use) — first token 2581
2026-10-02 21:04:06.267 INFO  sched: 2 requests admitted together in one prefill (407 ms)
2026-10-02 21:04:06.348 INFO  stats: rank 0 | 10.2 s | decode 78.7 tok/s, 10.3 ms/tok, 133.3 ms/step (62 steps / 800 tok, 81 % of wall) | mtp 3.33 tok/step/req, accept p1 92 % p2 83 % p3 78 % p4 81 % p5 78 % | prefill 8 prompts / 630 tok, 62 tok/s, 2.72 ms/tok, 214 ms avg (17 % of wall), 0 tok cached (0/8 hits) | live 4, queued 0 | pool 68/8192 blocks (1 %) | prefix cache 0/780 entries | requests +8 (shed 0, cancelled 0)
2026-10-02 21:04:07.308 INFO  sched: request 'chatcmpl-c6ea0dce84151158' retired (eos): 103 tok in 4.5 s — prefill 80 tok (0 cached) in 268 ms; decode 102 tok / 26 passes in 4.3 s: 24.0 tok/s, 41.7 ms/tok, 164 ms/pass, 3.92 tok/pass, accept p1 92 % p2 88 % p3 88 % p4 92 % p5 83 %
2026-10-02 21:04:07.509 INFO  sched: request 'chatcmpl-c6ea0dce8415115b' starting prefill in slot 0 (97 prompt tokens)
2026-10-02 21:04:07.790 INFO  sched: request 'chatcmpl-c6ea0dce8415115b' prefix cache miss — 0 cut(s), the cache is empty
2026-10-02 21:04:07.790 INFO  sched: request 'chatcmpl-c6ea0dce8415115b' admitted to slot 0 (reserve 17 blocks; pool 68/8192 blocks in use) — first token 10318
2026-10-02 21:04:10.032 INFO  sched: request 'chatcmpl-c6ea0dce84151159' retired (eos): 94 tok in 4.2 s — prefill 77 tok (0 cached) in 407 ms; decode 93 tok / 22 passes in 3.8 s: 24.7 tok/s, 40.5 ms/tok, 171 ms/pass, 4.23 tok/pass, accept p1 100 % p2 90 % p3 94 % p4 85 % p5 100 %
2026-10-02 21:04:10.183 INFO  sched: request 'chatcmpl-c6ea0dce8415115c' starting prefill in slot 2 (123 prompt tokens)
2026-10-02 21:04:10.488 INFO  sched: request 'chatcmpl-c6ea0dce8415115c' prefix cache miss — 0 cut(s), the cache is empty
2026-10-02 21:04:10.488 INFO  sched: request 'chatcmpl-c6ea0dce8415115c' admitted to slot 2 (reserve 17 blocks; pool 68/8192 blocks in use) — first token 5718
2026-10-02 21:04:11.447 INFO  sched: request 'chatcmpl-c6ea0dce84151155' retired (eos): 193 tok in 9.3 s — prefill 55 tok (0 cached) in 434 ms; decode 192 tok / 51 passes in 8.8 s: 21.7 tok/s, 46.1 ms/tok, 173 ms/pass, 3.76 tok/pass, accept p1 90 % p2 83 % p3 85 % p4 87 % p5 78 %
2026-10-02 21:04:11.612 INFO  sched: request 'chatcmpl-c6ea0dce8415115d' starting prefill in slot 1 (88 prompt tokens)
2026-10-02 21:04:11.884 INFO  sched: request 'chatcmpl-c6ea0dce8415115d' prefix cache miss — 0 cut(s), the cache is empty
2026-10-02 21:04:11.884 INFO  sched: request 'chatcmpl-c6ea0dce8415115d' admitted to slot 1 (reserve 17 blocks; pool 68/8192 blocks in use) — first token 5718
2026-10-02 21:04:13.718 INFO  sched: request 'chatcmpl-c6ea0dce8415115b' retired (eos): 136 tok in 6.2 s — prefill 97 tok (0 cached) in 281 ms; decode 135 tok / 36 passes in 5.9 s: 22.8 tok/s, 43.9 ms/tok, 165 ms/pass, 3.75 tok/pass, accept p1 94 % p2 85 % p3 92 % p4 86 % p5 67 %
2026-10-02 21:04:13.920 INFO  sched: request 'chatcmpl-c6ea0dce8415115e' starting prefill in slot 0 (67 prompt tokens)
2026-10-02 21:04:14.166 INFO  sched: request 'chatcmpl-c6ea0dce8415115e' prefix cache miss — 0 cut(s), the cache is empty
2026-10-02 21:04:14.166 INFO  sched: request 'chatcmpl-c6ea0dce8415115e' admitted to slot 0 (reserve 17 blocks; pool 68/8192 blocks in use) — first token 2581
2026-10-02 21:04:14.580 INFO  sched: request 'chatcmpl-c6ea0dce8415115a' retired (eos): 183 tok in 8.7 s — prefill 90 tok (0 cached) in 407 ms; decode 182 tok / 48 passes in 8.3 s: 21.9 tok/s, 45.7 ms/tok, 173 ms/pass, 3.79 tok/pass, accept p1 96 % p2 91 % p3 85 % p4 74 % p5 86 %
2026-10-02 21:04:14.716 INFO  sched: request 'chatcmpl-c6ea0dce8415115f' starting prefill in slot 3 (113 prompt tokens)
2026-10-02 21:04:15.015 INFO  sched: request 'chatcmpl-c6ea0dce8415115f' prefix cache miss — 0 cut(s), the cache is empty
2026-10-02 21:04:15.015 INFO  sched: request 'chatcmpl-c6ea0dce8415115f' admitted to slot 3 (reserve 17 blocks; pool 68/8192 blocks in use) — first token 5718
2026-10-02 21:04:16.450 INFO  stats: rank 0 | 10.1 s | decode 83.8 tok/s, 10.0 ms/tok, 146.5 ms/step (58 steps / 847 tok, 84 % of wall) | mtp 3.73 tok/step/req, accept p1 94 % p2 83 % p3 81 % p4 80 % p5 82 % | prefill 5 prompts / 488 tok, 48 tok/s, 2.87 ms/tok, 281 ms avg (14 % of wall), 0 tok cached (0/5 hits) | live 4, queued 0 | pool 68/8192 blocks (1 %) | prefix cache 0/780 entries | requests +5 (shed 0, cancelled 0)
2026-10-02 21:04:17.632 INFO  sched: request 'chatcmpl-c6ea0dce8415115c' retired (eos): 151 tok in 7.4 s — prefill 123 tok (0 cached) in 305 ms; decode 150 tok / 44 passes in 7.1 s: 21.0 tok/s, 47.6 ms/tok, 162 ms/pass, 3.41 tok/pass, accept p1 95 % p2 81 % p3 71 % p4 58 % p5 80 %
2026-10-02 21:04:17.830 INFO  sched: request 'chatcmpl-c6ea0dce84151160' starting prefill in slot 2 (63 prompt tokens)
2026-10-02 21:04:18.069 INFO  sched: request 'chatcmpl-c6ea0dce84151160' prefix cache miss — 0 cut(s), the cache is empty
2026-10-02 21:04:18.069 INFO  sched: request 'chatcmpl-c6ea0dce84151160' admitted to slot 2 (reserve 17 blocks; pool 68/8192 blocks in use) — first token 5718
2026-10-02 21:04:18.504 INFO  sched: request 'chatcmpl-c6ea0dce8415115e' retired (eos): 82 tok in 4.6 s — prefill 67 tok (0 cached) in 246 ms; decode 81 tok / 26 passes in 4.3 s: 18.7 tok/s, 53.6 ms/tok, 167 ms/pass, 3.12 tok/pass, accept p1 81 % p2 64 % p3 63 % p4 71 % p5 75 %
2026-10-02 21:04:18.685 INFO  sched: request 'chatcmpl-c6ea0dce84151161' starting prefill in slot 0 (68 prompt tokens)
2026-10-02 21:04:18.935 INFO  sched: request 'chatcmpl-c6ea0dce84151161' prefix cache miss — 0 cut(s), the cache is empty
2026-10-02 21:04:18.935 INFO  sched: request 'chatcmpl-c6ea0dce84151161' admitted to slot 0 (reserve 17 blocks; pool 68/8192 blocks in use) — first token 10318
2026-10-02 21:04:20.883 INFO  sched: request 'chatcmpl-c6ea0dce84151161' retired (eos): 48 tok in 2.2 s — prefill 68 tok (0 cached) in 251 ms; decode 47 tok / 12 passes in 1.9 s: 24.1 tok/s, 41.5 ms/tok, 162 ms/pass, 3.92 tok/pass, accept p1 83 % p2 83 % p3 82 % p4 67 % p5 75 %
2026-10-02 21:04:21.010 INFO  sched: request 'chatcmpl-c6ea0dce84151162' starting prefill in slot 0 (74 prompt tokens)
2026-10-02 21:04:21.279 INFO  sched: request 'chatcmpl-c6ea0dce84151162' prefix cache miss — 0 cut(s), the cache is empty
2026-10-02 21:04:21.279 INFO  sched: request 'chatcmpl-c6ea0dce84151162' admitted to slot 0 (reserve 17 blocks; pool 68/8192 blocks in use) — first token 5718
2026-10-02 21:04:21.448 INFO  sched: request 'chatcmpl-c6ea0dce8415115d' retired (eos): 197 tok in 9.8 s — prefill 88 tok (0 cached) in 272 ms; decode 196 tok / 55 passes in 9.6 s: 20.5 tok/s, 48.8 ms/tok, 174 ms/pass, 3.56 tok/pass, accept p1 91 % p2 79 % p3 76 % p4 74 % p5 50 %
2026-10-02 21:04:21.586 INFO  sched: request 'chatcmpl-c6ea0dce84151163' starting prefill in slot 1 (119 prompt tokens)
2026-10-02 21:04:21.900 INFO  sched: request 'chatcmpl-c6ea0dce84151163' prefix cache miss — 0 cut(s), the cache is empty
2026-10-02 21:04:21.900 INFO  sched: request 'chatcmpl-c6ea0dce84151163' admitted to slot 1 (reserve 17 blocks; pool 68/8192 blocks in use) — first token 2581
2026-10-02 21:04:22.974 INFO  sched: request 'chatcmpl-c6ea0dce84151160' retired (eos): 102 tok in 5.1 s — prefill 63 tok (0 cached) in 239 ms; decode 101 tok / 26 passes in 4.9 s: 20.6 tok/s, 48.6 ms/tok, 189 ms/pass, 3.88 tok/pass, accept p1 100 % p2 81 % p3 77 % p4 80 % p5 80 %
2026-10-02 21:04:23.175 INFO  sched: request 'chatcmpl-c6ea0dce84151164' starting prefill in slot 2 (61 prompt tokens)
2026-10-02 21:04:23.410 INFO  sched: request 'chatcmpl-c6ea0dce84151164' prefix cache miss — 0 cut(s), the cache is empty
2026-10-02 21:04:23.410 INFO  sched: request 'chatcmpl-c6ea0dce84151164' admitted to slot 2 (reserve 17 blocks; pool 68/8192 blocks in use) — first token 5718
2026-10-02 21:04:25.780 INFO  sched: request 'chatcmpl-c6ea0dce8415115f' retired (eos): 237 tok in 11.1 s — prefill 113 tok (0 cached) in 299 ms; decode 236 tok / 64 passes in 10.8 s: 21.9 tok/s, 45.6 ms/tok, 168 ms/pass, 3.69 tok/pass, accept p1 98 % p2 85 % p3 82 % p4 80 % p5 80 %
2026-10-02 21:04:25.900 INFO  sched: request 'chatcmpl-c6ea0dce84151162' retired (eos): 92 tok in 4.9 s — prefill 74 tok (0 cached) in 269 ms; decode 91 tok / 29 passes in 4.6 s: 19.7 tok/s, 50.8 ms/tok, 159 ms/pass, 3.14 tok/pass, accept p1 90 % p2 80 % p3 71 % p4 57 % p5 0 %
2026-10-02 21:04:25.900 INFO  sched: request 'chatcmpl-c6ea0dce84151165' starting prefill in slot 0 (150 prompt tokens)
2026-10-02 21:04:25.900 INFO  sched: request 'chatcmpl-c6ea0dce84151165' prefix cache miss — 1 cut(s), the cache is empty
2026-10-02 21:04:25.901 INFO  sched: request 'chatcmpl-c6ea0dce84151165' prefilling in slot 0 (256 tokens/tick)
2026-10-02 21:04:26.244 INFO  sched: request 'chatcmpl-c6ea0dce84151165' admitted to slot 0 (reserve 18 blocks; pool 52/8192 blocks in use) — first token 2581
2026-10-02 21:04:26.327 INFO  sched: request 'chatcmpl-c6ea0dce84151166' starting prefill in slot 3 (67 prompt tokens)
2026-10-02 21:04:26.576 INFO  sched: request 'chatcmpl-c6ea0dce84151166' prefix cache miss — 0 cut(s), the cache is empty
2026-10-02 21:04:26.576 INFO  sched: request 'chatcmpl-c6ea0dce84151166' admitted to slot 3 (reserve 17 blocks; pool 69/8192 blocks in use) — first token 2581
2026-10-02 21:04:26.658 INFO  stats: rank 0 | 10.2 s | decode 74.7 tok/s, 10.6 ms/tok, 141.3 ms/step (57 steps / 762 tok, 79 % of wall) | mtp 3.45 tok/step/req, accept p1 90 % p2 81 % p3 76 % p4 74 % p5 70 % | prefill 7 prompts / 602 tok, 59 tok/s, 3.16 ms/tok, 272 ms avg (19 % of wall), 0 tok cached (0/7 hits) | live 4, queued 0 | pool 69/8192 blocks (1 %) | prefix cache 0/780 entries | requests +7 (shed 0, cancelled 0)
2026-10-02 21:04:27.462 INFO  sched: request 'chatcmpl-c6ea0dce84151163' retired (eos): 105 tok in 5.9 s — prefill 119 tok (0 cached) in 314 ms; decode 104 tok / 36 passes in 5.6 s: 18.7 tok/s, 53.5 ms/tok, 155 ms/pass, 2.89 tok/pass, accept p1 86 % p2 78 % p3 62 % p4 83 % p5 100 %
2026-10-02 21:04:27.564 INFO  sched: request 'chatcmpl-c6ea0dce84151167' starting prefill in slot 1 (66 prompt tokens)
2026-10-02 21:04:27.813 INFO  sched: request 'chatcmpl-c6ea0dce84151167' prefix cache miss — 0 cut(s), the cache is empty
2026-10-02 21:04:27.813 INFO  sched: request 'chatcmpl-c6ea0dce84151167' admitted to slot 1 (reserve 17 blocks; pool 69/8192 blocks in use) — first token 5718
2026-10-02 21:04:30.941 INFO  sched: request 'chatcmpl-c6ea0dce84151167' retired (eos): 74 tok in 3.4 s — prefill 66 tok (0 cached) in 249 ms; decode 73 tok / 21 passes in 3.1 s: 23.3 tok/s, 42.8 ms/tok, 149 ms/pass, 3.48 tok/pass, accept p1 86 % p2 85 % p3 80 % p4 71 % p5 100 %
2026-10-02 21:04:31.147 INFO  sched: request 'chatcmpl-c6ea0dce84151168' starting prefill in slot 1 (136 prompt tokens)
2026-10-02 21:04:31.147 INFO  sched: request 'chatcmpl-c6ea0dce84151168' prefix cache miss — 1 cut(s), the cache is empty
2026-10-02 21:04:31.147 INFO  sched: request 'chatcmpl-c6ea0dce84151168' prefilling in slot 1 (256 tokens/tick)
2026-10-02 21:04:31.476 INFO  sched: request 'chatcmpl-c6ea0dce84151168' admitted to slot 1 (reserve 18 blocks; pool 70/8192 blocks in use) — first token 5718
2026-10-02 21:04:33.485 INFO  sched: request 'chatcmpl-c6ea0dce84151165' retired (eos): 157 tok in 7.6 s — prefill 150 tok (0 cached) in 344 ms; decode 156 tok / 47 passes in 7.2 s: 21.5 tok/s, 46.4 ms/tok, 154 ms/pass, 3.32 tok/pass, accept p1 91 % p2 88 % p3 91 % p4 100 % p5 100 %
2026-10-02 21:04:33.676 INFO  sched: request 'chatcmpl-c6ea0dce84151169' starting prefill in slot 0 (64 prompt tokens)
2026-10-02 21:04:33.924 INFO  sched: request 'chatcmpl-c6ea0dce84151169' prefix cache miss — 0 cut(s), the cache is empty
2026-10-02 21:04:33.924 INFO  sched: request 'chatcmpl-c6ea0dce84151169' admitted to slot 0 (reserve 17 blocks; pool 69/8192 blocks in use) — first token 2581
2026-10-02 21:04:36.691 INFO  stats: rank 0 | 10.0 s | decode 83.2 tok/s, 10.8 ms/tok, 133.1 ms/step (68 steps / 835 tok, 90 % of wall) | mtp 3.10 tok/step/req, accept p1 90 % p2 82 % p3 80 % p4 81 % p5 64 % | prefill 3 prompts / 266 tok, 27 tok/s, 3.11 ms/tok, 276 ms avg (8 % of wall), 0 tok cached (0/3 hits) | live 4, queued 0 | pool 69/8192 blocks (1 %) | prefix cache 0/780 entries | requests +3 (shed 0, cancelled 0)
2026-10-02 21:04:39.413 INFO  sched: request 'chatcmpl-c6ea0dce84151164' retired (eos): 334 tok in 16.2 s — prefill 61 tok (0 cached) in 235 ms; decode 333 tok / 107 passes in 16.0 s: 20.8 tok/s, 48.1 ms/tok, 150 ms/pass, 3.11 tok/pass, accept p1 89 % p2 81 % p3 79 % p4 67 % p5 67 %
2026-10-02 21:04:39.584 INFO  sched: request 'chatcmpl-c6ea0dce8415116a' starting prefill in slot 2 (91 prompt tokens)
2026-10-02 21:04:39.860 INFO  sched: request 'chatcmpl-c6ea0dce8415116a' prefix cache miss — 0 cut(s), the cache is empty
2026-10-02 21:04:39.860 INFO  sched: request 'chatcmpl-c6ea0dce8415116a' admitted to slot 2 (reserve 17 blocks; pool 69/8192 blocks in use) — first token 5718
2026-10-02 21:04:40.633 INFO  sched: request 'chatcmpl-c6ea0dce84151168' retired (eos): 200 tok in 9.5 s — prefill 136 tok (0 cached) in 330 ms; decode 199 tok / 63 passes in 9.2 s: 21.7 tok/s, 46.0 ms/tok, 145 ms/pass, 3.16 tok/pass, accept p1 92 % p2 82 % p3 74 % p4 67 % p5 60 %
2026-10-02 21:04:40.736 INFO  sched: request 'chatcmpl-c6ea0dce8415116b' starting prefill in slot 1 (90 prompt tokens)
2026-10-02 21:04:41.005 INFO  sched: request 'chatcmpl-c6ea0dce8415116b' prefix cache miss — 0 cut(s), the cache is empty
2026-10-02 21:04:41.005 INFO  sched: request 'chatcmpl-c6ea0dce8415116b' admitted to slot 1 (reserve 17 blocks; pool 68/8192 blocks in use) — first token 5718
2026-10-02 21:04:41.130 INFO  sched: request 'chatcmpl-c6ea0dce84151166' retired (eos): 308 tok in 14.8 s — prefill 67 tok (0 cached) in 250 ms; decode 307 tok / 96 passes in 14.6 s: 21.1 tok/s, 47.4 ms/tok, 152 ms/pass, 3.20 tok/pass, accept p1 89 % p2 87 % p3 79 % p4 82 % p5 71 %
2026-10-02 21:04:41.270 INFO  sched: request 'chatcmpl-c6ea0dce8415116c' starting prefill in slot 3 (52 prompt tokens)
2026-10-02 21:04:41.496 INFO  sched: request 'chatcmpl-c6ea0dce8415116c' prefix cache miss — 0 cut(s), the cache is empty
2026-10-02 21:04:41.496 INFO  sched: request 'chatcmpl-c6ea0dce8415116c' admitted to slot 3 (reserve 17 blocks; pool 68/8192 blocks in use) — first token 10318
2026-10-02 21:04:41.968 INFO  sched: request 'chatcmpl-c6ea0dce84151169' retired (eos): 153 tok in 8.3 s — prefill 64 tok (0 cached) in 248 ms; decode 152 tok / 54 passes in 8.0 s: 18.9 tok/s, 52.9 ms/tok, 149 ms/pass, 2.81 tok/pass, accept p1 83 % p2 71 % p3 69 % p4 38 % p5 25 %
2026-10-02 21:04:42.090 INFO  sched: request 'chatcmpl-c6ea0dce8415116d' starting prefill in slot 0 (63 prompt tokens)
2026-10-02 21:04:42.328 INFO  sched: request 'chatcmpl-c6ea0dce8415116d' prefix cache miss — 0 cut(s), the cache is empty
2026-10-02 21:04:42.328 INFO  sched: request 'chatcmpl-c6ea0dce8415116d' admitted to slot 0 (reserve 17 blocks; pool 68/8192 blocks in use) — first token 2581
2026-10-02 21:04:44.245 INFO  sched: request 'chatcmpl-c6ea0dce8415116c' retired (eos): 54 tok in 3.0 s — prefill 52 tok (0 cached) in 226 ms; decode 53 tok / 19 passes in 2.7 s: 19.3 tok/s, 51.9 ms/tok, 145 ms/pass, 2.79 tok/pass, accept p1 84 % p2 61 % p3 67 % p4 100 %
2026-10-02 21:04:44.361 INFO  sched: request 'chatcmpl-c6ea0dce8415116e' starting prefill in slot 3 (77 prompt tokens)
2026-10-02 21:04:44.617 INFO  sched: request 'chatcmpl-c6ea0dce8415116e' prefix cache miss — 0 cut(s), the cache is empty
2026-10-02 21:04:44.617 INFO  sched: request 'chatcmpl-c6ea0dce8415116e' admitted to slot 3 (reserve 17 blocks; pool 68/8192 blocks in use) — first token 2581
2026-10-02 21:04:46.633 INFO  sched: request 'chatcmpl-c6ea0dce8415116d' retired (eos): 100 tok in 4.5 s — prefill 63 tok (0 cached) in 237 ms; decode 99 tok / 29 passes in 4.3 s: 23.0 tok/s, 43.5 ms/tok, 148 ms/pass, 3.41 tok/pass, accept p1 90 % p2 86 % p3 82 % p4 83 % p5 50 %
2026-10-02 21:04:46.792 INFO  stats: rank 0 | 10.1 s | decode 81.4 tok/s, 10.5 ms/tok, 136.5 ms/step (63 steps / 822 tok, 85 % of wall) | mtp 3.34 tok/step/req, accept p1 91 % p2 84 % p3 78 % p4 64 % p5 65 % | prefill 5 prompts / 373 tok, 37 tok/s, 3.39 ms/tok, 253 ms avg (13 % of wall), 0 tok cached (0/5 hits) | live 3, queued 0 | pool 51/8192 blocks (1 %) | prefix cache 0/780 entries | requests +6 (shed 0, cancelled 0)
2026-10-02 21:04:46.807 INFO  sched: request 'chatcmpl-c6ea0dce8415116f' starting prefill in slot 0 (146 prompt tokens)
2026-10-02 21:04:46.807 INFO  sched: request 'chatcmpl-c6ea0dce8415116f' prefix cache miss — 1 cut(s), the cache is empty
2026-10-02 21:04:46.808 INFO  sched: request 'chatcmpl-c6ea0dce8415116f' prefilling in slot 0 (256 tokens/tick)
2026-10-02 21:04:47.146 INFO  sched: request 'chatcmpl-c6ea0dce8415116f' admitted to slot 0 (reserve 18 blocks; pool 69/8192 blocks in use) — first token 5718
2026-10-02 21:04:47.940 INFO  sched: request 'chatcmpl-c6ea0dce8415116a' retired (eos): 163 tok in 8.4 s — prefill 91 tok (0 cached) in 276 ms; decode 162 tok / 50 passes in 8.1 s: 20.0 tok/s, 49.9 ms/tok, 162 ms/pass, 3.24 tok/pass, accept p1 94 % p2 80 % p3 79 % p4 80 % p5 75 %
2026-10-02 21:04:48.128 INFO  sched: request 'chatcmpl-c6ea0dce84151170' starting prefill in slot 2 (66 prompt tokens)
2026-10-02 21:04:48.386 INFO  sched: request 'chatcmpl-c6ea0dce84151170' prefix cache miss — 0 cut(s), the cache is empty
2026-10-02 21:04:48.386 INFO  sched: request 'chatcmpl-c6ea0dce84151170' admitted to slot 2 (reserve 17 blocks; pool 69/8192 blocks in use) — first token 5718
2026-10-02 21:04:50.514 INFO  sched: request 'chatcmpl-c6ea0dce8415116e' retired (eos): 128 tok in 6.2 s — prefill 77 tok (0 cached) in 256 ms; decode 127 tok / 37 passes in 5.9 s: 21.5 tok/s, 46.4 ms/tok, 159 ms/pass, 3.43 tok/pass, accept p1 92 % p2 85 % p3 74 % p4 80 % p5 80 %
2026-10-02 21:04:50.650 INFO  sched: request 'chatcmpl-c6ea0dce84151171' starting prefill in slot 3 (64 prompt tokens)
2026-10-02 21:04:50.885 INFO  sched: request 'chatcmpl-c6ea0dce84151171' prefix cache miss — 0 cut(s), the cache is empty
2026-10-02 21:04:50.885 INFO  sched: request 'chatcmpl-c6ea0dce84151171' admitted to slot 3 (reserve 17 blocks; pool 69/8192 blocks in use) — first token 2581
2026-10-02 21:04:51.437 INFO  sched: request 'chatcmpl-c6ea0dce8415116b' retired (eos): 224 tok in 10.7 s — prefill 90 tok (0 cached) in 270 ms; decode 223 tok / 64 passes in 10.4 s: 21.4 tok/s, 46.8 ms/tok, 163 ms/pass, 3.48 tok/pass, accept p1 95 % p2 93 % p3 76 % p4 64 % p5 100 %
2026-10-02 21:04:51.609 INFO  sched: request 'chatcmpl-c6ea0dce84151172' starting prefill in slot 1 (64 prompt tokens)
2026-10-02 21:04:51.848 INFO  sched: request 'chatcmpl-c6ea0dce84151172' prefix cache miss — 0 cut(s), the cache is empty
2026-10-02 21:04:51.848 INFO  sched: request 'chatcmpl-c6ea0dce84151172' admitted to slot 1 (reserve 17 blocks; pool 69/8192 blocks in use) — first token 2581
2026-10-02 21:04:52.233 INFO  sched: request 'chatcmpl-c6ea0dce84151170' retired (eos): 78 tok in 4.1 s — prefill 66 tok (0 cached) in 258 ms; decode 77 tok / 24 passes in 3.8 s: 20.0 tok/s, 49.9 ms/tok, 160 ms/pass, 3.21 tok/pass, accept p1 88 % p2 68 % p3 76 % p4 80 % p5 100 %
2026-10-02 21:04:52.357 INFO  sched: request 'chatcmpl-c6ea0dce84151173' starting prefill in slot 2 (73 prompt tokens)
2026-10-02 21:04:52.615 INFO  sched: request 'chatcmpl-c6ea0dce84151173' prefix cache miss — 0 cut(s), the cache is empty
2026-10-02 21:04:52.615 INFO  sched: request 'chatcmpl-c6ea0dce84151173' admitted to slot 2 (reserve 17 blocks; pool 69/8192 blocks in use) — first token 2581
2026-10-02 21:04:54.547 INFO  sched: request 'chatcmpl-c6ea0dce84151171' retired (eos): 80 tok in 3.9 s — prefill 64 tok (0 cached) in 236 ms; decode 79 tok / 23 passes in 3.7 s: 21.6 tok/s, 46.4 ms/tok, 159 ms/pass, 3.43 tok/pass, accept p1 96 % p2 87 % p3 93 % p4 100 %
2026-10-02 21:04:54.648 INFO  sched: request 'chatcmpl-c6ea0dce84151174' starting prefill in slot 3 (102 prompt tokens)
2026-10-02 21:04:54.934 INFO  sched: request 'chatcmpl-c6ea0dce84151174' prefix cache miss — 0 cut(s), the cache is empty
2026-10-02 21:04:54.934 INFO  sched: request 'chatcmpl-c6ea0dce84151174' admitted to slot 3 (reserve 17 blocks; pool 69/8192 blocks in use) — first token 5718
2026-10-02 21:04:55.115 INFO  sched: request 'chatcmpl-c6ea0dce8415116f' retired (eos): 157 tok in 8.3 s — prefill 146 tok (0 cached) in 339 ms; decode 156 tok / 48 passes in 8.0 s: 19.6 tok/s, 51.1 ms/tok, 166 ms/pass, 3.25 tok/pass, accept p1 92 % p2 87 % p3 68 % p4 50 % p5 33 %
2026-10-02 21:04:55.289 INFO  sched: request 'chatcmpl-c6ea0dce84151175' starting prefill in slot 0 (103 prompt tokens)
2026-10-02 21:04:55.575 INFO  sched: request 'chatcmpl-c6ea0dce84151175' prefix cache miss — 0 cut(s), the cache is empty
2026-10-02 21:04:55.575 INFO  sched: request 'chatcmpl-c6ea0dce84151175' admitted to slot 0 (reserve 17 blocks; pool 68/8192 blocks in use) — first token 2581
2026-10-02 21:04:56.265 INFO  sched: request 'chatcmpl-c6ea0dce84151172' retired (eos): 74 tok in 4.7 s — prefill 64 tok (0 cached) in 239 ms; decode 73 tok / 26 passes in 4.4 s: 16.5 tok/s, 60.5 ms/tok, 170 ms/pass, 2.81 tok/pass, accept p1 77 % p2 64 % p3 60 % p4 75 %
2026-10-02 21:04:56.426 INFO  sched: request 'chatcmpl-c6ea0dce84151176' starting prefill in slot 1 (77 prompt tokens)
2026-10-02 21:04:56.696 INFO  sched: request 'chatcmpl-c6ea0dce84151176' prefix cache miss — 0 cut(s), the cache is empty
2026-10-02 21:04:56.696 INFO  sched: request 'chatcmpl-c6ea0dce84151176' admitted to slot 1 (reserve 17 blocks; pool 68/8192 blocks in use) — first token 10318
2026-10-02 21:04:56.920 INFO  stats: rank 0 | 10.1 s | decode 72.7 tok/s, 10.4 ms/tok, 134.8 ms/step (57 steps / 736 tok, 76 % of wall) | mtp 3.33 tok/step/req, accept p1 90 % p2 81 % p3 78 % p4 80 % p5 82 % | prefill 8 prompts / 695 tok, 69 tok/s, 3.12 ms/tok, 271 ms avg (21 % of wall), 0 tok cached (0/8 hits) | live 4, queued 0 | pool 68/8192 blocks (1 %) | prefix cache 0/780 entries | requests +7 (shed 0, cancelled 0)
2026-10-02 21:04:57.926 INFO  sched: request 'chatcmpl-c6ea0dce84151173' retired (eos): 111 tok in 5.6 s — prefill 73 tok (0 cached) in 258 ms; decode 110 tok / 32 passes in 5.3 s: 20.7 tok/s, 48.3 ms/tok, 166 ms/pass, 3.44 tok/pass, accept p1 94 % p2 89 % p3 95 % p4 71 % p5 0 %
2026-10-02 21:04:58.053 INFO  sched: request 'chatcmpl-c6ea0dce84151177' starting prefill in slot 2 (92 prompt tokens)
2026-10-02 21:04:58.332 INFO  sched: request 'chatcmpl-c6ea0dce84151177' prefix cache miss — 0 cut(s), the cache is empty
2026-10-02 21:04:58.332 INFO  sched: request 'chatcmpl-c6ea0dce84151177' admitted to slot 2 (reserve 17 blocks; pool 68/8192 blocks in use) — first token 2581
2026-10-02 21:05:00.283 INFO  sched: request 'chatcmpl-c6ea0dce84151176' retired (eos): 76 tok in 3.9 s — prefill 77 tok (0 cached) in 270 ms; decode 75 tok / 25 passes in 3.6 s: 20.9 tok/s, 47.8 ms/tok, 143 ms/pass, 3.00 tok/pass, accept p1 88 % p2 79 % p3 80 % p4 80 % p5 100 %
2026-10-02 21:05:00.432 INFO  sched: request 'chatcmpl-c6ea0dce84151178' starting prefill in slot 1 (74 prompt tokens)
2026-10-02 21:05:00.684 INFO  sched: request 'chatcmpl-c6ea0dce84151178' prefix cache miss — 0 cut(s), the cache is empty
2026-10-02 21:05:00.684 INFO  sched: request 'chatcmpl-c6ea0dce84151178' admitted to slot 1 (reserve 17 blocks; pool 68/8192 blocks in use) — first token 2581
2026-10-02 21:05:02.389 INFO  sched: request 'chatcmpl-c6ea0dce84151174' retired (eos): 156 tok in 7.7 s — prefill 102 tok (0 cached) in 286 ms; decode 155 tok / 46 passes in 7.5 s: 20.8 tok/s, 48.1 ms/tok, 162 ms/pass, 3.37 tok/pass, accept p1 96 % p2 92 % p3 76 % p4 73 % p5 100 %
2026-10-02 21:05:02.527 INFO  sched: request 'chatcmpl-c6ea0dce84151175' retired (eos): 147 tok in 7.2 s — prefill 103 tok (0 cached) in 285 ms; decode 146 tok / 45 passes in 7.0 s: 21.0 tok/s, 47.6 ms/tok, 154 ms/pass, 3.24 tok/pass, accept p1 87 % p2 82 % p3 92 % p4 90 % p5 100 %
2026-10-02 21:05:02.527 INFO  sched: request 'chatcmpl-c6ea0dce84151179' starting prefill in slot 0 (121 prompt tokens)
2026-10-02 21:05:02.825 INFO  sched: request 'chatcmpl-c6ea0dce84151179' prefix cache miss — 0 cut(s), the cache is empty
2026-10-02 21:05:02.825 INFO  sched: request 'chatcmpl-c6ea0dce84151179' admitted to slot 0 (reserve 17 blocks; pool 51/8192 blocks in use) — first token 5718
2026-10-02 21:05:02.957 INFO  sched: request 'chatcmpl-c6ea0dce8415117a' starting prefill in slot 3 (84 prompt tokens)
2026-10-02 21:05:03.218 INFO  sched: request 'chatcmpl-c6ea0dce8415117a' prefix cache miss — 0 cut(s), the cache is empty
2026-10-02 21:05:03.218 INFO  sched: request 'chatcmpl-c6ea0dce8415117a' admitted to slot 3 (reserve 17 blocks; pool 68/8192 blocks in use) — first token 10318
2026-10-02 21:05:04.223 INFO  sched: request 'chatcmpl-c6ea0dce84151178' retired (eos): 76 tok in 3.8 s — prefill 74 tok (0 cached) in 252 ms; decode 75 tok / 21 passes in 3.5 s: 21.2 tok/s, 47.2 ms/tok, 169 ms/pass, 3.57 tok/pass, accept p1 95 % p2 81 % p3 87 % p4 83 %
2026-10-02 21:05:04.374 INFO  sched: request 'chatcmpl-c6ea0dce8415117b' starting prefill in slot 1 (106 prompt tokens)
2026-10-02 21:05:04.669 INFO  sched: request 'chatcmpl-c6ea0dce8415117b' prefix cache miss — 0 cut(s), the cache is empty
2026-10-02 21:05:04.669 INFO  sched: request 'chatcmpl-c6ea0dce8415117b' admitted to slot 1 (reserve 17 blocks; pool 68/8192 blocks in use) — first token 2581
2026-10-02 21:05:06.929 INFO  stats: rank 0 | 10.0 s | decode 81.2 tok/s, 10.4 ms/tok, 136.2 ms/step (62 steps / 813 tok, 84 % of wall) | mtp 3.35 tok/step/req, accept p1 90 % p2 84 % p3 83 % p4 77 % p5 81 % | prefill 5 prompts / 477 tok, 48 tok/s, 2.90 ms/tok, 277 ms avg (14 % of wall), 0 tok cached (0/5 hits) | live 4, queued 0 | pool 68/8192 blocks (1 %) | prefix cache 0/780 entries | requests +5 (shed 0, cancelled 0)
2026-10-02 21:05:07.481 INFO  sched: request 'chatcmpl-c6ea0dce84151177' retired (eos): 200 tok in 9.4 s — prefill 92 tok (0 cached) in 279 ms; decode 199 tok / 58 passes in 9.1 s: 21.8 tok/s, 46.0 ms/tok, 158 ms/pass, 3.43 tok/pass, accept p1 93 % p2 87 % p3 91 % p4 85 % p5 67 %
2026-10-02 21:05:07.611 INFO  sched: request 'chatcmpl-c6ea0dce8415117c' starting prefill in slot 2 (102 prompt tokens)
2026-10-02 21:05:07.894 INFO  sched: request 'chatcmpl-c6ea0dce8415117c' prefix cache miss — 0 cut(s), the cache is empty
2026-10-02 21:05:07.894 INFO  sched: request 'chatcmpl-c6ea0dce8415117c' admitted to slot 2 (reserve 17 blocks; pool 68/8192 blocks in use) — first token 10318
2026-10-02 21:05:09.045 INFO  sched: request 'chatcmpl-c6ea0dce8415117a' retired (eos): 118 tok in 6.1 s — prefill 84 tok (0 cached) in 261 ms; decode 117 tok / 38 passes in 5.8 s: 20.1 tok/s, 49.8 ms/tok, 153 ms/pass, 3.08 tok/pass, accept p1 89 % p2 78 % p3 70 % p4 75 % p5 50 %
2026-10-02 21:05:09.156 INFO  sched: request 'chatcmpl-c6ea0dce8415117d' starting prefill in slot 3 (79 prompt tokens)
2026-10-02 21:05:09.424 INFO  sched: request 'chatcmpl-c6ea0dce8415117d' prefix cache miss — 0 cut(s), the cache is empty
2026-10-02 21:05:09.424 INFO  sched: request 'chatcmpl-c6ea0dce8415117d' admitted to slot 3 (reserve 17 blocks; pool 68/8192 blocks in use) — first token 2581
2026-10-02 21:05:11.589 INFO  sched: request 'chatcmpl-c6ea0dce84151179' retired (eos): 183 tok in 9.1 s — prefill 121 tok (0 cached) in 298 ms; decode 182 tok / 55 passes in 8.8 s: 20.8 tok/s, 48.2 ms/tok, 159 ms/pass, 3.31 tok/pass, accept p1 87 % p2 81 % p3 87 % p4 79 % p5 100 %
2026-10-02 21:05:11.781 INFO  sched: request 'chatcmpl-c6ea0dce8415117e' starting prefill in slot 0 (87 prompt tokens)
2026-10-02 21:05:12.048 INFO  sched: request 'chatcmpl-c6ea0dce8415117e' prefix cache miss — 0 cut(s), the cache is empty
2026-10-02 21:05:12.048 INFO  sched: request 'chatcmpl-c6ea0dce8415117e' admitted to slot 0 (reserve 17 blocks; pool 68/8192 blocks in use) — first token 5718
2026-10-02 21:05:13.545 INFO  sched: request 'chatcmpl-c6ea0dce8415117b' retired (eos): 197 tok in 9.2 s — prefill 106 tok (0 cached) in 295 ms; decode 196 tok / 56 passes in 8.9 s: 22.1 tok/s, 45.3 ms/tok, 159 ms/pass, 3.50 tok/pass, accept p1 89 % p2 85 % p3 82 % p4 83 % p5 88 %
2026-10-02 21:05:13.703 INFO  sched: request 'chatcmpl-c6ea0dce8415117f' starting prefill in slot 1 (59 prompt tokens)
2026-10-02 21:05:13.928 INFO  sched: request 'chatcmpl-c6ea0dce8415117f' prefix cache miss — 0 cut(s), the cache is empty
2026-10-02 21:05:13.928 INFO  sched: request 'chatcmpl-c6ea0dce8415117f' admitted to slot 1 (reserve 17 blocks; pool 68/8192 blocks in use) — first token 2581
2026-10-02 21:05:14.052 INFO  sched: request 'chatcmpl-c6ea0dce8415117d' retired (eos): 108 tok in 4.9 s — prefill 79 tok (0 cached) in 268 ms; decode 107 tok / 27 passes in 4.6 s: 23.1 tok/s, 43.2 ms/tok, 171 ms/pass, 3.96 tok/pass, accept p1 96 % p2 92 % p3 85 % p4 83 % p5 83 %
2026-10-02 21:05:14.167 INFO  sched: request 'chatcmpl-c6ea0dce84151180' starting prefill in slot 3 (124 prompt tokens)
2026-10-02 21:05:14.475 INFO  sched: request 'chatcmpl-c6ea0dce84151180' prefix cache miss — 0 cut(s), the cache is empty
2026-10-02 21:05:14.475 INFO  sched: request 'chatcmpl-c6ea0dce84151180' admitted to slot 3 (reserve 17 blocks; pool 68/8192 blocks in use) — first token 5718
2026-10-02 21:05:14.627 INFO  sched: request 'chatcmpl-c6ea0dce8415117c' retired (eos): 143 tok in 7.0 s — prefill 102 tok (0 cached) in 284 ms; decode 142 tok / 39 passes in 6.7 s: 21.1 tok/s, 47.4 ms/tok, 173 ms/pass, 3.64 tok/pass, accept p1 100 % p2 85 % p3 77 % p4 85 % p5 83 %
2026-10-02 21:05:14.786 INFO  sched: request 'chatcmpl-c6ea0dce84151181' starting prefill in slot 2 (82 prompt tokens)
2026-10-02 21:05:15.056 INFO  sched: request 'chatcmpl-c6ea0dce84151181' prefix cache miss — 0 cut(s), the cache is empty
2026-10-02 21:05:15.056 INFO  sched: request 'chatcmpl-c6ea0dce84151181' admitted to slot 2 (reserve 17 blocks; pool 68/8192 blocks in use) — first token 5718
2026-10-02 21:05:16.277 INFO  sched: request 'chatcmpl-c6ea0dce8415117e' retired (eos): 89 tok in 4.5 s — prefill 87 tok (0 cached) in 267 ms; decode 88 tok / 23 passes in 4.2 s: 20.8 tok/s, 48.1 ms/tok, 184 ms/pass, 3.83 tok/pass, accept p1 96 % p2 91 % p3 88 % p4 86 % p5 50 %
2026-10-02 21:05:16.404 INFO  sched: request 'chatcmpl-c6ea0dce84151182' starting prefill in slot 0 (71 prompt tokens)
2026-10-02 21:05:16.662 INFO  sched: request 'chatcmpl-c6ea0dce84151182' prefix cache miss — 0 cut(s), the cache is empty
2026-10-02 21:05:16.662 INFO  sched: request 'chatcmpl-c6ea0dce84151182' admitted to slot 0 (reserve 17 blocks; pool 68/8192 blocks in use) — first token 10318
2026-10-02 21:05:16.931 INFO  stats: rank 0 | 10.0 s | decode 78.9 tok/s, 10.0 ms/tok, 137.9 ms/step (57 steps / 789 tok, 79 % of wall) | mtp 3.57 tok/step/req, accept p1 95 % p2 87 % p3 83 % p4 87 % p5 78 % | prefill 7 prompts / 604 tok, 60 tok/s, 3.11 ms/tok, 268 ms avg (19 % of wall), 0 tok cached (0/7 hits) | live 4, queued 0 | pool 68/8192 blocks (1 %) | prefix cache 0/780 entries | requests +7 (shed 0, cancelled 0)
2026-10-02 21:05:20.532 INFO  sched: request 'chatcmpl-c6ea0dce84151182' retired (eos): 90 tok in 4.1 s — prefill 71 tok (0 cached) in 258 ms; decode 89 tok / 29 passes in 3.9 s: 23.0 tok/s, 43.5 ms/tok, 133 ms/pass, 3.07 tok/pass, accept p1 90 % p2 78 % p3 71 % p4 100 % p5 100 %
2026-10-02 21:05:20.682 INFO  sched: request 'chatcmpl-c6ea0dce8415117f' retired (eos): 130 tok in 7.0 s — prefill 59 tok (0 cached) in 225 ms; decode 129 tok / 44 passes in 6.8 s: 19.1 tok/s, 52.4 ms/tok, 154 ms/pass, 2.93 tok/pass, accept p1 84 % p2 71 % p3 78 % p4 67 % p5 0 %
2026-10-02 21:05:20.683 INFO  sched: request 'chatcmpl-c6ea0dce84151183' starting prefill in slot 0 (83 prompt tokens)
2026-10-02 21:05:20.953 INFO  sched: request 'chatcmpl-c6ea0dce84151183' prefix cache miss — 0 cut(s), the cache is empty
2026-10-02 21:05:20.953 INFO  sched: request 'chatcmpl-c6ea0dce84151183' admitted to slot 0 (reserve 17 blocks; pool 51/8192 blocks in use) — first token 5718
2026-10-02 21:05:21.074 INFO  sched: request 'chatcmpl-c6ea0dce84151184' starting prefill in slot 1 (87 prompt tokens)
2026-10-02 21:05:21.343 INFO  sched: request 'chatcmpl-c6ea0dce84151184' prefix cache miss — 0 cut(s), the cache is empty
2026-10-02 21:05:21.343 INFO  sched: request 'chatcmpl-c6ea0dce84151184' admitted to slot 1 (reserve 17 blocks; pool 68/8192 blocks in use) — first token 5718
2026-10-02 21:05:23.592 INFO  sched: request 'chatcmpl-c6ea0dce84151181' retired (eos): 193 tok in 8.8 s — prefill 82 tok (0 cached) in 269 ms; decode 192 tok / 56 passes in 8.5 s: 22.5 tok/s, 44.5 ms/tok, 152 ms/pass, 3.43 tok/pass, accept p1 95 % p2 90 % p3 79 % p4 100 % p5 100 %
2026-10-02 21:05:23.718 INFO  sched: request 'chatcmpl-c6ea0dce84151185' starting prefill in slot 2 (80 prompt tokens)
2026-10-02 21:05:23.981 INFO  sched: request 'chatcmpl-c6ea0dce84151185' prefix cache miss — 0 cut(s), the cache is empty
2026-10-02 21:05:23.981 INFO  sched: request 'chatcmpl-c6ea0dce84151185' admitted to slot 2 (reserve 17 blocks; pool 68/8192 blocks in use) — first token 10318
2026-10-02 21:05:24.798 INFO  sched: request 'chatcmpl-c6ea0dce84151180' retired (eos): 219 tok in 10.6 s — prefill 124 tok (0 cached) in 308 ms; decode 218 tok / 65 passes in 10.3 s: 21.1 tok/s, 47.4 ms/tok, 159 ms/pass, 3.35 tok/pass, accept p1 92 % p2 83 % p3 82 % p4 92 % p5 100 %
2026-10-02 21:05:24.952 INFO  sched: request 'chatcmpl-c6ea0dce84151186' starting prefill in slot 3 (74 prompt tokens)
2026-10-02 21:05:25.209 INFO  sched: request 'chatcmpl-c6ea0dce84151186' prefix cache miss — 0 cut(s), the cache is empty
2026-10-02 21:05:25.209 INFO  sched: request 'chatcmpl-c6ea0dce84151186' admitted to slot 3 (reserve 17 blocks; pool 68/8192 blocks in use) — first token 5718
2026-10-02 21:05:26.747 INFO  sched: request 'chatcmpl-c6ea0dce84151185' retired (eos): 59 tok in 3.0 s — prefill 80 tok (0 cached) in 263 ms; decode 58 tok / 19 passes in 2.8 s: 21.0 tok/s, 47.7 ms/tok, 146 ms/pass, 3.05 tok/pass, accept p1 89 % p2 72 % p3 86 % p4 100 % p5 100 %
2026-10-02 21:05:26.881 INFO  sched: request 'chatcmpl-c6ea0dce84151187' starting prefill in slot 2 (59 prompt tokens)
2026-10-02 21:05:27.107 INFO  sched: request 'chatcmpl-c6ea0dce84151187' prefix cache miss — 0 cut(s), the cache is empty
2026-10-02 21:05:27.107 INFO  sched: request 'chatcmpl-c6ea0dce84151187' admitted to slot 2 (reserve 17 blocks; pool 68/8192 blocks in use) — first token 5718
2026-10-02 21:05:27.186 INFO  stats: rank 0 | 10.3 s | decode 80.0 tok/s, 10.7 ms/tok, 133.0 ms/step (66 steps / 820 tok, 86 % of wall) | mtp 3.17 tok/step/req, accept p1 87 % p2 80 % p3 80 % p4 84 % p5 87 % | prefill 5 prompts / 383 tok, 37 tok/s, 3.35 ms/tok, 257 ms avg (13 % of wall), 0 tok cached (0/5 hits) | live 4, queued 0 | pool 68/8192 blocks (1 %) | prefix cache 0/780 entries | requests +5 (shed 0, cancelled 0)
2026-10-02 21:05:27.589 INFO  sched: request 'chatcmpl-c6ea0dce84151183' retired (eos): 127 tok in 6.9 s — prefill 83 tok (0 cached) in 270 ms; decode 126 tok / 41 passes in 6.6 s: 19.0 tok/s, 52.7 ms/tok, 162 ms/pass, 3.07 tok/pass, accept p1 85 % p2 84 % p3 65 % p4 56 % p5 75 %
2026-10-02 21:05:27.719 INFO  sched: request 'chatcmpl-c6ea0dce84151188' starting prefill in slot 0 (66 prompt tokens)
2026-10-02 21:05:27.963 INFO  sched: request 'chatcmpl-c6ea0dce84151188' prefix cache miss — 0 cut(s), the cache is empty
2026-10-02 21:05:27.963 INFO  sched: request 'chatcmpl-c6ea0dce84151188' admitted to slot 0 (reserve 17 blocks; pool 68/8192 blocks in use) — first token 2581
2026-10-02 21:05:30.457 INFO  sched: request 'chatcmpl-c6ea0dce84151187' retired (eos): 69 tok in 3.6 s — prefill 59 tok (0 cached) in 226 ms; decode 68 tok / 22 passes in 3.4 s: 20.3 tok/s, 49.3 ms/tok, 152 ms/pass, 3.09 tok/pass, accept p1 95 % p2 75 % p3 67 % p4 50 % p5 0 %
2026-10-02 21:05:30.666 INFO  sched: request 'chatcmpl-c6ea0dce84151189' starting prefill in slot 2 (80 prompt tokens)
2026-10-02 21:05:30.928 INFO  sched: request 'chatcmpl-c6ea0dce84151189' prefix cache miss — 0 cut(s), the cache is empty
2026-10-02 21:05:30.928 INFO  sched: request 'chatcmpl-c6ea0dce84151189' admitted to slot 2 (reserve 17 blocks; pool 68/8192 blocks in use) — first token 2581
2026-10-02 21:05:32.190 INFO  sched: request 'chatcmpl-c6ea0dce84151186' retired (eos): 140 tok in 7.2 s — prefill 74 tok (0 cached) in 257 ms; decode 139 tok / 44 passes in 7.0 s: 19.9 tok/s, 50.2 ms/tok, 159 ms/pass, 3.16 tok/pass, accept p1 89 % p2 73 % p3 73 % p4 58 % p5 80 %
2026-10-02 21:05:32.327 INFO  sched: request 'chatcmpl-c6ea0dce8415118a' starting prefill in slot 3 (76 prompt tokens)
2026-10-02 21:05:32.585 INFO  sched: request 'chatcmpl-c6ea0dce8415118a' prefix cache miss — 0 cut(s), the cache is empty
2026-10-02 21:05:32.585 INFO  sched: request 'chatcmpl-c6ea0dce8415118a' admitted to slot 3 (reserve 17 blocks; pool 68/8192 blocks in use) — first token 10318
2026-10-02 21:05:34.461 INFO  sched: request 'chatcmpl-c6ea0dce84151188' retired (eos): 156 tok in 6.7 s — prefill 66 tok (0 cached) in 245 ms; decode 155 tok / 39 passes in 6.5 s: 23.9 tok/s, 41.9 ms/tok, 167 ms/pass, 3.97 tok/pass, accept p1 92 % p2 89 % p3 86 % p4 89 % p5 88 %
2026-10-02 21:05:34.668 INFO  sched: request 'chatcmpl-c6ea0dce8415118b' starting prefill in slot 0 (83 prompt tokens)
2026-10-02 21:05:34.934 INFO  sched: request 'chatcmpl-c6ea0dce8415118b' prefix cache miss — 0 cut(s), the cache is empty
2026-10-02 21:05:34.934 INFO  sched: request 'chatcmpl-c6ea0dce8415118b' admitted to slot 0 (reserve 17 blocks; pool 68/8192 blocks in use) — first token 5718
2026-10-02 21:05:35.755 INFO  sched: request 'chatcmpl-c6ea0dce8415118a' retired (eos): 74 tok in 3.4 s — prefill 76 tok (0 cached) in 258 ms; decode 73 tok / 18 passes in 3.2 s: 23.0 tok/s, 43.4 ms/tok, 176 ms/pass, 4.06 tok/pass, accept p1 100 % p2 94 % p3 69 % p4 78 % p5 50 %
2026-10-02 21:05:35.892 INFO  sched: request 'chatcmpl-c6ea0dce8415118c' starting prefill in slot 3 (53 prompt tokens)
2026-10-02 21:05:36.118 INFO  sched: request 'chatcmpl-c6ea0dce8415118c' prefix cache miss — 0 cut(s), the cache is empty
2026-10-02 21:05:36.118 INFO  sched: request 'chatcmpl-c6ea0dce8415118c' admitted to slot 3 (reserve 17 blocks; pool 68/8192 blocks in use) — first token 5718
2026-10-02 21:05:37.243 INFO  stats: rank 0 | 10.1 s | decode 85.1 tok/s, 10.0 ms/tok, 147.9 ms/step (58 steps / 856 tok, 85 % of wall) | mtp 3.77 tok/step/req, accept p1 93 % p2 84 % p3 78 % p4 78 % p5 78 % | prefill 5 prompts / 358 tok, 36 tok/s, 3.51 ms/tok, 251 ms avg (12 % of wall), 0 tok cached (0/5 hits) | live 4, queued 0 | pool 68/8192 blocks (1 %) | prefix cache 0/780 entries | requests +5 (shed 0, cancelled 0)
2026-10-02 21:05:37.573 INFO  sched: request 'chatcmpl-c6ea0dce84151184' retired (eos): 361 tok in 16.5 s — prefill 87 tok (0 cached) in 269 ms; decode 360 tok / 97 passes in 16.2 s: 22.2 tok/s, 45.1 ms/tok, 167 ms/pass, 3.71 tok/pass, accept p1 90 % p2 86 % p3 86 % p4 91 % p5 100 %
2026-10-02 21:05:37.673 INFO  sched: request 'chatcmpl-c6ea0dce8415118d' starting prefill in slot 1 (68 prompt tokens)
2026-10-02 21:05:37.916 INFO  sched: request 'chatcmpl-c6ea0dce8415118d' prefix cache miss — 0 cut(s), the cache is empty
2026-10-02 21:05:37.916 INFO  sched: request 'chatcmpl-c6ea0dce8415118d' admitted to slot 1 (reserve 17 blocks; pool 68/8192 blocks in use) — first token 10318
2026-10-02 21:05:38.203 INFO  sched: request 'chatcmpl-c6ea0dce84151189' retired (eos): 159 tok in 7.5 s — prefill 80 tok (0 cached) in 261 ms; decode 158 tok / 41 passes in 7.3 s: 21.7 tok/s, 46.0 ms/tok, 177 ms/pass, 3.85 tok/pass, accept p1 95 % p2 79 % p3 75 % p4 78 % p5 100 %
2026-10-02 21:05:38.369 INFO  sched: request 'chatcmpl-c6ea0dce8415118e' starting prefill in slot 2 (90 prompt tokens)
2026-10-02 21:05:38.639 INFO  sched: request 'chatcmpl-c6ea0dce8415118e' prefix cache miss — 0 cut(s), the cache is empty
2026-10-02 21:05:38.639 INFO  sched: request 'chatcmpl-c6ea0dce8415118e' admitted to slot 2 (reserve 17 blocks; pool 68/8192 blocks in use) — first token 5718
2026-10-02 21:05:39.585 INFO  sched: request 'chatcmpl-c6ea0dce8415118c' retired (eos): 76 tok in 3.7 s — prefill 53 tok (0 cached) in 226 ms; decode 75 tok / 21 passes in 3.5 s: 21.6 tok/s, 46.2 ms/tok, 165 ms/pass, 3.57 tok/pass, accept p1 100 % p2 95 % p3 92 % p4 80 % p5 0 %
2026-10-02 21:05:39.682 INFO  sched: request 'chatcmpl-c6ea0dce8415118f' starting prefill in slot 3 (83 prompt tokens)
2026-10-02 21:05:39.948 INFO  sched: request 'chatcmpl-c6ea0dce8415118f' prefix cache miss — 0 cut(s), the cache is empty
2026-10-02 21:05:39.948 INFO  sched: request 'chatcmpl-c6ea0dce8415118f' admitted to slot 3 (reserve 17 blocks; pool 68/8192 blocks in use) — first token 5718
2026-10-02 21:05:41.537 INFO  sched: request 'chatcmpl-c6ea0dce8415118b' retired (eos): 120 tok in 6.9 s — prefill 83 tok (0 cached) in 265 ms; decode 119 tok / 40 passes in 6.6 s: 18.0 tok/s, 55.5 ms/tok, 165 ms/pass, 2.98 tok/pass, accept p1 82 % p2 64 % p3 71 % p4 60 % p5 33 %
2026-10-02 21:05:41.686 INFO  sched: request 'chatcmpl-c6ea0dce84151190' starting prefill in slot 0 (90 prompt tokens)
2026-10-02 21:05:41.964 INFO  sched: request 'chatcmpl-c6ea0dce84151190' prefix cache miss — 0 cut(s), the cache is empty
2026-10-02 21:05:41.964 INFO  sched: request 'chatcmpl-c6ea0dce84151190' admitted to slot 0 (reserve 17 blocks; pool 68/8192 blocks in use) — first token 2581
2026-10-02 21:05:42.392 INFO  sched: request 'chatcmpl-c6ea0dce8415118d' retired (eos): 75 tok in 4.7 s — prefill 68 tok (0 cached) in 243 ms; decode 74 tok / 27 passes in 4.5 s: 16.5 tok/s, 60.5 ms/tok, 166 ms/pass, 2.74 tok/pass, accept p1 74 % p2 67 % p3 64 % p4 60 %
2026-10-02 21:05:42.544 INFO  sched: request 'chatcmpl-c6ea0dce84151191' starting prefill in slot 1 (134 prompt tokens)
2026-10-02 21:05:42.544 INFO  sched: request 'chatcmpl-c6ea0dce84151191' prefix cache miss — 1 cut(s), the cache is empty
2026-10-02 21:05:42.544 INFO  sched: request 'chatcmpl-c6ea0dce84151191' prefilling in slot 1 (256 tokens/tick)
2026-10-02 21:05:42.865 INFO  sched: request 'chatcmpl-c6ea0dce84151191' admitted to slot 1 (reserve 18 blocks; pool 69/8192 blocks in use) — first token 5718
2026-10-02 21:05:44.011 INFO  sched: request 'chatcmpl-c6ea0dce8415118f' retired (eos): 81 tok in 4.3 s — prefill 83 tok (0 cached) in 266 ms; decode 80 tok / 24 passes in 4.1 s: 19.7 tok/s, 50.8 ms/tok, 169 ms/pass, 3.33 tok/pass, accept p1 96 % p2 77 % p3 67 % p4 57 % p5 100 %
2026-10-02 21:05:44.128 INFO  sched: request 'chatcmpl-c6ea0dce84151192' starting prefill in slot 3 (79 prompt tokens)
2026-10-02 21:05:44.393 INFO  sched: request 'chatcmpl-c6ea0dce84151192' prefix cache miss — 0 cut(s), the cache is empty
2026-10-02 21:05:44.393 INFO  sched: request 'chatcmpl-c6ea0dce84151192' admitted to slot 3 (reserve 17 blocks; pool 69/8192 blocks in use) — first token 5718
2026-10-02 21:05:45.041 INFO  sched: request 'chatcmpl-c6ea0dce8415118e' retired (eos): 133 tok in 6.7 s — prefill 90 tok (0 cached) in 270 ms; decode 132 tok / 37 passes in 6.4 s: 20.6 tok/s, 48.5 ms/tok, 173 ms/pass, 3.57 tok/pass, accept p1 95 % p2 91 % p3 79 % p4 80 % p5 100 %
2026-10-02 21:05:45.194 INFO  sched: request 'chatcmpl-c6ea0dce84151193' starting prefill in slot 2 (109 prompt tokens)
2026-10-02 21:05:45.484 INFO  sched: request 'chatcmpl-c6ea0dce84151193' prefix cache miss — 0 cut(s), the cache is empty
2026-10-02 21:05:45.484 INFO  sched: request 'chatcmpl-c6ea0dce84151193' admitted to slot 2 (reserve 17 blocks; pool 69/8192 blocks in use) — first token 5718
2026-10-02 21:05:47.381 INFO  stats: rank 0 | 10.1 s | decode 73.7 tok/s, 10.6 ms/tok, 142.0 ms/step (56 steps / 747 tok, 78 % of wall) | mtp 3.44 tok/step/req, accept p1 90 % p2 80 % p3 73 % p4 65 % p5 60 % | prefill 7 prompts / 653 tok, 64 tok/s, 2.96 ms/tok, 276 ms avg (19 % of wall), 0 tok cached (0/7 hits) | live 4, queued 0 | pool 69/8192 blocks (1 %) | prefix cache 0/780 entries | requests +7 (shed 0, cancelled 0)
2026-10-02 21:05:47.563 INFO  sched: request 'chatcmpl-c6ea0dce84151190' retired (eos): 116 tok in 5.9 s — prefill 90 tok (0 cached) in 279 ms; decode 115 tok / 30 passes in 5.6 s: 20.5 tok/s, 48.7 ms/tok, 187 ms/pass, 3.83 tok/pass, accept p1 97 % p2 80 % p3 73 % p4 79 % p5 60 %
2026-10-02 21:05:47.692 INFO  sched: request 'chatcmpl-c6ea0dce84151194' starting prefill in slot 0 (80 prompt tokens)
2026-10-02 21:05:47.958 INFO  sched: request 'chatcmpl-c6ea0dce84151194' prefix cache miss — 0 cut(s), the cache is empty
2026-10-02 21:05:47.958 INFO  sched: request 'chatcmpl-c6ea0dce84151194' admitted to slot 0 (reserve 17 blocks; pool 69/8192 blocks in use) — first token 5718
2026-10-02 21:05:51.705 INFO  sched: request 'chatcmpl-c6ea0dce84151192' retired (eos): 160 tok in 7.6 s — prefill 79 tok (0 cached) in 265 ms; decode 159 tok / 42 passes in 7.3 s: 21.7 tok/s, 46.0 ms/tok, 174 ms/pass, 3.79 tok/pass, accept p1 88 % p2 80 % p3 70 % p4 70 % p5 50 %
2026-10-02 21:05:51.831 INFO  sched: request 'chatcmpl-c6ea0dce84151195' starting prefill in slot 3 (85 prompt tokens)
2026-10-02 21:05:52.107 INFO  sched: request 'chatcmpl-c6ea0dce84151195' prefix cache miss — 0 cut(s), the cache is empty
2026-10-02 21:05:52.107 INFO  sched: request 'chatcmpl-c6ea0dce84151195' admitted to slot 3 (reserve 17 blocks; pool 69/8192 blocks in use) — first token 5718
2026-10-02 21:05:52.537 INFO  sched: request 'chatcmpl-c6ea0dce84151191' retired (eos): 220 tok in 10.0 s — prefill 134 tok (0 cached) in 321 ms; decode 219 tok / 54 passes in 9.7 s: 22.6 tok/s, 44.2 ms/tok, 179 ms/pass, 4.06 tok/pass, accept p1 94 % p2 85 % p3 81 % p4 78 % p5 71 %
2026-10-02 21:05:52.689 INFO  sched: request 'chatcmpl-c6ea0dce84151196' starting prefill in slot 1 (65 prompt tokens)
2026-10-02 21:05:52.939 INFO  sched: request 'chatcmpl-c6ea0dce84151196' prefix cache miss — 0 cut(s), the cache is empty
2026-10-02 21:05:52.939 INFO  sched: request 'chatcmpl-c6ea0dce84151196' admitted to slot 1 (reserve 17 blocks; pool 68/8192 blocks in use) — first token 2581
2026-10-02 21:05:53.646 INFO  sched: request 'chatcmpl-c6ea0dce84151193' retired (eos): 173 tok in 8.5 s — prefill 109 tok (0 cached) in 290 ms; decode 172 tok / 47 passes in 8.2 s: 21.1 tok/s, 47.4 ms/tok, 174 ms/pass, 3.66 tok/pass, accept p1 91 % p2 83 % p3 67 % p4 57 % p5 55 %
2026-10-02 21:05:53.646 INFO  sched: request 'chatcmpl-c6ea0dce84151194' retired (eos): 129 tok in 6.0 s — prefill 80 tok (0 cached) in 266 ms; decode 128 tok / 33 passes in 5.7 s: 22.5 tok/s, 44.4 ms/tok, 172 ms/pass, 3.88 tok/pass, accept p1 91 % p2 88 % p3 79 % p4 62 % p5 67 %
2026-10-02 21:05:53.740 INFO  sched: request 'chatcmpl-c6ea0dce84151197' starting prefill in slot 0 (77 prompt tokens)
2026-10-02 21:05:53.740 INFO  sched: request 'chatcmpl-c6ea0dce84151198' starting prefill in slot 2 (78 prompt tokens)
2026-10-02 21:05:54.130 INFO  sched: request 'chatcmpl-c6ea0dce84151197' prefix cache miss — 0 cut(s), the cache is empty
2026-10-02 21:05:54.130 INFO  sched: request 'chatcmpl-c6ea0dce84151197' admitted to slot 0 (reserve 17 blocks; pool 52/8192 blocks in use) — first token 5718
2026-10-02 21:05:54.130 INFO  sched: request 'chatcmpl-c6ea0dce84151198' prefix cache miss — 0 cut(s), the cache is empty
2026-10-02 21:05:54.130 INFO  sched: request 'chatcmpl-c6ea0dce84151198' admitted to slot 2 (reserve 17 blocks; pool 68/8192 blocks in use) — first token 2581
2026-10-02 21:05:54.130 INFO  sched: 2 requests admitted together in one prefill (390 ms)
2026-10-02 21:05:55.702 INFO  sched: request 'chatcmpl-c6ea0dce84151196' retired (eos): 55 tok in 3.0 s — prefill 65 tok (0 cached) in 249 ms; decode 54 tok / 18 passes in 2.8 s: 19.5 tok/s, 51.2 ms/tok, 154 ms/pass, 3.00 tok/pass, accept p1 89 % p2 81 % p3 75 % p4 67 %
2026-10-02 21:05:55.854 INFO  sched: request 'chatcmpl-c6ea0dce84151199' starting prefill in slot 1 (84 prompt tokens)
2026-10-02 21:05:56.125 INFO  sched: request 'chatcmpl-c6ea0dce84151199' prefix cache miss — 0 cut(s), the cache is empty
2026-10-02 21:05:56.125 INFO  sched: request 'chatcmpl-c6ea0dce84151199' admitted to slot 1 (reserve 17 blocks; pool 68/8192 blocks in use) — first token 10318
2026-10-02 21:05:57.385 INFO  stats: rank 0 | 10.0 s | decode 79.8 tok/s, 10.5 ms/tok, 141.4 ms/step (59 steps / 798 tok, 83 % of wall) | mtp 3.47 tok/step/req, accept p1 88 % p2 81 % p3 75 % p4 75 % p5 67 % | prefill 6 prompts / 469 tok, 47 tok/s, 3.10 ms/tok, 242 ms avg (15 % of wall), 0 tok cached (0/6 hits) | live 4, queued 0 | pool 68/8192 blocks (1 %) | prefix cache 0/780 entries | requests +6 (shed 0, cancelled 0)
2026-10-02 21:05:58.175 INFO  sched: request 'chatcmpl-c6ea0dce84151195' retired (eos): 106 tok in 6.3 s — prefill 85 tok (0 cached) in 276 ms; decode 105 tok / 38 passes in 6.1 s: 17.3 tok/s, 57.8 ms/tok, 160 ms/pass, 2.76 tok/pass, accept p1 68 % p2 69 % p3 67 % p4 80 % p5 50 %
2026-10-02 21:05:58.273 INFO  sched: request 'chatcmpl-c6ea0dce8415119a' starting prefill in slot 3 (84 prompt tokens)
2026-10-02 21:05:58.543 INFO  sched: request 'chatcmpl-c6ea0dce8415119a' prefix cache miss — 0 cut(s), the cache is empty
2026-10-02 21:05:58.543 INFO  sched: request 'chatcmpl-c6ea0dce8415119a' admitted to slot 3 (reserve 17 blocks; pool 68/8192 blocks in use) — first token 5718
2026-10-02 21:05:59.209 INFO  sched: request 'chatcmpl-c6ea0dce84151199' retired (eos): 69 tok in 3.4 s — prefill 84 tok (0 cached) in 272 ms; decode 68 tok / 21 passes in 3.1 s: 22.1 tok/s, 45.3 ms/tok, 147 ms/pass, 3.24 tok/pass, accept p1 95 % p2 90 % p3 75 % p4 100 % p5 100 %
2026-10-02 21:05:59.335 INFO  sched: request 'chatcmpl-c6ea0dce8415119b' starting prefill in slot 1 (70 prompt tokens)
2026-10-02 21:05:59.585 INFO  sched: request 'chatcmpl-c6ea0dce8415119b' prefix cache miss — 0 cut(s), the cache is empty
2026-10-02 21:05:59.585 INFO  sched: request 'chatcmpl-c6ea0dce8415119b' admitted to slot 1 (reserve 17 blocks; pool 68/8192 blocks in use) — first token 5718
2026-10-02 21:06:00.534 INFO  sched: request 'chatcmpl-c6ea0dce84151197' retired (eos): 140 tok in 6.8 s — prefill 77 tok (0 cached) in 390 ms; decode 139 tok / 42 passes in 6.4 s: 21.7 tok/s, 46.1 ms/tok, 152 ms/pass, 3.31 tok/pass, accept p1 93 % p2 92 % p3 89 % p4 100 % p5 100 %
2026-10-02 21:06:00.679 INFO  sched: request 'chatcmpl-c6ea0dce8415119c' starting prefill in slot 0 (64 prompt tokens)
2026-10-02 21:06:00.924 INFO  sched: request 'chatcmpl-c6ea0dce8415119c' prefix cache miss — 0 cut(s), the cache is empty
2026-10-02 21:06:00.924 INFO  sched: request 'chatcmpl-c6ea0dce8415119c' admitted to slot 0 (reserve 17 blocks; pool 68/8192 blocks in use) — first token 5718
2026-10-02 21:06:03.203 INFO  sched: request 'chatcmpl-c6ea0dce84151198' retired (eos): 186 tok in 9.5 s — prefill 78 tok (0 cached) in 390 ms; decode 185 tok / 59 passes in 9.1 s: 20.4 tok/s, 49.0 ms/tok, 154 ms/pass, 3.14 tok/pass, accept p1 86 % p2 76 % p3 86 % p4 86 % p5 50 %
2026-10-02 21:06:03.394 INFO  sched: request 'chatcmpl-c6ea0dce8415119d' starting prefill in slot 2 (112 prompt tokens)
2026-10-02 21:06:03.687 INFO  sched: request 'chatcmpl-c6ea0dce8415119d' prefix cache miss — 0 cut(s), the cache is empty
2026-10-02 21:06:03.687 INFO  sched: request 'chatcmpl-c6ea0dce8415119d' admitted to slot 2 (reserve 17 blocks; pool 68/8192 blocks in use) — first token 5718
2026-10-02 21:06:04.604 INFO  sched: request 'chatcmpl-c6ea0dce8415119b' retired (eos): 98 tok in 5.3 s — prefill 70 tok (0 cached) in 249 ms; decode 97 tok / 31 passes in 5.0 s: 19.3 tok/s, 51.7 ms/tok, 162 ms/pass, 3.13 tok/pass, accept p1 84 % p2 72 % p3 60 % p4 57 % p5 80 %
2026-10-02 21:06:04.768 INFO  sched: request 'chatcmpl-c6ea0dce8415119e' starting prefill in slot 1 (65 prompt tokens)
2026-10-02 21:06:05.012 INFO  sched: request 'chatcmpl-c6ea0dce8415119e' prefix cache miss — 0 cut(s), the cache is empty
2026-10-02 21:06:05.012 INFO  sched: request 'chatcmpl-c6ea0dce8415119e' admitted to slot 1 (reserve 17 blocks; pool 68/8192 blocks in use) — first token 5718
2026-10-02 21:06:05.380 INFO  sched: request 'chatcmpl-c6ea0dce8415119c' retired (eos): 97 tok in 4.7 s — prefill 64 tok (0 cached) in 245 ms; decode 96 tok / 27 passes in 4.5 s: 21.5 tok/s, 46.4 ms/tok, 165 ms/pass, 3.56 tok/pass, accept p1 93 % p2 88 % p3 82 % p4 86 % p5 80 %
2026-10-02 21:06:05.507 INFO  sched: request 'chatcmpl-c6ea0dce8415119f' starting prefill in slot 0 (66 prompt tokens)
2026-10-02 21:06:05.761 INFO  sched: request 'chatcmpl-c6ea0dce8415119f' prefix cache miss — 0 cut(s), the cache is empty
2026-10-02 21:06:05.761 INFO  sched: request 'chatcmpl-c6ea0dce8415119f' admitted to slot 0 (reserve 17 blocks; pool 68/8192 blocks in use) — first token 5718
2026-10-02 21:06:07.392 INFO  sched: request 'chatcmpl-c6ea0dce8415119a' retired (eos): 174 tok in 9.1 s — prefill 84 tok (0 cached) in 270 ms; decode 173 tok / 54 passes in 8.8 s: 19.6 tok/s, 51.1 ms/tok, 164 ms/pass, 3.20 tok/pass, accept p1 87 % p2 76 % p3 74 % p4 86 % p5 80 %
2026-10-02 21:06:07.392 INFO  stats: rank 0 | 10.0 s | decode 77.1 tok/s, 10.6 ms/tok, 136.7 ms/step (60 steps / 772 tok, 82 % of wall) | mtp 3.30 tok/step/req, accept p1 89 % p2 81 % p3 76 % p4 77 % p5 70 % | prefill 6 prompts / 461 tok, 46 tok/s, 3.37 ms/tok, 259 ms avg (16 % of wall), 0 tok cached (0/6 hits) | live 3, queued 0 | pool 51/8192 blocks (1 %) | prefix cache 0/780 entries | requests +6 (shed 0, cancelled 0)
2026-10-02 21:06:07.513 INFO  sched: request 'chatcmpl-c6ea0dce841511a0' starting prefill in slot 3 (93 prompt tokens)
2026-10-02 21:06:07.792 INFO  sched: request 'chatcmpl-c6ea0dce841511a0' prefix cache miss — 0 cut(s), the cache is empty
2026-10-02 21:06:07.792 INFO  sched: request 'chatcmpl-c6ea0dce841511a0' admitted to slot 3 (reserve 17 blocks; pool 68/8192 blocks in use) — first token 5718
2026-10-02 21:06:10.135 INFO  sched: request 'chatcmpl-c6ea0dce8415119e' retired (eos): 110 tok in 5.4 s — prefill 65 tok (0 cached) in 244 ms; decode 109 tok / 33 passes in 5.1 s: 21.3 tok/s, 47.0 ms/tok, 155 ms/pass, 3.30 tok/pass, accept p1 91 % p2 91 % p3 83 % p4 40 % p5 0 %
2026-10-02 21:06:10.239 INFO  sched: request 'chatcmpl-c6ea0dce841511a1' starting prefill in slot 1 (83 prompt tokens)
2026-10-02 21:06:10.510 INFO  sched: request 'chatcmpl-c6ea0dce841511a1' prefix cache miss — 0 cut(s), the cache is empty
2026-10-02 21:06:10.510 INFO  sched: request 'chatcmpl-c6ea0dce841511a1' admitted to slot 1 (reserve 17 blocks; pool 68/8192 blocks in use) — first token 5718
2026-10-02 21:06:11.004 INFO  sched: request 'chatcmpl-c6ea0dce8415119d' retired (eos): 139 tok in 7.6 s — prefill 112 tok (0 cached) in 293 ms; decode 138 tok / 45 passes in 7.3 s: 18.9 tok/s, 53.0 ms/tok, 163 ms/pass, 3.07 tok/pass, accept p1 91 % p2 81 % p3 67 % p4 29 % p5 33 %
2026-10-02 21:06:11.111 INFO  sched: request 'chatcmpl-c6ea0dce841511a2' starting prefill in slot 2 (101 prompt tokens)
2026-10-02 21:06:11.396 INFO  sched: request 'chatcmpl-c6ea0dce841511a2' prefix cache miss — 0 cut(s), the cache is empty
2026-10-02 21:06:11.396 INFO  sched: request 'chatcmpl-c6ea0dce841511a2' admitted to slot 2 (reserve 17 blocks; pool 68/8192 blocks in use) — first token 5718
2026-10-02 21:06:12.563 INFO  sched: request 'chatcmpl-c6ea0dce8415119f' retired (eos): 129 tok in 7.1 s — prefill 66 tok (0 cached) in 254 ms; decode 128 tok / 44 passes in 6.8 s: 18.8 tok/s, 53.1 ms/tok, 155 ms/pass, 2.91 tok/pass, accept p1 84 % p2 68 % p3 67 % p4 100 % p5 100 %
2026-10-02 21:06:12.698 INFO  sched: request 'chatcmpl-c6ea0dce841511a3' starting prefill in slot 0 (90 prompt tokens)
2026-10-02 21:06:12.967 INFO  sched: request 'chatcmpl-c6ea0dce841511a3' prefix cache miss — 0 cut(s), the cache is empty
2026-10-02 21:06:12.967 INFO  sched: request 'chatcmpl-c6ea0dce841511a3' admitted to slot 0 (reserve 17 blocks; pool 68/8192 blocks in use) — first token 5718
2026-10-02 21:06:16.391 INFO  sched: request 'chatcmpl-c6ea0dce841511a1' retired (eos): 124 tok in 6.2 s — prefill 83 tok (0 cached) in 271 ms; decode 123 tok / 38 passes in 5.9 s: 20.9 tok/s, 47.8 ms/tok, 155 ms/pass, 3.24 tok/pass, accept p1 84 % p2 85 % p3 70 % p4 70 % p5 100 %
2026-10-02 21:06:16.534 INFO  sched: request 'chatcmpl-c6ea0dce841511a4' starting prefill in slot 1 (111 prompt tokens)
2026-10-02 21:06:16.830 INFO  sched: request 'chatcmpl-c6ea0dce841511a4' prefix cache miss — 0 cut(s), the cache is empty
2026-10-02 21:06:16.830 INFO  sched: request 'chatcmpl-c6ea0dce841511a4' admitted to slot 1 (reserve 17 blocks; pool 68/8192 blocks in use) — first token 5718
2026-10-02 21:06:17.393 INFO  stats: rank 0 | 10.0 s | decode 79.2 tok/s, 10.6 ms/tok, 137.9 ms/step (61 steps / 792 tok, 84 % of wall) | mtp 3.31 tok/step/req, accept p1 88 % p2 81 % p3 77 % p4 72 % p5 80 % | prefill 5 prompts / 478 tok, 48 tok/s, 2.93 ms/tok, 280 ms avg (14 % of wall), 0 tok cached (0/5 hits) | live 4, queued 0 | pool 68/8192 blocks (1 %) | prefix cache 0/780 entries | requests +5 (shed 0, cancelled 0)
2026-10-02 21:06:18.780 INFO  sched: request 'chatcmpl-c6ea0dce841511a0' retired (eos): 243 tok in 11.3 s — prefill 93 tok (0 cached) in 279 ms; decode 242 tok / 69 passes in 11.0 s: 22.0 tok/s, 45.4 ms/tok, 159 ms/pass, 3.51 tok/pass, accept p1 96 % p2 83 % p3 85 % p4 90 % p5 71 %
2026-10-02 21:06:18.895 INFO  sched: request 'chatcmpl-c6ea0dce841511a5' starting prefill in slot 3 (98 prompt tokens)
2026-10-02 21:06:19.178 INFO  sched: request 'chatcmpl-c6ea0dce841511a5' prefix cache miss — 0 cut(s), the cache is empty
2026-10-02 21:06:19.178 INFO  sched: request 'chatcmpl-c6ea0dce841511a5' admitted to slot 3 (reserve 17 blocks; pool 68/8192 blocks in use) — first token 5718
2026-10-02 21:06:21.215 INFO  sched: request 'chatcmpl-c6ea0dce841511a3' retired (eos): 181 tok in 8.5 s — prefill 90 tok (0 cached) in 269 ms; decode 180 tok / 51 passes in 8.2 s: 21.8 tok/s, 45.8 ms/tok, 162 ms/pass, 3.53 tok/pass, accept p1 88 % p2 78 % p3 76 % p4 67 % p5 57 %
2026-10-02 21:06:21.340 INFO  sched: request 'chatcmpl-c6ea0dce841511a6' starting prefill in slot 0 (59 prompt tokens)
2026-10-02 21:06:21.568 INFO  sched: request 'chatcmpl-c6ea0dce841511a6' prefix cache miss — 0 cut(s), the cache is empty
2026-10-02 21:06:21.568 INFO  sched: request 'chatcmpl-c6ea0dce841511a6' admitted to slot 0 (reserve 17 blocks; pool 68/8192 blocks in use) — first token 5718
2026-10-02 21:06:21.897 INFO  sched: request 'chatcmpl-c6ea0dce841511a2' retired (eos): 228 tok in 10.8 s — prefill 101 tok (0 cached) in 284 ms; decode 227 tok / 64 passes in 10.5 s: 21.6 tok/s, 46.3 ms/tok, 164 ms/pass, 3.55 tok/pass, accept p1 88 % p2 84 % p3 76 % p4 74 % p5 88 %
2026-10-02 21:06:22.066 INFO  sched: request 'chatcmpl-c6ea0dce841511a7' starting prefill in slot 2 (89 prompt tokens)
2026-10-02 21:06:22.341 INFO  sched: request 'chatcmpl-c6ea0dce841511a7' prefix cache miss — 0 cut(s), the cache is empty
2026-10-02 21:06:22.341 INFO  sched: request 'chatcmpl-c6ea0dce841511a7' admitted to slot 2 (reserve 17 blocks; pool 68/8192 blocks in use) — first token 5718
2026-10-02 21:06:24.386 INFO  sched: request 'chatcmpl-c6ea0dce841511a5' retired (eos): 94 tok in 5.5 s — prefill 98 tok (0 cached) in 282 ms; decode 93 tok / 32 passes in 5.2 s: 17.9 tok/s, 56.0 ms/tok, 163 ms/pass, 2.91 tok/pass, accept p1 69 % p2 63 % p3 58 % p4 58 % p5 60 %
2026-10-02 21:06:24.539 INFO  sched: request 'chatcmpl-c6ea0dce841511a8' starting prefill in slot 3 (83 prompt tokens)
2026-10-02 21:06:24.806 INFO  sched: request 'chatcmpl-c6ea0dce841511a8' prefix cache miss — 0 cut(s), the cache is empty
2026-10-02 21:06:24.806 INFO  sched: request 'chatcmpl-c6ea0dce841511a8' admitted to slot 3 (reserve 17 blocks; pool 68/8192 blocks in use) — first token 5718
2026-10-02 21:06:25.076 INFO  sched: request 'chatcmpl-c6ea0dce841511a6' retired (eos): 74 tok in 3.7 s — prefill 59 tok (0 cached) in 229 ms; decode 73 tok / 21 passes in 3.5 s: 20.8 tok/s, 48.1 ms/tok, 167 ms/pass, 3.48 tok/pass, accept p1 86 % p2 89 % p3 82 % p4 83 % p5 80 %
2026-10-02 21:06:25.225 INFO  sched: request 'chatcmpl-c6ea0dce841511a4' retired (eos): 184 tok in 8.7 s — prefill 111 tok (0 cached) in 296 ms; decode 183 tok / 50 passes in 8.4 s: 21.8 tok/s, 45.9 ms/tok, 168 ms/pass, 3.66 tok/pass, accept p1 88 % p2 87 % p3 84 % p4 83 % p5 78 %
2026-10-02 21:06:25.225 INFO  sched: request 'chatcmpl-c6ea0dce841511a9' starting prefill in slot 0 (61 prompt tokens)
2026-10-02 21:06:25.462 INFO  sched: request 'chatcmpl-c6ea0dce841511a9' prefix cache miss — 0 cut(s), the cache is empty
2026-10-02 21:06:25.462 INFO  sched: request 'chatcmpl-c6ea0dce841511a9' admitted to slot 0 (reserve 17 blocks; pool 51/8192 blocks in use) — first token 5718
2026-10-02 21:06:25.586 INFO  sched: request 'chatcmpl-c6ea0dce841511aa' starting prefill in slot 1 (68 prompt tokens)
2026-10-02 21:06:25.834 INFO  sched: request 'chatcmpl-c6ea0dce841511aa' prefix cache miss — 0 cut(s), the cache is empty
2026-10-02 21:06:25.834 INFO  sched: request 'chatcmpl-c6ea0dce841511aa' admitted to slot 1 (reserve 17 blocks; pool 68/8192 blocks in use) — first token 5718
2026-10-02 21:06:27.416 INFO  stats: rank 0 | 10.0 s | decode 79.6 tok/s, 10.4 ms/tok, 142.6 ms/step (58 steps / 798 tok, 82 % of wall) | mtp 3.53 tok/step/req, accept p1 88 % p2 82 % p3 78 % p4 77 % p5 71 % | prefill 6 prompts / 458 tok, 46 tok/s, 3.35 ms/tok, 256 ms avg (15 % of wall), 0 tok cached (0/6 hits) | live 4, queued 0 | pool 68/8192 blocks (1 %) | prefix cache 0/780 entries | requests +6 (shed 0, cancelled 0)
2026-10-02 21:06:28.420 INFO  sched: request 'chatcmpl-c6ea0dce841511a9' retired (eos): 70 tok in 3.2 s — prefill 61 tok (0 cached) in 236 ms; decode 69 tok / 18 passes in 3.0 s: 23.3 tok/s, 42.9 ms/tok, 164 ms/pass, 3.83 tok/pass, accept p1 94 % p2 89 % p3 85 % p4 83 % p5 100 %
2026-10-02 21:06:28.531 INFO  sched: request 'chatcmpl-c6ea0dce841511ab' starting prefill in slot 0 (64 prompt tokens)
2026-10-02 21:06:28.768 INFO  sched: request 'chatcmpl-c6ea0dce841511ab' prefix cache miss — 0 cut(s), the cache is empty
2026-10-02 21:06:28.768 INFO  sched: request 'chatcmpl-c6ea0dce841511ab' admitted to slot 0 (reserve 17 blocks; pool 68/8192 blocks in use) — first token 2581
2026-10-02 21:06:30.523 INFO  sched: request 'chatcmpl-c6ea0dce841511a7' retired (eos): 180 tok in 8.5 s — prefill 89 tok (0 cached) in 274 ms; decode 179 tok / 51 passes in 8.2 s: 21.9 tok/s, 45.7 ms/tok, 160 ms/pass, 3.51 tok/pass, accept p1 92 % p2 87 % p3 89 % p4 83 % p5 75 %
2026-10-02 21:06:30.715 INFO  sched: request 'chatcmpl-c6ea0dce841511ac' starting prefill in slot 2 (89 prompt tokens)
2026-10-02 21:06:30.984 INFO  sched: request 'chatcmpl-c6ea0dce841511ac' prefix cache miss — 0 cut(s), the cache is empty
2026-10-02 21:06:30.984 INFO  sched: request 'chatcmpl-c6ea0dce841511ac' admitted to slot 2 (reserve 17 blocks; pool 68/8192 blocks in use) — first token 5718
2026-10-02 21:06:32.192 INFO  sched: request 'chatcmpl-c6ea0dce841511ab' retired (eos): 80 tok in 3.7 s — prefill 64 tok (0 cached) in 238 ms; decode 79 tok / 22 passes in 3.4 s: 23.1 tok/s, 43.3 ms/tok, 156 ms/pass, 3.59 tok/pass, accept p1 95 % p2 86 % p3 92 % p4 80 % p5 67 %
2026-10-02 21:06:32.384 INFO  sched: request 'chatcmpl-c6ea0dce841511ad' starting prefill in slot 0 (73 prompt tokens)
2026-10-02 21:06:32.643 INFO  sched: request 'chatcmpl-c6ea0dce841511ad' prefix cache miss — 0 cut(s), the cache is empty
2026-10-02 21:06:32.643 INFO  sched: request 'chatcmpl-c6ea0dce841511ad' admitted to slot 0 (reserve 17 blocks; pool 68/8192 blocks in use) — first token 5718
2026-10-02 21:06:33.077 INFO  sched: request 'chatcmpl-c6ea0dce841511a8' retired (eos): 177 tok in 8.5 s — prefill 83 tok (0 cached) in 267 ms; decode 176 tok / 48 passes in 8.3 s: 21.3 tok/s, 47.0 ms/tok, 172 ms/pass, 3.67 tok/pass, accept p1 98 % p2 87 % p3 84 % p4 85 % p5 71 %
2026-10-02 21:06:33.177 INFO  sched: request 'chatcmpl-c6ea0dce841511ae' starting prefill in slot 3 (75 prompt tokens)
2026-10-02 21:06:33.431 INFO  sched: request 'chatcmpl-c6ea0dce841511ae' prefix cache miss — 0 cut(s), the cache is empty
2026-10-02 21:06:33.431 INFO  sched: request 'chatcmpl-c6ea0dce841511ae' admitted to slot 3 (reserve 17 blocks; pool 68/8192 blocks in use) — first token 5718
2026-10-02 21:06:35.686 INFO  sched: request 'chatcmpl-c6ea0dce841511aa' retired (eos): 217 tok in 10.1 s — prefill 68 tok (0 cached) in 247 ms; decode 216 tok / 60 passes in 9.9 s: 21.9 tok/s, 45.6 ms/tok, 164 ms/pass, 3.60 tok/pass, accept p1 88 % p2 84 % p3 84 % p4 75 % p5 70 %
2026-10-02 21:06:35.687 INFO  sched: request 'chatcmpl-c6ea0dce841511ac' retired (eos): 107 tok in 5.0 s — prefill 89 tok (0 cached) in 269 ms; decode 106 tok / 28 passes in 4.7 s: 22.5 tok/s, 44.4 ms/tok, 168 ms/pass, 3.79 tok/pass, accept p1 93 % p2 89 % p3 84 % p4 82 % p5 60 %
2026-10-02 21:06:35.833 INFO  sched: request 'chatcmpl-c6ea0dce841511af' starting prefill in slot 1 (71 prompt tokens)
2026-10-02 21:06:35.833 INFO  sched: request 'chatcmpl-c6ea0dce841511b0' starting prefill in slot 2 (79 prompt tokens)
2026-10-02 21:06:36.221 INFO  sched: request 'chatcmpl-c6ea0dce841511af' prefix cache miss — 0 cut(s), the cache is empty
2026-10-02 21:06:36.221 INFO  sched: request 'chatcmpl-c6ea0dce841511af' admitted to slot 1 (reserve 17 blocks; pool 52/8192 blocks in use) — first token 2581
2026-10-02 21:06:36.221 INFO  sched: request 'chatcmpl-c6ea0dce841511b0' prefix cache miss — 0 cut(s), the cache is empty
2026-10-02 21:06:36.221 INFO  sched: request 'chatcmpl-c6ea0dce841511b0' admitted to slot 2 (reserve 17 blocks; pool 68/8192 blocks in use) — first token 5718
2026-10-02 21:06:36.221 INFO  sched: 2 requests admitted together in one prefill (388 ms)
2026-10-02 21:06:37.562 INFO  stats: rank 0 | 10.1 s | decode 85.4 tok/s, 9.9 ms/tok, 142.2 ms/step (60 steps / 866 tok, 84 % of wall) | mtp 3.70 tok/step/req, accept p1 92 % p2 89 % p3 88 % p4 80 % p5 76 % | prefill 6 prompts / 451 tok, 44 tok/s, 3.12 ms/tok, 234 ms avg (14 % of wall), 0 tok cached (0/6 hits) | live 4, queued 0 | pool 68/8192 blocks (1 %) | prefix cache 0/780 entries | requests +6 (shed 0, cancelled 0)
2026-10-02 21:06:38.497 INFO  sched: request 'chatcmpl-c6ea0dce841511ae' retired (eos): 124 tok in 5.3 s — prefill 75 tok (0 cached) in 253 ms; decode 123 tok / 32 passes in 5.1 s: 24.3 tok/s, 41.2 ms/tok, 158 ms/pass, 3.84 tok/pass, accept p1 97 % p2 97 % p3 85 % p4 82 % p5 100 %
2026-10-02 21:06:38.604 INFO  sched: request 'chatcmpl-c6ea0dce841511b1' starting prefill in slot 3 (66 prompt tokens)
2026-10-02 21:06:38.850 INFO  sched: request 'chatcmpl-c6ea0dce841511b1' prefix cache miss — 0 cut(s), the cache is empty
2026-10-02 21:06:38.850 INFO  sched: request 'chatcmpl-c6ea0dce841511b1' admitted to slot 3 (reserve 17 blocks; pool 68/8192 blocks in use) — first token 5718
2026-10-02 21:06:39.638 INFO  sched: request 'chatcmpl-c6ea0dce841511ad' retired (eos): 152 tok in 7.3 s — prefill 73 tok (0 cached) in 259 ms; decode 151 tok / 43 passes in 7.0 s: 21.6 tok/s, 46.3 ms/tok, 163 ms/pass, 3.51 tok/pass, accept p1 88 % p2 84 % p3 80 % p4 83 % p5 100 %
2026-10-02 21:06:39.780 INFO  sched: request 'chatcmpl-c6ea0dce841511b2' starting prefill in slot 0 (67 prompt tokens)
2026-10-02 21:06:40.023 INFO  sched: request 'chatcmpl-c6ea0dce841511b2' prefix cache miss — 0 cut(s), the cache is empty
2026-10-02 21:06:40.023 INFO  sched: request 'chatcmpl-c6ea0dce841511b2' admitted to slot 0 (reserve 17 blocks; pool 68/8192 blocks in use) — first token 5718
2026-10-02 21:06:40.440 INFO  sched: request 'chatcmpl-c6ea0dce841511b0' retired (eos): 83 tok in 4.6 s — prefill 79 tok (0 cached) in 388 ms; decode 82 tok / 27 passes in 4.2 s: 19.4 tok/s, 51.4 ms/tok, 156 ms/pass, 3.04 tok/pass, accept p1 85 % p2 70 % p3 73 % p4 60 % p5 0 %
2026-10-02 21:06:40.565 INFO  sched: request 'chatcmpl-c6ea0dce841511b3' starting prefill in slot 2 (57 prompt tokens)
2026-10-02 21:06:40.790 INFO  sched: request 'chatcmpl-c6ea0dce841511b3' prefix cache miss — 0 cut(s), the cache is empty
2026-10-02 21:06:40.790 INFO  sched: request 'chatcmpl-c6ea0dce841511b3' admitted to slot 2 (reserve 17 blocks; pool 68/8192 blocks in use) — first token 2581
2026-10-02 21:06:43.128 INFO  sched: request 'chatcmpl-c6ea0dce841511af' retired (eos): 157 tok in 7.3 s — prefill 71 tok (0 cached) in 388 ms; decode 156 tok / 45 passes in 6.9 s: 22.6 tok/s, 44.3 ms/tok, 153 ms/pass, 3.47 tok/pass, accept p1 96 % p2 90 % p3 88 % p4 80 % p5 100 %
2026-10-02 21:06:43.257 INFO  sched: request 'chatcmpl-c6ea0dce841511b4' starting prefill in slot 1 (59 prompt tokens)
2026-10-02 21:06:43.489 INFO  sched: request 'chatcmpl-c6ea0dce841511b4' prefix cache miss — 0 cut(s), the cache is empty
2026-10-02 21:06:43.489 INFO  sched: request 'chatcmpl-c6ea0dce841511b4' admitted to slot 1 (reserve 17 blocks; pool 68/8192 blocks in use) — first token 5718
2026-10-02 21:06:44.730 INFO  sched: request 'chatcmpl-c6ea0dce841511b3' retired (eos): 78 tok in 4.2 s — prefill 57 tok (0 cached) in 225 ms; decode 77 tok / 27 passes in 3.9 s: 19.5 tok/s, 51.2 ms/tok, 146 ms/pass, 2.85 tok/pass, accept p1 81 % p2 67 % p3 60 % p4 50 % p5 100 %
2026-10-02 21:06:44.907 INFO  sched: request 'chatcmpl-c6ea0dce841511b5' starting prefill in slot 2 (79 prompt tokens)
2026-10-02 21:06:45.167 INFO  sched: request 'chatcmpl-c6ea0dce841511b5' prefix cache miss — 0 cut(s), the cache is empty
2026-10-02 21:06:45.167 INFO  sched: request 'chatcmpl-c6ea0dce841511b5' admitted to slot 2 (reserve 17 blocks; pool 68/8192 blocks in use) — first token 5718
2026-10-02 21:06:46.673 INFO  sched: request 'chatcmpl-c6ea0dce841511b1' retired (eos): 172 tok in 8.1 s — prefill 66 tok (0 cached) in 246 ms; decode 171 tok / 48 passes in 7.8 s: 21.9 tok/s, 45.8 ms/tok, 163 ms/pass, 3.56 tok/pass, accept p1 94 % p2 84 % p3 86 % p4 92 % p5 80 %
2026-10-02 21:06:46.791 INFO  sched: request 'chatcmpl-c6ea0dce841511b6' starting prefill in slot 3 (58 prompt tokens)
2026-10-02 21:06:47.018 INFO  sched: request 'chatcmpl-c6ea0dce841511b6' prefix cache miss — 0 cut(s), the cache is empty
2026-10-02 21:06:47.018 INFO  sched: request 'chatcmpl-c6ea0dce841511b6' admitted to slot 3 (reserve 17 blocks; pool 68/8192 blocks in use) — first token 2581
2026-10-02 21:06:47.136 INFO  sched: request 'chatcmpl-c6ea0dce841511b4' retired (eos): 80 tok in 3.9 s — prefill 59 tok (0 cached) in 233 ms; decode 79 tok / 21 passes in 3.6 s: 21.7 tok/s, 46.2 ms/tok, 174 ms/pass, 3.76 tok/pass, accept p1 90 % p2 90 % p3 62 % p4 86 % p5 100 %
2026-10-02 21:06:47.277 INFO  sched: request 'chatcmpl-c6ea0dce841511b7' starting prefill in slot 1 (116 prompt tokens)
2026-10-02 21:06:47.582 INFO  sched: request 'chatcmpl-c6ea0dce841511b7' prefix cache miss — 0 cut(s), the cache is empty
2026-10-02 21:06:47.582 INFO  sched: request 'chatcmpl-c6ea0dce841511b7' admitted to slot 1 (reserve 17 blocks; pool 68/8192 blocks in use) — first token 2581
2026-10-02 21:06:47.698 INFO  stats: rank 0 | 10.1 s | decode 77.9 tok/s, 10.3 ms/tok, 137.9 ms/step (59 steps / 790 tok, 80 % of wall) | mtp 3.45 tok/step/req, accept p1 91 % p2 81 % p3 76 % p4 80 % p5 88 % | prefill 7 prompts / 502 tok, 50 tok/s, 3.46 ms/tok, 248 ms avg (17 % of wall), 0 tok cached (0/7 hits) | live 4, queued 0 | pool 68/8192 blocks (1 %) | prefix cache 0/780 entries | requests +7 (shed 0, cancelled 0)
2026-10-02 21:06:48.216 INFO  sched: request 'chatcmpl-c6ea0dce841511b2' retired (eos): 167 tok in 8.4 s — prefill 67 tok (0 cached) in 243 ms; decode 166 tok / 49 passes in 8.2 s: 20.3 tok/s, 49.4 ms/tok, 167 ms/pass, 3.39 tok/pass, accept p1 90 % p2 80 % p3 81 % p4 77 % p5 100 %
2026-10-02 21:06:48.349 INFO  sched: request 'chatcmpl-c6ea0dce841511b8' starting prefill in slot 0 (100 prompt tokens)
2026-10-02 21:06:48.628 INFO  sched: request 'chatcmpl-c6ea0dce841511b8' prefix cache miss — 0 cut(s), the cache is empty
2026-10-02 21:06:48.654 INFO  sched: request 'chatcmpl-c6ea0dce841511b8' admitted to slot 0 (reserve 17 blocks; pool 68/8192 blocks in use) — first token 2581
2026-10-02 21:06:50.515 INFO  sched: request 'chatcmpl-c6ea0dce841511b5' retired (eos): 113 tok in 5.6 s — prefill 79 tok (0 cached) in 261 ms; decode 112 tok / 31 passes in 5.3 s: 20.9 tok/s, 47.7 ms/tok, 173 ms/pass, 3.61 tok/pass, accept p1 94 % p2 87 % p3 80 % p4 88 % p5 60 %
2026-10-02 21:06:50.695 INFO  sched: request 'chatcmpl-c6ea0dce841511b9' starting prefill in slot 2 (102 prompt tokens)
2026-10-02 21:06:50.977 INFO  sched: request 'chatcmpl-c6ea0dce841511b9' prefix cache miss — 0 cut(s), the cache is empty
2026-10-02 21:06:50.977 INFO  sched: request 'chatcmpl-c6ea0dce841511b9' admitted to slot 2 (reserve 17 blocks; pool 68/8192 blocks in use) — first token 2581
2026-10-02 21:06:51.622 INFO  sched: request 'chatcmpl-c6ea0dce841511b6' retired (eos): 85 tok in 4.8 s — prefill 58 tok (0 cached) in 227 ms; decode 84 tok / 26 passes in 4.6 s: 18.2 tok/s, 54.8 ms/tok, 177 ms/pass, 3.23 tok/pass, accept p1 92 % p2 72 % p3 73 % p4 67 % p5 100 %
2026-10-02 21:06:51.779 INFO  sched: request 'chatcmpl-c6ea0dce841511ba' starting prefill in slot 3 (73 prompt tokens)
2026-10-02 21:06:52.033 INFO  sched: request 'chatcmpl-c6ea0dce841511ba' prefix cache miss — 0 cut(s), the cache is empty
2026-10-02 21:06:52.033 INFO  sched: request 'chatcmpl-c6ea0dce841511ba' admitted to slot 3 (reserve 17 blocks; pool 68/8192 blocks in use) — first token 10318
2026-10-02 21:06:55.104 INFO  sched: request 'chatcmpl-c6ea0dce841511b8' retired (eos): 149 tok in 6.8 s — prefill 100 tok (0 cached) in 305 ms; decode 148 tok / 40 passes in 6.4 s: 22.9 tok/s, 43.6 ms/tok, 161 ms/pass, 3.70 tok/pass, accept p1 88 % p2 84 % p3 87 % p4 87 % p5 100 %
2026-10-02 21:06:55.205 INFO  sched: request 'chatcmpl-c6ea0dce841511bb' starting prefill in slot 0 (64 prompt tokens)
2026-10-02 21:06:55.450 INFO  sched: request 'chatcmpl-c6ea0dce841511bb' prefix cache miss — 0 cut(s), the cache is empty
2026-10-02 21:06:55.450 INFO  sched: request 'chatcmpl-c6ea0dce841511bb' admitted to slot 0 (reserve 17 blocks; pool 68/8192 blocks in use) — first token 2581
2026-10-02 21:06:55.693 INFO  sched: request 'chatcmpl-c6ea0dce841511ba' retired (eos): 76 tok in 3.9 s — prefill 73 tok (0 cached) in 255 ms; decode 75 tok / 24 passes in 3.7 s: 20.5 tok/s, 48.8 ms/tok, 152 ms/pass, 3.12 tok/pass, accept p1 92 % p2 75 % p3 62 % p4 62 %
2026-10-02 21:06:55.832 INFO  sched: request 'chatcmpl-c6ea0dce841511b7' retired (eos): 177 tok in 8.6 s — prefill 116 tok (0 cached) in 305 ms; decode 176 tok / 50 passes in 8.2 s: 21.3 tok/s, 46.9 ms/tok, 165 ms/pass, 3.52 tok/pass, accept p1 90 % p2 84 % p3 88 % p4 81 % p5 100 %
2026-10-02 21:06:55.832 INFO  sched: request 'chatcmpl-c6ea0dce841511bc' starting prefill in slot 1 (99 prompt tokens)
2026-10-02 21:06:56.115 INFO  sched: request 'chatcmpl-c6ea0dce841511bc' prefix cache miss — 0 cut(s), the cache is empty
2026-10-02 21:06:56.115 INFO  sched: request 'chatcmpl-c6ea0dce841511bc' admitted to slot 1 (reserve 17 blocks; pool 51/8192 blocks in use) — first token 5718
2026-10-02 21:06:56.231 INFO  sched: request 'chatcmpl-c6ea0dce841511bd' starting prefill in slot 3 (73 prompt tokens)
2026-10-02 21:06:56.490 INFO  sched: request 'chatcmpl-c6ea0dce841511bd' prefix cache miss — 0 cut(s), the cache is empty
2026-10-02 21:06:56.490 INFO  sched: request 'chatcmpl-c6ea0dce841511bd' admitted to slot 3 (reserve 17 blocks; pool 68/8192 blocks in use) — first token 5718
2026-10-02 21:06:57.751 INFO  stats: rank 0 | 10.1 s | decode 78.6 tok/s, 10.4 ms/tok, 139.3 ms/step (59 steps / 790 tok, 82 % of wall) | mtp 3.43 tok/step/req, accept p1 91 % p2 81 % p3 78 % p4 73 % p5 82 % | prefill 6 prompts / 511 tok, 51 tok/s, 3.19 ms/tok, 272 ms avg (16 % of wall), 0 tok cached (0/6 hits) | live 4, queued 0 | pool 68/8192 blocks (1 %) | prefix cache 0/780 entries | requests +6 (shed 0, cancelled 0)
2026-10-02 21:06:58.223 INFO  sched: request 'chatcmpl-c6ea0dce841511bb' retired (eos): 58 tok in 3.0 s — prefill 64 tok (0 cached) in 245 ms; decode 57 tok / 16 passes in 2.8 s: 20.6 tok/s, 48.7 ms/tok, 173 ms/pass, 3.56 tok/pass, accept p1 94 % p2 93 % p3 91 % p4 60 %
2026-10-02 21:06:58.374 INFO  sched: request 'chatcmpl-c6ea0dce841511be' starting prefill in slot 0 (72 prompt tokens)
2026-10-02 21:06:58.629 INFO  sched: request 'chatcmpl-c6ea0dce841511be' prefix cache miss — 0 cut(s), the cache is empty
2026-10-02 21:06:58.629 INFO  sched: request 'chatcmpl-c6ea0dce841511be' admitted to slot 0 (reserve 17 blocks; pool 68/8192 blocks in use) — first token 5718
2026-10-02 21:06:58.759 INFO  sched: request 'chatcmpl-c6ea0dce841511b9' retired (eos): 156 tok in 8.1 s — prefill 102 tok (0 cached) in 282 ms; decode 155 tok / 45 passes in 7.8 s: 19.9 tok/s, 50.2 ms/tok, 173 ms/pass, 3.44 tok/pass, accept p1 91 % p2 83 % p3 74 % p4 69 % p5 50 %
2026-10-02 21:06:58.880 INFO  sched: request 'chatcmpl-c6ea0dce841511bf' starting prefill in slot 2 (103 prompt tokens)
2026-10-02 21:06:59.167 INFO  sched: request 'chatcmpl-c6ea0dce841511bf' prefix cache miss — 0 cut(s), the cache is empty
2026-10-02 21:06:59.167 INFO  sched: request 'chatcmpl-c6ea0dce841511bf' admitted to slot 2 (reserve 17 blocks; pool 68/8192 blocks in use) — first token 5718
2026-10-02 21:07:00.842 INFO  sched: request 'chatcmpl-c6ea0dce841511bc' retired (eos): 89 tok in 5.0 s — prefill 99 tok (0 cached) in 283 ms; decode 88 tok / 28 passes in 4.7 s: 18.6 tok/s, 53.7 ms/tok, 169 ms/pass, 3.14 tok/pass, accept p1 93 % p2 75 % p3 59 % p4 67 %
2026-10-02 21:07:01.031 INFO  sched: request 'chatcmpl-c6ea0dce841511c0' starting prefill in slot 1 (99 prompt tokens)
2026-10-02 21:07:01.318 INFO  sched: request 'chatcmpl-c6ea0dce841511c0' prefix cache miss — 0 cut(s), the cache is empty
2026-10-02 21:07:01.318 INFO  sched: request 'chatcmpl-c6ea0dce841511c0' admitted to slot 1 (reserve 17 blocks; pool 68/8192 blocks in use) — first token 5718
2026-10-02 21:07:02.611 INFO  sched: request 'chatcmpl-c6ea0dce841511bd' retired (eos): 124 tok in 6.4 s — prefill 73 tok (0 cached) in 259 ms; decode 123 tok / 36 passes in 6.1 s: 20.1 tok/s, 49.8 ms/tok, 170 ms/pass, 3.42 tok/pass, accept p1 97 % p2 78 % p3 64 % p4 64 % p5 100 %
2026-10-02 21:07:02.711 INFO  sched: request 'chatcmpl-c6ea0dce841511c1' starting prefill in slot 3 (115 prompt tokens)
2026-10-02 21:07:03.013 INFO  sched: request 'chatcmpl-c6ea0dce841511c1' prefix cache miss — 0 cut(s), the cache is empty
2026-10-02 21:07:03.013 INFO  sched: request 'chatcmpl-c6ea0dce841511c1' admitted to slot 3 (reserve 17 blocks; pool 68/8192 blocks in use) — first token 5718
2026-10-02 21:07:04.372 INFO  sched: request 'chatcmpl-c6ea0dce841511be' retired (eos): 113 tok in 6.0 s — prefill 72 tok (0 cached) in 256 ms; decode 112 tok / 34 passes in 5.7 s: 19.5 tok/s, 51.3 ms/tok, 169 ms/pass, 3.29 tok/pass, accept p1 88 % p2 79 % p3 75 % p4 78 % p5 33 %
2026-10-02 21:07:04.548 INFO  sched: request 'chatcmpl-c6ea0dce841511c2' starting prefill in slot 0 (93 prompt tokens)
2026-10-02 21:07:04.821 INFO  sched: request 'chatcmpl-c6ea0dce841511c2' prefix cache miss — 0 cut(s), the cache is empty
2026-10-02 21:07:04.821 INFO  sched: request 'chatcmpl-c6ea0dce841511c2' admitted to slot 0 (reserve 17 blocks; pool 68/8192 blocks in use) — first token 5718
2026-10-02 21:07:06.646 INFO  sched: request 'chatcmpl-c6ea0dce841511c0' retired (eos): 121 tok in 5.6 s — prefill 99 tok (0 cached) in 287 ms; decode 120 tok / 33 passes in 5.3 s: 22.5 tok/s, 44.4 ms/tok, 161 ms/pass, 3.64 tok/pass, accept p1 97 % p2 84 % p3 89 % p4 90 % p5 80 %
2026-10-02 21:07:06.749 INFO  sched: request 'chatcmpl-c6ea0dce841511c3' starting prefill in slot 1 (71 prompt tokens)
2026-10-02 21:07:07.002 INFO  sched: request 'chatcmpl-c6ea0dce841511c3' prefix cache miss — 0 cut(s), the cache is empty
2026-10-02 21:07:07.002 INFO  sched: request 'chatcmpl-c6ea0dce841511c3' admitted to slot 1 (reserve 17 blocks; pool 68/8192 blocks in use) — first token 10318
2026-10-02 21:07:07.890 INFO  sched: request 'chatcmpl-c6ea0dce841511bf' retired (eos): 184 tok in 9.0 s — prefill 103 tok (0 cached) in 287 ms; decode 183 tok / 53 passes in 8.7 s: 21.0 tok/s, 47.7 ms/tok, 165 ms/pass, 3.45 tok/pass, accept p1 94 % p2 76 % p3 78 % p4 80 % p5 100 %
2026-10-02 21:07:07.890 INFO  stats: rank 0 | 10.1 s | decode 78.8 tok/s, 10.3 ms/tok, 139.5 ms/step (59 steps / 799 tok, 81 % of wall) | mtp 3.47 tok/step/req, accept p1 95 % p2 81 % p3 74 % p4 81 % p5 78 % | prefill 6 prompts / 553 tok, 55 tok/s, 3.00 ms/tok, 276 ms avg (16 % of wall), 0 tok cached (0/6 hits) | live 3, queued 0 | pool 51/8192 blocks (1 %) | prefix cache 0/780 entries | requests +6 (shed 0, cancelled 0)
2026-10-02 21:07:08.042 INFO  sched: request 'chatcmpl-c6ea0dce841511c4' starting prefill in slot 2 (63 prompt tokens)
2026-10-02 21:07:08.292 INFO  sched: request 'chatcmpl-c6ea0dce841511c4' prefix cache miss — 0 cut(s), the cache is empty
2026-10-02 21:07:08.292 INFO  sched: request 'chatcmpl-c6ea0dce841511c4' admitted to slot 2 (reserve 17 blocks; pool 68/8192 blocks in use) — first token 5718
2026-10-02 21:07:10.594 INFO  sched: request 'chatcmpl-c6ea0dce841511c3' retired (eos): 82 tok in 3.8 s — prefill 71 tok (0 cached) in 253 ms; decode 81 tok / 21 passes in 3.6 s: 22.5 tok/s, 44.3 ms/tok, 171 ms/pass, 3.86 tok/pass, accept p1 100 % p2 76 % p3 67 % p4 73 % p5 100 %
2026-10-02 21:07:10.794 INFO  sched: request 'chatcmpl-c6ea0dce841511c5' starting prefill in slot 1 (57 prompt tokens)
2026-10-02 21:07:11.024 INFO  sched: request 'chatcmpl-c6ea0dce841511c5' prefix cache miss — 0 cut(s), the cache is empty
2026-10-02 21:07:11.024 INFO  sched: request 'chatcmpl-c6ea0dce841511c5' admitted to slot 1 (reserve 17 blocks; pool 68/8192 blocks in use) — first token 5718
2026-10-02 21:07:12.640 INFO  sched: request 'chatcmpl-c6ea0dce841511c4' retired (eos): 91 tok in 4.6 s — prefill 63 tok (0 cached) in 250 ms; decode 90 tok / 26 passes in 4.3 s: 20.7 tok/s, 48.3 ms/tok, 167 ms/pass, 3.46 tok/pass, accept p1 92 % p2 77 % p3 62 % p4 42 % p5 50 %
2026-10-02 21:07:12.767 INFO  sched: request 'chatcmpl-c6ea0dce841511c6' starting prefill in slot 2 (64 prompt tokens)
2026-10-02 21:07:13.008 INFO  sched: request 'chatcmpl-c6ea0dce841511c6' prefix cache miss — 0 cut(s), the cache is empty
2026-10-02 21:07:13.008 INFO  sched: request 'chatcmpl-c6ea0dce841511c6' admitted to slot 2 (reserve 17 blocks; pool 68/8192 blocks in use) — first token 5718
2026-10-02 21:07:13.378 INFO  sched: request 'chatcmpl-c6ea0dce841511c1' retired (eos): 232 tok in 10.7 s — prefill 115 tok (0 cached) in 303 ms; decode 231 tok / 62 passes in 10.4 s: 22.3 tok/s, 44.9 ms/tok, 167 ms/pass, 3.73 tok/pass, accept p1 95 % p2 88 % p3 82 % p4 90 % p5 90 %
2026-10-02 21:07:13.379 INFO  sched: request 'chatcmpl-c6ea0dce841511c2' retired (eos): 197 tok in 8.8 s — prefill 93 tok (0 cached) in 273 ms; decode 196 tok / 51 passes in 8.6 s: 22.9 tok/s, 43.7 ms/tok, 168 ms/pass, 3.84 tok/pass, accept p1 96 % p2 92 % p3 85 % p4 94 % p5 78 %
2026-10-02 21:07:13.462 INFO  sched: request 'chatcmpl-c6ea0dce841511c7' starting prefill in slot 0 (76 prompt tokens)
2026-10-02 21:07:13.462 INFO  sched: request 'chatcmpl-c6ea0dce841511c8' starting prefill in slot 3 (80 prompt tokens)
2026-10-02 21:07:13.856 INFO  sched: request 'chatcmpl-c6ea0dce841511c7' prefix cache miss — 0 cut(s), the cache is empty
2026-10-02 21:07:13.856 INFO  sched: request 'chatcmpl-c6ea0dce841511c7' admitted to slot 0 (reserve 17 blocks; pool 52/8192 blocks in use) — first token 2581
2026-10-02 21:07:13.856 INFO  sched: request 'chatcmpl-c6ea0dce841511c8' prefix cache miss — 0 cut(s), the cache is empty
2026-10-02 21:07:13.856 INFO  sched: request 'chatcmpl-c6ea0dce841511c8' admitted to slot 3 (reserve 17 blocks; pool 68/8192 blocks in use) — first token 10318
2026-10-02 21:07:13.856 INFO  sched: 2 requests admitted together in one prefill (394 ms)
2026-10-02 21:07:16.545 INFO  sched: request 'chatcmpl-c6ea0dce841511c6' retired (eos): 83 tok in 3.8 s — prefill 64 tok (0 cached) in 241 ms; decode 82 tok / 22 passes in 3.5 s: 23.2 tok/s, 43.1 ms/tok, 161 ms/pass, 3.73 tok/pass, accept p1 91 % p2 90 % p3 92 % p4 83 % p5 100 %
2026-10-02 21:07:16.741 INFO  sched: request 'chatcmpl-c6ea0dce841511c9' starting prefill in slot 2 (117 prompt tokens)
2026-10-02 21:07:17.046 INFO  sched: request 'chatcmpl-c6ea0dce841511c9' prefix cache miss — 0 cut(s), the cache is empty
2026-10-02 21:07:17.046 INFO  sched: request 'chatcmpl-c6ea0dce841511c9' admitted to slot 2 (reserve 17 blocks; pool 68/8192 blocks in use) — first token 2581
2026-10-02 21:07:17.903 INFO  stats: rank 0 | 10.0 s | decode 83.7 tok/s, 10.0 ms/tok, 147.4 ms/step (57 steps / 838 tok, 84 % of wall) | mtp 3.77 tok/step/req, accept p1 93 % p2 83 % p3 80 % p4 79 % p5 83 % | prefill 6 prompts / 457 tok, 46 tok/s, 3.11 ms/tok, 237 ms avg (14 % of wall), 0 tok cached (0/6 hits) | live 4, queued 0 | pool 68/8192 blocks (1 %) | prefix cache 0/780 entries | requests +6 (shed 0, cancelled 0)
2026-10-02 21:07:18.519 INFO  sched: request 'chatcmpl-c6ea0dce841511c8' retired (eos): 111 tok in 5.1 s — prefill 80 tok (0 cached) in 394 ms; decode 110 tok / 29 passes in 4.7 s: 23.6 tok/s, 42.4 ms/tok, 161 ms/pass, 3.79 tok/pass, accept p1 97 % p2 82 % p3 86 % p4 78 % p5 86 %
2026-10-02 21:07:18.673 INFO  sched: request 'chatcmpl-c6ea0dce841511ca' starting prefill in slot 3 (124 prompt tokens)
2026-10-02 21:07:18.979 INFO  sched: request 'chatcmpl-c6ea0dce841511ca' prefix cache miss — 0 cut(s), the cache is empty
2026-10-02 21:07:18.979 INFO  sched: request 'chatcmpl-c6ea0dce841511ca' admitted to slot 3 (reserve 17 blocks; pool 68/8192 blocks in use) — first token 5718
2026-10-02 21:07:19.311 INFO  sched: request 'chatcmpl-c6ea0dce841511c7' retired (eos): 122 tok in 5.8 s — prefill 76 tok (0 cached) in 394 ms; decode 121 tok / 32 passes in 5.5 s: 22.2 tok/s, 45.1 ms/tok, 170 ms/pass, 3.78 tok/pass, accept p1 91 % p2 77 % p3 83 % p4 91 % p5 88 %
2026-10-02 21:07:19.440 INFO  sched: request 'chatcmpl-c6ea0dce841511cb' starting prefill in slot 0 (52 prompt tokens)
2026-10-02 21:07:19.662 INFO  sched: request 'chatcmpl-c6ea0dce841511cb' prefix cache miss — 0 cut(s), the cache is empty
2026-10-02 21:07:19.662 INFO  sched: request 'chatcmpl-c6ea0dce841511cb' admitted to slot 0 (reserve 17 blocks; pool 68/8192 blocks in use) — first token 5718
2026-10-02 21:07:20.821 INFO  sched: request 'chatcmpl-c6ea0dce841511c5' retired (eos): 204 tok in 10.0 s — prefill 57 tok (0 cached) in 230 ms; decode 203 tok / 57 passes in 9.8 s: 20.7 tok/s, 48.3 ms/tok, 172 ms/pass, 3.56 tok/pass, accept p1 95 % p2 84 % p3 74 % p4 80 % p5 60 %
2026-10-02 21:07:20.943 INFO  sched: request 'chatcmpl-c6ea0dce841511cc' starting prefill in slot 1 (57 prompt tokens)
2026-10-02 21:07:21.174 INFO  sched: request 'chatcmpl-c6ea0dce841511cc' prefix cache miss — 0 cut(s), the cache is empty
2026-10-02 21:07:21.174 INFO  sched: request 'chatcmpl-c6ea0dce841511cc' admitted to slot 1 (reserve 17 blocks; pool 68/8192 blocks in use) — first token 10318
2026-10-02 21:07:22.636 INFO  sched: request 'chatcmpl-c6ea0dce841511cb' retired (eos): 68 tok in 3.2 s — prefill 52 tok (0 cached) in 222 ms; decode 67 tok / 20 passes in 3.0 s: 22.5 tok/s, 44.4 ms/tok, 149 ms/pass, 3.35 tok/pass, accept p1 85 % p2 84 % p3 88 % p4 100 % p5 100 %
2026-10-02 21:07:22.804 INFO  sched: request 'chatcmpl-c6ea0dce841511cd' starting prefill in slot 0 (68 prompt tokens)
2026-10-02 21:07:23.055 INFO  sched: request 'chatcmpl-c6ea0dce841511cd' prefix cache miss — 0 cut(s), the cache is empty
2026-10-02 21:07:23.055 INFO  sched: request 'chatcmpl-c6ea0dce841511cd' admitted to slot 0 (reserve 17 blocks; pool 68/8192 blocks in use) — first token 2581
2026-10-02 21:07:23.225 INFO  sched: request 'chatcmpl-c6ea0dce841511c9' retired (eos): 120 tok in 6.5 s — prefill 117 tok (0 cached) in 306 ms; decode 119 tok / 36 passes in 6.2 s: 19.3 tok/s, 51.9 ms/tok, 172 ms/pass, 3.31 tok/pass, accept p1 89 % p2 77 % p3 71 % p4 70 % p5 80 %
2026-10-02 21:07:23.377 INFO  sched: request 'chatcmpl-c6ea0dce841511ce' starting prefill in slot 2 (79 prompt tokens)
2026-10-02 21:07:23.638 INFO  sched: request 'chatcmpl-c6ea0dce841511ce' prefix cache miss — 0 cut(s), the cache is empty
2026-10-02 21:07:23.638 INFO  sched: request 'chatcmpl-c6ea0dce841511ce' admitted to slot 2 (reserve 17 blocks; pool 68/8192 blocks in use) — first token 10318
2026-10-02 21:07:25.483 INFO  sched: request 'chatcmpl-c6ea0dce841511cc' retired (eos): 94 tok in 4.5 s — prefill 57 tok (0 cached) in 231 ms; decode 93 tok / 26 passes in 4.3 s: 21.6 tok/s, 46.3 ms/tok, 166 ms/pass, 3.58 tok/pass, accept p1 92 % p2 80 % p3 80 % p4 90 % p5 67 %
2026-10-02 21:07:25.595 INFO  sched: request 'chatcmpl-c6ea0dce841511cf' starting prefill in slot 1 (85 prompt tokens)
2026-10-02 21:07:25.867 INFO  sched: request 'chatcmpl-c6ea0dce841511cf' prefix cache miss — 0 cut(s), the cache is empty
2026-10-02 21:07:25.867 INFO  sched: request 'chatcmpl-c6ea0dce841511cf' admitted to slot 1 (reserve 17 blocks; pool 68/8192 blocks in use) — first token 2581
2026-10-02 21:07:26.728 INFO  sched: request 'chatcmpl-c6ea0dce841511ce' retired (eos): 70 tok in 3.4 s — prefill 79 tok (0 cached) in 261 ms; decode 69 tok / 20 passes in 3.1 s: 22.3 tok/s, 44.8 ms/tok, 155 ms/pass, 3.45 tok/pass, accept p1 90 % p2 80 % p3 100 % p4 100 % p5 100 %
2026-10-02 21:07:26.728 INFO  sched: request 'chatcmpl-c6ea0dce841511ca' retired (eos): 166 tok in 8.1 s — prefill 124 tok (0 cached) in 306 ms; decode 165 tok / 46 passes in 7.7 s: 21.3 tok/s, 47.0 ms/tok, 168 ms/pass, 3.59 tok/pass, accept p1 98 % p2 95 % p3 88 % p4 86 % p5 75 %
2026-10-02 21:07:26.799 INFO  sched: request 'chatcmpl-c6ea0dce841511d0' starting prefill in slot 2 (88 prompt tokens)
2026-10-02 21:07:26.799 INFO  sched: request 'chatcmpl-c6ea0dce841511d1' starting prefill in slot 3 (77 prompt tokens)
2026-10-02 21:07:27.209 INFO  sched: request 'chatcmpl-c6ea0dce841511d0' prefix cache miss — 0 cut(s), the cache is empty
2026-10-02 21:07:27.209 INFO  sched: request 'chatcmpl-c6ea0dce841511d0' admitted to slot 2 (reserve 17 blocks; pool 52/8192 blocks in use) — first token 5718
2026-10-02 21:07:27.209 INFO  sched: request 'chatcmpl-c6ea0dce841511d1' prefix cache miss — 0 cut(s), the cache is empty
2026-10-02 21:07:27.209 INFO  sched: request 'chatcmpl-c6ea0dce841511d1' admitted to slot 3 (reserve 17 blocks; pool 68/8192 blocks in use) — first token 2581
2026-10-02 21:07:27.209 INFO  sched: 2 requests admitted together in one prefill (410 ms)
2026-10-02 21:07:28.061 INFO  stats: rank 0 | 10.2 s | decode 77.2 tok/s, 10.1 ms/tok, 137.1 ms/step (58 steps / 784 tok, 78 % of wall) | mtp 3.50 tok/step/req, accept p1 93 % p2 84 % p3 82 % p4 83 % p5 78 % | prefill 8 prompts / 630 tok, 62 tok/s, 3.10 ms/tok, 244 ms avg (19 % of wall), 0 tok cached (0/8 hits) | live 4, queued 0 | pool 68/8192 blocks (1 %) | prefix cache 0/780 entries | requests +8 (shed 0, cancelled 0)
2026-10-02 21:07:30.301 INFO  sched: request 'chatcmpl-c6ea0dce841511cf' retired (eos): 93 tok in 4.7 s — prefill 85 tok (0 cached) in 272 ms; decode 92 tok / 30 passes in 4.4 s: 20.7 tok/s, 48.2 ms/tok, 148 ms/pass, 3.07 tok/pass, accept p1 93 % p2 82 % p3 62 % p4 57 % p5 100 %
2026-10-02 21:07:30.428 INFO  sched: request 'chatcmpl-c6ea0dce841511d2' starting prefill in slot 1 (76 prompt tokens)
2026-10-02 21:07:30.691 INFO  sched: request 'chatcmpl-c6ea0dce841511d2' prefix cache miss — 0 cut(s), the cache is empty
2026-10-02 21:07:30.692 INFO  sched: request 'chatcmpl-c6ea0dce841511d2' admitted to slot 1 (reserve 17 blocks; pool 68/8192 blocks in use) — first token 5718
2026-10-02 21:07:31.095 INFO  sched: request 'chatcmpl-c6ea0dce841511cd' retired (eos): 160 tok in 8.3 s — prefill 68 tok (0 cached) in 251 ms; decode 159 tok / 49 passes in 8.0 s: 19.8 tok/s, 50.6 ms/tok, 164 ms/pass, 3.24 tok/pass, accept p1 94 % p2 80 % p3 72 % p4 64 % p5 75 %
2026-10-02 21:07:31.218 INFO  sched: request 'chatcmpl-c6ea0dce841511d1' retired (eos): 97 tok in 4.4 s — prefill 77 tok (0 cached) in 410 ms; decode 96 tok / 27 passes in 4.0 s: 23.9 tok/s, 41.8 ms/tok, 148 ms/pass, 3.56 tok/pass, accept p1 100 % p2 88 % p3 87 % p4 100 % p5 100 %
2026-10-02 21:07:31.218 INFO  sched: request 'chatcmpl-c6ea0dce841511d3' starting prefill in slot 0 (105 prompt tokens)
2026-10-02 21:07:31.509 INFO  sched: request 'chatcmpl-c6ea0dce841511d3' prefix cache miss — 0 cut(s), the cache is empty
2026-10-02 21:07:31.510 INFO  sched: request 'chatcmpl-c6ea0dce841511d3' admitted to slot 0 (reserve 17 blocks; pool 51/8192 blocks in use) — first token 5718
2026-10-02 21:07:31.627 INFO  sched: request 'chatcmpl-c6ea0dce841511d4' starting prefill in slot 3 (82 prompt tokens)
2026-10-02 21:07:31.904 INFO  sched: request 'chatcmpl-c6ea0dce841511d4' prefix cache miss — 0 cut(s), the cache is empty
2026-10-02 21:07:31.904 INFO  sched: request 'chatcmpl-c6ea0dce841511d4' admitted to slot 3 (reserve 17 blocks; pool 68/8192 blocks in use) — first token 5718
2026-10-02 21:07:34.420 INFO  sched: request 'chatcmpl-c6ea0dce841511d0' retired (eos): 152 tok in 7.6 s — prefill 88 tok (0 cached) in 410 ms; decode 151 tok / 46 passes in 7.2 s: 20.9 tok/s, 47.8 ms/tok, 157 ms/pass, 3.28 tok/pass, accept p1 91 % p2 79 % p3 73 % p4 90 % p5 75 %
2026-10-02 21:07:34.548 INFO  sched: request 'chatcmpl-c6ea0dce841511d5' starting prefill in slot 2 (111 prompt tokens)
2026-10-02 21:07:34.847 INFO  sched: request 'chatcmpl-c6ea0dce841511d5' prefix cache miss — 0 cut(s), the cache is empty
2026-10-02 21:07:34.852 INFO  sched: request 'chatcmpl-c6ea0dce841511d5' admitted to slot 2 (reserve 17 blocks; pool 68/8192 blocks in use) — first token 5718
2026-10-02 21:07:37.070 INFO  sched: request 'chatcmpl-c6ea0dce841511d4' retired (eos): 120 tok in 5.4 s — prefill 82 tok (0 cached) in 278 ms; decode 119 tok / 34 passes in 5.2 s: 23.0 tok/s, 43.4 ms/tok, 152 ms/pass, 3.50 tok/pass, accept p1 94 % p2 91 % p3 81 % p4 75 % p5 75 %
2026-10-02 21:07:37.206 INFO  sched: request 'chatcmpl-c6ea0dce841511d6' starting prefill in slot 3 (71 prompt tokens)
2026-10-02 21:07:37.459 INFO  sched: request 'chatcmpl-c6ea0dce841511d6' prefix cache miss — 0 cut(s), the cache is empty
2026-10-02 21:07:37.459 INFO  sched: request 'chatcmpl-c6ea0dce841511d6' admitted to slot 3 (reserve 17 blocks; pool 68/8192 blocks in use) — first token 2581
2026-10-02 21:07:38.077 INFO  stats: rank 0 | 10.0 s | decode 81.7 tok/s, 10.3 ms/tok, 136.2 ms/step (62 steps / 818 tok, 84 % of wall) | mtp 3.37 tok/step/req, accept p1 93 % p2 83 % p3 77 % p4 73 % p5 79 % | prefill 5 prompts / 445 tok, 44 tok/s, 3.12 ms/tok, 278 ms avg (14 % of wall), 0 tok cached (0/5 hits) | live 4, queued 0 | pool 68/8192 blocks (1 %) | prefix cache 0/780 entries | requests +5 (shed 0, cancelled 0)
2026-10-02 21:07:38.388 INFO  sched: request 'chatcmpl-c6ea0dce841511d2' retired (eos): 155 tok in 8.0 s — prefill 76 tok (0 cached) in 263 ms; decode 154 tok / 47 passes in 7.7 s: 20.0 tok/s, 50.0 ms/tok, 164 ms/pass, 3.28 tok/pass, accept p1 89 % p2 87 % p3 71 % p4 56 % p5 50 %
2026-10-02 21:07:38.539 INFO  sched: request 'chatcmpl-c6ea0dce841511d7' starting prefill in slot 1 (104 prompt tokens)
2026-10-02 21:07:38.824 INFO  sched: request 'chatcmpl-c6ea0dce841511d7' prefix cache miss — 0 cut(s), the cache is empty
2026-10-02 21:07:38.824 INFO  sched: request 'chatcmpl-c6ea0dce841511d7' admitted to slot 1 (reserve 17 blocks; pool 68/8192 blocks in use) — first token 5718
2026-10-02 21:07:41.388 INFO  sched: request 'chatcmpl-c6ea0dce841511d3' retired (eos): 209 tok in 10.2 s — prefill 105 tok (0 cached) in 292 ms; decode 208 tok / 62 passes in 9.9 s: 21.1 tok/s, 47.5 ms/tok, 159 ms/pass, 3.35 tok/pass, accept p1 95 % p2 78 % p3 79 % p4 67 % p5 80 %
2026-10-02 21:07:41.516 INFO  sched: request 'chatcmpl-c6ea0dce841511d5' retired (eos): 159 tok in 7.0 s — prefill 111 tok (0 cached) in 303 ms; decode 158 tok / 43 passes in 6.7 s: 23.7 tok/s, 42.2 ms/tok, 155 ms/pass, 3.67 tok/pass, accept p1 93 % p2 95 % p3 89 % p4 100 % p5 100 %
2026-10-02 21:07:41.516 INFO  sched: request 'chatcmpl-c6ea0dce841511d8' starting prefill in slot 0 (100 prompt tokens)
2026-10-02 21:07:41.810 INFO  sched: request 'chatcmpl-c6ea0dce841511d8' prefix cache miss — 0 cut(s), the cache is empty
2026-10-02 21:07:41.810 INFO  sched: request 'chatcmpl-c6ea0dce841511d8' admitted to slot 0 (reserve 17 blocks; pool 51/8192 blocks in use) — first token 5718
2026-10-02 21:07:41.960 INFO  sched: request 'chatcmpl-c6ea0dce841511d9' starting prefill in slot 2 (108 prompt tokens)
2026-10-02 21:07:42.251 INFO  sched: request 'chatcmpl-c6ea0dce841511d9' prefix cache miss — 0 cut(s), the cache is empty
2026-10-02 21:07:42.251 INFO  sched: request 'chatcmpl-c6ea0dce841511d9' admitted to slot 2 (reserve 17 blocks; pool 68/8192 blocks in use) — first token 2581
2026-10-02 21:07:45.989 INFO  sched: request 'chatcmpl-c6ea0dce841511d7' retired (eos): 151 tok in 7.4 s — prefill 104 tok (0 cached) in 285 ms; decode 150 tok / 48 passes in 7.2 s: 20.9 tok/s, 47.8 ms/tok, 149 ms/pass, 3.12 tok/pass, accept p1 92 % p2 81 % p3 74 % p4 75 % p5 100 %
2026-10-02 21:07:46.523 INFO  sched: request 'chatcmpl-c6ea0dce841511d6' retired (eos): 189 tok in 9.3 s — prefill 71 tok (0 cached) in 253 ms; decode 188 tok / 60 passes in 9.1 s: 20.7 tok/s, 48.2 ms/tok, 151 ms/pass, 3.13 tok/pass, accept p1 92 % p2 85 % p3 76 % p4 62 % p5 50 %
2026-10-02 21:07:48.110 INFO  stats: rank 0 | 10.0 s | decode 78.4 tok/s, 11.4 ms/tok, 132.3 ms/step (68 steps / 787 tok, 90 % of wall) | mtp 3.29 tok/step/req, accept p1 92 % p2 85 % p3 79 % p4 80 % p5 75 % | prefill 3 prompts / 312 tok, 31 tok/s, 2.79 ms/tok, 290 ms avg (9 % of wall), 0 tok cached (0/3 hits) | live 2, queued 0 | pool 34/8192 blocks (0 %) | prefix cache 0/780 entries | requests +3 (shed 0, cancelled 0)
2026-10-02 21:07:49.995 INFO  sched: request 'chatcmpl-c6ea0dce841511d9' retired (eos): 210 tok in 8.0 s — prefill 108 tok (0 cached) in 292 ms; decode 209 tok / 60 passes in 7.7 s: 27.0 tok/s, 37.1 ms/tok, 129 ms/pass, 3.48 tok/pass, accept p1 87 % p2 87 % p3 85 % p4 75 % p5 67 %
2026-10-02 21:07:50.205 INFO  sched: request 'chatcmpl-c6ea0dce841511d8' retired (eos): 228 tok in 8.7 s — prefill 100 tok (0 cached) in 295 ms; decode 227 tok / 65 passes in 8.4 s: 27.0 tok/s, 37.0 ms/tok, 129 ms/pass, 3.49 tok/pass, accept p1 92 % p2 81 % p3 80 % p4 90 % p5 92 %
2026-10-02 21:07:50.224 INFO  sched: request 'chatcmpl-c6ea0dce841511da' starting prefill in slot 0 (66 prompt tokens)
2026-10-02 21:07:50.224 INFO  sched: request 'chatcmpl-c6ea0dce841511db' starting prefill in slot 1 (70 prompt tokens)
2026-10-02 21:07:50.224 INFO  sched: request 'chatcmpl-c6ea0dce841511dc' starting prefill in slot 2 (68 prompt tokens)
2026-10-02 21:07:50.224 INFO  sched: request 'chatcmpl-c6ea0dce841511dd' starting prefill in slot 3 (68 prompt tokens)
2026-10-02 21:07:50.776 INFO  sched: request 'chatcmpl-c6ea0dce841511da' prefix cache miss — 0 cut(s), the cache is empty
2026-10-02 21:07:50.776 INFO  sched: request 'chatcmpl-c6ea0dce841511da' admitted to slot 0 (reserve 5 blocks; pool 8/8192 blocks in use) — first token 2054
2026-10-02 21:07:50.776 INFO  sched: request 'chatcmpl-c6ea0dce841511db' prefix cache miss — 0 cut(s), the cache is empty
2026-10-02 21:07:50.776 INFO  sched: request 'chatcmpl-c6ea0dce841511db' admitted to slot 1 (reserve 5 blocks; pool 12/8192 blocks in use) — first token 2054
2026-10-02 21:07:50.776 INFO  sched: request 'chatcmpl-c6ea0dce841511dc' prefix cache miss — 0 cut(s), the cache is empty
2026-10-02 21:07:50.776 INFO  sched: request 'chatcmpl-c6ea0dce841511dc' admitted to slot 2 (reserve 5 blocks; pool 16/8192 blocks in use) — first token 2054
2026-10-02 21:07:50.776 INFO  sched: request 'chatcmpl-c6ea0dce841511dd' prefix cache miss — 0 cut(s), the cache is empty
2026-10-02 21:07:50.776 INFO  sched: request 'chatcmpl-c6ea0dce841511dd' admitted to slot 3 (reserve 5 blocks; pool 20/8192 blocks in use) — first token 2054
2026-10-02 21:07:50.776 INFO  sched: 4 requests admitted together in one prefill (552 ms)
2026-10-02 21:07:52.327 INFO  sched: request 'chatcmpl-c6ea0dce841511da' retired (eos): 53 tok in 2.1 s — prefill 66 tok (0 cached) in 552 ms; decode 52 tok / 9 passes in 1.6 s: 33.5 tok/s, 29.8 ms/tok, 172 ms/pass, 5.78 tok/pass, accept p1 100 % p2 100 % p3 100 % p4 100 % p5 89 %
2026-10-02 21:07:52.327 INFO  sched: request 'chatcmpl-c6ea0dce841511dc' retired (eos): 54 tok in 2.1 s — prefill 68 tok (0 cached) in 552 ms; decode 53 tok / 9 passes in 1.6 s: 34.2 tok/s, 29.3 ms/tok, 172 ms/pass, 5.89 tok/pass, accept p1 100 % p2 100 % p3 100 % p4 100 % p5 100 %
2026-10-02 21:07:52.328 INFO  sched: request 'chatcmpl-c6ea0dce841511dd' retired (eos): 53 tok in 2.1 s — prefill 68 tok (0 cached) in 552 ms; decode 52 tok / 9 passes in 1.6 s: 33.5 tok/s, 29.8 ms/tok, 172 ms/pass, 5.78 tok/pass, accept p1 100 % p2 100 % p3 100 % p4 100 % p5 89 %
2026-10-02 21:07:52.385 INFO  sched: request 'chatcmpl-c6ea0dce841511db' retired (eos): 56 tok in 2.2 s — prefill 70 tok (0 cached) in 552 ms; decode 55 tok / 10 passes in 1.6 s: 34.2 tok/s, 29.3 ms/tok, 161 ms/pass, 5.50 tok/pass, accept p1 100 % p2 90 % p3 100 % p4 100 % p5 100 %
2026-10-02 21:07:52.388 INFO  sched: request 'chatcmpl-c6ea0dce841511de' starting prefill in slot 0 (68 prompt tokens)
2026-10-02 21:07:52.388 INFO  sched: request 'chatcmpl-c6ea0dce841511df' starting prefill in slot 1 (68 prompt tokens)
2026-10-02 21:07:52.388 INFO  sched: request 'chatcmpl-c6ea0dce841511e0' starting prefill in slot 2 (69 prompt tokens)
2026-10-02 21:07:52.844 INFO  sched: request 'chatcmpl-c6ea0dce841511de' prefix cache miss — 0 cut(s), the cache is empty
2026-10-02 21:07:52.844 INFO  sched: request 'chatcmpl-c6ea0dce841511de' admitted to slot 0 (reserve 5 blocks; pool 7/8192 blocks in use) — first token 2054
2026-10-02 21:07:52.844 INFO  sched: request 'chatcmpl-c6ea0dce841511df' prefix cache miss — 0 cut(s), the cache is empty
2026-10-02 21:07:52.844 INFO  sched: request 'chatcmpl-c6ea0dce841511df' admitted to slot 1 (reserve 5 blocks; pool 11/8192 blocks in use) — first token 2054
2026-10-02 21:07:52.844 INFO  sched: request 'chatcmpl-c6ea0dce841511e0' prefix cache miss — 0 cut(s), the cache is empty
2026-10-02 21:07:52.844 INFO  sched: request 'chatcmpl-c6ea0dce841511e0' admitted to slot 2 (reserve 5 blocks; pool 15/8192 blocks in use) — first token 2054
2026-10-02 21:07:52.844 INFO  sched: 3 requests admitted together in one prefill (456 ms)
2026-10-02 21:07:52.960 INFO  sched: request 'chatcmpl-c6ea0dce841511e1' starting prefill in slot 3 (69 prompt tokens)
2026-10-02 21:07:53.219 INFO  sched: request 'chatcmpl-c6ea0dce841511e1' prefix cache miss — 0 cut(s), the cache is empty
2026-10-02 21:07:53.219 INFO  sched: request 'chatcmpl-c6ea0dce841511e1' admitted to slot 3 (reserve 5 blocks; pool 20/8192 blocks in use) — first token 2054
2026-10-02 21:07:54.765 INFO  sched: request 'chatcmpl-c6ea0dce841511de' retired (eos): 54 tok in 2.4 s — prefill 68 tok (0 cached) in 456 ms; decode 53 tok / 10 passes in 1.9 s: 27.6 tok/s, 36.2 ms/tok, 192 ms/pass, 5.30 tok/pass, accept p1 100 % p2 100 % p3 90 % p4 80 % p5 88 %
2026-10-02 21:07:54.765 INFO  sched: request 'chatcmpl-c6ea0dce841511df' retired (eos): 54 tok in 2.4 s — prefill 68 tok (0 cached) in 456 ms; decode 53 tok / 10 passes in 1.9 s: 27.6 tok/s, 36.2 ms/tok, 192 ms/pass, 5.30 tok/pass, accept p1 100 % p2 100 % p3 100 % p4 80 % p5 75 %
2026-10-02 21:07:54.766 INFO  sched: request 'chatcmpl-c6ea0dce841511e0' retired (eos): 56 tok in 2.4 s — prefill 69 tok (0 cached) in 456 ms; decode 55 tok / 10 passes in 1.9 s: 28.6 tok/s, 34.9 ms/tok, 192 ms/pass, 5.50 tok/pass, accept p1 100 % p2 100 % p3 90 % p4 90 % p5 88 %
2026-10-02 21:07:54.824 INFO  sched: request 'chatcmpl-c6ea0dce841511e1' retired (eos): 55 tok in 1.9 s — prefill 69 tok (0 cached) in 258 ms; decode 54 tok / 10 passes in 1.6 s: 33.6 tok/s, 29.7 ms/tok, 161 ms/pass, 5.40 tok/pass, accept p1 100 % p2 90 % p3 100 % p4 100 % p5 100 %
2026-10-02 21:07:54.827 INFO  sched: request 'chatcmpl-c6ea0dce841511e2' starting prefill in slot 0 (67 prompt tokens)
2026-10-02 21:07:54.827 INFO  sched: request 'chatcmpl-c6ea0dce841511e3' starting prefill in slot 1 (70 prompt tokens)
2026-10-02 21:07:54.827 INFO  sched: request 'chatcmpl-c6ea0dce841511e4' starting prefill in slot 2 (66 prompt tokens)
2026-10-02 21:07:55.284 INFO  sched: request 'chatcmpl-c6ea0dce841511e2' prefix cache miss — 0 cut(s), the cache is empty
2026-10-02 21:07:55.284 INFO  sched: request 'chatcmpl-c6ea0dce841511e2' admitted to slot 0 (reserve 5 blocks; pool 7/8192 blocks in use) — first token 2054
2026-10-02 21:07:55.284 INFO  sched: request 'chatcmpl-c6ea0dce841511e3' prefix cache miss — 0 cut(s), the cache is empty
2026-10-02 21:07:55.284 INFO  sched: request 'chatcmpl-c6ea0dce841511e3' admitted to slot 1 (reserve 5 blocks; pool 11/8192 blocks in use) — first token 2054
2026-10-02 21:07:55.284 INFO  sched: request 'chatcmpl-c6ea0dce841511e4' prefix cache miss — 0 cut(s), the cache is empty
2026-10-02 21:07:55.284 INFO  sched: request 'chatcmpl-c6ea0dce841511e4' admitted to slot 2 (reserve 5 blocks; pool 15/8192 blocks in use) — first token 2054
2026-10-02 21:07:55.284 INFO  sched: 3 requests admitted together in one prefill (457 ms)
2026-10-02 21:07:55.383 INFO  sched: request 'chatcmpl-c6ea0dce841511e5' starting prefill in slot 3 (67 prompt tokens)
2026-10-02 21:07:55.634 INFO  sched: request 'chatcmpl-c6ea0dce841511e5' prefix cache miss — 0 cut(s), the cache is empty
2026-10-02 21:07:55.634 INFO  sched: request 'chatcmpl-c6ea0dce841511e5' admitted to slot 3 (reserve 5 blocks; pool 20/8192 blocks in use) — first token 2054
2026-10-02 21:07:57.045 INFO  sched: request 'chatcmpl-c6ea0dce841511e4' retired (eos): 51 tok in 2.2 s — prefill 66 tok (0 cached) in 457 ms; decode 50 tok / 9 passes in 1.8 s: 28.4 tok/s, 35.2 ms/tok, 196 ms/pass, 5.56 tok/pass, accept p1 100 % p2 100 % p3 100 % p4 100 % p5 88 %
2026-10-02 21:07:57.200 INFO  sched: request 'chatcmpl-c6ea0dce841511e5' retired (eos): 53 tok in 1.8 s — prefill 67 tok (0 cached) in 251 ms; decode 52 tok / 9 passes in 1.6 s: 33.2 tok/s, 30.1 ms/tok, 174 ms/pass, 5.78 tok/pass, accept p1 100 % p2 100 % p3 100 % p4 100 % p5 100 %
2026-10-02 21:07:57.200 INFO  sched: request 'chatcmpl-c6ea0dce841511e2' retired (eos): 53 tok in 2.4 s — prefill 67 tok (0 cached) in 457 ms; decode 52 tok / 10 passes in 1.9 s: 27.1 tok/s, 36.8 ms/tok, 192 ms/pass, 5.20 tok/pass, accept p1 100 % p2 100 % p3 80 % p4 89 % p5 88 %
2026-10-02 21:07:57.201 INFO  sched: request 'chatcmpl-c6ea0dce841511e3' retired (eos): 56 tok in 2.4 s — prefill 70 tok (0 cached) in 457 ms; decode 55 tok / 10 passes in 1.9 s: 28.7 tok/s, 34.8 ms/tok, 192 ms/pass, 5.50 tok/pass, accept p1 100 % p2 100 % p3 100 % p4 89 % p5 100 %
2026-10-02 21:07:57.204 INFO  sched: request 'chatcmpl-c6ea0dce841511e6' starting prefill in slot 0 (68 prompt tokens)
2026-10-02 21:07:57.461 INFO  sched: request 'chatcmpl-c6ea0dce841511e6' prefix cache miss — 0 cut(s), the cache is empty
2026-10-02 21:07:57.461 INFO  sched: request 'chatcmpl-c6ea0dce841511e6' admitted to slot 0 (reserve 5 blocks; pool 5/8192 blocks in use) — first token 2054
2026-10-02 21:07:57.513 INFO  sched: request 'chatcmpl-c6ea0dce841511e7' starting prefill in slot 1 (68 prompt tokens)
2026-10-02 21:07:57.513 INFO  sched: request 'chatcmpl-c6ea0dce841511e8' starting prefill in slot 2 (66 prompt tokens)
2026-10-02 21:07:57.514 INFO  sched: request 'chatcmpl-c6ea0dce841511e9' starting prefill in slot 3 (67 prompt tokens)
2026-10-02 21:07:57.963 INFO  sched: request 'chatcmpl-c6ea0dce841511e7' prefix cache miss — 0 cut(s), the cache is empty
2026-10-02 21:07:57.963 INFO  sched: request 'chatcmpl-c6ea0dce841511e7' admitted to slot 1 (reserve 5 blocks; pool 12/8192 blocks in use) — first token 2054
2026-10-02 21:07:57.963 INFO  sched: request 'chatcmpl-c6ea0dce841511e8' prefix cache miss — 0 cut(s), the cache is empty
2026-10-02 21:07:57.963 INFO  sched: request 'chatcmpl-c6ea0dce841511e8' admitted to slot 2 (reserve 5 blocks; pool 16/8192 blocks in use) — first token 2054
2026-10-02 21:07:57.963 INFO  sched: request 'chatcmpl-c6ea0dce841511e9' prefix cache miss — 0 cut(s), the cache is empty
2026-10-02 21:07:57.963 INFO  sched: request 'chatcmpl-c6ea0dce841511e9' admitted to slot 3 (reserve 5 blocks; pool 20/8192 blocks in use) — first token 2054
2026-10-02 21:07:57.963 INFO  sched: 3 requests admitted together in one prefill (450 ms)
2026-10-02 21:07:58.269 INFO  stats: rank 0 | 10.2 s | decode 82.5 tok/s, 8.7 ms/tok, 137.6 ms/step (53 steps / 838 tok, 72 % of wall) | mtp 5.30 tok/step/req, accept p1 99 % p2 97 % p3 95 % p4 93 % p5 92 % | prefill 16 prompts / 1085 tok, 107 tok/s, 2.47 ms/tok, 167 ms avg (26 % of wall), 0 tok cached (0/16 hits) | live 4, queued 0 | pool 20/8192 blocks (0 %) | prefix cache 0/780 entries | requests +16 (shed 0, cancelled 0)
2026-10-02 21:07:59.502 INFO  sched: request 'chatcmpl-c6ea0dce841511e7' retired (eos): 54 tok in 2.0 s — prefill 68 tok (0 cached) in 450 ms; decode 53 tok / 9 passes in 1.5 s: 34.4 tok/s, 29.0 ms/tok, 171 ms/pass, 5.89 tok/pass, accept p1 100 % p2 100 % p3 100 % p4 100 % p5 100 %
2026-10-02 21:07:59.502 INFO  sched: request 'chatcmpl-c6ea0dce841511e8' retired (eos): 51 tok in 2.0 s — prefill 66 tok (0 cached) in 450 ms; decode 50 tok / 9 passes in 1.5 s: 32.5 tok/s, 30.8 ms/tok, 171 ms/pass, 5.56 tok/pass, accept p1 100 % p2 100 % p3 100 % p4 89 % p5 88 %
2026-10-02 21:07:59.503 INFO  sched: request 'chatcmpl-c6ea0dce841511e9' retired (eos): 52 tok in 2.0 s — prefill 67 tok (0 cached) in 450 ms; decode 51 tok / 9 passes in 1.5 s: 33.1 tok/s, 30.2 ms/tok, 171 ms/pass, 5.67 tok/pass, accept p1 100 % p2 100 % p3 100 % p4 100 % p5 88 %
2026-10-02 21:07:59.503 INFO  sched: request 'chatcmpl-c6ea0dce841511e6' retired (eos): 52 tok in 2.3 s — prefill 68 tok (0 cached) in 257 ms; decode 51 tok / 10 passes in 2.0 s: 25.0 tok/s, 40.1 ms/tok, 204 ms/pass, 5.10 tok/pass, accept p1 100 % p2 100 % p3 89 % p4 89 % p5 75 %
2026-10-02 21:07:59.527 INFO  sched: request 'chatcmpl-c6ea0dce841511ea' starting prefill in slot 0 (70 prompt tokens)
2026-10-02 21:07:59.527 INFO  sched: request 'chatcmpl-c6ea0dce841511eb' starting prefill in slot 1 (68 prompt tokens)
2026-10-02 21:07:59.528 INFO  sched: request 'chatcmpl-c6ea0dce841511ec' starting prefill in slot 2 (67 prompt tokens)
2026-10-02 21:07:59.528 INFO  sched: request 'chatcmpl-c6ea0dce841511ed' starting prefill in slot 3 (68 prompt tokens)
2026-10-02 21:08:00.084 INFO  sched: request 'chatcmpl-c6ea0dce841511ea' prefix cache miss — 0 cut(s), the cache is empty
2026-10-02 21:08:00.084 INFO  sched: request 'chatcmpl-c6ea0dce841511ea' admitted to slot 0 (reserve 5 blocks; pool 8/8192 blocks in use) — first token 2054
2026-10-02 21:08:00.084 INFO  sched: request 'chatcmpl-c6ea0dce841511eb' prefix cache miss — 0 cut(s), the cache is empty
2026-10-02 21:08:00.084 INFO  sched: request 'chatcmpl-c6ea0dce841511eb' admitted to slot 1 (reserve 5 blocks; pool 12/8192 blocks in use) — first token 2054
2026-10-02 21:08:00.084 INFO  sched: request 'chatcmpl-c6ea0dce841511ec' prefix cache miss — 0 cut(s), the cache is empty
2026-10-02 21:08:00.084 INFO  sched: request 'chatcmpl-c6ea0dce841511ec' admitted to slot 2 (reserve 5 blocks; pool 16/8192 blocks in use) — first token 2054
2026-10-02 21:08:00.084 INFO  sched: request 'chatcmpl-c6ea0dce841511ed' prefix cache miss — 0 cut(s), the cache is empty
2026-10-02 21:08:00.084 INFO  sched: request 'chatcmpl-c6ea0dce841511ed' admitted to slot 3 (reserve 5 blocks; pool 20/8192 blocks in use) — first token 2054
2026-10-02 21:08:00.084 INFO  sched: 4 requests admitted together in one prefill (556 ms)
2026-10-02 21:08:01.618 INFO  sched: request 'chatcmpl-c6ea0dce841511ea' retired (eos): 55 tok in 2.1 s — prefill 70 tok (0 cached) in 556 ms; decode 54 tok / 9 passes in 1.5 s: 35.2 tok/s, 28.4 ms/tok, 170 ms/pass, 6.00 tok/pass, accept p1 100 % p2 100 % p3 100 % p4 100 % p5 100 %
2026-10-02 21:08:01.619 INFO  sched: request 'chatcmpl-c6ea0dce841511ec' retired (eos): 53 tok in 2.1 s — prefill 67 tok (0 cached) in 556 ms; decode 52 tok / 9 passes in 1.5 s: 33.9 tok/s, 29.5 ms/tok, 171 ms/pass, 5.78 tok/pass, accept p1 100 % p2 100 % p3 100 % p4 100 % p5 89 %
2026-10-02 21:08:01.620 INFO  sched: request 'chatcmpl-c6ea0dce841511ed' retired (eos): 53 tok in 2.1 s — prefill 68 tok (0 cached) in 556 ms; decode 52 tok / 9 passes in 1.5 s: 33.9 tok/s, 29.5 ms/tok, 171 ms/pass, 5.78 tok/pass, accept p1 100 % p2 100 % p3 100 % p4 100 % p5 89 %
2026-10-02 21:08:01.691 INFO  sched: request 'chatcmpl-c6ea0dce841511eb' retired (eos): 56 tok in 2.2 s — prefill 68 tok (0 cached) in 556 ms; decode 55 tok / 10 passes in 1.6 s: 34.2 tok/s, 29.2 ms/tok, 161 ms/pass, 5.50 tok/pass, accept p1 100 % p2 100 % p3 100 % p4 80 % p5 89 %
2026-10-02 21:08:01.695 INFO  sched: request 'chatcmpl-c6ea0dce841511ee' starting prefill in slot 0 (69 prompt tokens)
2026-10-02 21:08:01.695 INFO  sched: request 'chatcmpl-c6ea0dce841511ef' starting prefill in slot 1 (65 prompt tokens)
2026-10-02 21:08:01.695 INFO  sched: request 'chatcmpl-c6ea0dce841511f0' starting prefill in slot 2 (69 prompt tokens)
2026-10-02 21:08:02.166 INFO  sched: request 'chatcmpl-c6ea0dce841511ee' prefix cache miss — 0 cut(s), the cache is empty
2026-10-02 21:08:02.166 INFO  sched: request 'chatcmpl-c6ea0dce841511ee' admitted to slot 0 (reserve 5 blocks; pool 7/8192 blocks in use) — first token 2054
2026-10-02 21:08:02.166 INFO  sched: request 'chatcmpl-c6ea0dce841511ef' prefix cache miss — 0 cut(s), the cache is empty
2026-10-02 21:08:02.166 INFO  sched: request 'chatcmpl-c6ea0dce841511ef' admitted to slot 1 (reserve 5 blocks; pool 11/8192 blocks in use) — first token 2054
2026-10-02 21:08:02.166 INFO  sched: request 'chatcmpl-c6ea0dce841511f0' prefix cache miss — 0 cut(s), the cache is empty
2026-10-02 21:08:02.166 INFO  sched: request 'chatcmpl-c6ea0dce841511f0' admitted to slot 2 (reserve 5 blocks; pool 15/8192 blocks in use) — first token 2054
2026-10-02 21:08:02.166 INFO  sched: 3 requests admitted together in one prefill (471 ms)
2026-10-02 21:08:02.269 INFO  sched: request 'chatcmpl-c6ea0dce841511f1' starting prefill in slot 3 (71 prompt tokens)
2026-10-02 21:08:02.521 INFO  sched: request 'chatcmpl-c6ea0dce841511f1' prefix cache miss — 0 cut(s), the cache is empty
2026-10-02 21:08:02.521 INFO  sched: request 'chatcmpl-c6ea0dce841511f1' admitted to slot 3 (reserve 5 blocks; pool 20/8192 blocks in use) — first token 2054
2026-10-02 21:08:04.078 INFO  sched: request 'chatcmpl-c6ea0dce841511ef' retired (eos): 51 tok in 2.4 s — prefill 65 tok (0 cached) in 471 ms; decode 50 tok / 10 passes in 1.9 s: 26.1 tok/s, 38.2 ms/tok, 191 ms/pass, 5.00 tok/pass, accept p1 100 % p2 90 % p3 80 % p4 88 % p5 88 %
2026-10-02 21:08:04.079 INFO  sched: request 'chatcmpl-c6ea0dce841511f0' retired (eos): 55 tok in 2.4 s — prefill 69 tok (0 cached) in 471 ms; decode 54 tok / 10 passes in 1.9 s: 28.2 tok/s, 35.4 ms/tok, 191 ms/pass, 5.40 tok/pass, accept p1 100 % p2 100 % p3 90 % p4 100 % p5 100 %
2026-10-02 21:08:04.236 INFO  sched: request 'chatcmpl-c6ea0dce841511f1' retired (eos): 57 tok in 2.0 s — prefill 71 tok (0 cached) in 252 ms; decode 56 tok / 10 passes in 1.7 s: 32.6 tok/s, 30.6 ms/tok, 172 ms/pass, 5.60 tok/pass, accept p1 100 % p2 100 % p3 100 % p4 100 % p5 88 %
2026-10-02 21:08:04.237 INFO  sched: request 'chatcmpl-c6ea0dce841511ee' retired (eos): 56 tok in 2.5 s — prefill 69 tok (0 cached) in 471 ms; decode 55 tok / 11 passes in 2.1 s: 26.6 tok/s, 37.6 ms/tok, 188 ms/pass, 5.00 tok/pass, accept p1 100 % p2 91 % p3 91 % p4 89 % p5 75 %
2026-10-02 21:08:04.240 INFO  sched: request 'chatcmpl-c6ea0dce841511f2' starting prefill in slot 0 (68 prompt tokens)
2026-10-02 21:08:04.240 INFO  sched: request 'chatcmpl-c6ea0dce841511f3' starting prefill in slot 1 (66 prompt tokens)
2026-10-02 21:08:04.587 INFO  sched: request 'chatcmpl-c6ea0dce841511f2' prefix cache miss — 0 cut(s), the cache is empty
2026-10-02 21:08:04.587 INFO  sched: request 'chatcmpl-c6ea0dce841511f2' admitted to slot 0 (reserve 5 blocks; pool 6/8192 blocks in use) — first token 2054
2026-10-02 21:08:04.587 INFO  sched: request 'chatcmpl-c6ea0dce841511f3' prefix cache miss — 0 cut(s), the cache is empty
2026-10-02 21:08:04.587 INFO  sched: request 'chatcmpl-c6ea0dce841511f3' admitted to slot 1 (reserve 5 blocks; pool 10/8192 blocks in use) — first token 2054
2026-10-02 21:08:04.587 INFO  sched: 2 requests admitted together in one prefill (347 ms)
2026-10-02 21:08:04.686 INFO  sched: request 'chatcmpl-c6ea0dce841511f4' starting prefill in slot 2 (69 prompt tokens)
2026-10-02 21:08:04.686 INFO  sched: request 'chatcmpl-c6ea0dce841511f5' starting prefill in slot 3 (71 prompt tokens)
2026-10-02 21:08:05.045 INFO  sched: request 'chatcmpl-c6ea0dce841511f4' prefix cache miss — 0 cut(s), the cache is empty
2026-10-02 21:08:05.046 INFO  sched: request 'chatcmpl-c6ea0dce841511f4' admitted to slot 2 (reserve 5 blocks; pool 16/8192 blocks in use) — first token 2054
2026-10-02 21:08:05.046 INFO  sched: request 'chatcmpl-c6ea0dce841511f5' prefix cache miss — 0 cut(s), the cache is empty
2026-10-02 21:08:05.046 INFO  sched: request 'chatcmpl-c6ea0dce841511f5' admitted to slot 3 (reserve 5 blocks; pool 20/8192 blocks in use) — first token 2054
2026-10-02 21:08:05.046 INFO  sched: 2 requests admitted together in one prefill (359 ms)
2026-10-02 21:08:06.477 INFO  sched: request 'chatcmpl-c6ea0dce841511f2' retired (eos): 54 tok in 2.2 s — prefill 68 tok (0 cached) in 347 ms; decode 53 tok / 9 passes in 1.9 s: 28.1 tok/s, 35.6 ms/tok, 210 ms/pass, 5.89 tok/pass, accept p1 100 % p2 100 % p3 100 % p4 100 % p5 100 %
2026-10-02 21:08:06.477 INFO  sched: request 'chatcmpl-c6ea0dce841511f3' retired (eos): 51 tok in 2.2 s — prefill 66 tok (0 cached) in 347 ms; decode 50 tok / 9 passes in 1.9 s: 26.5 tok/s, 37.8 ms/tok, 210 ms/pass, 5.56 tok/pass, accept p1 100 % p2 100 % p3 89 % p4 89 % p5 89 %
2026-10-02 21:08:06.647 INFO  sched: request 'chatcmpl-c6ea0dce841511f4' retired (eos): 55 tok in 2.0 s — prefill 69 tok (0 cached) in 359 ms; decode 54 tok / 9 passes in 1.6 s: 33.7 tok/s, 29.7 ms/tok, 178 ms/pass, 6.00 tok/pass, accept p1 100 % p2 100 % p3 100 % p4 100 % p5 100 %
2026-10-02 21:08:06.647 INFO  sched: request 'chatcmpl-c6ea0dce841511f6' starting prefill in slot 0 (66 prompt tokens)
2026-10-02 21:08:06.647 INFO  sched: request 'chatcmpl-c6ea0dce841511f7' starting prefill in slot 1 (66 prompt tokens)
2026-10-02 21:08:06.994 INFO  sched: request 'chatcmpl-c6ea0dce841511f6' prefix cache miss — 0 cut(s), the cache is empty
2026-10-02 21:08:06.994 INFO  sched: request 'chatcmpl-c6ea0dce841511f6' admitted to slot 0 (reserve 5 blocks; pool 11/8192 blocks in use) — first token 2054
2026-10-02 21:08:06.994 INFO  sched: request 'chatcmpl-c6ea0dce841511f7' prefix cache miss — 0 cut(s), the cache is empty
2026-10-02 21:08:06.994 INFO  sched: request 'chatcmpl-c6ea0dce841511f7' admitted to slot 1 (reserve 5 blocks; pool 15/8192 blocks in use) — first token 2054
2026-10-02 21:08:06.994 INFO  sched: 2 requests admitted together in one prefill (347 ms)
2026-10-02 21:08:07.126 INFO  sched: request 'chatcmpl-c6ea0dce841511f5' retired (eos): 56 tok in 2.4 s — prefill 71 tok (0 cached) in 359 ms; decode 55 tok / 10 passes in 2.1 s: 26.4 tok/s, 37.8 ms/tok, 208 ms/pass, 5.50 tok/pass, accept p1 100 % p2 90 % p3 100 % p4 100 % p5 100 %
2026-10-02 21:08:07.126 INFO  sched: request 'chatcmpl-c6ea0dce841511f8' starting prefill in slot 2 (68 prompt tokens)
2026-10-02 21:08:07.388 INFO  sched: request 'chatcmpl-c6ea0dce841511f8' prefix cache miss — 0 cut(s), the cache is empty
2026-10-02 21:08:07.388 INFO  sched: request 'chatcmpl-c6ea0dce841511f8' admitted to slot 2 (reserve 5 blocks; pool 15/8192 blocks in use) — first token 2054
2026-10-02 21:08:07.512 INFO  sched: request 'chatcmpl-c6ea0dce841511f9' starting prefill in slot 3 (69 prompt tokens)
2026-10-02 21:08:07.765 INFO  sched: request 'chatcmpl-c6ea0dce841511f9' prefix cache miss — 0 cut(s), the cache is empty
2026-10-02 21:08:07.765 INFO  sched: request 'chatcmpl-c6ea0dce841511f9' admitted to slot 3 (reserve 5 blocks; pool 20/8192 blocks in use) — first token 2054
2026-10-02 21:08:08.280 INFO  stats: rank 0 | 10.0 s | decode 90.5 tok/s, 7.7 ms/tok, 161.8 ms/step (43 steps / 906 tok, 70 % of wall) | mtp 5.66 tok/step/req, accept p1 100 % p2 98 % p3 96 % p4 95 % p5 92 % | prefill 16 prompts / 1090 tok, 109 tok/s, 2.61 ms/tok, 178 ms avg (28 % of wall), 0 tok cached (0/16 hits) | live 4, queued 0 | pool 20/8192 blocks (0 %) | prefix cache 0/780 entries | requests +16 (shed 0, cancelled 0)
2026-10-02 21:08:09.188 INFO  sched: request 'chatcmpl-c6ea0dce841511f6' retired (eos): 52 tok in 2.5 s — prefill 66 tok (0 cached) in 347 ms; decode 51 tok / 10 passes in 2.2 s: 23.3 tok/s, 43.0 ms/tok, 219 ms/pass, 5.10 tok/pass, accept p1 100 % p2 100 % p3 100 % p4 78 % p5 86 %
2026-10-02 21:08:09.188 INFO  sched: request 'chatcmpl-c6ea0dce841511f7' retired (eos): 51 tok in 2.5 s — prefill 66 tok (0 cached) in 347 ms; decode 50 tok / 10 passes in 2.2 s: 22.8 tok/s, 43.9 ms/tok, 219 ms/pass, 5.00 tok/pass, accept p1 100 % p2 100 % p3 100 % p4 67 % p5 86 %
2026-10-02 21:08:09.344 INFO  sched: request 'chatcmpl-c6ea0dce841511f8' retired (eos): 56 tok in 2.2 s — prefill 68 tok (0 cached) in 262 ms; decode 55 tok / 10 passes in 2.0 s: 28.1 tok/s, 35.6 ms/tok, 196 ms/pass, 5.50 tok/pass, accept p1 100 % p2 100 % p3 100 % p4 90 % p5 100 %
2026-10-02 21:08:09.344 INFO  sched: request 'chatcmpl-c6ea0dce841511fa' starting prefill in slot 0 (65 prompt tokens)
2026-10-02 21:08:09.344 INFO  sched: request 'chatcmpl-c6ea0dce841511fb' starting prefill in slot 1 (67 prompt tokens)
2026-10-02 21:08:09.707 INFO  sched: request 'chatcmpl-c6ea0dce841511fa' prefix cache miss — 0 cut(s), the cache is empty
2026-10-02 21:08:09.707 INFO  sched: request 'chatcmpl-c6ea0dce841511fa' admitted to slot 0 (reserve 5 blocks; pool 11/8192 blocks in use) — first token 2054
2026-10-02 21:08:09.707 INFO  sched: request 'chatcmpl-c6ea0dce841511fb' prefix cache miss — 0 cut(s), the cache is empty
2026-10-02 21:08:09.707 INFO  sched: request 'chatcmpl-c6ea0dce841511fb' admitted to slot 1 (reserve 5 blocks; pool 15/8192 blocks in use) — first token 2054
2026-10-02 21:08:09.707 INFO  sched: 2 requests admitted together in one prefill (363 ms)
2026-10-02 21:08:09.878 INFO  sched: request 'chatcmpl-c6ea0dce841511f9' retired (eos): 56 tok in 2.4 s — prefill 69 tok (0 cached) in 253 ms; decode 55 tok / 10 passes in 2.1 s: 26.0 tok/s, 38.4 ms/tok, 211 ms/pass, 5.50 tok/pass, accept p1 100 % p2 100 % p3 100 % p4 90 % p5 100 %
2026-10-02 21:08:09.878 INFO  sched: request 'chatcmpl-c6ea0dce841511fc' starting prefill in slot 2 (68 prompt tokens)
2026-10-02 21:08:10.135 INFO  sched: request 'chatcmpl-c6ea0dce841511fc' prefix cache miss — 0 cut(s), the cache is empty
2026-10-02 21:08:10.135 INFO  sched: request 'chatcmpl-c6ea0dce841511fc' admitted to slot 2 (reserve 5 blocks; pool 15/8192 blocks in use) — first token 2054
2026-10-02 21:08:10.262 INFO  sched: request 'chatcmpl-c6ea0dce841511fd' starting prefill in slot 3 (68 prompt tokens)
2026-10-02 21:08:10.517 INFO  sched: request 'chatcmpl-c6ea0dce841511fd' prefix cache miss — 0 cut(s), the cache is empty
2026-10-02 21:08:10.517 INFO  sched: request 'chatcmpl-c6ea0dce841511fd' admitted to slot 3 (reserve 5 blocks; pool 20/8192 blocks in use) — first token 2054
2026-10-02 21:08:11.780 INFO  sched: request 'chatcmpl-c6ea0dce841511fa' retired (eos): 51 tok in 2.4 s — prefill 65 tok (0 cached) in 363 ms; decode 50 tok / 9 passes in 2.1 s: 24.1 tok/s, 41.5 ms/tok, 230 ms/pass, 5.56 tok/pass, accept p1 100 % p2 100 % p3 89 % p4 89 % p5 100 %
2026-10-02 21:08:11.966 INFO  sched: request 'chatcmpl-c6ea0dce841511fc' retired (eos): 54 tok in 2.1 s — prefill 68 tok (0 cached) in 257 ms; decode 53 tok / 9 passes in 1.8 s: 28.9 tok/s, 34.5 ms/tok, 203 ms/pass, 5.89 tok/pass, accept p1 100 % p2 100 % p3 100 % p4 100 % p5 100 %
2026-10-02 21:08:11.967 INFO  sched: request 'chatcmpl-c6ea0dce841511fb' retired (eos): 55 tok in 2.6 s — prefill 67 tok (0 cached) in 363 ms; decode 54 tok / 10 passes in 2.3 s: 23.9 tok/s, 41.8 ms/tok, 226 ms/pass, 5.40 tok/pass, accept p1 100 % p2 100 % p3 100 % p4 90 % p5 75 %
2026-10-02 21:08:11.967 INFO  sched: request 'chatcmpl-c6ea0dce841511fe' starting prefill in slot 0 (71 prompt tokens)
2026-10-02 21:08:12.224 INFO  sched: request 'chatcmpl-c6ea0dce841511fe' prefix cache miss — 0 cut(s), the cache is empty
2026-10-02 21:08:12.224 INFO  sched: request 'chatcmpl-c6ea0dce841511fe' admitted to slot 0 (reserve 5 blocks; pool 10/8192 blocks in use) — first token 2054
2026-10-02 21:08:12.425 INFO  sched: request 'chatcmpl-c6ea0dce841511fd' retired (eos): 54 tok in 2.2 s — prefill 68 tok (0 cached) in 256 ms; decode 53 tok / 9 passes in 1.9 s: 27.8 tok/s, 36.0 ms/tok, 212 ms/pass, 5.89 tok/pass, accept p1 100 % p2 100 % p3 100 % p4 100 % p5 89 %
2026-10-02 21:08:12.425 INFO  sched: request 'chatcmpl-c6ea0dce841511ff' starting prefill in slot 1 (68 prompt tokens)
2026-10-02 21:08:12.426 INFO  sched: request 'chatcmpl-c6ea0dce84151200' starting prefill in slot 2 (66 prompt tokens)
2026-10-02 21:08:12.789 INFO  sched: request 'chatcmpl-c6ea0dce841511ff' prefix cache miss — 0 cut(s), the cache is empty
2026-10-02 21:08:12.789 INFO  sched: request 'chatcmpl-c6ea0dce841511ff' admitted to slot 1 (reserve 5 blocks; pool 11/8192 blocks in use) — first token 2054
2026-10-02 21:08:12.789 INFO  sched: request 'chatcmpl-c6ea0dce84151200' prefix cache miss — 0 cut(s), the cache is empty
2026-10-02 21:08:12.789 INFO  sched: request 'chatcmpl-c6ea0dce84151200' admitted to slot 2 (reserve 5 blocks; pool 15/8192 blocks in use) — first token 2054
2026-10-02 21:08:12.789 INFO  sched: 2 requests admitted together in one prefill (363 ms)
2026-10-02 21:08:12.914 INFO  sched: request 'chatcmpl-c6ea0dce84151201' starting prefill in slot 3 (65 prompt tokens)
2026-10-02 21:08:13.155 INFO  sched: request 'chatcmpl-c6ea0dce84151201' prefix cache miss — 0 cut(s), the cache is empty
2026-10-02 21:08:13.155 INFO  sched: request 'chatcmpl-c6ea0dce84151201' admitted to slot 3 (reserve 5 blocks; pool 20/8192 blocks in use) — first token 2054
2026-10-02 21:08:14.585 INFO  sched: request 'chatcmpl-c6ea0dce841511ff' retired (eos): 54 tok in 2.2 s — prefill 68 tok (0 cached) in 363 ms; decode 53 tok / 9 passes in 1.8 s: 29.5 tok/s, 33.9 ms/tok, 200 ms/pass, 5.89 tok/pass, accept p1 100 % p2 100 % p3 100 % p4 100 % p5 100 %
2026-10-02 21:08:14.586 INFO  sched: request 'chatcmpl-c6ea0dce84151200' retired (eos): 52 tok in 2.2 s — prefill 66 tok (0 cached) in 363 ms; decode 51 tok / 9 passes in 1.8 s: 28.4 tok/s, 35.2 ms/tok, 200 ms/pass, 5.67 tok/pass, accept p1 100 % p2 100 % p3 100 % p4 100 % p5 88 %
2026-10-02 21:08:14.586 INFO  sched: request 'chatcmpl-c6ea0dce841511fe' retired (eos): 58 tok in 2.6 s — prefill 71 tok (0 cached) in 257 ms; decode 57 tok / 10 passes in 2.4 s: 24.1 tok/s, 41.4 ms/tok, 236 ms/pass, 5.70 tok/pass, accept p1 100 % p2 100 % p3 100 % p4 100 % p5 89 %
2026-10-02 21:08:14.663 INFO  sched: request 'chatcmpl-c6ea0dce84151201' retired (eos): 52 tok in 1.7 s — prefill 65 tok (0 cached) in 242 ms; decode 51 tok / 9 passes in 1.5 s: 33.8 tok/s, 29.6 ms/tok, 168 ms/pass, 5.67 tok/pass, accept p1 100 % p2 100 % p3 100 % p4 100 % p5 78 %
2026-10-02 21:08:14.667 INFO  sched: request 'chatcmpl-c6ea0dce84151202' starting prefill in slot 0 (68 prompt tokens)
2026-10-02 21:08:14.667 INFO  sched: request 'chatcmpl-c6ea0dce84151203' starting prefill in slot 1 (67 prompt tokens)
2026-10-02 21:08:14.667 INFO  sched: request 'chatcmpl-c6ea0dce84151204' starting prefill in slot 2 (67 prompt tokens)
2026-10-02 21:08:15.117 INFO  sched: request 'chatcmpl-c6ea0dce84151202' prefix cache miss — 0 cut(s), the cache is empty
2026-10-02 21:08:15.117 INFO  sched: request 'chatcmpl-c6ea0dce84151202' admitted to slot 0 (reserve 5 blocks; pool 7/8192 blocks in use) — first token 2054
2026-10-02 21:08:15.117 INFO  sched: request 'chatcmpl-c6ea0dce84151203' prefix cache miss — 0 cut(s), the cache is empty
2026-10-02 21:08:15.117 INFO  sched: request 'chatcmpl-c6ea0dce84151203' admitted to slot 1 (reserve 5 blocks; pool 11/8192 blocks in use) — first token 2054
2026-10-02 21:08:15.117 INFO  sched: request 'chatcmpl-c6ea0dce84151204' prefix cache miss — 0 cut(s), the cache is empty
2026-10-02 21:08:15.117 INFO  sched: request 'chatcmpl-c6ea0dce84151204' admitted to slot 2 (reserve 5 blocks; pool 15/8192 blocks in use) — first token 2054
2026-10-02 21:08:15.117 INFO  sched: 3 requests admitted together in one prefill (451 ms)
2026-10-02 21:08:15.200 INFO  sched: request 'chatcmpl-c6ea0dce84151205' starting prefill in slot 3 (68 prompt tokens)
2026-10-02 21:08:15.450 INFO  sched: request 'chatcmpl-c6ea0dce84151205' prefix cache miss — 0 cut(s), the cache is empty
2026-10-02 21:08:15.450 INFO  sched: request 'chatcmpl-c6ea0dce84151205' admitted to slot 3 (reserve 5 blocks; pool 20/8192 blocks in use) — first token 2054
2026-10-02 21:08:16.962 INFO  sched: request 'chatcmpl-c6ea0dce84151205' retired (eos): 53 tok in 1.8 s — prefill 68 tok (0 cached) in 251 ms; decode 52 tok / 9 passes in 1.5 s: 34.4 tok/s, 29.1 ms/tok, 168 ms/pass, 5.78 tok/pass, accept p1 100 % p2 100 % p3 100 % p4 100 % p5 100 %
2026-10-02 21:08:16.963 INFO  sched: request 'chatcmpl-c6ea0dce84151202' retired (eos): 53 tok in 2.3 s — prefill 68 tok (0 cached) in 451 ms; decode 52 tok / 10 passes in 1.8 s: 28.2 tok/s, 35.5 ms/tok, 185 ms/pass, 5.20 tok/pass, accept p1 100 % p2 100 % p3 89 % p4 89 % p5 86 %
2026-10-02 21:08:16.963 INFO  sched: request 'chatcmpl-c6ea0dce84151203' retired (eos): 53 tok in 2.3 s — prefill 67 tok (0 cached) in 451 ms; decode 52 tok / 10 passes in 1.8 s: 28.2 tok/s, 35.5 ms/tok, 185 ms/pass, 5.20 tok/pass, accept p1 100 % p2 100 % p3 89 % p4 89 % p5 86 %
2026-10-02 21:08:16.964 INFO  sched: request 'chatcmpl-c6ea0dce84151204' retired (eos): 52 tok in 2.3 s — prefill 67 tok (0 cached) in 451 ms; decode 51 tok / 10 passes in 1.8 s: 27.6 tok/s, 36.2 ms/tok, 185 ms/pass, 5.10 tok/pass, accept p1 100 % p2 90 % p3 89 % p4 89 % p5 100 %
2026-10-02 21:08:16.988 INFO  sched: request 'chatcmpl-c6ea0dce84151206' starting prefill in slot 0 (68 prompt tokens)
2026-10-02 21:08:16.988 INFO  sched: request 'chatcmpl-c6ea0dce84151207' starting prefill in slot 1 (68 prompt tokens)
2026-10-02 21:08:16.988 INFO  sched: request 'chatcmpl-c6ea0dce84151208' starting prefill in slot 2 (65 prompt tokens)
2026-10-02 21:08:16.988 INFO  sched: request 'chatcmpl-c6ea0dce84151209' starting prefill in slot 3 (69 prompt tokens)
2026-10-02 21:08:17.554 INFO  sched: request 'chatcmpl-c6ea0dce84151206' prefix cache miss — 0 cut(s), the cache is empty
2026-10-02 21:08:17.554 INFO  sched: request 'chatcmpl-c6ea0dce84151206' admitted to slot 0 (reserve 5 blocks; pool 8/8192 blocks in use) — first token 2054
2026-10-02 21:08:17.554 INFO  sched: request 'chatcmpl-c6ea0dce84151207' prefix cache miss — 0 cut(s), the cache is empty
2026-10-02 21:08:17.554 INFO  sched: request 'chatcmpl-c6ea0dce84151207' admitted to slot 1 (reserve 5 blocks; pool 12/8192 blocks in use) — first token 2054
2026-10-02 21:08:17.554 INFO  sched: request 'chatcmpl-c6ea0dce84151208' prefix cache miss — 0 cut(s), the cache is empty
2026-10-02 21:08:17.554 INFO  sched: request 'chatcmpl-c6ea0dce84151208' admitted to slot 2 (reserve 5 blocks; pool 16/8192 blocks in use) — first token 2054
2026-10-02 21:08:17.554 INFO  sched: request 'chatcmpl-c6ea0dce84151209' prefix cache miss — 0 cut(s), the cache is empty
2026-10-02 21:08:17.554 INFO  sched: request 'chatcmpl-c6ea0dce84151209' admitted to slot 3 (reserve 5 blocks; pool 20/8192 blocks in use) — first token 2054
2026-10-02 21:08:17.554 INFO  sched: 4 requests admitted together in one prefill (566 ms)
2026-10-02 21:08:18.347 INFO  stats: rank 0 | 10.1 s | decode 86.8 tok/s, 7.8 ms/tok, 162.9 ms/step (42 steps / 874 tok, 68 % of wall) | mtp 5.60 tok/step/req, accept p1 100 % p2 99 % p3 97 % p4 93 % p5 90 % | prefill 16 prompts / 1078 tok, 107 tok/s, 2.79 ms/tok, 188 ms avg (30 % of wall), 0 tok cached (0/16 hits) | live 4, queued 0 | pool 20/8192 blocks (0 %) | prefix cache 0/780 entries | requests +16 (shed 0, cancelled 0)
2026-10-02 21:08:19.177 INFO  sched: request 'chatcmpl-c6ea0dce84151206' retired (eos): 54 tok in 2.2 s — prefill 68 tok (0 cached) in 566 ms; decode 53 tok / 10 passes in 1.6 s: 32.7 tok/s, 30.6 ms/tok, 162 ms/pass, 5.30 tok/pass, accept p1 100 % p2 100 % p3 100 % p4 88 % p5 100 %
2026-10-02 21:08:19.178 INFO  sched: request 'chatcmpl-c6ea0dce84151207' retired (eos): 53 tok in 2.2 s — prefill 68 tok (0 cached) in 566 ms; decode 52 tok / 10 passes in 1.6 s: 32.0 tok/s, 31.2 ms/tok, 162 ms/pass, 5.20 tok/pass, accept p1 100 % p2 100 % p3 100 % p4 88 % p5 86 %
2026-10-02 21:08:19.178 INFO  sched: request 'chatcmpl-c6ea0dce84151208' retired (eos): 51 tok in 2.2 s — prefill 65 tok (0 cached) in 566 ms; decode 50 tok / 10 passes in 1.6 s: 30.8 tok/s, 32.5 ms/tok, 162 ms/pass, 5.00 tok/pass, accept p1 100 % p2 90 % p3 90 % p4 88 % p5 86 %
2026-10-02 21:08:19.237 INFO  sched: request 'chatcmpl-c6ea0dce84151209' retired (eos): 54 tok in 2.2 s — prefill 69 tok (0 cached) in 566 ms; decode 53 tok / 11 passes in 1.7 s: 31.5 tok/s, 31.7 ms/tok, 153 ms/pass, 4.82 tok/pass, accept p1 100 % p2 91 % p3 100 % p4 88 % p5 71 %
2026-10-02 21:08:19.240 INFO  sched: request 'chatcmpl-c6ea0dce8415120a' starting prefill in slot 0 (68 prompt tokens)
2026-10-02 21:08:19.240 INFO  sched: request 'chatcmpl-c6ea0dce8415120b' starting prefill in slot 1 (64 prompt tokens)
2026-10-02 21:08:19.240 INFO  sched: request 'chatcmpl-c6ea0dce8415120c' starting prefill in slot 2 (68 prompt tokens)
2026-10-02 21:08:19.693 INFO  sched: request 'chatcmpl-c6ea0dce8415120a' prefix cache miss — 0 cut(s), the cache is empty
2026-10-02 21:08:19.693 INFO  sched: request 'chatcmpl-c6ea0dce8415120a' admitted to slot 0 (reserve 5 blocks; pool 7/8192 blocks in use) — first token 2054
2026-10-02 21:08:19.693 INFO  sched: request 'chatcmpl-c6ea0dce8415120b' prefix cache miss — 0 cut(s), the cache is empty
2026-10-02 21:08:19.693 INFO  sched: request 'chatcmpl-c6ea0dce8415120b' admitted to slot 1 (reserve 5 blocks; pool 11/8192 blocks in use) — first token 2054
2026-10-02 21:08:19.693 INFO  sched: request 'chatcmpl-c6ea0dce8415120c' prefix cache miss — 0 cut(s), the cache is empty
2026-10-02 21:08:19.693 INFO  sched: request 'chatcmpl-c6ea0dce8415120c' admitted to slot 2 (reserve 5 blocks; pool 15/8192 blocks in use) — first token 2054
2026-10-02 21:08:19.693 INFO  sched: 3 requests admitted together in one prefill (453 ms)
2026-10-02 21:08:19.776 INFO  sched: request 'chatcmpl-c6ea0dce8415120d' starting prefill in slot 3 (69 prompt tokens)
2026-10-02 21:08:20.032 INFO  sched: request 'chatcmpl-c6ea0dce8415120d' prefix cache miss — 0 cut(s), the cache is empty
2026-10-02 21:08:20.032 INFO  sched: request 'chatcmpl-c6ea0dce8415120d' admitted to slot 3 (reserve 5 blocks; pool 20/8192 blocks in use) — first token 2054
2026-10-02 21:08:21.419 INFO  sched: request 'chatcmpl-c6ea0dce8415120b' retired (eos): 51 tok in 2.2 s — prefill 64 tok (0 cached) in 453 ms; decode 50 tok / 9 passes in 1.7 s: 29.0 tok/s, 34.5 ms/tok, 192 ms/pass, 5.56 tok/pass, accept p1 100 % p2 100 % p3 100 % p4 100 % p5 100 %
2026-10-02 21:08:21.554 INFO  sched: request 'chatcmpl-c6ea0dce8415120a' retired (eos): 53 tok in 2.3 s — prefill 68 tok (0 cached) in 453 ms; decode 52 tok / 10 passes in 1.9 s: 27.9 tok/s, 35.8 ms/tok, 186 ms/pass, 5.20 tok/pass, accept p1 100 % p2 100 % p3 89 % p4 100 % p5 100 %
2026-10-02 21:08:21.555 INFO  sched: request 'chatcmpl-c6ea0dce8415120c' retired (eos): 53 tok in 2.3 s — prefill 68 tok (0 cached) in 453 ms; decode 52 tok / 10 passes in 1.9 s: 27.9 tok/s, 35.8 ms/tok, 186 ms/pass, 5.20 tok/pass, accept p1 100 % p2 100 % p3 89 % p4 100 % p5 100 %
2026-10-02 21:08:21.555 INFO  sched: request 'chatcmpl-c6ea0dce8415120e' starting prefill in slot 0 (68 prompt tokens)
2026-10-02 21:08:21.808 INFO  sched: request 'chatcmpl-c6ea0dce8415120e' prefix cache miss — 0 cut(s), the cache is empty
2026-10-02 21:08:21.808 INFO  sched: request 'chatcmpl-c6ea0dce8415120e' admitted to slot 0 (reserve 5 blocks; pool 10/8192 blocks in use) — first token 2054
2026-10-02 21:08:21.956 INFO  sched: request 'chatcmpl-c6ea0dce8415120f' starting prefill in slot 1 (66 prompt tokens)
2026-10-02 21:08:21.956 INFO  sched: request 'chatcmpl-c6ea0dce84151210' starting prefill in slot 2 (70 prompt tokens)
2026-10-02 21:08:22.324 INFO  sched: request 'chatcmpl-c6ea0dce8415120f' prefix cache miss — 0 cut(s), the cache is empty
2026-10-02 21:08:22.324 INFO  sched: request 'chatcmpl-c6ea0dce8415120f' admitted to slot 1 (reserve 5 blocks; pool 16/8192 blocks in use) — first token 2054
2026-10-02 21:08:22.324 INFO  sched: request 'chatcmpl-c6ea0dce84151210' prefix cache miss — 0 cut(s), the cache is empty
2026-10-02 21:08:22.324 INFO  sched: request 'chatcmpl-c6ea0dce84151210' admitted to slot 2 (reserve 5 blocks; pool 20/8192 blocks in use) — first token 2054
2026-10-02 21:08:22.324 INFO  sched: 2 requests admitted together in one prefill (368 ms)
2026-10-02 21:08:22.486 INFO  sched: request 'chatcmpl-c6ea0dce8415120d' retired (eos): 55 tok in 2.7 s — prefill 69 tok (0 cached) in 256 ms; decode 54 tok / 11 passes in 2.5 s: 22.0 tok/s, 45.4 ms/tok, 223 ms/pass, 4.91 tok/pass, accept p1 100 % p2 100 % p3 73 % p4 78 % p5 86 %
2026-10-02 21:08:22.636 INFO  sched: request 'chatcmpl-c6ea0dce84151211' starting prefill in slot 3 (68 prompt tokens)
2026-10-02 21:08:22.882 INFO  sched: request 'chatcmpl-c6ea0dce84151211' prefix cache miss — 0 cut(s), the cache is empty
2026-10-02 21:08:22.882 INFO  sched: request 'chatcmpl-c6ea0dce84151211' admitted to slot 3 (reserve 5 blocks; pool 20/8192 blocks in use) — first token 2054
2026-10-02 21:08:24.147 INFO  sched: request 'chatcmpl-c6ea0dce8415120f' retired (eos): 51 tok in 2.2 s — prefill 66 tok (0 cached) in 368 ms; decode 50 tok / 9 passes in 1.8 s: 27.4 tok/s, 36.5 ms/tok, 203 ms/pass, 5.56 tok/pass, accept p1 100 % p2 100 % p3 89 % p4 89 % p5 88 %
2026-10-02 21:08:24.148 INFO  sched: request 'chatcmpl-c6ea0dce8415120e' retired (eos): 54 tok in 2.6 s — prefill 68 tok (0 cached) in 253 ms; decode 53 tok / 10 passes in 2.3 s: 22.6 tok/s, 44.2 ms/tok, 234 ms/pass, 5.30 tok/pass, accept p1 100 % p2 100 % p3 100 % p4 89 % p5 75 %
2026-10-02 21:08:24.285 INFO  sched: request 'chatcmpl-c6ea0dce84151210' retired (eos): 54 tok in 2.3 s — prefill 70 tok (0 cached) in 368 ms; decode 53 tok / 10 passes in 2.0 s: 27.0 tok/s, 37.0 ms/tok, 196 ms/pass, 5.30 tok/pass, accept p1 100 % p2 100 % p3 90 % p4 89 % p5 88 %
2026-10-02 21:08:24.286 INFO  sched: request 'chatcmpl-c6ea0dce84151212' starting prefill in slot 0 (67 prompt tokens)
2026-10-02 21:08:24.286 INFO  sched: request 'chatcmpl-c6ea0dce84151213' starting prefill in slot 1 (66 prompt tokens)
2026-10-02 21:08:24.626 INFO  sched: request 'chatcmpl-c6ea0dce84151212' prefix cache miss — 0 cut(s), the cache is empty
2026-10-02 21:08:24.626 INFO  sched: request 'chatcmpl-c6ea0dce84151212' admitted to slot 0 (reserve 5 blocks; pool 11/8192 blocks in use) — first token 2054
2026-10-02 21:08:24.626 INFO  sched: request 'chatcmpl-c6ea0dce84151213' prefix cache miss — 0 cut(s), the cache is empty
2026-10-02 21:08:24.626 INFO  sched: request 'chatcmpl-c6ea0dce84151213' admitted to slot 1 (reserve 5 blocks; pool 15/8192 blocks in use) — first token 2054
2026-10-02 21:08:24.626 INFO  sched: 2 requests admitted together in one prefill (340 ms)
2026-10-02 21:08:24.815 INFO  sched: request 'chatcmpl-c6ea0dce84151214' starting prefill in slot 2 (65 prompt tokens)
2026-10-02 21:08:25.063 INFO  sched: request 'chatcmpl-c6ea0dce84151214' prefix cache miss — 0 cut(s), the cache is empty
2026-10-02 21:08:25.063 INFO  sched: request 'chatcmpl-c6ea0dce84151214' admitted to slot 2 (reserve 5 blocks; pool 20/8192 blocks in use) — first token 2054
2026-10-02 21:08:25.229 INFO  sched: request 'chatcmpl-c6ea0dce84151211' retired (eos): 54 tok in 2.6 s — prefill 68 tok (0 cached) in 245 ms; decode 53 tok / 10 passes in 2.3 s: 22.6 tok/s, 44.3 ms/tok, 235 ms/pass, 5.30 tok/pass, accept p1 100 % p2 100 % p3 100 % p4 78 % p5 88 %
2026-10-02 21:08:25.373 INFO  sched: request 'chatcmpl-c6ea0dce84151215' starting prefill in slot 3 (67 prompt tokens)
2026-10-02 21:08:25.618 INFO  sched: request 'chatcmpl-c6ea0dce84151215' prefix cache miss — 0 cut(s), the cache is empty
2026-10-02 21:08:25.618 INFO  sched: request 'chatcmpl-c6ea0dce84151215' admitted to slot 3 (reserve 5 blocks; pool 20/8192 blocks in use) — first token 2054
2026-10-02 21:08:26.701 INFO  sched: request 'chatcmpl-c6ea0dce84151212' retired (eos): 53 tok in 2.4 s — prefill 67 tok (0 cached) in 340 ms; decode 52 tok / 9 passes in 2.1 s: 25.1 tok/s, 39.9 ms/tok, 231 ms/pass, 5.78 tok/pass, accept p1 100 % p2 100 % p3 100 % p4 100 % p5 100 %
2026-10-02 21:08:26.701 INFO  sched: request 'chatcmpl-c6ea0dce84151213' retired (eos): 52 tok in 2.4 s — prefill 66 tok (0 cached) in 340 ms; decode 51 tok / 9 passes in 2.1 s: 24.6 tok/s, 40.7 ms/tok, 231 ms/pass, 5.67 tok/pass, accept p1 100 % p2 100 % p3 100 % p4 100 % p5 88 %
2026-10-02 21:08:26.883 INFO  sched: request 'chatcmpl-c6ea0dce84151214' retired (eos): 51 tok in 2.1 s — prefill 65 tok (0 cached) in 248 ms; decode 50 tok / 9 passes in 1.8 s: 27.5 tok/s, 36.4 ms/tok, 202 ms/pass, 5.56 tok/pass, accept p1 100 % p2 100 % p3 100 % p4 89 % p5 88 %
2026-10-02 21:08:26.883 INFO  sched: request 'chatcmpl-c6ea0dce84151216' starting prefill in slot 0 (69 prompt tokens)
2026-10-02 21:08:26.883 INFO  sched: request 'chatcmpl-c6ea0dce84151217' starting prefill in slot 1 (67 prompt tokens)
2026-10-02 21:08:27.253 INFO  sched: request 'chatcmpl-c6ea0dce84151216' prefix cache miss — 0 cut(s), the cache is empty
2026-10-02 21:08:27.253 INFO  sched: request 'chatcmpl-c6ea0dce84151216' admitted to slot 0 (reserve 5 blocks; pool 11/8192 blocks in use) — first token 2054
2026-10-02 21:08:27.253 INFO  sched: request 'chatcmpl-c6ea0dce84151217' prefix cache miss — 0 cut(s), the cache is empty
2026-10-02 21:08:27.253 INFO  sched: request 'chatcmpl-c6ea0dce84151217' admitted to slot 1 (reserve 5 blocks; pool 15/8192 blocks in use) — first token 2054
2026-10-02 21:08:27.253 INFO  sched: 2 requests admitted together in one prefill (369 ms)
2026-10-02 21:08:27.443 INFO  sched: request 'chatcmpl-c6ea0dce84151218' starting prefill in slot 2 (68 prompt tokens)
2026-10-02 21:08:27.697 INFO  sched: request 'chatcmpl-c6ea0dce84151218' prefix cache miss — 0 cut(s), the cache is empty
2026-10-02 21:08:27.697 INFO  sched: request 'chatcmpl-c6ea0dce84151218' admitted to slot 2 (reserve 5 blocks; pool 20/8192 blocks in use) — first token 2054
2026-10-02 21:08:27.881 INFO  sched: request 'chatcmpl-c6ea0dce84151215' retired (eos): 54 tok in 2.5 s — prefill 67 tok (0 cached) in 245 ms; decode 53 tok / 9 passes in 2.3 s: 23.4 tok/s, 42.7 ms/tok, 251 ms/pass, 5.89 tok/pass, accept p1 100 % p2 100 % p3 100 % p4 100 % p5 100 %
2026-10-02 21:08:28.027 INFO  sched: request 'chatcmpl-c6ea0dce84151219' starting prefill in slot 3 (69 prompt tokens)
2026-10-02 21:08:28.284 INFO  sched: request 'chatcmpl-c6ea0dce84151219' prefix cache miss — 0 cut(s), the cache is empty
2026-10-02 21:08:28.284 INFO  sched: request 'chatcmpl-c6ea0dce84151219' admitted to slot 3 (reserve 5 blocks; pool 20/8192 blocks in use) — first token 2054
2026-10-02 21:08:28.449 INFO  stats: rank 0 | 10.1 s | decode 80.1 tok/s, 8.1 ms/tok, 159.2 ms/step (41 steps / 809 tok, 65 % of wall) | mtp 5.47 tok/step/req, accept p1 100 % p2 99 % p3 94 % p4 91 % p5 91 % | prefill 16 prompts / 1079 tok, 107 tok/s, 3.05 ms/tok, 206 ms avg (33 % of wall), 0 tok cached (0/16 hits) | live 4, queued 0 | pool 20/8192 blocks (0 %) | prefix cache 0/780 entries | requests +16 (shed 0, cancelled 0)
2026-10-02 21:08:29.372 INFO  sched: request 'chatcmpl-c6ea0dce84151217' retired (eos): 52 tok in 2.5 s — prefill 67 tok (0 cached) in 369 ms; decode 51 tok / 9 passes in 2.1 s: 24.1 tok/s, 41.5 ms/tok, 235 ms/pass, 5.67 tok/pass, accept p1 100 % p2 100 % p3 100 % p4 89 % p5 100 %
2026-10-02 21:08:29.538 INFO  sched: request 'chatcmpl-c6ea0dce84151216' retired (eos): 55 tok in 2.7 s — prefill 69 tok (0 cached) in 369 ms; decode 54 tok / 10 passes in 2.3 s: 23.6 tok/s, 42.3 ms/tok, 229 ms/pass, 5.40 tok/pass, accept p1 100 % p2 90 % p3 90 % p4 90 % p5 100 %
2026-10-02 21:08:29.538 INFO  sched: request 'chatcmpl-c6ea0dce8415121a' starting prefill in slot 0 (68 prompt tokens)
2026-10-02 21:08:29.793 INFO  sched: request 'chatcmpl-c6ea0dce8415121a' prefix cache miss — 0 cut(s), the cache is empty
2026-10-02 21:08:29.793 INFO  sched: request 'chatcmpl-c6ea0dce8415121a' admitted to slot 0 (reserve 5 blocks; pool 15/8192 blocks in use) — first token 2054
2026-10-02 21:08:29.941 INFO  sched: request 'chatcmpl-c6ea0dce84151218' retired (eos): 55 tok in 2.5 s — prefill 68 tok (0 cached) in 254 ms; decode 54 tok / 10 passes in 2.2 s: 24.1 tok/s, 41.6 ms/tok, 224 ms/pass, 5.40 tok/pass, accept p1 100 % p2 100 % p3 90 % p4 100 % p5 100 %
2026-10-02 21:08:29.942 INFO  sched: request 'chatcmpl-c6ea0dce8415121b' starting prefill in slot 1 (67 prompt tokens)
2026-10-02 21:08:30.191 INFO  sched: request 'chatcmpl-c6ea0dce8415121b' prefix cache miss — 0 cut(s), the cache is empty
2026-10-02 21:08:30.191 INFO  sched: request 'chatcmpl-c6ea0dce8415121b' admitted to slot 1 (reserve 5 blocks; pool 15/8192 blocks in use) — first token 2054
2026-10-02 21:08:30.386 INFO  sched: request 'chatcmpl-c6ea0dce8415121c' starting prefill in slot 2 (69 prompt tokens)
2026-10-02 21:08:30.632 INFO  sched: request 'chatcmpl-c6ea0dce8415121c' prefix cache miss — 0 cut(s), the cache is empty
2026-10-02 21:08:30.632 INFO  sched: request 'chatcmpl-c6ea0dce8415121c' admitted to slot 2 (reserve 5 blocks; pool 20/8192 blocks in use) — first token 2054
2026-10-02 21:08:30.816 INFO  sched: request 'chatcmpl-c6ea0dce84151219' retired (eos): 55 tok in 2.8 s — prefill 69 tok (0 cached) in 257 ms; decode 54 tok / 10 passes in 2.5 s: 21.3 tok/s, 46.9 ms/tok, 253 ms/pass, 5.40 tok/pass, accept p1 100 % p2 100 % p3 100 % p4 100 % p5 86 %
2026-10-02 21:08:30.965 INFO  sched: request 'chatcmpl-c6ea0dce8415121d' starting prefill in slot 3 (63 prompt tokens)
2026-10-02 21:08:31.204 INFO  sched: request 'chatcmpl-c6ea0dce8415121d' prefix cache miss — 0 cut(s), the cache is empty
2026-10-02 21:08:31.204 INFO  sched: request 'chatcmpl-c6ea0dce8415121d' admitted to slot 3 (reserve 5 blocks; pool 20/8192 blocks in use) — first token 2054
2026-10-02 21:08:32.263 INFO  sched: request 'chatcmpl-c6ea0dce8415121a' retired (eos): 53 tok in 2.7 s — prefill 68 tok (0 cached) in 254 ms; decode 52 tok / 10 passes in 2.5 s: 21.1 tok/s, 47.5 ms/tok, 247 ms/pass, 5.20 tok/pass, accept p1 100 % p2 90 % p3 90 % p4 100 % p5 88 %
2026-10-02 21:08:32.454 INFO  sched: request 'chatcmpl-c6ea0dce8415121b' retired (eos): 54 tok in 2.5 s — prefill 67 tok (0 cached) in 250 ms; decode 53 tok / 10 passes in 2.3 s: 23.4 tok/s, 42.7 ms/tok, 226 ms/pass, 5.30 tok/pass, accept p1 100 % p2 100 % p3 90 % p4 89 % p5 78 %
2026-10-02 21:08:32.455 INFO  sched: request 'chatcmpl-c6ea0dce8415121c' retired (eos): 53 tok in 2.1 s — prefill 69 tok (0 cached) in 247 ms; decode 52 tok / 9 passes in 1.8 s: 28.5 tok/s, 35.0 ms/tok, 202 ms/pass, 5.78 tok/pass, accept p1 100 % p2 100 % p3 100 % p4 100 % p5 100 %
2026-10-02 21:08:32.455 INFO  sched: request 'chatcmpl-c6ea0dce8415121e' starting prefill in slot 0 (70 prompt tokens)
2026-10-02 21:08:32.715 INFO  sched: request 'chatcmpl-c6ea0dce8415121e' prefix cache miss — 0 cut(s), the cache is empty
2026-10-02 21:08:32.715 INFO  sched: request 'chatcmpl-c6ea0dce8415121e' admitted to slot 0 (reserve 5 blocks; pool 10/8192 blocks in use) — first token 2054
2026-10-02 21:08:32.842 INFO  sched: request 'chatcmpl-c6ea0dce8415121f' starting prefill in slot 1 (65 prompt tokens)
2026-10-02 21:08:32.842 INFO  sched: request 'chatcmpl-c6ea0dce84151220' starting prefill in slot 2 (68 prompt tokens)
2026-10-02 21:08:33.204 INFO  sched: request 'chatcmpl-c6ea0dce8415121f' prefix cache miss — 0 cut(s), the cache is empty
2026-10-02 21:08:33.204 INFO  sched: request 'chatcmpl-c6ea0dce8415121f' admitted to slot 1 (reserve 5 blocks; pool 16/8192 blocks in use) — first token 2054
2026-10-02 21:08:33.204 INFO  sched: request 'chatcmpl-c6ea0dce84151220' prefix cache miss — 0 cut(s), the cache is empty
2026-10-02 21:08:33.204 INFO  sched: request 'chatcmpl-c6ea0dce84151220' admitted to slot 2 (reserve 5 blocks; pool 20/8192 blocks in use) — first token 2054
2026-10-02 21:08:33.204 INFO  sched: 2 requests admitted together in one prefill (362 ms)
2026-10-02 21:08:33.678 INFO  sched: request 'chatcmpl-c6ea0dce8415121d' retired (eos): 49 tok in 2.7 s — prefill 63 tok (0 cached) in 239 ms; decode 48 tok / 11 passes in 2.5 s: 19.4 tok/s, 51.6 ms/tok, 225 ms/pass, 4.36 tok/pass, accept p1 100 % p2 91 % p3 70 % p4 62 % p5 71 %
2026-10-02 21:08:33.823 INFO  sched: request 'chatcmpl-c6ea0dce84151221' starting prefill in slot 3 (67 prompt tokens)
2026-10-02 21:08:34.076 INFO  sched: request 'chatcmpl-c6ea0dce84151221' prefix cache miss — 0 cut(s), the cache is empty
2026-10-02 21:08:34.076 INFO  sched: request 'chatcmpl-c6ea0dce84151221' admitted to slot 3 (reserve 5 blocks; pool 20/8192 blocks in use) — first token 2054
2026-10-02 21:08:34.977 INFO  sched: request 'chatcmpl-c6ea0dce8415121f' retired (eos): 50 tok in 2.1 s — prefill 65 tok (0 cached) in 362 ms; decode 49 tok / 9 passes in 1.8 s: 27.6 tok/s, 36.2 ms/tok, 197 ms/pass, 5.44 tok/pass, accept p1 100 % p2 100 % p3 100 % p4 100 % p5 86 %
2026-10-02 21:08:35.145 INFO  sched: request 'chatcmpl-c6ea0dce8415121e' retired (eos): 55 tok in 2.7 s — prefill 70 tok (0 cached) in 260 ms; decode 54 tok / 11 passes in 2.4 s: 22.2 tok/s, 45.0 ms/tok, 221 ms/pass, 4.91 tok/pass, accept p1 100 % p2 100 % p3 90 % p4 78 % p5 86 %
2026-10-02 21:08:35.145 INFO  sched: request 'chatcmpl-c6ea0dce84151220' retired (eos): 53 tok in 2.3 s — prefill 68 tok (0 cached) in 362 ms; decode 52 tok / 10 passes in 1.9 s: 26.8 tok/s, 37.3 ms/tok, 194 ms/pass, 5.20 tok/pass, accept p1 100 % p2 100 % p3 90 % p4 89 % p5 71 %
2026-10-02 21:08:35.145 INFO  sched: request 'chatcmpl-c6ea0dce84151222' starting prefill in slot 0 (69 prompt tokens)
2026-10-02 21:08:35.393 INFO  sched: request 'chatcmpl-c6ea0dce84151222' prefix cache miss — 0 cut(s), the cache is empty
2026-10-02 21:08:35.393 INFO  sched: request 'chatcmpl-c6ea0dce84151222' admitted to slot 0 (reserve 5 blocks; pool 10/8192 blocks in use) — first token 2054
2026-10-02 21:08:35.590 INFO  sched: request 'chatcmpl-c6ea0dce84151223' starting prefill in slot 1 (67 prompt tokens)
2026-10-02 21:08:35.590 INFO  sched: request 'chatcmpl-c6ea0dce84151224' starting prefill in slot 2 (65 prompt tokens)
2026-10-02 21:08:35.939 INFO  sched: request 'chatcmpl-c6ea0dce84151223' prefix cache miss — 0 cut(s), the cache is empty
2026-10-02 21:08:35.939 INFO  sched: request 'chatcmpl-c6ea0dce84151223' admitted to slot 1 (reserve 5 blocks; pool 16/8192 blocks in use) — first token 2054
2026-10-02 21:08:35.939 INFO  sched: request 'chatcmpl-c6ea0dce84151224' prefix cache miss — 0 cut(s), the cache is empty
2026-10-02 21:08:35.939 INFO  sched: request 'chatcmpl-c6ea0dce84151224' admitted to slot 2 (reserve 5 blocks; pool 20/8192 blocks in use) — first token 2054
2026-10-02 21:08:35.939 INFO  sched: 2 requests admitted together in one prefill (349 ms)
2026-10-02 21:08:36.286 INFO  sched: request 'chatcmpl-c6ea0dce84151221' retired (eos): 52 tok in 2.5 s — prefill 67 tok (0 cached) in 254 ms; decode 51 tok / 9 passes in 2.2 s: 23.1 tok/s, 43.3 ms/tok, 246 ms/pass, 5.67 tok/pass, accept p1 100 % p2 100 % p3 100 % p4 100 % p5 100 %
2026-10-02 21:08:36.437 INFO  sched: request 'chatcmpl-c6ea0dce84151225' starting prefill in slot 3 (66 prompt tokens)
2026-10-02 21:08:36.685 INFO  sched: request 'chatcmpl-c6ea0dce84151225' prefix cache miss — 0 cut(s), the cache is empty
2026-10-02 21:08:36.685 INFO  sched: request 'chatcmpl-c6ea0dce84151225' admitted to slot 3 (reserve 5 blocks; pool 20/8192 blocks in use) — first token 2054
2026-10-02 21:08:37.746 INFO  sched: request 'chatcmpl-c6ea0dce84151222' retired (eos): 55 tok in 2.6 s — prefill 69 tok (0 cached) in 247 ms; decode 54 tok / 10 passes in 2.4 s: 22.9 tok/s, 43.6 ms/tok, 235 ms/pass, 5.40 tok/pass, accept p1 100 % p2 90 % p3 90 % p4 100 % p5 100 %
2026-10-02 21:08:37.886 INFO  sched: request 'chatcmpl-c6ea0dce84151223' retired (eos): 53 tok in 2.3 s — prefill 67 tok (0 cached) in 349 ms; decode 52 tok / 10 passes in 1.9 s: 26.7 tok/s, 37.4 ms/tok, 195 ms/pass, 5.20 tok/pass, accept p1 100 % p2 90 % p3 90 % p4 100 % p5 100 %
2026-10-02 21:08:37.886 INFO  sched: request 'chatcmpl-c6ea0dce84151224' retired (eos): 51 tok in 2.3 s — prefill 65 tok (0 cached) in 349 ms; decode 50 tok / 10 passes in 1.9 s: 25.7 tok/s, 38.9 ms/tok, 195 ms/pass, 5.00 tok/pass, accept p1 100 % p2 100 % p3 90 % p4 75 % p5 86 %
2026-10-02 21:08:37.886 INFO  sched: request 'chatcmpl-c6ea0dce84151226' starting prefill in slot 0 (65 prompt tokens)
2026-10-02 21:08:38.136 INFO  sched: request 'chatcmpl-c6ea0dce84151226' prefix cache miss — 0 cut(s), the cache is empty
2026-10-02 21:08:38.136 INFO  sched: request 'chatcmpl-c6ea0dce84151226' admitted to slot 0 (reserve 5 blocks; pool 10/8192 blocks in use) — first token 2054
2026-10-02 21:08:38.336 INFO  sched: request 'chatcmpl-c6ea0dce84151227' starting prefill in slot 1 (65 prompt tokens)
2026-10-02 21:08:38.336 INFO  sched: request 'chatcmpl-c6ea0dce84151228' starting prefill in slot 2 (68 prompt tokens)
2026-10-02 21:08:38.697 INFO  sched: request 'chatcmpl-c6ea0dce84151227' prefix cache miss — 0 cut(s), the cache is empty
2026-10-02 21:08:38.697 INFO  sched: request 'chatcmpl-c6ea0dce84151227' admitted to slot 1 (reserve 5 blocks; pool 16/8192 blocks in use) — first token 2054
2026-10-02 21:08:38.697 INFO  sched: request 'chatcmpl-c6ea0dce84151228' prefix cache miss — 0 cut(s), the cache is empty
2026-10-02 21:08:38.697 INFO  sched: request 'chatcmpl-c6ea0dce84151228' admitted to slot 2 (reserve 5 blocks; pool 20/8192 blocks in use) — first token 2054
2026-10-02 21:08:38.697 INFO  sched: 2 requests admitted together in one prefill (362 ms)
2026-10-02 21:08:38.842 INFO  stats: rank 0 | 10.4 s | decode 75.7 tok/s, 8.6 ms/tok, 164.8 ms/step (41 steps / 787 tok, 65 % of wall) | mtp 5.28 tok/step/req, accept p1 100 % p2 97 % p3 90 % p4 90 % p5 88 % | prefill 15 prompts / 1002 tok, 96 tok/s, 3.31 ms/tok, 221 ms avg (32 % of wall), 0 tok cached (0/15 hits) | live 4, queued 0 | pool 20/8192 blocks (0 %) | prefix cache 0/780 entries | requests +15 (shed 0, cancelled 0)
2026-10-02 21:08:39.043 INFO  sched: request 'chatcmpl-c6ea0dce84151225' retired (eos): 52 tok in 2.6 s — prefill 66 tok (0 cached) in 248 ms; decode 51 tok / 10 passes in 2.4 s: 21.6 tok/s, 46.2 ms/tok, 236 ms/pass, 5.10 tok/pass, accept p1 100 % p2 100 % p3 100 % p4 88 % p5 71 %
2026-10-02 21:08:39.184 INFO  sched: request 'chatcmpl-c6ea0dce84151229' starting prefill in slot 3 (65 prompt tokens)
2026-10-02 21:08:39.428 INFO  sched: request 'chatcmpl-c6ea0dce84151229' prefix cache miss — 0 cut(s), the cache is empty
2026-10-02 21:08:39.428 INFO  sched: request 'chatcmpl-c6ea0dce84151229' admitted to slot 3 (reserve 5 blocks; pool 20/8192 blocks in use) — first token 2054
2026-10-02 21:08:40.335 INFO  sched: request 'chatcmpl-c6ea0dce84151226' retired (eos): 51 tok in 2.4 s — prefill 65 tok (0 cached) in 250 ms; decode 50 tok / 9 passes in 2.2 s: 22.7 tok/s, 44.0 ms/tok, 244 ms/pass, 5.56 tok/pass, accept p1 100 % p2 100 % p3 89 % p4 89 % p5 88 %
2026-10-02 21:08:40.526 INFO  sched: request 'chatcmpl-c6ea0dce84151227' retired (eos): 52 tok in 2.2 s — prefill 65 tok (0 cached) in 362 ms; decode 51 tok / 9 passes in 1.8 s: 27.9 tok/s, 35.9 ms/tok, 203 ms/pass, 5.67 tok/pass, accept p1 100 % p2 100 % p3 89 % p4 89 % p5 100 %
2026-10-02 21:08:40.526 INFO  sched: request 'chatcmpl-c6ea0dce8415122a' starting prefill in slot 0 (67 prompt tokens)
2026-10-02 21:08:40.780 INFO  sched: request 'chatcmpl-c6ea0dce8415122a' prefix cache miss — 0 cut(s), the cache is empty
2026-10-02 21:08:40.780 INFO  sched: request 'chatcmpl-c6ea0dce8415122a' admitted to slot 0 (reserve 5 blocks; pool 15/8192 blocks in use) — first token 2054
2026-10-02 21:08:40.978 INFO  sched: request 'chatcmpl-c6ea0dce84151228' retired (eos): 56 tok in 2.6 s — prefill 68 tok (0 cached) in 362 ms; decode 55 tok / 10 passes in 2.3 s: 24.1 tok/s, 41.5 ms/tok, 228 ms/pass, 5.50 tok/pass, accept p1 100 % p2 100 % p3 90 % p4 90 % p5 89 %
2026-10-02 21:08:40.978 INFO  sched: request 'chatcmpl-c6ea0dce8415122b' starting prefill in slot 1 (68 prompt tokens)
2026-10-02 21:08:41.234 INFO  sched: request 'chatcmpl-c6ea0dce8415122b' prefix cache miss — 0 cut(s), the cache is empty
2026-10-02 21:08:41.234 INFO  sched: request 'chatcmpl-c6ea0dce8415122b' admitted to slot 1 (reserve 5 blocks; pool 15/8192 blocks in use) — first token 2054
2026-10-02 21:08:41.406 INFO  sched: request 'chatcmpl-c6ea0dce8415122c' starting prefill in slot 2 (71 prompt tokens)
2026-10-02 21:08:41.658 INFO  sched: request 'chatcmpl-c6ea0dce8415122c' prefix cache miss — 0 cut(s), the cache is empty
2026-10-02 21:08:41.658 INFO  sched: request 'chatcmpl-c6ea0dce8415122c' admitted to slot 2 (reserve 5 blocks; pool 20/8192 blocks in use) — first token 2054
2026-10-02 21:08:41.842 INFO  sched: request 'chatcmpl-c6ea0dce84151229' retired (eos): 51 tok in 2.7 s — prefill 65 tok (0 cached) in 244 ms; decode 50 tok / 9 passes in 2.4 s: 20.7 tok/s, 48.3 ms/tok, 268 ms/pass, 5.56 tok/pass, accept p1 100 % p2 100 % p3 100 % p4 89 % p5 88 %
2026-10-02 21:08:41.989 INFO  sched: request 'chatcmpl-c6ea0dce8415122d' starting prefill in slot 3 (68 prompt tokens)
2026-10-02 21:08:42.237 INFO  sched: request 'chatcmpl-c6ea0dce8415122d' prefix cache miss — 0 cut(s), the cache is empty
2026-10-02 21:08:42.237 INFO  sched: request 'chatcmpl-c6ea0dce8415122d' admitted to slot 3 (reserve 5 blocks; pool 20/8192 blocks in use) — first token 2054
2026-10-02 21:08:43.346 INFO  sched: request 'chatcmpl-c6ea0dce8415122a' retired (eos): 53 tok in 2.8 s — prefill 67 tok (0 cached) in 254 ms; decode 52 tok / 10 passes in 2.6 s: 20.3 tok/s, 49.3 ms/tok, 257 ms/pass, 5.20 tok/pass, accept p1 100 % p2 100 % p3 80 % p4 80 % p5 78 %
2026-10-02 21:08:43.346 INFO  sched: request 'chatcmpl-c6ea0dce8415122b' retired (eos): 54 tok in 2.4 s — prefill 68 tok (0 cached) in 256 ms; decode 53 tok / 9 passes in 2.1 s: 25.1 tok/s, 39.9 ms/tok, 235 ms/pass, 5.89 tok/pass, accept p1 100 % p2 100 % p3 100 % p4 100 % p5 100 %
2026-10-02 21:08:43.532 INFO  sched: request 'chatcmpl-c6ea0dce8415122e' starting prefill in slot 0 (68 prompt tokens)
2026-10-02 21:08:43.532 INFO  sched: request 'chatcmpl-c6ea0dce8415122f' starting prefill in slot 1 (68 prompt tokens)
2026-10-02 21:08:43.887 INFO  sched: request 'chatcmpl-c6ea0dce8415122e' prefix cache miss — 0 cut(s), the cache is empty
2026-10-02 21:08:43.887 INFO  sched: request 'chatcmpl-c6ea0dce8415122e' admitted to slot 0 (reserve 5 blocks; pool 16/8192 blocks in use) — first token 2054
2026-10-02 21:08:43.887 INFO  sched: request 'chatcmpl-c6ea0dce8415122f' prefix cache miss — 0 cut(s), the cache is empty
2026-10-02 21:08:43.887 INFO  sched: request 'chatcmpl-c6ea0dce8415122f' admitted to slot 1 (reserve 5 blocks; pool 20/8192 blocks in use) — first token 2054
2026-10-02 21:08:43.887 INFO  sched: 2 requests admitted together in one prefill (355 ms)
2026-10-02 21:08:44.076 INFO  sched: request 'chatcmpl-c6ea0dce8415122c' retired (eos): 56 tok in 2.7 s — prefill 71 tok (0 cached) in 253 ms; decode 55 tok / 10 passes in 2.4 s: 22.7 tok/s, 44.0 ms/tok, 242 ms/pass, 5.50 tok/pass, accept p1 100 % p2 100 % p3 90 % p4 90 % p5 80 %
2026-10-02 21:08:44.258 INFO  sched: request 'chatcmpl-c6ea0dce84151230' starting prefill in slot 2 (68 prompt tokens)
2026-10-02 21:08:44.504 INFO  sched: request 'chatcmpl-c6ea0dce84151230' prefix cache miss — 0 cut(s), the cache is empty
2026-10-02 21:08:44.504 INFO  sched: request 'chatcmpl-c6ea0dce84151230' admitted to slot 2 (reserve 5 blocks; pool 20/8192 blocks in use) — first token 2054
2026-10-02 21:08:44.666 INFO  sched: request 'chatcmpl-c6ea0dce8415122d' retired (eos): 55 tok in 2.7 s — prefill 68 tok (0 cached) in 248 ms; decode 54 tok / 10 passes in 2.4 s: 22.2 tok/s, 45.0 ms/tok, 243 ms/pass, 5.40 tok/pass, accept p1 100 % p2 90 % p3 90 % p4 90 % p5 89 %
2026-10-02 21:08:44.809 INFO  sched: request 'chatcmpl-c6ea0dce84151231' starting prefill in slot 3 (67 prompt tokens)
2026-10-02 21:08:45.059 INFO  sched: request 'chatcmpl-c6ea0dce84151231' prefix cache miss — 0 cut(s), the cache is empty
2026-10-02 21:08:45.059 INFO  sched: request 'chatcmpl-c6ea0dce84151231' admitted to slot 3 (reserve 5 blocks; pool 20/8192 blocks in use) — first token 2054
2026-10-02 21:08:45.971 INFO  sched: request 'chatcmpl-c6ea0dce8415122e' retired (eos): 52 tok in 2.4 s — prefill 68 tok (0 cached) in 355 ms; decode 51 tok / 9 passes in 2.1 s: 24.5 tok/s, 40.9 ms/tok, 232 ms/pass, 5.67 tok/pass, accept p1 100 % p2 100 % p3 100 % p4 100 % p5 88 %
2026-10-02 21:08:45.972 INFO  sched: request 'chatcmpl-c6ea0dce8415122f' retired (eos): 54 tok in 2.4 s — prefill 68 tok (0 cached) in 355 ms; decode 53 tok / 9 passes in 2.1 s: 25.4 tok/s, 39.3 ms/tok, 232 ms/pass, 5.89 tok/pass, accept p1 100 % p2 100 % p3 100 % p4 100 % p5 100 %
2026-10-02 21:08:46.159 INFO  sched: request 'chatcmpl-c6ea0dce84151232' starting prefill in slot 0 (68 prompt tokens)
2026-10-02 21:08:46.159 INFO  sched: request 'chatcmpl-c6ea0dce84151233' starting prefill in slot 1 (68 prompt tokens)
2026-10-02 21:08:46.528 INFO  sched: request 'chatcmpl-c6ea0dce84151232' prefix cache miss — 0 cut(s), the cache is empty
2026-10-02 21:08:46.528 INFO  sched: request 'chatcmpl-c6ea0dce84151232' admitted to slot 0 (reserve 5 blocks; pool 16/8192 blocks in use) — first token 2054
2026-10-02 21:08:46.528 INFO  sched: request 'chatcmpl-c6ea0dce84151233' prefix cache miss — 0 cut(s), the cache is empty
2026-10-02 21:08:46.528 INFO  sched: request 'chatcmpl-c6ea0dce84151233' admitted to slot 1 (reserve 5 blocks; pool 20/8192 blocks in use) — first token 2054
2026-10-02 21:08:46.528 INFO  sched: 2 requests admitted together in one prefill (369 ms)
2026-10-02 21:08:46.711 INFO  sched: request 'chatcmpl-c6ea0dce84151230' retired (eos): 54 tok in 2.5 s — prefill 68 tok (0 cached) in 246 ms; decode 53 tok / 9 passes in 2.2 s: 24.0 tok/s, 41.6 ms/tok, 245 ms/pass, 5.89 tok/pass, accept p1 100 % p2 100 % p3 100 % p4 100 % p5 100 %
2026-10-02 21:08:46.899 INFO  sched: request 'chatcmpl-c6ea0dce84151234' starting prefill in slot 2 (67 prompt tokens)
2026-10-02 21:08:47.144 INFO  sched: request 'chatcmpl-c6ea0dce84151234' prefix cache miss — 0 cut(s), the cache is empty
2026-10-02 21:08:47.144 INFO  sched: request 'chatcmpl-c6ea0dce84151234' admitted to slot 2 (reserve 5 blocks; pool 20/8192 blocks in use) — first token 2054
2026-10-02 21:08:47.324 INFO  sched: request 'chatcmpl-c6ea0dce84151231' retired (eos): 53 tok in 2.5 s — prefill 67 tok (0 cached) in 250 ms; decode 52 tok / 9 passes in 2.3 s: 23.0 tok/s, 43.6 ms/tok, 252 ms/pass, 5.78 tok/pass, accept p1 100 % p2 100 % p3 100 % p4 100 % p5 89 %
2026-10-02 21:08:47.475 INFO  sched: request 'chatcmpl-c6ea0dce84151235' starting prefill in slot 3 (70 prompt tokens)
2026-10-02 21:08:47.732 INFO  sched: request 'chatcmpl-c6ea0dce84151235' prefix cache miss — 0 cut(s), the cache is empty
2026-10-02 21:08:47.732 INFO  sched: request 'chatcmpl-c6ea0dce84151235' admitted to slot 3 (reserve 5 blocks; pool 20/8192 blocks in use) — first token 2054
2026-10-02 21:08:48.652 INFO  sched: request 'chatcmpl-c6ea0dce84151232' retired (eos): 53 tok in 2.5 s — prefill 68 tok (0 cached) in 369 ms; decode 52 tok / 9 passes in 2.1 s: 24.5 tok/s, 40.8 ms/tok, 236 ms/pass, 5.78 tok/pass, accept p1 100 % p2 100 % p3 100 % p4 100 % p5 89 %
2026-10-02 21:08:48.652 INFO  sched: request 'chatcmpl-c6ea0dce84151233' retired (eos): 55 tok in 2.5 s — prefill 68 tok (0 cached) in 369 ms; decode 54 tok / 9 passes in 2.1 s: 25.4 tok/s, 39.3 ms/tok, 236 ms/pass, 6.00 tok/pass, accept p1 100 % p2 100 % p3 100 % p4 100 % p5 100 %
2026-10-02 21:08:48.839 INFO  sched: request 'chatcmpl-c6ea0dce84151236' starting prefill in slot 0 (65 prompt tokens)
2026-10-02 21:08:48.839 INFO  sched: request 'chatcmpl-c6ea0dce84151237' starting prefill in slot 1 (67 prompt tokens)
2026-10-02 21:08:49.201 INFO  sched: request 'chatcmpl-c6ea0dce84151236' prefix cache miss — 0 cut(s), the cache is empty
2026-10-02 21:08:49.201 INFO  sched: request 'chatcmpl-c6ea0dce84151236' admitted to slot 0 (reserve 5 blocks; pool 16/8192 blocks in use) — first token 2054
2026-10-02 21:08:49.201 INFO  sched: request 'chatcmpl-c6ea0dce84151237' prefix cache miss — 0 cut(s), the cache is empty
2026-10-02 21:08:49.201 INFO  sched: request 'chatcmpl-c6ea0dce84151237' admitted to slot 1 (reserve 5 blocks; pool 20/8192 blocks in use) — first token 2054
2026-10-02 21:08:49.201 INFO  sched: 2 requests admitted together in one prefill (362 ms)
2026-10-02 21:08:49.365 INFO  sched: request 'chatcmpl-c6ea0dce84151234' retired (eos): 53 tok in 2.5 s — prefill 67 tok (0 cached) in 246 ms; decode 52 tok / 9 passes in 2.2 s: 23.4 tok/s, 42.7 ms/tok, 247 ms/pass, 5.78 tok/pass, accept p1 100 % p2 100 % p3 100 % p4 100 % p5 88 %
2026-10-02 21:08:49.366 INFO  stats: rank 0 | 10.5 s | decode 79.6 tok/s, 8.1 ms/tok, 170.1 ms/step (40 steps / 838 tok, 65 % of wall) | mtp 5.78 tok/step/req, accept p1 100 % p2 99 % p3 96 % p4 94 % p5 91 % | prefill 15 prompts / 1015 tok, 96 tok/s, 3.29 ms/tok, 223 ms avg (32 % of wall), 0 tok cached (0/15 hits) | live 3, queued 0 | pool 15/8192 blocks (0 %) | prefix cache 0/780 entries | requests +15 (shed 0, cancelled 0)
2026-10-02 21:08:49.553 INFO  sched: request 'chatcmpl-c6ea0dce84151238' starting prefill in slot 2 (65 prompt tokens)
2026-10-02 21:08:49.795 INFO  sched: request 'chatcmpl-c6ea0dce84151238' prefix cache miss — 0 cut(s), the cache is empty
2026-10-02 21:08:49.795 INFO  sched: request 'chatcmpl-c6ea0dce84151238' admitted to slot 2 (reserve 5 blocks; pool 20/8192 blocks in use) — first token 2054
2026-10-02 21:08:50.154 INFO  sched: request 'chatcmpl-c6ea0dce84151235' retired (eos): 57 tok in 2.7 s — prefill 70 tok (0 cached) in 258 ms; decode 56 tok / 10 passes in 2.4 s: 23.1 tok/s, 43.2 ms/tok, 242 ms/pass, 5.60 tok/pass, accept p1 100 % p2 100 % p3 100 % p4 90 % p5 100 %
2026-10-02 21:08:50.302 INFO  sched: request 'chatcmpl-c6ea0dce84151239' starting prefill in slot 3 (67 prompt tokens)
2026-10-02 21:08:50.552 INFO  sched: request 'chatcmpl-c6ea0dce84151239' prefix cache miss — 0 cut(s), the cache is empty
2026-10-02 21:08:50.552 INFO  sched: request 'chatcmpl-c6ea0dce84151239' admitted to slot 3 (reserve 5 blocks; pool 20/8192 blocks in use) — first token 2054
2026-10-02 21:08:51.290 INFO  sched: request 'chatcmpl-c6ea0dce84151236' retired (eos): 49 tok in 2.5 s — prefill 65 tok (0 cached) in 362 ms; decode 48 tok / 9 passes in 2.1 s: 23.0 tok/s, 43.5 ms/tok, 232 ms/pass, 5.33 tok/pass, accept p1 100 % p2 100 % p3 89 % p4 89 % p5 86 %
2026-10-02 21:08:51.475 INFO  sched: request 'chatcmpl-c6ea0dce8415123a' starting prefill in slot 0 (67 prompt tokens)
2026-10-02 21:08:51.730 INFO  sched: request 'chatcmpl-c6ea0dce8415123a' prefix cache miss — 0 cut(s), the cache is empty
2026-10-02 21:08:51.730 INFO  sched: request 'chatcmpl-c6ea0dce8415123a' admitted to slot 0 (reserve 5 blocks; pool 20/8192 blocks in use) — first token 2054
2026-10-02 21:08:51.912 INFO  sched: request 'chatcmpl-c6ea0dce84151237' retired (eos): 55 tok in 3.1 s — prefill 67 tok (0 cached) in 362 ms; decode 54 tok / 11 passes in 2.7 s: 19.9 tok/s, 50.2 ms/tok, 247 ms/pass, 4.91 tok/pass, accept p1 100 % p2 100 % p3 82 % p4 73 % p5 56 %
2026-10-02 21:08:51.913 INFO  sched: request 'chatcmpl-c6ea0dce84151238' retired (eos): 52 tok in 2.4 s — prefill 65 tok (0 cached) in 242 ms; decode 51 tok / 9 passes in 2.1 s: 24.1 tok/s, 41.5 ms/tok, 235 ms/pass, 5.67 tok/pass, accept p1 100 % p2 100 % p3 100 % p4 100 % p5 88 %
2026-10-02 21:08:52.099 INFO  sched: request 'chatcmpl-c6ea0dce8415123b' starting prefill in slot 1 (71 prompt tokens)
2026-10-02 21:08:52.099 INFO  sched: request 'chatcmpl-c6ea0dce8415123c' starting prefill in slot 2 (66 prompt tokens)
2026-10-02 21:08:52.469 INFO  sched: request 'chatcmpl-c6ea0dce8415123b' prefix cache miss — 0 cut(s), the cache is empty
2026-10-02 21:08:52.469 INFO  sched: request 'chatcmpl-c6ea0dce8415123b' admitted to slot 1 (reserve 5 blocks; pool 16/8192 blocks in use) — first token 2054
2026-10-02 21:08:52.469 INFO  sched: request 'chatcmpl-c6ea0dce8415123c' prefix cache miss — 0 cut(s), the cache is empty
2026-10-02 21:08:52.469 INFO  sched: request 'chatcmpl-c6ea0dce8415123c' admitted to slot 2 (reserve 5 blocks; pool 20/8192 blocks in use) — first token 2054
2026-10-02 21:08:52.469 INFO  sched: 2 requests admitted together in one prefill (370 ms)
2026-10-02 21:08:52.819 INFO  sched: request 'chatcmpl-c6ea0dce84151239' retired (eos): 53 tok in 2.5 s — prefill 67 tok (0 cached) in 250 ms; decode 52 tok / 9 passes in 2.3 s: 22.9 tok/s, 43.6 ms/tok, 252 ms/pass, 5.78 tok/pass, accept p1 100 % p2 100 % p3 100 % p4 100 % p5 100 %
2026-10-02 21:08:52.967 INFO  sched: request 'chatcmpl-c6ea0dce8415123d' starting prefill in slot 3 (68 prompt tokens)
2026-10-02 21:08:53.222 INFO  sched: request 'chatcmpl-c6ea0dce8415123d' prefix cache miss — 0 cut(s), the cache is empty
2026-10-02 21:08:53.222 INFO  sched: request 'chatcmpl-c6ea0dce8415123d' admitted to slot 3 (reserve 5 blocks; pool 20/8192 blocks in use) — first token 2054
2026-10-02 21:08:54.145 INFO  sched: request 'chatcmpl-c6ea0dce8415123a' retired (eos): 54 tok in 2.7 s — prefill 67 tok (0 cached) in 255 ms; decode 53 tok / 10 passes in 2.4 s: 21.9 tok/s, 45.6 ms/tok, 241 ms/pass, 5.30 tok/pass, accept p1 100 % p2 100 % p3 90 % p4 80 % p5 78 %
2026-10-02 21:08:54.333 INFO  sched: request 'chatcmpl-c6ea0dce8415123c' retired (eos): 53 tok in 2.2 s — prefill 66 tok (0 cached) in 370 ms; decode 52 tok / 9 passes in 1.9 s: 27.9 tok/s, 35.9 ms/tok, 207 ms/pass, 5.78 tok/pass, accept p1 100 % p2 100 % p3 100 % p4 100 % p5 100 %
2026-10-02 21:08:54.477 INFO  sched: request 'chatcmpl-c6ea0dce8415123b' retired (eos): 56 tok in 2.4 s — prefill 71 tok (0 cached) in 370 ms; decode 55 tok / 10 passes in 2.0 s: 27.4 tok/s, 36.5 ms/tok, 201 ms/pass, 5.50 tok/pass, accept p1 100 % p2 100 % p3 90 % p4 100 % p5 100 %
2026-10-02 21:08:54.624 INFO  sched: request 'chatcmpl-c6ea0dce8415123d' retired (eos): 52 tok in 1.7 s — prefill 68 tok (0 cached) in 254 ms; decode 51 tok / 9 passes in 1.4 s: 36.4 tok/s, 27.5 ms/tok, 156 ms/pass, 5.67 tok/pass, accept p1 100 % p2 100 % p3 100 % p4 100 % p5 88 %
2026-10-02 21:08:55.063 INFO  serve: stop — 0 in-flight request(s) retired through the drain pass on every rank, the queue shed, in 0 ms
2026-10-02 21:08:55.133 INFO  serve: stopped cleanly
2026-10-02 21:08:55.151 INFO  rank 0: graph engine sampling summary — 0 sampled decode steps, 0 served by the exact gather fallback (0.0%), 128 candidates per rank
2026-10-02 21:08:55.151 INFO  rank 0: scheduled verify depth summary — scalar replays per depth [1:3 2:6 3:2 4:1 5:10] (0 steps held at the full block: a fresh or sampled slot); 2-slot batch [1:2 2:0 3:3 4:1 5:10], 3-slot batch [1:10 2:34 3:34 4:42 5:87], 4-slot batch [1:294 2:1097 3:1113 4:659 5:1309]; lambda ended at 0.1079 tok/ms after 4717 steps (floor 0.0260)
