2026-10-06 15:40:03.421 INFO  dgpp-serve 0.1.0+g8f1c4cbcc1e9.dirty (git 8f1c4cbcc1e9)
2026-10-06 15:40:03.422 INFO  config /tmp/bus4/deployments/26776d8c1c2cbfdb/cluster.json: model HawkBearPig/GLM-5.3-Flash-NVFP4-FP8, world 4, rank 2, http :18080, fabric :29970, journal :29971
2026-10-06 15:40:03.422 INFO  model HawkBearPig/GLM-5.3-Flash-NVFP4-FP8 -> /home/stephen/.cache/huggingface/hub/models--HawkBearPig--GLM-5.3-Flash-NVFP4-FP8/snapshots/17b8d4d83e33e836e9549d7e1a8d25b5117203c1
2026-10-06 15:40:03.422 INFO  journal: connected to rank 0 at 192.168.88.11:29971 (120000 attempt window)
2026-10-06 15:40:03.463 INFO  rank 2: settings from rank 0: model=HawkBearPig/GLM-5.3-Flash-NVFP4-FP8 world=4 fabric=29970 journal=29971 conc=4 kv=786432 kvdt=bf16 ngt=resident dw=checkpoint mtpef=fp8 bfw=bf12+bf16 fp8head=gemv pf=bounded emsh=replicated maxtok=32768 queue=8 eos=1 graph=1 compact=0 mtp=1 mtpd=1 mss=0 msrow=8 msbase=28 mslam=0 msmin=1 msad=1 msss=0.93 mdr=auto mdt=1 mvf=token dbr=0 batchmin=2 cand=128 pcgib=22 adm=full win=256 pfbudget=256 pfidle=2048 pmin=1024 phead=1 pace=-1 inflight=-1 reasoning_in_content=0 rs=off dflash=off dfw=checkpoint
2026-10-06 15:40:03.464 INFO  config: model=HawkBearPig/GLM-5.3-Flash-NVFP4-FP8 world=4 fabric=29970 journal=29971 conc=4 kv=786432 kvdt=bf16 ngt=resident dw=checkpoint mtpef=fp8 bfw=bf12+bf16 fp8head=gemv pf=bounded emsh=replicated maxtok=32768 queue=8 eos=1 graph=1 compact=0 mtp=1 mtpd=1 mss=0 msrow=8 msbase=28 mslam=0 msmin=1 msad=1 msss=0.93 mdr=auto mdt=1 mvf=token dbr=0 batchmin=2 cand=128 pcgib=22 adm=full win=256 pfbudget=256 pfidle=2048 pmin=1024 phead=1 pace=-1 inflight=-1 reasoning_in_content=0 rs=off dflash=off dfw=checkpoint (digest 097d971bd42aadb8)
2026-10-06 15:40:03.586 INFO  serve: model family glm5 (/home/stephen/.cache/huggingface/hub/models--HawkBearPig--GLM-5.3-Flash-NVFP4-FP8/snapshots/17b8d4d83e33e836e9549d7e1a8d25b5117203c1)
2026-10-06 15:40:03.586 INFO  serve: decode rows 8 (4 slot(s) x 2 row(s) per request, floor 8, the glm5 family's cap 8)
2026-10-06 15:40:03.586 WARN  generation config /home/stephen/.cache/huggingface/hub/models--HawkBearPig--GLM-5.3-Flash-NVFP4-FP8/snapshots/17b8d4d83e33e836e9549d7e1a8d25b5117203c1/generation_config.json omits top_k, min_p, repetition_penalty; using greedy-safe/neutral fallbacks for those fields
2026-10-06 15:40:03.586 INFO  generation defaults: temperature=1 top_p=0.95 top_k=0 min_p=0 repetition_penalty=1
2026-10-06 15:40:03.586 INFO  serve: sampling defaults temperature 1 top_p 0.95 top_k 0 min_p 0 repetition_penalty 1 (from generation_config.json; overrides: none)
2026-10-06 15:40:03.586 INFO  serve: request context limit 786432 tokens (the 786432-token K/V pool from engine.kv_capacity 786432; this family states no positional ceiling of its own)
2026-10-06 15:40:03.586 INFO  rank 2: prefix cache plan — 22 GiB budget, 639 slots of 35.227 MiB, 21.982 GiB allocated; cached K/V blocks share the 786432-token pool
2026-10-06 15:40:03.740 INFO  tokenizer: loaded vocab 154820 merges 321649 added 36 (revision 0x700b4469fc43f23b; glm pattern, no normalizer, ignore_merges true)
2026-10-06 15:40:03.750 INFO  serve: grammar vocabulary built (154880 ids, tool markers present, call-turn EOS 154829)
2026-10-06 15:40:03.847 INFO  serve: JSON grammar tables built in 0.10 s
2026-10-06 15:40:04.062 INFO  bus: globaltimer offset 10402062209 ns (+-2 us)
2026-10-06 15:40:04.066 INFO  verbs: device roceP2p1s0f0 port 1 gid_index 3
2026-10-06 15:40:04.068 INFO  verbs: device rocep1s0f0 port 1 gid_index 3
2026-10-06 15:40:05.215 INFO  bus: rank 2 up — 3 peer(s) x 2 lane(s), lat 8x65536B, bulk 8x262144B, bulk pace 28.3 Gb/s per QP, window 4 per lane
2026-10-06 15:40:05.215 INFO  rank 2: boundary reducer host-driven
2026-10-06 15:40:05.347 INFO  rank 2: process memory locked (mlockall MCL_CURRENT, 14546 MiB)
2026-10-06 15:40:05.348 INFO  rank 2: resident image cache at /home/stephen/.cache/dgpp/resident
2026-10-06 15:40:05.348 INFO  bus engine: rank 2 pinned to cpu 19
2026-10-06 15:40:05.405 INFO  rank 2: memory plan for a 786432-token context — vision weights (replicated) 1.05 GiB; vision workspace (bounded image prefill) 0.33 GiB; model weights (resident) 48.27 GiB (1.81 GiB pinned); tensor-parallel slice views 0.67 GiB; bf16 decode packing (12-bit companions) 1.96 GiB; gemm workspace (at least) 0.06 GiB; kda scratch 0.08 GiB; kv cache pool (bf16) 9.29 GiB; dsa scratch 0.23 GiB; moe scratch 0.68 GiB (0.00 GiB pinned); kda state (request slots) 0.14 GiB; kda speculative snapshots 0.27 GiB; draft hidden cache (per position) 24.00 GiB; draft activations 0.05 GiB; activations (per-forward rows) 0.32 GiB (0.00 GiB pinned); route-trace staging 0.10 GiB (0.10 GiB pinned); prefix cache 21.98 GiB; engine 0.08 GiB
2026-10-06 15:40:05.405 INFO  rank 2: memory plan total 109.55 GiB (85.58 GiB device + 23.97 GiB pinned) + 4.00 GiB headroom against 116.60 GiB free (device free 114.96 GiB of 121.69 GiB, host available 116.60 GiB)
2026-10-06 15:40:05.405 INFO  memory ledger: rank 2 after the plan check — rss 1.18 GiB (anon 0.42, shmem 0.09, file 0.67; locked 14.21); device free 114.96 GiB, node available 116.60 GiB
2026-10-06 15:40:05.405 INFO  memory ledger: rank 2 after the bus — rss 1.18 GiB (anon 0.42, shmem 0.09, file 0.67; locked 14.21); device free 114.96 GiB, node available 116.60 GiB
2026-10-06 15:40:05.721 INFO  glm loader: rank 2 resident footprint 46.5 GiB; device free 114.9 of 121.7 GiB, host available 116.6 GiB
2026-10-06 15:40:06.671 INFO  glm loader: rank 2 resident image /home/stephen/.cache/dgpp/resident/e96e68119906dd8f.img — 46/46 layers present, direct I/O
2026-10-06 15:40:06.707 INFO  l2 prefetch: on, window budget 12 MiB, boundary rate light, layer rate light
2026-10-06 15:40:06.707 INFO  glm loader: rank 2 boot digest from the resident image (713 tensors, 2.91 GiB)
2026-10-06 15:40:16.828 INFO  glm loader: rank 2 resident load complete — released 40 shard mappings (181.7 GiB) and evicted their page cache; image: 46 layers restored, 0 captured
2026-10-06 15:40:17.173 INFO  rank 2 bf12: 70 decode matrices packed (2.55 GiB of bf16 -> 1.92 GiB, 215186 escapes, widest row 62, 16 rows kept raw; 0 matrices kept bf16) in 1.3 s
2026-10-06 15:40:22.446 INFO  rank 2 boot phases: digest 0.0 s (3.96 GiB hashed), globals 1.3 s, layers 13.3 s
2026-10-06 15:40:22.447 INFO  memory ledger: rank 2 after the model — rss 3.14 GiB (anon 0.46, shmem 2.01, file 0.67; locked 14.19); device free 26.40 GiB, node available 28.02 GiB
2026-10-06 15:40:22.447 INFO  rank 2: model constructed in 17.0s (resident, 4 request slots, 786432-token pool in bf16, 2048-row forwards)
2026-10-06 15:40:22.447 INFO  rank 2: prefix cache on — 639 snapshot slot(s) of 35.2 MiB (22.00 GiB asked)
2026-10-06 15:40:23.218 INFO  rank 2: graph engine samples on the device — 112 candidates per rank (8 rows x 4 ranks in a 65536-byte latency slot; the planned width is 128); constrained decoding available
2026-10-06 15:40:23.218 INFO  rank 2: prefill budget 256 tokens/tick (0 = full prompt), 2048 with nothing decoding
2026-10-06 15:40:23.218 INFO  rank 2: sampled requests draft a draw from the draft's distribution under the ratio verify (engine.mtp_draft auto)
2026-10-06 15:40:27.126 INFO  memory ledger: rank 2 after the graph engine — rss 3.15 GiB (anon 0.46, shmem 2.02, file 0.67; locked 14.19); device free 4.12 GiB, node available 5.74 GiB
2026-10-06 15:40:27.397 INFO  allreduce: device clock rate 2418000 kHz (stamps conversion)
2026-10-06 15:40:27.397 INFO  allreduce: rank 2 seq 1 launched (3 peers)
2026-10-06 15:40:27.397 INFO  allreduce: rank 2 seq 1 ready after 50.0us
2026-10-06 15:40:27.404 INFO  allreduce: rank 2 seq 1 done status=0 after 6869.2us
2026-10-06 15:40:27.446 INFO  allreduce: rank 2 seq 2 launched (3 peers)
2026-10-06 15:40:27.446 INFO  allreduce: rank 2 seq 2 ready after 11.0us
2026-10-06 15:40:27.449 INFO  allreduce: rank 2 seq 2 done status=0 after 2911.0us
2026-10-06 15:40:27.456 INFO  allreduce: rank 2 seq 3 launched (3 peers)
2026-10-06 15:40:27.456 INFO  allreduce: rank 2 seq 3 ready after 16.3us
2026-10-06 15:40:27.456 INFO  allreduce: rank 2 seq 3 done status=0 after 47.0us
2026-10-06 15:40:27.457 INFO  allreduce: rank 2 seq 4 launched (3 peers)
2026-10-06 15:40:27.457 INFO  allreduce: rank 2 seq 4 ready after 11.1us
2026-10-06 15:40:27.457 INFO  allreduce: rank 2 seq 4 done status=0 after 104.7us
2026-10-06 15:40:27.457 INFO  allreduce: rank 2 seq 5 launched (3 peers)
2026-10-06 15:40:27.457 INFO  allreduce: rank 2 seq 5 ready after 11.2us
2026-10-06 15:40:27.457 INFO  allreduce: rank 2 seq 5 done status=0 after 59.9us
2026-10-06 15:40:27.457 INFO  allreduce: rank 2 seq 6 launched (3 peers)
2026-10-06 15:40:27.457 INFO  allreduce: rank 2 seq 6 ready after 11.3us
2026-10-06 15:40:27.458 INFO  allreduce: rank 2 seq 6 done status=0 after 54.2us
2026-10-06 15:40:27.461 INFO  allreduce: rank 2 seq 7 launched (3 peers)
2026-10-06 15:40:27.461 INFO  allreduce: rank 2 seq 7 ready after 13.9us
2026-10-06 15:40:27.461 INFO  allreduce: rank 2 seq 7 done status=0 after 257.8us
2026-10-06 15:40:27.462 INFO  allreduce: rank 2 seq 8 launched (3 peers)
2026-10-06 15:40:27.462 INFO  allreduce: rank 2 seq 8 ready after 11.3us
2026-10-06 15:40:27.462 INFO  allreduce: rank 2 seq 8 done status=0 after 65.1us
2026-10-06 15:40:27.462 INFO  allreduce: rank 2 seq 9 launched (3 peers)
2026-10-06 15:40:27.462 INFO  allreduce: rank 2 seq 9 ready after 11.2us
2026-10-06 15:40:27.462 INFO  allreduce: rank 2 seq 9 done status=0 after 61.8us
2026-10-06 15:40:27.463 INFO  allreduce: rank 2 seq 10 launched (3 peers)
2026-10-06 15:40:27.463 INFO  allreduce: rank 2 seq 10 ready after 13.7us
2026-10-06 15:40:27.463 INFO  allreduce: rank 2 seq 10 done status=0 after 53.5us
2026-10-06 15:40:27.463 INFO  allreduce: rank 2 seq 11 launched (3 peers)
2026-10-06 15:40:27.463 INFO  allreduce: rank 2 seq 11 ready after 10.9us
2026-10-06 15:40:27.463 INFO  allreduce: rank 2 seq 11 done status=0 after 77.2us
2026-10-06 15:40:27.464 INFO  allreduce: rank 2 seq 12 launched (3 peers)
2026-10-06 15:40:27.464 INFO  allreduce: rank 2 seq 12 ready after 10.9us
2026-10-06 15:40:27.464 INFO  allreduce: rank 2 seq 12 done status=0 after 48.5us
2026-10-06 15:40:27.464 INFO  allreduce: rank 2 seq 13 launched (3 peers)
2026-10-06 15:40:27.464 INFO  allreduce: rank 2 seq 13 ready after 10.9us
2026-10-06 15:40:27.464 INFO  allreduce: rank 2 seq 13 done status=0 after 73.2us
2026-10-06 15:40:27.465 INFO  allreduce: rank 2 seq 14 launched (3 peers)
2026-10-06 15:40:27.465 INFO  allreduce: rank 2 seq 14 ready after 13.8us
2026-10-06 15:40:27.465 INFO  allreduce: rank 2 seq 14 done status=0 after 55.6us
2026-10-06 15:40:27.466 INFO  allreduce: rank 2 seq 15 launched (3 peers)
2026-10-06 15:40:27.466 INFO  allreduce: rank 2 seq 15 ready after 9.2us
2026-10-06 15:40:27.466 INFO  allreduce: rank 2 seq 15 done status=0 after 44.2us
2026-10-06 15:40:27.467 INFO  allreduce: rank 2 seq 16 launched (3 peers)
2026-10-06 15:40:27.467 INFO  allreduce: rank 2 seq 16 ready after 9.0us
2026-10-06 15:40:27.467 INFO  allreduce: rank 2 seq 16 done status=0 after 43.6us
2026-10-06 15:40:27.538 INFO  bus graph era: variant 0 recorded with 94 collective node(s)
2026-10-06 15:40:27.538 INFO  rank 2: graph variant 0 shape: 1297 nodes, 1612 edges: kernel 1297 empty 0 memcpy 0 memset 0 host 0 event 0 other 0; max in-degree 2
2026-10-06 15:40:27.542 INFO  rank 2: graph variant 0 instantiated — 22.8 MiB of device memory (3.7 GiB free)
2026-10-06 15:40:27.543 INFO  bus graph era: variant 1 recorded with 94 collective node(s)
2026-10-06 15:40:27.543 INFO  rank 2: graph variant 1 shape: 1297 nodes, 1612 edges: kernel 1297 empty 0 memcpy 0 memset 0 host 0 event 0 other 0; max in-degree 2
2026-10-06 15:40:27.548 INFO  rank 2: graph variant 1 instantiated — 23.7 MiB of device memory (3.7 GiB free)
2026-10-06 15:40:27.548 INFO  rank 2: serving scalar graph variants 0/1 captured for request slot 0 (2 rows, MTP)
2026-10-06 15:40:27.549 INFO  bus graph era: variant 8 recorded with 94 collective node(s)
2026-10-06 15:40:27.549 INFO  rank 2: graph variant 8 shape: 1299 nodes, 1614 edges: kernel 1299 empty 0 memcpy 0 memset 0 host 0 event 0 other 0; max in-degree 2
2026-10-06 15:40:27.556 INFO  rank 2: graph variant 8 instantiated — 32.8 MiB of device memory (3.6 GiB free)
2026-10-06 15:40:27.557 INFO  bus graph era: variant 9 recorded with 94 collective node(s)
2026-10-06 15:40:27.557 INFO  rank 2: graph variant 9 shape: 1299 nodes, 1614 edges: kernel 1299 empty 0 memcpy 0 memset 0 host 0 event 0 other 0; max in-degree 2
2026-10-06 15:40:27.564 INFO  rank 2: graph variant 9 instantiated — 35.0 MiB of device memory (3.6 GiB free)
2026-10-06 15:40:27.564 INFO  rank 2: serving row-batched graph variants 8/9 captured for 2 slots x 2 rows = 4 fixed rows, MTP (a batch is selected at 2+ live requests, the smallest that covers the live slots)
2026-10-06 15:40:27.578 INFO  bus graph era: variant 10 recorded with 94 collective node(s)
2026-10-06 15:40:27.578 INFO  rank 2: graph variant 10 shape: 1359 nodes, 1674 edges: kernel 1359 empty 0 memcpy 0 memset 0 host 0 event 0 other 0; max in-degree 2
2026-10-06 15:40:27.585 INFO  rank 2: graph variant 10 instantiated — 28.9 MiB of device memory (3.5 GiB free)
2026-10-06 15:40:27.586 INFO  bus graph era: variant 11 recorded with 94 collective node(s)
2026-10-06 15:40:27.586 INFO  rank 2: graph variant 11 shape: 1359 nodes, 1674 edges: kernel 1359 empty 0 memcpy 0 memset 0 host 0 event 0 other 0; max in-degree 2
2026-10-06 15:40:27.593 INFO  rank 2: graph variant 11 instantiated — 32.0 MiB of device memory (3.5 GiB free)
2026-10-06 15:40:27.593 INFO  rank 2: serving row-batched graph variants 10/11 captured for 3 slots x 2 rows = 6 fixed rows, MTP (a batch is selected at 2+ live requests, the smallest that covers the live slots)
2026-10-06 15:40:27.595 INFO  bus graph era: variant 12 recorded with 94 collective node(s)
2026-10-06 15:40:27.595 INFO  rank 2: graph variant 12 shape: 1361 nodes, 1676 edges: kernel 1361 empty 0 memcpy 0 memset 0 host 0 event 0 other 0; max in-degree 2
2026-10-06 15:40:27.602 INFO  rank 2: graph variant 12 instantiated — 35.8 MiB of device memory (3.5 GiB free)
2026-10-06 15:40:27.604 INFO  bus graph era: variant 13 recorded with 94 collective node(s)
2026-10-06 15:40:27.604 INFO  rank 2: graph variant 13 shape: 1361 nodes, 1676 edges: kernel 1361 empty 0 memcpy 0 memset 0 host 0 event 0 other 0; max in-degree 2
2026-10-06 15:40:27.611 INFO  rank 2: graph variant 13 instantiated — 31.5 MiB of device memory (3.4 GiB free)
2026-10-06 15:40:27.611 INFO  rank 2: serving row-batched graph variants 12/13 captured for 4 slots x 2 rows = 8 fixed rows, MTP (a batch is selected at 2+ live requests, the smallest that covers the live slots)
2026-10-06 15:40:27.678 INFO  bus graph era: variant 2 recorded with 94 collective node(s)
2026-10-06 15:40:27.678 INFO  rank 2: graph variant 2 shape: 1297 nodes, 1612 edges: kernel 1297 empty 0 memcpy 0 memset 0 host 0 event 0 other 0; max in-degree 2
2026-10-06 15:40:27.685 INFO  rank 2: graph variant 2 instantiated — 31.9 MiB of device memory (3.4 GiB free)
2026-10-06 15:40:27.686 INFO  bus graph era: variant 3 recorded with 94 collective node(s)
2026-10-06 15:40:27.686 INFO  rank 2: graph variant 3 shape: 1297 nodes, 1612 edges: kernel 1297 empty 0 memcpy 0 memset 0 host 0 event 0 other 0; max in-degree 2
2026-10-06 15:40:27.694 INFO  rank 2: graph variant 3 instantiated — 34.1 MiB of device memory (3.4 GiB free)
2026-10-06 15:40:27.694 INFO  rank 2: serving scalar graph variants 2/3 captured for request slot 1 (2 rows, MTP)
2026-10-06 15:40:27.760 INFO  bus graph era: variant 4 recorded with 94 collective node(s)
2026-10-06 15:40:27.760 INFO  rank 2: graph variant 4 shape: 1297 nodes, 1612 edges: kernel 1297 empty 0 memcpy 0 memset 0 host 0 event 0 other 0; max in-degree 2
2026-10-06 15:40:27.767 INFO  rank 2: graph variant 4 instantiated — 33.2 MiB of device memory (3.3 GiB free)
2026-10-06 15:40:27.769 INFO  bus graph era: variant 5 recorded with 94 collective node(s)
2026-10-06 15:40:27.769 INFO  rank 2: graph variant 5 shape: 1297 nodes, 1612 edges: kernel 1297 empty 0 memcpy 0 memset 0 host 0 event 0 other 0; max in-degree 2
2026-10-06 15:40:27.779 INFO  rank 2: graph variant 5 instantiated — 37.2 MiB of device memory (3.3 GiB free)
2026-10-06 15:40:27.779 INFO  rank 2: serving scalar graph variants 4/5 captured for request slot 2 (2 rows, MTP)
2026-10-06 15:40:27.844 INFO  bus graph era: variant 6 recorded with 94 collective node(s)
2026-10-06 15:40:27.844 INFO  rank 2: graph variant 6 shape: 1297 nodes, 1612 edges: kernel 1297 empty 0 memcpy 0 memset 0 host 0 event 0 other 0; max in-degree 2
2026-10-06 15:40:27.852 INFO  rank 2: graph variant 6 instantiated — 33.7 MiB of device memory (3.3 GiB free)
2026-10-06 15:40:27.853 INFO  bus graph era: variant 7 recorded with 94 collective node(s)
2026-10-06 15:40:27.853 INFO  rank 2: graph variant 7 shape: 1297 nodes, 1612 edges: kernel 1297 empty 0 memcpy 0 memset 0 host 0 event 0 other 0; max in-degree 2
2026-10-06 15:40:27.860 INFO  rank 2: graph variant 7 instantiated — 32.8 MiB of device memory (3.2 GiB free)
2026-10-06 15:40:27.860 INFO  rank 2: serving scalar graph variants 6/7 captured for request slot 3 (2 rows, MTP)
2026-10-06 15:40:27.860 INFO  rank 2: warm capture complete — 4 scalar variants and the row batches for 2 slots, 3 slots, 4 slots recorded before the first request
2026-10-06 15:40:27.860 INFO  memory ledger: rank 2 after the warm capture — rss 3.60 GiB (anon 0.91, shmem 2.02, file 0.68; locked 14.19); device free 3.23 GiB, node available 4.85 GiB
2026-10-06 15:40:27.860 INFO  rank 2: graph variants warm-captured in 0.73s
2026-10-06 15:40:27.860 INFO  rank 2: following rank 0's journal (admission full, window 256)
2026-10-06 15:40:28.551 INFO  sched: request 'chatcmpl-e5055b4d8fcd8a2a' starting prefill in slot 0 (62 prompt tokens)
2026-10-06 15:40:28.747 INFO  sched: request 'chatcmpl-e5055b4d8fcd8a2a' prefix cache miss — 2 cut(s), the cache is empty
2026-10-06 15:40:28.747 INFO  sched: request 'chatcmpl-e5055b4d8fcd8a2a' admitted to slot 0 (reserve 1 blocks; pool 1/6144 blocks in use) — first token 785
2026-10-06 15:40:29.841 INFO  sched: request 'chatcmpl-e5055b4d8fcd8a2a' retired (steps): 64 tok in 1.3 s — prefill 62 tok (0 cached) in 196 ms; decode 63 tok / 35 passes in 1.1 s: 57.6 tok/s, 17.4 ms/tok, 31 ms/pass, 1.80 tok/pass, accept p1 80 %
2026-10-06 15:40:29.865 INFO  sched: request 'chatcmpl-e5055b4d8fcd8a2b' starting prefill in slot 0 (37 prompt tokens)
2026-10-06 15:40:30.021 INFO  sched: request 'chatcmpl-e5055b4d8fcd8a2b' prefix cache miss — 2 cut(s), the cache is empty
2026-10-06 15:40:30.021 INFO  sched: request 'chatcmpl-e5055b4d8fcd8a2b' admitted to slot 0 (reserve 3 blocks; pool 3/6144 blocks in use) — first token 785
2026-10-06 15:40:34.262 INFO  sched: request 'chatcmpl-e5055b4d8fcd8a2b' retired (steps): 256 tok in 4.4 s — prefill 37 tok (0 cached) in 155 ms; decode 255 tok / 136 passes in 4.2 s: 60.1 tok/s, 16.6 ms/tok, 31 ms/pass, 1.88 tok/pass, accept p1 88 %
2026-10-06 15:40:34.287 INFO  sched: request 'chatcmpl-e5055b4d8fcd8a2c' starting prefill in slot 0 (37 prompt tokens)
2026-10-06 15:40:34.442 INFO  sched: request 'chatcmpl-e5055b4d8fcd8a2c' prefix cache miss — 2 cut(s), the cache is empty
2026-10-06 15:40:34.442 INFO  sched: request 'chatcmpl-e5055b4d8fcd8a2c' admitted to slot 0 (reserve 3 blocks; pool 3/6144 blocks in use) — first token 785
2026-10-06 15:40:38.019 INFO  stats: rank 2 | 10.0 s | decode 53.6 tok/s, 16.4 ms/tok, 30.7 ms/step (286 steps / 536 tok, 88 % of wall) | mtp 1.87 tok/step/req, accept p1 87 % | prefill 3 prompts / 136 tok, 14 tok/s, 3.72 ms/tok, 168 ms avg (5 % of wall), 0 tok cached (0/3 hits) | live 1, queued 0 | pool 3/6144 blocks (0 %) | prefix cache 0/639 entries
2026-10-06 15:40:38.676 INFO  sched: request 'chatcmpl-e5055b4d8fcd8a2c' retired (steps): 256 tok in 4.4 s — prefill 37 tok (0 cached) in 154 ms; decode 255 tok / 136 passes in 4.2 s: 60.2 tok/s, 16.6 ms/tok, 31 ms/pass, 1.88 tok/pass, accept p1 88 %
2026-10-06 15:40:38.711 INFO  sched: request 'chatcmpl-e5055b4d8fcd8a2d' starting prefill in slot 0 (37 prompt tokens)
2026-10-06 15:40:38.867 INFO  sched: request 'chatcmpl-e5055b4d8fcd8a2d' prefix cache miss — 2 cut(s), the cache is empty
2026-10-06 15:40:38.867 INFO  sched: request 'chatcmpl-e5055b4d8fcd8a2d' admitted to slot 0 (reserve 3 blocks; pool 3/6144 blocks in use) — first token 785
2026-10-06 15:40:43.091 INFO  sched: request 'chatcmpl-e5055b4d8fcd8a2d' retired (steps): 256 tok in 4.4 s — prefill 37 tok (0 cached) in 156 ms; decode 255 tok / 136 passes in 4.2 s: 60.4 tok/s, 16.6 ms/tok, 31 ms/pass, 1.88 tok/pass, accept p1 88 %
2026-10-06 15:40:43.105 INFO  sched: request 'chatcmpl-e5055b4d8fcd8a2e' starting prefill in slot 0 (36 prompt tokens)
2026-10-06 15:40:43.105 INFO  sched: request 'chatcmpl-e5055b4d8fcd8a2f' starting prefill in slot 1 (36 prompt tokens)
2026-10-06 15:40:43.311 INFO  sched: request 'chatcmpl-e5055b4d8fcd8a2e' prefix cache miss — 2 cut(s), the cache is empty
2026-10-06 15:40:43.311 INFO  sched: request 'chatcmpl-e5055b4d8fcd8a2e' admitted to slot 0 (reserve 3 blocks; pool 4/6144 blocks in use) — first token 785
2026-10-06 15:40:43.311 INFO  sched: request 'chatcmpl-e5055b4d8fcd8a2f' prefix cache miss — 2 cut(s), the cache is empty
2026-10-06 15:40:43.311 INFO  sched: request 'chatcmpl-e5055b4d8fcd8a2f' admitted to slot 1 (reserve 3 blocks; pool 6/6144 blocks in use) — first token 785
2026-10-06 15:40:43.311 INFO  sched: 2 requests admitted together in one prefill (206 ms)
2026-10-06 15:40:48.021 INFO  stats: rank 2 | 10.0 s | decode 68.9 tok/s, 13.8 ms/tok, 35.2 ms/step (269 steps / 689 tok, 95 % of wall) | mtp 1.81 tok/step/req, accept p1 81 % | prefill 3 prompts / 109 tok, 11 tok/s, 3.32 ms/tok, 121 ms avg (4 % of wall), 0 tok cached (0/3 hits) | live 2, queued 0 | pool 6/6144 blocks (0 %) | prefix cache 0/639 entries
2026-10-06 15:40:49.466 INFO  sched: request 'chatcmpl-e5055b4d8fcd8a2f' retired (steps): 256 tok in 6.4 s — prefill 36 tok (0 cached) in 206 ms; decode 255 tok / 146 passes in 6.2 s: 41.4 tok/s, 24.1 ms/tok, 42 ms/pass, 1.75 tok/pass, accept p1 75 %
2026-10-06 15:40:49.529 INFO  sched: request 'chatcmpl-e5055b4d8fcd8a2e' retired (steps): 256 tok in 6.4 s — prefill 36 tok (0 cached) in 206 ms; decode 255 tok / 148 passes in 6.2 s: 41.0 tok/s, 24.4 ms/tok, 42 ms/pass, 1.72 tok/pass, accept p1 73 %
2026-10-06 15:40:49.559 INFO  sched: request 'chatcmpl-e5055b4d8fcd8a30' starting prefill in slot 0 (36 prompt tokens)
2026-10-06 15:40:49.559 INFO  sched: request 'chatcmpl-e5055b4d8fcd8a31' starting prefill in slot 1 (36 prompt tokens)
2026-10-06 15:40:49.760 INFO  sched: request 'chatcmpl-e5055b4d8fcd8a30' prefix cache miss — 2 cut(s), the cache is empty
2026-10-06 15:40:49.760 INFO  sched: request 'chatcmpl-e5055b4d8fcd8a30' admitted to slot 0 (reserve 3 blocks; pool 4/6144 blocks in use) — first token 785
2026-10-06 15:40:49.760 INFO  sched: request 'chatcmpl-e5055b4d8fcd8a31' prefix cache miss — 2 cut(s), the cache is empty
2026-10-06 15:40:49.760 INFO  sched: request 'chatcmpl-e5055b4d8fcd8a31' admitted to slot 1 (reserve 3 blocks; pool 6/6144 blocks in use) — first token 785
2026-10-06 15:40:49.760 INFO  sched: 2 requests admitted together in one prefill (201 ms)
2026-10-06 15:40:55.925 INFO  sched: request 'chatcmpl-e5055b4d8fcd8a31' retired (steps): 256 tok in 6.4 s — prefill 36 tok (0 cached) in 201 ms; decode 255 tok / 146 passes in 6.2 s: 41.4 tok/s, 24.2 ms/tok, 42 ms/pass, 1.75 tok/pass, accept p1 75 %
2026-10-06 15:40:55.987 INFO  sched: request 'chatcmpl-e5055b4d8fcd8a30' retired (steps): 256 tok in 6.4 s — prefill 36 tok (0 cached) in 201 ms; decode 255 tok / 148 passes in 6.2 s: 41.0 tok/s, 24.4 ms/tok, 42 ms/pass, 1.72 tok/pass, accept p1 73 %
2026-10-06 15:40:56.001 INFO  sched: request 'chatcmpl-e5055b4d8fcd8a32' starting prefill in slot 0 (36 prompt tokens)
2026-10-06 15:40:56.001 INFO  sched: request 'chatcmpl-e5055b4d8fcd8a33' starting prefill in slot 1 (36 prompt tokens)
2026-10-06 15:40:56.200 INFO  sched: request 'chatcmpl-e5055b4d8fcd8a32' prefix cache miss — 2 cut(s), the cache is empty
2026-10-06 15:40:56.200 INFO  sched: request 'chatcmpl-e5055b4d8fcd8a32' admitted to slot 0 (reserve 3 blocks; pool 4/6144 blocks in use) — first token 785
2026-10-06 15:40:56.200 INFO  sched: request 'chatcmpl-e5055b4d8fcd8a33' prefix cache miss — 2 cut(s), the cache is empty
2026-10-06 15:40:56.200 INFO  sched: request 'chatcmpl-e5055b4d8fcd8a33' admitted to slot 1 (reserve 3 blocks; pool 6/6144 blocks in use) — first token 785
2026-10-06 15:40:56.200 INFO  sched: 2 requests admitted together in one prefill (199 ms)
2026-10-06 15:40:58.038 INFO  stats: rank 2 | 10.0 s | decode 79.4 tok/s, 11.9 ms/tok, 41.5 ms/step (228 steps / 795 tok, 94 % of wall) | mtp 1.76 tok/step/req, accept p1 75 % | prefill 4 prompts / 144 tok, 14 tok/s, 2.78 ms/tok, 100 ms avg (4 % of wall), 0 tok cached (0/4 hits) | live 2, queued 0 | pool 6/6144 blocks (0 %) | prefix cache 0/639 entries
2026-10-06 15:41:02.361 INFO  sched: request 'chatcmpl-e5055b4d8fcd8a32' retired (steps): 256 tok in 6.4 s — prefill 36 tok (0 cached) in 199 ms; decode 255 tok / 146 passes in 6.2 s: 41.4 tok/s, 24.2 ms/tok, 42 ms/pass, 1.75 tok/pass, accept p1 75 %
2026-10-06 15:41:02.426 INFO  sched: request 'chatcmpl-e5055b4d8fcd8a33' retired (steps): 256 tok in 6.4 s — prefill 36 tok (0 cached) in 199 ms; decode 255 tok / 148 passes in 6.2 s: 41.0 tok/s, 24.4 ms/tok, 42 ms/pass, 1.72 tok/pass, accept p1 73 %
2026-10-06 15:41:02.450 INFO  sched: request 'chatcmpl-e5055b4d8fcd8a34' starting prefill in slot 0 (35 prompt tokens)
2026-10-06 15:41:02.450 INFO  sched: request 'chatcmpl-e5055b4d8fcd8a35' starting prefill in slot 1 (31 prompt tokens)
2026-10-06 15:41:02.450 INFO  sched: request 'chatcmpl-e5055b4d8fcd8a36' starting prefill in slot 2 (32 prompt tokens)
2026-10-06 15:41:02.450 INFO  sched: request 'chatcmpl-e5055b4d8fcd8a37' starting prefill in slot 3 (32 prompt tokens)
2026-10-06 15:41:02.729 INFO  sched: request 'chatcmpl-e5055b4d8fcd8a34' prefix cache miss — 2 cut(s), the cache is empty
2026-10-06 15:41:02.729 INFO  sched: request 'chatcmpl-e5055b4d8fcd8a34' admitted to slot 0 (reserve 3 blocks; pool 6/6144 blocks in use) — first token 785
2026-10-06 15:41:02.729 INFO  sched: request 'chatcmpl-e5055b4d8fcd8a35' prefix cache miss — 2 cut(s), the cache is empty
2026-10-06 15:41:02.729 INFO  sched: request 'chatcmpl-e5055b4d8fcd8a35' admitted to slot 1 (reserve 3 blocks; pool 8/6144 blocks in use) — first token 785
2026-10-06 15:41:02.729 INFO  sched: request 'chatcmpl-e5055b4d8fcd8a36' prefix cache miss — 2 cut(s), the cache is empty
2026-10-06 15:41:02.729 INFO  sched: request 'chatcmpl-e5055b4d8fcd8a36' admitted to slot 2 (reserve 3 blocks; pool 10/6144 blocks in use) — first token 785
2026-10-06 15:41:02.729 INFO  sched: request 'chatcmpl-e5055b4d8fcd8a37' prefix cache miss — 2 cut(s), the cache is empty
2026-10-06 15:41:02.729 INFO  sched: request 'chatcmpl-e5055b4d8fcd8a37' admitted to slot 3 (reserve 3 blocks; pool 12/6144 blocks in use) — first token 785
2026-10-06 15:41:02.729 INFO  sched: 4 requests admitted together in one prefill (279 ms)
2026-10-06 15:41:08.080 INFO  stats: rank 2 | 10.0 s | decode 99.0 tok/s, 9.7 ms/tok, 50.5 ms/step (191 steps / 994 tok, 96 % of wall) | mtp 1.79 tok/step/req, accept p1 79 % | prefill 4 prompts / 130 tok, 13 tok/s, 2.15 ms/tok, 70 ms avg (3 % of wall), 0 tok cached (0/4 hits) | live 4, queued 0 | pool 12/6144 blocks (0 %) | prefix cache 0/639 entries
2026-10-06 15:41:11.245 INFO  sched: request 'chatcmpl-e5055b4d8fcd8a35' retired (steps): 256 tok in 8.8 s — prefill 31 tok (0 cached) in 279 ms; decode 255 tok / 137 passes in 8.5 s: 29.9 tok/s, 33.4 ms/tok, 62 ms/pass, 1.86 tok/pass, accept p1 87 %
2026-10-06 15:41:11.372 INFO  sched: request 'chatcmpl-e5055b4d8fcd8a34' retired (steps): 256 tok in 8.9 s — prefill 35 tok (0 cached) in 279 ms; decode 255 tok / 139 passes in 8.6 s: 29.5 tok/s, 33.9 ms/tok, 62 ms/pass, 1.83 tok/pass, accept p1 83 %
2026-10-06 15:41:11.434 INFO  sched: request 'chatcmpl-e5055b4d8fcd8a37' retired (steps): 256 tok in 9.0 s — prefill 32 tok (0 cached) in 279 ms; decode 255 tok / 140 passes in 8.7 s: 29.3 tok/s, 34.1 ms/tok, 62 ms/pass, 1.82 tok/pass, accept p1 83 %
2026-10-06 15:41:11.530 INFO  sched: request 'chatcmpl-e5055b4d8fcd8a36' retired (steps): 256 tok in 9.1 s — prefill 32 tok (0 cached) in 279 ms; decode 255 tok / 143 passes in 8.8 s: 29.0 tok/s, 34.5 ms/tok, 62 ms/pass, 1.78 tok/pass, accept p1 78 %
2026-10-06 15:41:11.539 INFO  sched: request 'chatcmpl-e5055b4d8fcd8a38' starting prefill in slot 0 (32 prompt tokens)
2026-10-06 15:41:11.539 INFO  sched: request 'chatcmpl-e5055b4d8fcd8a39' starting prefill in slot 1 (35 prompt tokens)
2026-10-06 15:41:11.539 INFO  sched: request 'chatcmpl-e5055b4d8fcd8a3a' starting prefill in slot 2 (32 prompt tokens)
2026-10-06 15:41:11.539 INFO  sched: request 'chatcmpl-e5055b4d8fcd8a3b' starting prefill in slot 3 (31 prompt tokens)
2026-10-06 15:41:11.814 INFO  sched: request 'chatcmpl-e5055b4d8fcd8a38' prefix cache miss — 2 cut(s), the cache is empty
2026-10-06 15:41:11.814 INFO  sched: request 'chatcmpl-e5055b4d8fcd8a38' admitted to slot 0 (reserve 3 blocks; pool 6/6144 blocks in use) — first token 785
2026-10-06 15:41:11.814 INFO  sched: request 'chatcmpl-e5055b4d8fcd8a39' prefix cache miss — 2 cut(s), the cache is empty
2026-10-06 15:41:11.814 INFO  sched: request 'chatcmpl-e5055b4d8fcd8a39' admitted to slot 1 (reserve 3 blocks; pool 8/6144 blocks in use) — first token 785
2026-10-06 15:41:11.814 INFO  sched: request 'chatcmpl-e5055b4d8fcd8a3a' prefix cache miss — 2 cut(s), the cache is empty
2026-10-06 15:41:11.814 INFO  sched: request 'chatcmpl-e5055b4d8fcd8a3a' admitted to slot 2 (reserve 3 blocks; pool 10/6144 blocks in use) — first token 785
2026-10-06 15:41:11.814 INFO  sched: request 'chatcmpl-e5055b4d8fcd8a3b' prefix cache miss — 2 cut(s), the cache is empty
2026-10-06 15:41:11.814 INFO  sched: request 'chatcmpl-e5055b4d8fcd8a3b' admitted to slot 3 (reserve 3 blocks; pool 12/6144 blocks in use) — first token 785
2026-10-06 15:41:11.814 INFO  sched: 4 requests admitted together in one prefill (275 ms)
2026-10-06 15:41:18.117 INFO  stats: rank 2 | 10.0 s | decode 113.0 tok/s, 8.5 ms/tok, 61.1 ms/step (158 steps / 1134 tok, 96 % of wall) | mtp 1.83 tok/step/req, accept p1 83 % | prefill 4 prompts / 130 tok, 13 tok/s, 2.12 ms/tok, 69 ms avg (3 % of wall), 0 tok cached (0/4 hits) | live 4, queued 0 | pool 12/6144 blocks (0 %) | prefix cache 0/639 entries
2026-10-06 15:41:20.331 INFO  sched: request 'chatcmpl-e5055b4d8fcd8a3b' retired (steps): 256 tok in 8.8 s — prefill 31 tok (0 cached) in 275 ms; decode 255 tok / 137 passes in 8.5 s: 29.9 tok/s, 33.4 ms/tok, 62 ms/pass, 1.86 tok/pass, accept p1 87 %
2026-10-06 15:41:20.439 INFO  sched: request 'chatcmpl-e5055b4d8fcd8a39' retired (steps): 256 tok in 8.9 s — prefill 35 tok (0 cached) in 275 ms; decode 255 tok / 139 passes in 8.6 s: 29.6 tok/s, 33.8 ms/tok, 62 ms/pass, 1.83 tok/pass, accept p1 83 %
2026-10-06 15:41:20.493 INFO  sched: request 'chatcmpl-e5055b4d8fcd8a3a' retired (steps): 256 tok in 9.0 s — prefill 32 tok (0 cached) in 275 ms; decode 255 tok / 140 passes in 8.7 s: 29.4 tok/s, 34.0 ms/tok, 62 ms/pass, 1.82 tok/pass, accept p1 83 %
2026-10-06 15:41:20.590 INFO  sched: request 'chatcmpl-e5055b4d8fcd8a38' retired (steps): 256 tok in 9.1 s — prefill 32 tok (0 cached) in 275 ms; decode 255 tok / 143 passes in 8.8 s: 29.1 tok/s, 34.4 ms/tok, 61 ms/pass, 1.78 tok/pass, accept p1 78 %
2026-10-06 15:41:20.603 INFO  sched: request 'chatcmpl-e5055b4d8fcd8a3c' starting prefill in slot 0 (31 prompt tokens)
2026-10-06 15:41:20.604 INFO  sched: request 'chatcmpl-e5055b4d8fcd8a3d' starting prefill in slot 1 (32 prompt tokens)
2026-10-06 15:41:20.604 INFO  sched: request 'chatcmpl-e5055b4d8fcd8a3e' starting prefill in slot 2 (35 prompt tokens)
2026-10-06 15:41:20.604 INFO  sched: request 'chatcmpl-e5055b4d8fcd8a3f' starting prefill in slot 3 (32 prompt tokens)
2026-10-06 15:41:20.890 INFO  sched: request 'chatcmpl-e5055b4d8fcd8a3c' prefix cache miss — 2 cut(s), the cache is empty
2026-10-06 15:41:20.890 INFO  sched: request 'chatcmpl-e5055b4d8fcd8a3c' admitted to slot 0 (reserve 3 blocks; pool 6/6144 blocks in use) — first token 785
2026-10-06 15:41:20.890 INFO  sched: request 'chatcmpl-e5055b4d8fcd8a3d' prefix cache miss — 2 cut(s), the cache is empty
2026-10-06 15:41:20.890 INFO  sched: request 'chatcmpl-e5055b4d8fcd8a3d' admitted to slot 1 (reserve 3 blocks; pool 8/6144 blocks in use) — first token 785
2026-10-06 15:41:20.890 INFO  sched: request 'chatcmpl-e5055b4d8fcd8a3e' prefix cache miss — 2 cut(s), the cache is empty
2026-10-06 15:41:20.890 INFO  sched: request 'chatcmpl-e5055b4d8fcd8a3e' admitted to slot 2 (reserve 3 blocks; pool 10/6144 blocks in use) — first token 785
2026-10-06 15:41:20.890 INFO  sched: request 'chatcmpl-e5055b4d8fcd8a3f' prefix cache miss — 2 cut(s), the cache is empty
2026-10-06 15:41:20.890 INFO  sched: request 'chatcmpl-e5055b4d8fcd8a3f' admitted to slot 3 (reserve 3 blocks; pool 12/6144 blocks in use) — first token 785
2026-10-06 15:41:20.890 INFO  sched: 4 requests admitted together in one prefill (287 ms)
2026-10-06 15:41:28.141 INFO  stats: rank 2 | 10.0 s | decode 112.5 tok/s, 8.5 ms/tok, 61.0 ms/step (158 steps / 1128 tok, 96 % of wall) | mtp 1.82 tok/step/req, accept p1 82 % | prefill 4 prompts / 130 tok, 13 tok/s, 2.20 ms/tok, 72 ms avg (3 % of wall), 0 tok cached (0/4 hits) | live 4, queued 0 | pool 12/6144 blocks (0 %) | prefix cache 0/639 entries
2026-10-06 15:41:29.418 INFO  sched: request 'chatcmpl-e5055b4d8fcd8a3c' retired (steps): 256 tok in 8.8 s — prefill 31 tok (0 cached) in 287 ms; decode 255 tok / 137 passes in 8.5 s: 29.9 tok/s, 33.4 ms/tok, 62 ms/pass, 1.86 tok/pass, accept p1 87 %
2026-10-06 15:41:29.545 INFO  sched: request 'chatcmpl-e5055b4d8fcd8a3e' retired (steps): 256 tok in 8.9 s — prefill 35 tok (0 cached) in 287 ms; decode 255 tok / 139 passes in 8.7 s: 29.5 tok/s, 33.9 ms/tok, 62 ms/pass, 1.83 tok/pass, accept p1 83 %
2026-10-06 15:41:29.607 INFO  sched: request 'chatcmpl-e5055b4d8fcd8a3d' retired (steps): 256 tok in 9.0 s — prefill 32 tok (0 cached) in 287 ms; decode 255 tok / 140 passes in 8.7 s: 29.3 tok/s, 34.2 ms/tok, 62 ms/pass, 1.82 tok/pass, accept p1 83 %
2026-10-06 15:41:29.704 INFO  sched: request 'chatcmpl-e5055b4d8fcd8a3f' retired (steps): 256 tok in 9.1 s — prefill 32 tok (0 cached) in 287 ms; decode 255 tok / 143 passes in 8.8 s: 28.9 tok/s, 34.6 ms/tok, 62 ms/pass, 1.78 tok/pass, accept p1 78 %
2026-10-06 15:41:29.728 INFO  sched: request 'chatcmpl-e5055b4d8fcd8a40' starting prefill in slot 0 (31 prompt tokens)
2026-10-06 15:41:29.728 INFO  sched: request 'chatcmpl-e5055b4d8fcd8a41' starting prefill in slot 1 (31 prompt tokens)
2026-10-06 15:41:29.728 INFO  sched: request 'chatcmpl-e5055b4d8fcd8a42' starting prefill in slot 2 (31 prompt tokens)
2026-10-06 15:41:29.728 INFO  sched: request 'chatcmpl-e5055b4d8fcd8a43' starting prefill in slot 3 (32 prompt tokens)
2026-10-06 15:41:29.986 INFO  sched: request 'chatcmpl-e5055b4d8fcd8a40' prefix cache miss — 2 cut(s), the cache is empty
2026-10-06 15:41:29.986 INFO  sched: request 'chatcmpl-e5055b4d8fcd8a40' admitted to slot 0 (reserve 3 blocks; pool 6/6144 blocks in use) — first token 785
2026-10-06 15:41:29.986 INFO  sched: request 'chatcmpl-e5055b4d8fcd8a41' prefix cache miss — 2 cut(s), the cache is empty
2026-10-06 15:41:29.986 INFO  sched: request 'chatcmpl-e5055b4d8fcd8a41' admitted to slot 1 (reserve 3 blocks; pool 8/6144 blocks in use) — first token 785
2026-10-06 15:41:29.986 INFO  sched: request 'chatcmpl-e5055b4d8fcd8a42' prefix cache miss — 2 cut(s), the cache is empty
2026-10-06 15:41:29.986 INFO  sched: request 'chatcmpl-e5055b4d8fcd8a42' admitted to slot 2 (reserve 3 blocks; pool 10/6144 blocks in use) — first token 785
2026-10-06 15:41:29.986 INFO  sched: request 'chatcmpl-e5055b4d8fcd8a43' prefix cache miss — 2 cut(s), the cache is empty
2026-10-06 15:41:29.986 INFO  sched: request 'chatcmpl-e5055b4d8fcd8a43' admitted to slot 3 (reserve 3 blocks; pool 12/6144 blocks in use) — first token 785
2026-10-06 15:41:29.986 INFO  sched: 4 requests admitted together in one prefill (257 ms)
2026-10-06 15:41:30.034 INFO  sched: request 'chatcmpl-e5055b4d8fcd8a44' deferred (needs 3 blocks, 6132 free, 0 slot(s) open) — admits when a peer retires
2026-10-06 15:41:38.179 INFO  stats: rank 2 | 10.0 s | decode 112.5 tok/s, 8.6 ms/tok, 61.2 ms/step (158 steps / 1129 tok, 96 % of wall) | mtp 1.82 tok/step/req, accept p1 82 % | prefill 4 prompts / 125 tok, 12 tok/s, 2.06 ms/tok, 64 ms avg (3 % of wall), 0 tok cached (0/4 hits) | live 4, queued 4 | pool 12/6144 blocks (0 %) | prefix cache 0/639 entries
2026-10-06 15:41:38.435 INFO  sched: request 'chatcmpl-e5055b4d8fcd8a40' retired (steps): 256 tok in 8.7 s — prefill 31 tok (0 cached) in 257 ms; decode 255 tok / 136 passes in 8.4 s: 30.2 tok/s, 33.1 ms/tok, 62 ms/pass, 1.88 tok/pass, accept p1 88 %
2026-10-06 15:41:38.435 INFO  sched: request 'chatcmpl-e5055b4d8fcd8a44' starting prefill in slot 0 (31 prompt tokens)
2026-10-06 15:41:38.575 INFO  sched: request 'chatcmpl-e5055b4d8fcd8a44' prefix cache miss — 2 cut(s), the cache is empty
2026-10-06 15:41:38.575 INFO  sched: request 'chatcmpl-e5055b4d8fcd8a44' admitted to slot 0 (reserve 3 blocks; pool 12/6144 blocks in use) — first token 785
2026-10-06 15:41:38.637 INFO  sched: request 'chatcmpl-e5055b4d8fcd8a45' deferred (needs 3 blocks, 6132 free, 0 slot(s) open) — admits when a peer retires
2026-10-06 15:41:38.772 INFO  sched: request 'chatcmpl-e5055b4d8fcd8a41' retired (steps): 256 tok in 9.0 s — prefill 31 tok (0 cached) in 257 ms; decode 255 tok / 139 passes in 8.8 s: 29.0 tok/s, 34.5 ms/tok, 63 ms/pass, 1.83 tok/pass, accept p1 83 %
2026-10-06 15:41:38.772 INFO  sched: request 'chatcmpl-e5055b4d8fcd8a45' starting prefill in slot 1 (31 prompt tokens)
2026-10-06 15:41:38.918 INFO  sched: request 'chatcmpl-e5055b4d8fcd8a45' prefix cache miss — 2 cut(s), the cache is empty
2026-10-06 15:41:38.918 INFO  sched: request 'chatcmpl-e5055b4d8fcd8a45' admitted to slot 1 (reserve 3 blocks; pool 12/6144 blocks in use) — first token 785
2026-10-06 15:41:38.980 INFO  sched: request 'chatcmpl-e5055b4d8fcd8a46' deferred (needs 3 blocks, 6132 free, 0 slot(s) open) — admits when a peer retires
2026-10-06 15:41:39.248 INFO  sched: request 'chatcmpl-e5055b4d8fcd8a42' retired (steps): 256 tok in 9.5 s — prefill 31 tok (0 cached) in 257 ms; decode 255 tok / 144 passes in 9.3 s: 27.5 tok/s, 36.3 ms/tok, 64 ms/pass, 1.77 tok/pass, accept p1 77 %
2026-10-06 15:41:39.249 INFO  sched: request 'chatcmpl-e5055b4d8fcd8a46' starting prefill in slot 2 (32 prompt tokens)
2026-10-06 15:41:39.398 INFO  sched: request 'chatcmpl-e5055b4d8fcd8a46' prefix cache miss — 2 cut(s), the cache is empty
2026-10-06 15:41:39.398 INFO  sched: request 'chatcmpl-e5055b4d8fcd8a46' admitted to slot 2 (reserve 3 blocks; pool 12/6144 blocks in use) — first token 785
2026-10-06 15:41:39.459 INFO  sched: request 'chatcmpl-e5055b4d8fcd8a47' deferred (needs 3 blocks, 6132 free, 0 slot(s) open) — admits when a peer retires
2026-10-06 15:41:39.528 INFO  sched: request 'chatcmpl-e5055b4d8fcd8a43' retired (steps): 256 tok in 9.8 s — prefill 32 tok (0 cached) in 257 ms; decode 255 tok / 146 passes in 9.5 s: 26.7 tok/s, 37.4 ms/tok, 65 ms/pass, 1.75 tok/pass, accept p1 75 %
2026-10-06 15:41:39.528 INFO  sched: request 'chatcmpl-e5055b4d8fcd8a47' starting prefill in slot 3 (32 prompt tokens)
2026-10-06 15:41:39.673 INFO  sched: request 'chatcmpl-e5055b4d8fcd8a47' prefix cache miss — 2 cut(s), the cache is empty
2026-10-06 15:41:39.673 INFO  sched: request 'chatcmpl-e5055b4d8fcd8a47' admitted to slot 3 (reserve 3 blocks; pool 12/6144 blocks in use) — first token 785
2026-10-06 15:41:47.942 INFO  sched: request 'chatcmpl-e5055b4d8fcd8a44' retired (steps): 256 tok in 9.5 s — prefill 31 tok (0 cached) in 140 ms; decode 255 tok / 143 passes in 9.4 s: 27.2 tok/s, 36.7 ms/tok, 66 ms/pass, 1.78 tok/pass, accept p1 79 %
2026-10-06 15:41:47.942 INFO  sched: request 'chatcmpl-e5055b4d8fcd8a45' retired (steps): 256 tok in 9.2 s — prefill 31 tok (0 cached) in 146 ms; decode 255 tok / 140 passes in 9.0 s: 28.3 tok/s, 35.4 ms/tok, 64 ms/pass, 1.82 tok/pass, accept p1 82 %
2026-10-06 15:41:48.234 INFO  stats: rank 2 | 10.1 s | decode 106.7 tok/s, 8.7 ms/tok, 61.7 ms/step (152 steps / 1073 tok, 93 % of wall) | mtp 1.79 tok/step/req, accept p1 79 % | prefill 4 prompts / 126 tok, 13 tok/s, 4.59 ms/tok, 145 ms avg (6 % of wall), 0 tok cached (0/4 hits) | live 2, queued 0 | pool 6/6144 blocks (0 %) | prefix cache 0/639 entries
2026-10-06 15:41:48.348 INFO  sched: request 'chatcmpl-e5055b4d8fcd8a46' retired (steps): 256 tok in 9.1 s — prefill 32 tok (0 cached) in 149 ms; decode 255 tok / 142 passes in 9.0 s: 28.5 tok/s, 35.1 ms/tok, 63 ms/pass, 1.80 tok/pass, accept p1 80 %
2026-10-06 15:41:48.381 INFO  sched: request 'chatcmpl-e5055b4d8fcd8a47' retired (steps): 256 tok in 8.9 s — prefill 32 tok (0 cached) in 144 ms; decode 255 tok / 141 passes in 8.7 s: 29.3 tok/s, 34.1 ms/tok, 62 ms/pass, 1.81 tok/pass, accept p1 81 %
2026-10-06 15:41:48.410 INFO  sched: request 'chatcmpl-e5055b4d8fcd8a48' starting prefill in slot 0 (32 prompt tokens)
2026-10-06 15:41:48.410 INFO  sched: request 'chatcmpl-e5055b4d8fcd8a49' starting prefill in slot 1 (31 prompt tokens)
2026-10-06 15:41:48.411 INFO  sched: request 'chatcmpl-e5055b4d8fcd8a4a' starting prefill in slot 2 (31 prompt tokens)
2026-10-06 15:41:48.411 INFO  sched: request 'chatcmpl-e5055b4d8fcd8a4b' starting prefill in slot 3 (32 prompt tokens)
2026-10-06 15:41:48.670 INFO  sched: request 'chatcmpl-e5055b4d8fcd8a48' prefix cache miss — 2 cut(s), the cache is empty
2026-10-06 15:41:48.670 INFO  sched: request 'chatcmpl-e5055b4d8fcd8a48' admitted to slot 0 (reserve 3 blocks; pool 6/6144 blocks in use) — first token 785
2026-10-06 15:41:48.670 INFO  sched: request 'chatcmpl-e5055b4d8fcd8a49' prefix cache miss — 2 cut(s), the cache is empty
2026-10-06 15:41:48.670 INFO  sched: request 'chatcmpl-e5055b4d8fcd8a49' admitted to slot 1 (reserve 3 blocks; pool 8/6144 blocks in use) — first token 785
2026-10-06 15:41:48.670 INFO  sched: request 'chatcmpl-e5055b4d8fcd8a4a' prefix cache miss — 2 cut(s), the cache is empty
2026-10-06 15:41:48.670 INFO  sched: request 'chatcmpl-e5055b4d8fcd8a4a' admitted to slot 2 (reserve 3 blocks; pool 10/6144 blocks in use) — first token 785
2026-10-06 15:41:48.670 INFO  sched: request 'chatcmpl-e5055b4d8fcd8a4b' prefix cache miss — 2 cut(s), the cache is empty
2026-10-06 15:41:48.670 INFO  sched: request 'chatcmpl-e5055b4d8fcd8a4b' admitted to slot 3 (reserve 3 blocks; pool 12/6144 blocks in use) — first token 785
2026-10-06 15:41:48.670 INFO  sched: 4 requests admitted together in one prefill (259 ms)
2026-10-06 15:41:48.718 INFO  sched: request 'chatcmpl-e5055b4d8fcd8a4c' deferred (needs 3 blocks, 6132 free, 0 slot(s) open) — admits when a peer retires
2026-10-06 15:41:57.102 INFO  sched: request 'chatcmpl-e5055b4d8fcd8a49' retired (steps): 256 tok in 8.7 s — prefill 31 tok (0 cached) in 259 ms; decode 255 tok / 136 passes in 8.4 s: 30.2 tok/s, 33.1 ms/tok, 62 ms/pass, 1.88 tok/pass, accept p1 88 %
2026-10-06 15:41:57.102 INFO  sched: request 'chatcmpl-e5055b4d8fcd8a4c' starting prefill in slot 1 (31 prompt tokens)
2026-10-06 15:41:57.246 INFO  sched: request 'chatcmpl-e5055b4d8fcd8a4c' prefix cache miss — 2 cut(s), the cache is empty
2026-10-06 15:41:57.246 INFO  sched: request 'chatcmpl-e5055b4d8fcd8a4c' admitted to slot 1 (reserve 3 blocks; pool 12/6144 blocks in use) — first token 785
2026-10-06 15:41:57.309 INFO  sched: request 'chatcmpl-e5055b4d8fcd8a4d' deferred (needs 3 blocks, 6132 free, 0 slot(s) open) — admits when a peer retires
2026-10-06 15:41:57.635 INFO  sched: request 'chatcmpl-e5055b4d8fcd8a4b' retired (steps): 256 tok in 9.2 s — prefill 32 tok (0 cached) in 259 ms; decode 255 tok / 142 passes in 9.0 s: 28.4 tok/s, 35.2 ms/tok, 63 ms/pass, 1.80 tok/pass, accept p1 80 %
2026-10-06 15:41:57.636 INFO  sched: request 'chatcmpl-e5055b4d8fcd8a4d' starting prefill in slot 3 (31 prompt tokens)
2026-10-06 15:41:57.777 INFO  sched: request 'chatcmpl-e5055b4d8fcd8a4d' prefix cache miss — 2 cut(s), the cache is empty
2026-10-06 15:41:57.777 INFO  sched: request 'chatcmpl-e5055b4d8fcd8a4d' admitted to slot 3 (reserve 3 blocks; pool 12/6144 blocks in use) — first token 785
2026-10-06 15:41:57.843 INFO  sched: request 'chatcmpl-e5055b4d8fcd8a4a' retired (steps): 256 tok in 9.4 s — prefill 31 tok (0 cached) in 259 ms; decode 255 tok / 143 passes in 9.2 s: 27.8 tok/s, 36.0 ms/tok, 64 ms/pass, 1.78 tok/pass, accept p1 79 %
2026-10-06 15:41:57.844 INFO  sched: request 'chatcmpl-e5055b4d8fcd8a4e' starting prefill in slot 2 (32 prompt tokens)
2026-10-06 15:41:57.986 INFO  sched: request 'chatcmpl-e5055b4d8fcd8a4e' prefix cache miss — 2 cut(s), the cache is empty
2026-10-06 15:41:57.986 INFO  sched: request 'chatcmpl-e5055b4d8fcd8a4e' admitted to slot 2 (reserve 3 blocks; pool 12/6144 blocks in use) — first token 785
2026-10-06 15:41:58.048 INFO  sched: request 'chatcmpl-e5055b4d8fcd8a4f' deferred (needs 3 blocks, 6132 free, 0 slot(s) open) — admits when a peer retires
2026-10-06 15:41:58.179 INFO  sched: request 'chatcmpl-e5055b4d8fcd8a48' retired (steps): 256 tok in 9.8 s — prefill 32 tok (0 cached) in 259 ms; decode 255 tok / 146 passes in 9.5 s: 26.8 tok/s, 37.3 ms/tok, 65 ms/pass, 1.75 tok/pass, accept p1 75 %
2026-10-06 15:41:58.180 INFO  sched: request 'chatcmpl-e5055b4d8fcd8a4f' starting prefill in slot 0 (31 prompt tokens)
2026-10-06 15:41:58.323 INFO  sched: request 'chatcmpl-e5055b4d8fcd8a4f' prefix cache miss — 2 cut(s), the cache is empty
2026-10-06 15:41:58.323 INFO  sched: request 'chatcmpl-e5055b4d8fcd8a4f' admitted to slot 0 (reserve 3 blocks; pool 12/6144 blocks in use) — first token 785
2026-10-06 15:41:58.383 INFO  stats: rank 2 | 10.1 s | decode 106.4 tok/s, 8.5 ms/tok, 61.3 ms/step (150 steps / 1080 tok, 91 % of wall) | mtp 1.82 tok/step/req, accept p1 81 % | prefill 8 prompts / 251 tok, 25 tok/s, 3.31 ms/tok, 104 ms avg (8 % of wall), 0 tok cached (0/8 hits) | live 4, queued 0 | pool 12/6144 blocks (0 %) | prefix cache 0/639 entries
2026-10-06 15:42:06.527 INFO  sched: request 'chatcmpl-e5055b4d8fcd8a4c' retired (steps): 256 tok in 9.4 s — prefill 31 tok (0 cached) in 144 ms; decode 255 tok / 140 passes in 9.3 s: 27.5 tok/s, 36.4 ms/tok, 66 ms/pass, 1.82 tok/pass, accept p1 82 %
2026-10-06 15:42:07.016 INFO  sched: request 'chatcmpl-e5055b4d8fcd8a4e' retired (steps): 256 tok in 9.2 s — prefill 32 tok (0 cached) in 142 ms; decode 255 tok / 141 passes in 9.0 s: 28.2 tok/s, 35.4 ms/tok, 64 ms/pass, 1.81 tok/pass, accept p1 81 %
2026-10-06 15:42:07.079 INFO  sched: request 'chatcmpl-e5055b4d8fcd8a4f' retired (steps): 256 tok in 8.9 s — prefill 31 tok (0 cached) in 143 ms; decode 255 tok / 139 passes in 8.8 s: 29.1 tok/s, 34.3 ms/tok, 63 ms/pass, 1.83 tok/pass, accept p1 83 %
2026-10-06 15:42:07.111 INFO  sched: request 'chatcmpl-e5055b4d8fcd8a4d' retired (steps): 256 tok in 9.5 s — prefill 31 tok (0 cached) in 141 ms; decode 255 tok / 144 passes in 9.3 s: 27.3 tok/s, 36.6 ms/tok, 65 ms/pass, 1.77 tok/pass, accept p1 77 %
2026-10-06 15:42:07.135 INFO  sched: request 'chatcmpl-e5055b4d8fcd8a50' starting prefill in slot 0 (31 prompt tokens)
2026-10-06 15:42:07.135 INFO  sched: request 'chatcmpl-e5055b4d8fcd8a51' starting prefill in slot 1 (31 prompt tokens)
2026-10-06 15:42:07.135 INFO  sched: request 'chatcmpl-e5055b4d8fcd8a52' starting prefill in slot 2 (31 prompt tokens)
2026-10-06 15:42:07.135 INFO  sched: request 'chatcmpl-e5055b4d8fcd8a53' starting prefill in slot 3 (31 prompt tokens)
2026-10-06 15:42:07.392 INFO  sched: request 'chatcmpl-e5055b4d8fcd8a50' prefix cache miss — 2 cut(s), the cache is empty
2026-10-06 15:42:07.392 INFO  sched: request 'chatcmpl-e5055b4d8fcd8a50' admitted to slot 0 (reserve 3 blocks; pool 6/6144 blocks in use) — first token 785
2026-10-06 15:42:07.392 INFO  sched: request 'chatcmpl-e5055b4d8fcd8a51' prefix cache miss — 2 cut(s), the cache is empty
2026-10-06 15:42:07.392 INFO  sched: request 'chatcmpl-e5055b4d8fcd8a51' admitted to slot 1 (reserve 3 blocks; pool 8/6144 blocks in use) — first token 785
2026-10-06 15:42:07.392 INFO  sched: request 'chatcmpl-e5055b4d8fcd8a52' prefix cache miss — 2 cut(s), the cache is empty
2026-10-06 15:42:07.392 INFO  sched: request 'chatcmpl-e5055b4d8fcd8a52' admitted to slot 2 (reserve 3 blocks; pool 10/6144 blocks in use) — first token 785
2026-10-06 15:42:07.392 INFO  sched: request 'chatcmpl-e5055b4d8fcd8a53' prefix cache miss — 2 cut(s), the cache is empty
2026-10-06 15:42:07.392 INFO  sched: request 'chatcmpl-e5055b4d8fcd8a53' admitted to slot 3 (reserve 3 blocks; pool 12/6144 blocks in use) — first token 785
2026-10-06 15:42:07.392 INFO  sched: 4 requests admitted together in one prefill (257 ms)
2026-10-06 15:42:07.441 INFO  sched: request 'chatcmpl-e5055b4d8fcd8a54' deferred (needs 3 blocks, 6132 free, 0 slot(s) open) — admits when a peer retires
2026-10-06 15:42:08.384 INFO  stats: rank 2 | 10.0 s | decode 112.0 tok/s, 8.6 ms/tok, 61.6 ms/step (157 steps / 1120 tok, 97 % of wall) | mtp 1.82 tok/step/req, accept p1 81 % | prefill 4 prompts / 124 tok, 12 tok/s, 2.07 ms/tok, 64 ms avg (3 % of wall), 0 tok cached (0/4 hits) | live 4, queued 4 | pool 12/6144 blocks (0 %) | prefix cache 0/639 entries
2026-10-06 15:42:15.672 INFO  sched: request 'chatcmpl-e5055b4d8fcd8a50' retired (steps): 256 tok in 8.5 s — prefill 31 tok (0 cached) in 257 ms; decode 255 tok / 136 passes in 8.3 s: 30.8 tok/s, 32.5 ms/tok, 61 ms/pass, 1.88 tok/pass, accept p1 88 %
2026-10-06 15:42:15.673 INFO  sched: request 'chatcmpl-e5055b4d8fcd8a54' starting prefill in slot 0 (32 prompt tokens)
2026-10-06 15:42:15.816 INFO  sched: request 'chatcmpl-e5055b4d8fcd8a54' prefix cache miss — 2 cut(s), the cache is empty
2026-10-06 15:42:15.816 INFO  sched: request 'chatcmpl-e5055b4d8fcd8a54' admitted to slot 0 (reserve 3 blocks; pool 12/6144 blocks in use) — first token 785
2026-10-06 15:42:15.877 INFO  sched: request 'chatcmpl-e5055b4d8fcd8a55' deferred (needs 3 blocks, 6132 free, 0 slot(s) open) — admits when a peer retires
2026-10-06 15:42:16.008 INFO  sched: request 'chatcmpl-e5055b4d8fcd8a51' retired (steps): 256 tok in 8.9 s — prefill 31 tok (0 cached) in 257 ms; decode 255 tok / 139 passes in 8.6 s: 29.6 tok/s, 33.8 ms/tok, 62 ms/pass, 1.83 tok/pass, accept p1 83 %
2026-10-06 15:42:16.008 INFO  sched: request 'chatcmpl-e5055b4d8fcd8a55' starting prefill in slot 1 (32 prompt tokens)
2026-10-06 15:42:16.153 INFO  sched: request 'chatcmpl-e5055b4d8fcd8a55' prefix cache miss — 2 cut(s), the cache is empty
2026-10-06 15:42:16.153 INFO  sched: request 'chatcmpl-e5055b4d8fcd8a55' admitted to slot 1 (reserve 3 blocks; pool 12/6144 blocks in use) — first token 785
2026-10-06 15:42:16.218 INFO  sched: request 'chatcmpl-e5055b4d8fcd8a53' retired (steps): 256 tok in 9.1 s — prefill 31 tok (0 cached) in 257 ms; decode 255 tok / 140 passes in 8.8 s: 28.9 tok/s, 34.6 ms/tok, 63 ms/pass, 1.82 tok/pass, accept p1 82 %
2026-10-06 15:42:16.218 INFO  sched: request 'chatcmpl-e5055b4d8fcd8a56' starting prefill in slot 3 (32 prompt tokens)
2026-10-06 15:42:16.366 INFO  sched: request 'chatcmpl-e5055b4d8fcd8a56' prefix cache miss — 2 cut(s), the cache is empty
2026-10-06 15:42:16.366 INFO  sched: request 'chatcmpl-e5055b4d8fcd8a56' admitted to slot 3 (reserve 3 blocks; pool 12/6144 blocks in use) — first token 785
2026-10-06 15:42:16.430 INFO  sched: request 'chatcmpl-e5055b4d8fcd8a57' deferred (needs 3 blocks, 6132 free, 0 slot(s) open) — admits when a peer retires
2026-10-06 15:42:16.566 INFO  sched: request 'chatcmpl-e5055b4d8fcd8a52' retired (steps): 256 tok in 9.4 s — prefill 31 tok (0 cached) in 257 ms; decode 255 tok / 143 passes in 9.2 s: 27.8 tok/s, 36.0 ms/tok, 64 ms/pass, 1.78 tok/pass, accept p1 79 %
2026-10-06 15:42:16.566 INFO  sched: request 'chatcmpl-e5055b4d8fcd8a57' starting prefill in slot 2 (31 prompt tokens)
2026-10-06 15:42:16.707 INFO  sched: request 'chatcmpl-e5055b4d8fcd8a57' prefix cache miss — 2 cut(s), the cache is empty
2026-10-06 15:42:16.707 INFO  sched: request 'chatcmpl-e5055b4d8fcd8a57' admitted to slot 2 (reserve 3 blocks; pool 12/6144 blocks in use) — first token 785
2026-10-06 15:42:18.426 INFO  stats: rank 2 | 10.0 s | decode 111.5 tok/s, 8.4 ms/tok, 61.7 ms/step (153 steps / 1120 tok, 94 % of wall) | mtp 1.83 tok/step/req, accept p1 83 % | prefill 4 prompts / 127 tok, 13 tok/s, 4.56 ms/tok, 145 ms avg (6 % of wall), 0 tok cached (0/4 hits) | live 4, queued 0 | pool 12/6144 blocks (0 %) | prefix cache 0/639 entries
2026-10-06 15:42:25.425 INFO  sched: request 'chatcmpl-e5055b4d8fcd8a55' retired (steps): 256 tok in 9.4 s — prefill 32 tok (0 cached) in 145 ms; decode 255 tok / 142 passes in 9.3 s: 27.5 tok/s, 36.4 ms/tok, 65 ms/pass, 1.80 tok/pass, accept p1 80 %
2026-10-06 15:42:25.425 INFO  sched: request 'chatcmpl-e5055b4d8fcd8a56' retired (steps): 256 tok in 9.2 s — prefill 32 tok (0 cached) in 149 ms; decode 255 tok / 141 passes in 9.1 s: 28.2 tok/s, 35.5 ms/tok, 64 ms/pass, 1.81 tok/pass, accept p1 81 %
2026-10-06 15:42:25.480 INFO  sched: request 'chatcmpl-e5055b4d8fcd8a54' retired (steps): 256 tok in 9.8 s — prefill 32 tok (0 cached) in 144 ms; decode 255 tok / 146 passes in 9.7 s: 26.4 tok/s, 37.9 ms/tok, 66 ms/pass, 1.75 tok/pass, accept p1 75 %
2026-10-06 15:42:25.642 INFO  sched: request 'chatcmpl-e5055b4d8fcd8a57' retired (steps): 256 tok in 9.1 s — prefill 31 tok (0 cached) in 141 ms; decode 255 tok / 144 passes in 8.9 s: 28.5 tok/s, 35.0 ms/tok, 62 ms/pass, 1.77 tok/pass, accept p1 77 %
2026-10-06 15:42:25.671 INFO  sched: request 'chatcmpl-e5055b4d8fcd8a58' starting prefill in slot 0 (51 prompt tokens)
2026-10-06 15:42:25.852 INFO  sched: request 'chatcmpl-e5055b4d8fcd8a58' prefix cache miss — 2 cut(s), the cache is empty
2026-10-06 15:42:25.852 INFO  sched: request 'chatcmpl-e5055b4d8fcd8a58' admitted to slot 0 (reserve 3 blocks; pool 3/6144 blocks in use) — first token 785
2026-10-06 15:42:28.431 INFO  stats: rank 2 | 10.0 s | decode 94.5 tok/s, 10.3 ms/tok, 49.6 ms/step (197 steps / 946 tok, 98 % of wall) | mtp 1.79 tok/step/req, accept p1 79 % | prefill 1 prompt / 51 tok, 5 tok/s, 3.53 ms/tok, 180 ms avg (2 % of wall), 0 tok cached (0/1 hit) | live 1, queued 0 | pool 3/6144 blocks (0 %) | prefix cache 0/639 entries
2026-10-06 15:42:29.998 INFO  sched: request 'chatcmpl-e5055b4d8fcd8a58' retired (steps): 256 tok in 4.3 s — prefill 51 tok (0 cached) in 180 ms; decode 255 tok / 129 passes in 4.1 s: 61.5 tok/s, 16.3 ms/tok, 32 ms/pass, 1.98 tok/pass, accept p1 98 %
2026-10-06 15:42:30.022 INFO  sched: request 'chatcmpl-e5055b4d8fcd8a59' starting prefill in slot 0 (51 prompt tokens)
2026-10-06 15:42:30.199 INFO  sched: request 'chatcmpl-e5055b4d8fcd8a59' prefix cache miss — 2 cut(s), the cache is empty
2026-10-06 15:42:30.199 INFO  sched: request 'chatcmpl-e5055b4d8fcd8a59' admitted to slot 0 (reserve 3 blocks; pool 3/6144 blocks in use) — first token 785
2026-10-06 15:42:34.341 INFO  sched: request 'chatcmpl-e5055b4d8fcd8a59' retired (steps): 256 tok in 4.3 s — prefill 51 tok (0 cached) in 177 ms; decode 255 tok / 129 passes in 4.1 s: 61.6 tok/s, 16.2 ms/tok, 32 ms/pass, 1.98 tok/pass, accept p1 98 %
2026-10-06 15:42:34.350 INFO  sched: request 'chatcmpl-e5055b4d8fcd8a5a' starting prefill in slot 0 (51 prompt tokens)
2026-10-06 15:42:34.525 INFO  sched: request 'chatcmpl-e5055b4d8fcd8a5a' prefix cache miss — 2 cut(s), the cache is empty
2026-10-06 15:42:34.525 INFO  sched: request 'chatcmpl-e5055b4d8fcd8a5a' admitted to slot 0 (reserve 3 blocks; pool 3/6144 blocks in use) — first token 785
2026-10-06 15:42:38.437 INFO  stats: rank 2 | 10.0 s | decode 59.4 tok/s, 16.2 ms/tok, 32.1 ms/step (299 steps / 594 tok, 96 % of wall) | mtp 1.99 tok/step/req, accept p1 98 % | prefill 2 prompts / 102 tok, 10 tok/s, 3.45 ms/tok, 176 ms avg (4 % of wall), 0 tok cached (0/2 hits) | live 1, queued 0 | pool 3/6144 blocks (0 %) | prefix cache 0/639 entries
2026-10-06 15:42:38.668 INFO  sched: request 'chatcmpl-e5055b4d8fcd8a5a' retired (steps): 256 tok in 4.3 s — prefill 51 tok (0 cached) in 175 ms; decode 255 tok / 129 passes in 4.1 s: 61.6 tok/s, 16.2 ms/tok, 32 ms/pass, 1.98 tok/pass, accept p1 98 %
2026-10-06 15:42:38.692 INFO  sched: request 'chatcmpl-e5055b4d8fcd8a5b' starting prefill in slot 0 (47 prompt tokens)
2026-10-06 15:42:38.692 INFO  sched: request 'chatcmpl-e5055b4d8fcd8a5c' starting prefill in slot 1 (51 prompt tokens)
2026-10-06 15:42:38.921 INFO  sched: request 'chatcmpl-e5055b4d8fcd8a5b' prefix cache miss — 2 cut(s), the cache is empty
2026-10-06 15:42:38.921 INFO  sched: request 'chatcmpl-e5055b4d8fcd8a5b' admitted to slot 0 (reserve 3 blocks; pool 4/6144 blocks in use) — first token 785
2026-10-06 15:42:38.921 INFO  sched: request 'chatcmpl-e5055b4d8fcd8a5c' prefix cache miss — 2 cut(s), the cache is empty
2026-10-06 15:42:38.921 INFO  sched: request 'chatcmpl-e5055b4d8fcd8a5c' admitted to slot 1 (reserve 3 blocks; pool 6/6144 blocks in use) — first token 785
2026-10-06 15:42:38.921 INFO  sched: 2 requests admitted together in one prefill (229 ms)
2026-10-06 15:42:44.775 INFO  sched: request 'chatcmpl-e5055b4d8fcd8a5b' retired (steps): 256 tok in 6.1 s — prefill 47 tok (0 cached) in 229 ms; decode 255 tok / 135 passes in 5.9 s: 43.6 tok/s, 23.0 ms/tok, 43 ms/pass, 1.89 tok/pass, accept p1 90 %
2026-10-06 15:42:44.939 INFO  sched: request 'chatcmpl-e5055b4d8fcd8a5c' retired (steps): 256 tok in 6.2 s — prefill 51 tok (0 cached) in 229 ms; decode 255 tok / 140 passes in 6.0 s: 42.4 tok/s, 23.6 ms/tok, 43 ms/pass, 1.82 tok/pass, accept p1 83 %
2026-10-06 15:42:44.968 INFO  sched: request 'chatcmpl-e5055b4d8fcd8a5d' starting prefill in slot 0 (47 prompt tokens)
2026-10-06 15:42:44.968 INFO  sched: request 'chatcmpl-e5055b4d8fcd8a5e' starting prefill in slot 1 (51 prompt tokens)
2026-10-06 15:42:45.201 INFO  sched: request 'chatcmpl-e5055b4d8fcd8a5d' prefix cache miss — 2 cut(s), the cache is empty
2026-10-06 15:42:45.201 INFO  sched: request 'chatcmpl-e5055b4d8fcd8a5d' admitted to slot 0 (reserve 3 blocks; pool 4/6144 blocks in use) — first token 785
2026-10-06 15:42:45.201 INFO  sched: request 'chatcmpl-e5055b4d8fcd8a5e' prefix cache miss — 2 cut(s), the cache is empty
2026-10-06 15:42:45.201 INFO  sched: request 'chatcmpl-e5055b4d8fcd8a5e' admitted to slot 1 (reserve 3 blocks; pool 6/6144 blocks in use) — first token 785
2026-10-06 15:42:45.201 INFO  sched: 2 requests admitted together in one prefill (233 ms)
2026-10-06 15:42:48.475 INFO  stats: rank 2 | 10.0 s | decode 81.0 tok/s, 11.7 ms/tok, 42.6 ms/step (223 steps / 813 tok, 95 % of wall) | mtp 1.87 tok/step/req, accept p1 87 % | prefill 4 prompts / 196 tok, 20 tok/s, 2.35 ms/tok, 115 ms avg (5 % of wall), 0 tok cached (0/4 hits) | live 2, queued 0 | pool 6/6144 blocks (0 %) | prefix cache 0/639 entries
2026-10-06 15:42:51.049 INFO  sched: request 'chatcmpl-e5055b4d8fcd8a5d' retired (steps): 256 tok in 6.1 s — prefill 47 tok (0 cached) in 233 ms; decode 255 tok / 135 passes in 5.8 s: 43.6 tok/s, 22.9 ms/tok, 43 ms/pass, 1.89 tok/pass, accept p1 90 %
2026-10-06 15:42:51.210 INFO  sched: request 'chatcmpl-e5055b4d8fcd8a5e' retired (steps): 256 tok in 6.2 s — prefill 51 tok (0 cached) in 233 ms; decode 255 tok / 140 passes in 6.0 s: 42.4 tok/s, 23.6 ms/tok, 43 ms/pass, 1.82 tok/pass, accept p1 83 %
2026-10-06 15:42:51.245 INFO  sched: request 'chatcmpl-e5055b4d8fcd8a5f' starting prefill in slot 0 (47 prompt tokens)
2026-10-06 15:42:51.245 INFO  sched: request 'chatcmpl-e5055b4d8fcd8a60' starting prefill in slot 1 (51 prompt tokens)
2026-10-06 15:42:51.474 INFO  sched: request 'chatcmpl-e5055b4d8fcd8a5f' prefix cache miss — 2 cut(s), the cache is empty
2026-10-06 15:42:51.474 INFO  sched: request 'chatcmpl-e5055b4d8fcd8a5f' admitted to slot 0 (reserve 3 blocks; pool 4/6144 blocks in use) — first token 785
2026-10-06 15:42:51.474 INFO  sched: request 'chatcmpl-e5055b4d8fcd8a60' prefix cache miss — 2 cut(s), the cache is empty
2026-10-06 15:42:51.474 INFO  sched: request 'chatcmpl-e5055b4d8fcd8a60' admitted to slot 1 (reserve 3 blocks; pool 6/6144 blocks in use) — first token 785
2026-10-06 15:42:51.474 INFO  sched: 2 requests admitted together in one prefill (228 ms)
2026-10-06 15:42:57.335 INFO  sched: request 'chatcmpl-e5055b4d8fcd8a5f' retired (steps): 256 tok in 6.1 s — prefill 47 tok (0 cached) in 228 ms; decode 255 tok / 135 passes in 5.9 s: 43.5 tok/s, 23.0 ms/tok, 43 ms/pass, 1.89 tok/pass, accept p1 90 %
2026-10-06 15:42:57.497 INFO  sched: request 'chatcmpl-e5055b4d8fcd8a60' retired (steps): 256 tok in 6.3 s — prefill 51 tok (0 cached) in 228 ms; decode 255 tok / 140 passes in 6.0 s: 42.3 tok/s, 23.6 ms/tok, 43 ms/pass, 1.82 tok/pass, accept p1 83 %
2026-10-06 15:42:57.532 INFO  sched: request 'chatcmpl-e5055b4d8fcd8a61' starting prefill in slot 0 (45 prompt tokens)
2026-10-06 15:42:57.532 INFO  sched: request 'chatcmpl-e5055b4d8fcd8a62' starting prefill in slot 1 (33 prompt tokens)
2026-10-06 15:42:57.532 INFO  sched: request 'chatcmpl-e5055b4d8fcd8a63' starting prefill in slot 2 (34 prompt tokens)
2026-10-06 15:42:57.532 INFO  sched: request 'chatcmpl-e5055b4d8fcd8a64' starting prefill in slot 3 (33 prompt tokens)
2026-10-06 15:42:57.824 INFO  sched: request 'chatcmpl-e5055b4d8fcd8a61' prefix cache miss — 2 cut(s), the cache is empty
2026-10-06 15:42:57.824 INFO  sched: request 'chatcmpl-e5055b4d8fcd8a61' admitted to slot 0 (reserve 3 blocks; pool 6/6144 blocks in use) — first token 785
2026-10-06 15:42:57.824 INFO  sched: request 'chatcmpl-e5055b4d8fcd8a62' prefix cache miss — 2 cut(s), the cache is empty
2026-10-06 15:42:57.824 INFO  sched: request 'chatcmpl-e5055b4d8fcd8a62' admitted to slot 1 (reserve 3 blocks; pool 8/6144 blocks in use) — first token 785
2026-10-06 15:42:57.824 INFO  sched: request 'chatcmpl-e5055b4d8fcd8a63' prefix cache miss — 2 cut(s), the cache is empty
2026-10-06 15:42:57.824 INFO  sched: request 'chatcmpl-e5055b4d8fcd8a63' admitted to slot 2 (reserve 3 blocks; pool 10/6144 blocks in use) — first token 785
2026-10-06 15:42:57.824 INFO  sched: request 'chatcmpl-e5055b4d8fcd8a64' prefix cache miss — 2 cut(s), the cache is empty
2026-10-06 15:42:57.824 INFO  sched: request 'chatcmpl-e5055b4d8fcd8a64' admitted to slot 3 (reserve 3 blocks; pool 12/6144 blocks in use) — first token 785
2026-10-06 15:42:57.824 INFO  sched: 4 requests admitted together in one prefill (292 ms)
2026-10-06 15:42:58.485 INFO  stats: rank 2 | 10.0 s | decode 82.1 tok/s, 11.4 ms/tok, 43.7 ms/step (215 steps / 822 tok, 94 % of wall) | mtp 1.86 tok/step/req, accept p1 86 % | prefill 6 prompts / 243 tok, 24 tok/s, 2.14 ms/tok, 87 ms avg (5 % of wall), 0 tok cached (0/6 hits) | live 4, queued 0 | pool 12/6144 blocks (0 %) | prefix cache 0/639 entries
2026-10-06 15:43:06.562 INFO  sched: request 'chatcmpl-e5055b4d8fcd8a61' retired (steps): 256 tok in 9.0 s — prefill 45 tok (0 cached) in 292 ms; decode 255 tok / 135 passes in 8.7 s: 29.2 tok/s, 34.3 ms/tok, 65 ms/pass, 1.89 tok/pass, accept p1 89 %
2026-10-06 15:43:06.629 INFO  sched: request 'chatcmpl-e5055b4d8fcd8a64' retired (steps): 256 tok in 9.1 s — prefill 33 tok (0 cached) in 292 ms; decode 255 tok / 136 passes in 8.8 s: 29.0 tok/s, 34.5 ms/tok, 65 ms/pass, 1.88 tok/pass, accept p1 88 %
2026-10-06 15:43:06.838 INFO  sched: request 'chatcmpl-e5055b4d8fcd8a62' retired (steps): 256 tok in 9.3 s — prefill 33 tok (0 cached) in 292 ms; decode 255 tok / 140 passes in 9.0 s: 28.3 tok/s, 35.4 ms/tok, 64 ms/pass, 1.82 tok/pass, accept p1 83 %
2026-10-06 15:43:06.976 INFO  sched: request 'chatcmpl-e5055b4d8fcd8a63' retired (steps): 256 tok in 9.4 s — prefill 34 tok (0 cached) in 292 ms; decode 255 tok / 144 passes in 9.2 s: 27.9 tok/s, 35.9 ms/tok, 64 ms/pass, 1.77 tok/pass, accept p1 78 %
2026-10-06 15:43:06.995 INFO  sched: request 'chatcmpl-e5055b4d8fcd8a65' starting prefill in slot 0 (34 prompt tokens)
2026-10-06 15:43:06.996 INFO  sched: request 'chatcmpl-e5055b4d8fcd8a66' starting prefill in slot 1 (45 prompt tokens)
2026-10-06 15:43:06.996 INFO  sched: request 'chatcmpl-e5055b4d8fcd8a67' starting prefill in slot 2 (33 prompt tokens)
2026-10-06 15:43:06.996 INFO  sched: request 'chatcmpl-e5055b4d8fcd8a68' starting prefill in slot 3 (33 prompt tokens)
2026-10-06 15:43:07.289 INFO  sched: request 'chatcmpl-e5055b4d8fcd8a65' prefix cache miss — 2 cut(s), the cache is empty
2026-10-06 15:43:07.289 INFO  sched: request 'chatcmpl-e5055b4d8fcd8a65' admitted to slot 0 (reserve 3 blocks; pool 6/6144 blocks in use) — first token 785
2026-10-06 15:43:07.289 INFO  sched: request 'chatcmpl-e5055b4d8fcd8a66' prefix cache miss — 2 cut(s), the cache is empty
2026-10-06 15:43:07.289 INFO  sched: request 'chatcmpl-e5055b4d8fcd8a66' admitted to slot 1 (reserve 3 blocks; pool 8/6144 blocks in use) — first token 785
2026-10-06 15:43:07.289 INFO  sched: request 'chatcmpl-e5055b4d8fcd8a67' prefix cache miss — 2 cut(s), the cache is empty
2026-10-06 15:43:07.289 INFO  sched: request 'chatcmpl-e5055b4d8fcd8a67' admitted to slot 2 (reserve 3 blocks; pool 10/6144 blocks in use) — first token 785
2026-10-06 15:43:07.289 INFO  sched: request 'chatcmpl-e5055b4d8fcd8a68' prefix cache miss — 2 cut(s), the cache is empty
2026-10-06 15:43:07.289 INFO  sched: request 'chatcmpl-e5055b4d8fcd8a68' admitted to slot 3 (reserve 3 blocks; pool 12/6144 blocks in use) — first token 785
2026-10-06 15:43:07.289 INFO  sched: 4 requests admitted together in one prefill (293 ms)
2026-10-06 15:43:08.515 INFO  stats: rank 2 | 10.0 s | decode 109.2 tok/s, 8.8 ms/tok, 63.3 ms/step (153 steps / 1095 tok, 97 % of wall) | mtp 1.85 tok/step/req, accept p1 85 % | prefill 4 prompts / 145 tok, 14 tok/s, 2.02 ms/tok, 73 ms avg (3 % of wall), 0 tok cached (0/4 hits) | live 4, queued 0 | pool 12/6144 blocks (0 %) | prefix cache 0/639 entries
2026-10-06 15:43:16.012 INFO  sched: request 'chatcmpl-e5055b4d8fcd8a66' retired (steps): 256 tok in 9.0 s — prefill 45 tok (0 cached) in 293 ms; decode 255 tok / 135 passes in 8.7 s: 29.2 tok/s, 34.2 ms/tok, 65 ms/pass, 1.89 tok/pass, accept p1 89 %
2026-10-06 15:43:16.078 INFO  sched: request 'chatcmpl-e5055b4d8fcd8a68' retired (steps): 256 tok in 9.1 s — prefill 33 tok (0 cached) in 293 ms; decode 255 tok / 136 passes in 8.8 s: 29.0 tok/s, 34.5 ms/tok, 65 ms/pass, 1.88 tok/pass, accept p1 88 %
2026-10-06 15:43:16.285 INFO  sched: request 'chatcmpl-e5055b4d8fcd8a67' retired (steps): 256 tok in 9.3 s — prefill 33 tok (0 cached) in 293 ms; decode 255 tok / 140 passes in 9.0 s: 28.3 tok/s, 35.3 ms/tok, 64 ms/pass, 1.82 tok/pass, accept p1 83 %
2026-10-06 15:43:16.416 INFO  sched: request 'chatcmpl-e5055b4d8fcd8a65' retired (steps): 256 tok in 9.4 s — prefill 34 tok (0 cached) in 293 ms; decode 255 tok / 144 passes in 9.1 s: 27.9 tok/s, 35.8 ms/tok, 63 ms/pass, 1.77 tok/pass, accept p1 78 %
2026-10-06 15:43:16.435 INFO  sched: request 'chatcmpl-e5055b4d8fcd8a69' starting prefill in slot 0 (45 prompt tokens)
2026-10-06 15:43:16.435 INFO  sched: request 'chatcmpl-e5055b4d8fcd8a6a' starting prefill in slot 1 (34 prompt tokens)
2026-10-06 15:43:16.435 INFO  sched: request 'chatcmpl-e5055b4d8fcd8a6b' starting prefill in slot 2 (33 prompt tokens)
2026-10-06 15:43:16.435 INFO  sched: request 'chatcmpl-e5055b4d8fcd8a6c' starting prefill in slot 3 (33 prompt tokens)
2026-10-06 15:43:16.727 INFO  sched: request 'chatcmpl-e5055b4d8fcd8a69' prefix cache miss — 2 cut(s), the cache is empty
2026-10-06 15:43:16.727 INFO  sched: request 'chatcmpl-e5055b4d8fcd8a69' admitted to slot 0 (reserve 3 blocks; pool 6/6144 blocks in use) — first token 785
2026-10-06 15:43:16.727 INFO  sched: request 'chatcmpl-e5055b4d8fcd8a6a' prefix cache miss — 2 cut(s), the cache is empty
2026-10-06 15:43:16.727 INFO  sched: request 'chatcmpl-e5055b4d8fcd8a6a' admitted to slot 1 (reserve 3 blocks; pool 8/6144 blocks in use) — first token 785
2026-10-06 15:43:16.727 INFO  sched: request 'chatcmpl-e5055b4d8fcd8a6b' prefix cache miss — 2 cut(s), the cache is empty
2026-10-06 15:43:16.727 INFO  sched: request 'chatcmpl-e5055b4d8fcd8a6b' admitted to slot 2 (reserve 3 blocks; pool 10/6144 blocks in use) — first token 785
2026-10-06 15:43:16.727 INFO  sched: request 'chatcmpl-e5055b4d8fcd8a6c' prefix cache miss — 2 cut(s), the cache is empty
2026-10-06 15:43:16.727 INFO  sched: request 'chatcmpl-e5055b4d8fcd8a6c' admitted to slot 3 (reserve 3 blocks; pool 12/6144 blocks in use) — first token 785
2026-10-06 15:43:16.727 INFO  sched: 4 requests admitted together in one prefill (292 ms)
2026-10-06 15:43:18.532 INFO  stats: rank 2 | 10.0 s | decode 108.7 tok/s, 8.9 ms/tok, 63.2 ms/step (153 steps / 1089 tok, 97 % of wall) | mtp 1.84 tok/step/req, accept p1 84 % | prefill 4 prompts / 145 tok, 14 tok/s, 2.01 ms/tok, 73 ms avg (3 % of wall), 0 tok cached (0/4 hits) | live 4, queued 0 | pool 12/6144 blocks (0 %) | prefix cache 0/639 entries
2026-10-06 15:43:25.447 INFO  sched: request 'chatcmpl-e5055b4d8fcd8a69' retired (steps): 256 tok in 9.0 s — prefill 45 tok (0 cached) in 292 ms; decode 255 tok / 135 passes in 8.7 s: 29.2 tok/s, 34.2 ms/tok, 65 ms/pass, 1.89 tok/pass, accept p1 89 %
2026-10-06 15:43:25.518 INFO  sched: request 'chatcmpl-e5055b4d8fcd8a6c' retired (steps): 256 tok in 9.1 s — prefill 33 tok (0 cached) in 292 ms; decode 255 tok / 136 passes in 8.8 s: 29.0 tok/s, 34.5 ms/tok, 65 ms/pass, 1.88 tok/pass, accept p1 88 %
2026-10-06 15:43:25.732 INFO  sched: request 'chatcmpl-e5055b4d8fcd8a6b' retired (steps): 256 tok in 9.3 s — prefill 33 tok (0 cached) in 292 ms; decode 255 tok / 140 passes in 9.0 s: 28.3 tok/s, 35.3 ms/tok, 64 ms/pass, 1.82 tok/pass, accept p1 83 %
2026-10-06 15:43:25.864 INFO  sched: request 'chatcmpl-e5055b4d8fcd8a6a' retired (steps): 256 tok in 9.4 s — prefill 34 tok (0 cached) in 292 ms; decode 255 tok / 144 passes in 9.1 s: 27.9 tok/s, 35.8 ms/tok, 63 ms/pass, 1.77 tok/pass, accept p1 78 %
2026-10-06 15:43:25.930 INFO  sched: request 'chatcmpl-e5055b4d8fcd8a6d' starting prefill in slot 0 (35 prompt tokens)
2026-10-06 15:43:25.930 INFO  sched: request 'chatcmpl-e5055b4d8fcd8a6e' starting prefill in slot 1 (33 prompt tokens)
2026-10-06 15:43:25.930 INFO  sched: request 'chatcmpl-e5055b4d8fcd8a6f' starting prefill in slot 2 (32 prompt tokens)
2026-10-06 15:43:25.930 INFO  sched: request 'chatcmpl-e5055b4d8fcd8a70' starting prefill in slot 3 (33 prompt tokens)
2026-10-06 15:43:26.206 INFO  sched: request 'chatcmpl-e5055b4d8fcd8a6d' prefix cache miss — 2 cut(s), the cache is empty
2026-10-06 15:43:26.206 INFO  sched: request 'chatcmpl-e5055b4d8fcd8a6d' admitted to slot 0 (reserve 3 blocks; pool 6/6144 blocks in use) — first token 785
2026-10-06 15:43:26.206 INFO  sched: request 'chatcmpl-e5055b4d8fcd8a6e' prefix cache miss — 2 cut(s), the cache is empty
2026-10-06 15:43:26.206 INFO  sched: request 'chatcmpl-e5055b4d8fcd8a6e' admitted to slot 1 (reserve 3 blocks; pool 8/6144 blocks in use) — first token 785
2026-10-06 15:43:26.206 INFO  sched: request 'chatcmpl-e5055b4d8fcd8a6f' prefix cache miss — 2 cut(s), the cache is empty
2026-10-06 15:43:26.206 INFO  sched: request 'chatcmpl-e5055b4d8fcd8a6f' admitted to slot 2 (reserve 3 blocks; pool 10/6144 blocks in use) — first token 785
2026-10-06 15:43:26.206 INFO  sched: request 'chatcmpl-e5055b4d8fcd8a70' prefix cache miss — 2 cut(s), the cache is empty
2026-10-06 15:43:26.206 INFO  sched: request 'chatcmpl-e5055b4d8fcd8a70' admitted to slot 3 (reserve 3 blocks; pool 12/6144 blocks in use) — first token 785
2026-10-06 15:43:26.206 INFO  sched: 4 requests admitted together in one prefill (275 ms)
2026-10-06 15:43:26.255 INFO  sched: request 'chatcmpl-e5055b4d8fcd8a71' deferred (needs 3 blocks, 6132 free, 0 slot(s) open) — admits when a peer retires
2026-10-06 15:43:28.533 INFO  stats: rank 2 | 10.0 s | decode 108.2 tok/s, 8.9 ms/tok, 63.4 ms/step (152 steps / 1082 tok, 96 % of wall) | mtp 1.84 tok/step/req, accept p1 84 % | prefill 4 prompts / 133 tok, 13 tok/s, 2.07 ms/tok, 69 ms avg (3 % of wall), 0 tok cached (0/4 hits) | live 4, queued 4 | pool 12/6144 blocks (0 %) | prefix cache 0/639 entries
2026-10-06 15:43:35.047 INFO  sched: request 'chatcmpl-e5055b4d8fcd8a6e' retired (steps): 256 tok in 9.1 s — prefill 33 tok (0 cached) in 275 ms; decode 255 tok / 136 passes in 8.8 s: 28.8 tok/s, 34.7 ms/tok, 65 ms/pass, 1.88 tok/pass, accept p1 88 %
2026-10-06 15:43:35.047 INFO  sched: request 'chatcmpl-e5055b4d8fcd8a71' starting prefill in slot 1 (35 prompt tokens)
2026-10-06 15:43:35.198 INFO  sched: request 'chatcmpl-e5055b4d8fcd8a71' prefix cache miss — 2 cut(s), the cache is empty
2026-10-06 15:43:35.198 INFO  sched: request 'chatcmpl-e5055b4d8fcd8a71' admitted to slot 1 (reserve 3 blocks; pool 12/6144 blocks in use) — first token 785
2026-10-06 15:43:35.263 INFO  sched: request 'chatcmpl-e5055b4d8fcd8a72' deferred (needs 3 blocks, 6132 free, 0 slot(s) open) — admits when a peer retires
2026-10-06 15:43:35.398 INFO  sched: request 'chatcmpl-e5055b4d8fcd8a6d' retired (steps): 256 tok in 9.5 s — prefill 35 tok (0 cached) in 275 ms; decode 255 tok / 139 passes in 9.2 s: 27.7 tok/s, 36.0 ms/tok, 66 ms/pass, 1.83 tok/pass, accept p1 84 %
2026-10-06 15:43:35.398 INFO  sched: request 'chatcmpl-e5055b4d8fcd8a72' starting prefill in slot 0 (35 prompt tokens)
2026-10-06 15:43:35.553 INFO  sched: request 'chatcmpl-e5055b4d8fcd8a72' prefix cache miss — 2 cut(s), the cache is empty
2026-10-06 15:43:35.553 INFO  sched: request 'chatcmpl-e5055b4d8fcd8a72' admitted to slot 0 (reserve 3 blocks; pool 12/6144 blocks in use) — first token 785
2026-10-06 15:43:35.618 INFO  sched: request 'chatcmpl-e5055b4d8fcd8a73' deferred (needs 3 blocks, 6132 free, 0 slot(s) open) — admits when a peer retires
2026-10-06 15:43:35.760 INFO  sched: request 'chatcmpl-e5055b4d8fcd8a6f' retired (steps): 256 tok in 9.8 s — prefill 32 tok (0 cached) in 275 ms; decode 255 tok / 142 passes in 9.6 s: 26.7 tok/s, 37.5 ms/tok, 67 ms/pass, 1.80 tok/pass, accept p1 80 %
2026-10-06 15:43:35.760 INFO  sched: request 'chatcmpl-e5055b4d8fcd8a73' starting prefill in slot 2 (33 prompt tokens)
2026-10-06 15:43:35.907 INFO  sched: request 'chatcmpl-e5055b4d8fcd8a73' prefix cache miss — 2 cut(s), the cache is empty
2026-10-06 15:43:35.907 INFO  sched: request 'chatcmpl-e5055b4d8fcd8a73' admitted to slot 2 (reserve 3 blocks; pool 12/6144 blocks in use) — first token 785
2026-10-06 15:43:35.968 INFO  sched: request 'chatcmpl-e5055b4d8fcd8a74' deferred (needs 3 blocks, 6132 free, 0 slot(s) open) — admits when a peer retires
2026-10-06 15:43:36.163 INFO  sched: request 'chatcmpl-e5055b4d8fcd8a70' retired (steps): 256 tok in 10.2 s — prefill 33 tok (0 cached) in 275 ms; decode 255 tok / 146 passes in 10.0 s: 25.6 tok/s, 39.0 ms/tok, 68 ms/pass, 1.75 tok/pass, accept p1 75 %
2026-10-06 15:43:36.163 INFO  sched: request 'chatcmpl-e5055b4d8fcd8a74' starting prefill in slot 3 (33 prompt tokens)
2026-10-06 15:43:36.311 INFO  sched: request 'chatcmpl-e5055b4d8fcd8a74' prefix cache miss — 2 cut(s), the cache is empty
2026-10-06 15:43:36.311 INFO  sched: request 'chatcmpl-e5055b4d8fcd8a74' admitted to slot 3 (reserve 3 blocks; pool 12/6144 blocks in use) — first token 785
2026-10-06 15:43:38.551 INFO  stats: rank 2 | 10.0 s | decode 104.6 tok/s, 9.0 ms/tok, 65.2 ms/step (144 steps / 1048 tok, 94 % of wall) | mtp 1.82 tok/step/req, accept p1 82 % | prefill 4 prompts / 136 tok, 14 tok/s, 4.43 ms/tok, 151 ms avg (6 % of wall), 0 tok cached (0/4 hits) | live 4, queued 0 | pool 12/6144 blocks (0 %) | prefix cache 0/639 entries
2026-10-06 15:43:44.400 INFO  sched: request 'chatcmpl-e5055b4d8fcd8a71' retired (steps): 256 tok in 9.4 s — prefill 35 tok (0 cached) in 151 ms; decode 255 tok / 134 passes in 9.2 s: 27.7 tok/s, 36.1 ms/tok, 69 ms/pass, 1.90 tok/pass, accept p1 90 %
2026-10-06 15:43:45.027 INFO  sched: request 'chatcmpl-e5055b4d8fcd8a72' retired (steps): 256 tok in 9.6 s — prefill 35 tok (0 cached) in 155 ms; decode 255 tok / 141 passes in 9.5 s: 26.9 tok/s, 37.2 ms/tok, 67 ms/pass, 1.81 tok/pass, accept p1 81 %
2026-10-06 15:43:45.204 INFO  sched: request 'chatcmpl-e5055b4d8fcd8a74' retired (steps): 256 tok in 9.0 s — prefill 33 tok (0 cached) in 148 ms; decode 255 tok / 137 passes in 8.9 s: 28.7 tok/s, 34.9 ms/tok, 65 ms/pass, 1.86 tok/pass, accept p1 86 %
2026-10-06 15:43:45.271 INFO  sched: request 'chatcmpl-e5055b4d8fcd8a73' retired (steps): 256 tok in 9.5 s — prefill 33 tok (0 cached) in 148 ms; decode 255 tok / 143 passes in 9.4 s: 27.2 tok/s, 36.7 ms/tok, 65 ms/pass, 1.78 tok/pass, accept p1 79 %
2026-10-06 15:43:45.301 INFO  sched: request 'chatcmpl-e5055b4d8fcd8a75' starting prefill in slot 0 (35 prompt tokens)
2026-10-06 15:43:45.301 INFO  sched: request 'chatcmpl-e5055b4d8fcd8a76' starting prefill in slot 1 (35 prompt tokens)
2026-10-06 15:43:45.301 INFO  sched: request 'chatcmpl-e5055b4d8fcd8a77' starting prefill in slot 2 (35 prompt tokens)
2026-10-06 15:43:45.301 INFO  sched: request 'chatcmpl-e5055b4d8fcd8a78' starting prefill in slot 3 (33 prompt tokens)
2026-10-06 15:43:45.587 INFO  sched: request 'chatcmpl-e5055b4d8fcd8a75' prefix cache miss — 2 cut(s), the cache is empty
2026-10-06 15:43:45.587 INFO  sched: request 'chatcmpl-e5055b4d8fcd8a75' admitted to slot 0 (reserve 3 blocks; pool 6/6144 blocks in use) — first token 785
2026-10-06 15:43:45.587 INFO  sched: request 'chatcmpl-e5055b4d8fcd8a76' prefix cache miss — 2 cut(s), the cache is empty
2026-10-06 15:43:45.587 INFO  sched: request 'chatcmpl-e5055b4d8fcd8a76' admitted to slot 1 (reserve 3 blocks; pool 8/6144 blocks in use) — first token 785
2026-10-06 15:43:45.587 INFO  sched: request 'chatcmpl-e5055b4d8fcd8a77' prefix cache miss — 2 cut(s), the cache is empty
2026-10-06 15:43:45.587 INFO  sched: request 'chatcmpl-e5055b4d8fcd8a77' admitted to slot 2 (reserve 3 blocks; pool 10/6144 blocks in use) — first token 785
2026-10-06 15:43:45.587 INFO  sched: request 'chatcmpl-e5055b4d8fcd8a78' prefix cache miss — 2 cut(s), the cache is empty
2026-10-06 15:43:45.587 INFO  sched: request 'chatcmpl-e5055b4d8fcd8a78' admitted to slot 3 (reserve 3 blocks; pool 12/6144 blocks in use) — first token 785
2026-10-06 15:43:45.587 INFO  sched: 4 requests admitted together in one prefill (285 ms)
2026-10-06 15:43:45.639 INFO  sched: request 'chatcmpl-e5055b4d8fcd8a79' deferred (needs 3 blocks, 6132 free, 0 slot(s) open) — admits when a peer retires
2026-10-06 15:43:48.585 INFO  stats: rank 2 | 10.0 s | decode 107.2 tok/s, 9.0 ms/tok, 64.2 ms/step (151 steps / 1076 tok, 97 % of wall) | mtp 1.85 tok/step/req, accept p1 84 % | prefill 4 prompts / 138 tok, 14 tok/s, 2.07 ms/tok, 71 ms avg (3 % of wall), 0 tok cached (0/4 hits) | live 4, queued 4 | pool 12/6144 blocks (0 %) | prefix cache 0/639 entries
2026-10-06 15:43:54.322 INFO  sched: request 'chatcmpl-e5055b4d8fcd8a77' retired (steps): 256 tok in 9.0 s — prefill 35 tok (0 cached) in 285 ms; decode 255 tok / 134 passes in 8.7 s: 29.2 tok/s, 34.3 ms/tok, 65 ms/pass, 1.90 tok/pass, accept p1 90 %
2026-10-06 15:43:54.322 INFO  sched: request 'chatcmpl-e5055b4d8fcd8a79' starting prefill in slot 2 (32 prompt tokens)
2026-10-06 15:43:54.469 INFO  sched: request 'chatcmpl-e5055b4d8fcd8a79' prefix cache miss — 2 cut(s), the cache is empty
2026-10-06 15:43:54.469 INFO  sched: request 'chatcmpl-e5055b4d8fcd8a79' admitted to slot 2 (reserve 3 blocks; pool 12/6144 blocks in use) — first token 785
2026-10-06 15:43:54.531 INFO  sched: request 'chatcmpl-e5055b4d8fcd8a7a' deferred (needs 3 blocks, 6132 free, 0 slot(s) open) — admits when a peer retires
2026-10-06 15:43:54.796 INFO  sched: request 'chatcmpl-e5055b4d8fcd8a75' retired (steps): 256 tok in 9.5 s — prefill 35 tok (0 cached) in 285 ms; decode 255 tok / 139 passes in 9.2 s: 27.7 tok/s, 36.1 ms/tok, 66 ms/pass, 1.83 tok/pass, accept p1 84 %
2026-10-06 15:43:54.797 INFO  sched: request 'chatcmpl-e5055b4d8fcd8a7a' starting prefill in slot 0 (33 prompt tokens)
2026-10-06 15:43:54.942 INFO  sched: request 'chatcmpl-e5055b4d8fcd8a7a' prefix cache miss — 2 cut(s), the cache is empty
2026-10-06 15:43:54.942 INFO  sched: request 'chatcmpl-e5055b4d8fcd8a7a' admitted to slot 0 (reserve 3 blocks; pool 12/6144 blocks in use) — first token 785
2026-10-06 15:43:55.003 INFO  sched: request 'chatcmpl-e5055b4d8fcd8a7b' deferred (needs 3 blocks, 6132 free, 0 slot(s) open) — admits when a peer retires
2026-10-06 15:43:55.072 INFO  sched: request 'chatcmpl-e5055b4d8fcd8a76' retired (steps): 256 tok in 9.8 s — prefill 35 tok (0 cached) in 285 ms; decode 255 tok / 141 passes in 9.5 s: 26.9 tok/s, 37.2 ms/tok, 67 ms/pass, 1.81 tok/pass, accept p1 81 %
2026-10-06 15:43:55.072 INFO  sched: request 'chatcmpl-e5055b4d8fcd8a7b' starting prefill in slot 1 (33 prompt tokens)
2026-10-06 15:43:55.217 INFO  sched: request 'chatcmpl-e5055b4d8fcd8a7b' prefix cache miss — 2 cut(s), the cache is empty
2026-10-06 15:43:55.217 INFO  sched: request 'chatcmpl-e5055b4d8fcd8a7b' admitted to slot 1 (reserve 3 blocks; pool 12/6144 blocks in use) — first token 785
2026-10-06 15:43:55.280 INFO  sched: request 'chatcmpl-e5055b4d8fcd8a7c' deferred (needs 3 blocks, 6132 free, 0 slot(s) open) — admits when a peer retires
2026-10-06 15:43:55.347 INFO  sched: request 'chatcmpl-e5055b4d8fcd8a78' retired (steps): 256 tok in 10.0 s — prefill 33 tok (0 cached) in 285 ms; decode 255 tok / 143 passes in 9.8 s: 26.1 tok/s, 38.3 ms/tok, 68 ms/pass, 1.78 tok/pass, accept p1 79 %
2026-10-06 15:43:55.347 INFO  sched: request 'chatcmpl-e5055b4d8fcd8a7c' starting prefill in slot 3 (33 prompt tokens)
2026-10-06 15:43:55.494 INFO  sched: request 'chatcmpl-e5055b4d8fcd8a7c' prefix cache miss — 2 cut(s), the cache is empty
2026-10-06 15:43:55.494 INFO  sched: request 'chatcmpl-e5055b4d8fcd8a7c' admitted to slot 3 (reserve 3 blocks; pool 12/6144 blocks in use) — first token 785
2026-10-06 15:43:58.600 INFO  stats: rank 2 | 10.0 s | decode 105.2 tok/s, 8.9 ms/tok, 65.3 ms/step (144 steps / 1054 tok, 94 % of wall) | mtp 1.83 tok/step/req, accept p1 83 % | prefill 4 prompts / 131 tok, 13 tok/s, 4.46 ms/tok, 146 ms avg (6 % of wall), 0 tok cached (0/4 hits) | live 4, queued 0 | pool 12/6144 blocks (0 %) | prefix cache 0/639 entries
2026-10-06 15:44:04.156 INFO  sched: request 'chatcmpl-e5055b4d8fcd8a7a' retired (steps): 256 tok in 9.4 s — prefill 33 tok (0 cached) in 145 ms; decode 255 tok / 136 passes in 9.2 s: 27.7 tok/s, 36.1 ms/tok, 68 ms/pass, 1.88 tok/pass, accept p1 88 %
2026-10-06 15:44:04.222 INFO  sched: request 'chatcmpl-e5055b4d8fcd8a79' retired (steps): 256 tok in 9.9 s — prefill 32 tok (0 cached) in 147 ms; decode 255 tok / 142 passes in 9.8 s: 26.1 tok/s, 38.2 ms/tok, 69 ms/pass, 1.80 tok/pass, accept p1 80 %
2026-10-06 15:44:04.344 INFO  sched: request 'chatcmpl-e5055b4d8fcd8a7b' retired (steps): 256 tok in 9.3 s — prefill 33 tok (0 cached) in 146 ms; decode 255 tok / 137 passes in 9.1 s: 27.9 tok/s, 35.8 ms/tok, 67 ms/pass, 1.86 tok/pass, accept p1 86 %
2026-10-06 15:44:04.701 INFO  sched: request 'chatcmpl-e5055b4d8fcd8a7c' retired (steps): 256 tok in 9.4 s — prefill 33 tok (0 cached) in 147 ms; decode 255 tok / 146 passes in 9.2 s: 27.7 tok/s, 36.1 ms/tok, 63 ms/pass, 1.75 tok/pass, accept p1 75 %
2026-10-06 15:44:04.737 INFO  sched: request 'chatcmpl-e5055b4d8fcd8a7d' starting prefill in slot 0 (35 prompt tokens)
2026-10-06 15:44:04.737 INFO  sched: request 'chatcmpl-e5055b4d8fcd8a7e' starting prefill in slot 1 (33 prompt tokens)
2026-10-06 15:44:04.737 INFO  sched: request 'chatcmpl-e5055b4d8fcd8a7f' starting prefill in slot 2 (35 prompt tokens)
2026-10-06 15:44:04.737 INFO  sched: request 'chatcmpl-e5055b4d8fcd8a80' starting prefill in slot 3 (33 prompt tokens)
2026-10-06 15:44:05.019 INFO  sched: request 'chatcmpl-e5055b4d8fcd8a7d' prefix cache miss — 2 cut(s), the cache is empty
2026-10-06 15:44:05.019 INFO  sched: request 'chatcmpl-e5055b4d8fcd8a7d' admitted to slot 0 (reserve 3 blocks; pool 6/6144 blocks in use) — first token 785
2026-10-06 15:44:05.019 INFO  sched: request 'chatcmpl-e5055b4d8fcd8a7e' prefix cache miss — 2 cut(s), the cache is empty
2026-10-06 15:44:05.019 INFO  sched: request 'chatcmpl-e5055b4d8fcd8a7e' admitted to slot 1 (reserve 3 blocks; pool 8/6144 blocks in use) — first token 785
2026-10-06 15:44:05.019 INFO  sched: request 'chatcmpl-e5055b4d8fcd8a7f' prefix cache miss — 2 cut(s), the cache is empty
2026-10-06 15:44:05.019 INFO  sched: request 'chatcmpl-e5055b4d8fcd8a7f' admitted to slot 2 (reserve 3 blocks; pool 10/6144 blocks in use) — first token 785
2026-10-06 15:44:05.019 INFO  sched: request 'chatcmpl-e5055b4d8fcd8a80' prefix cache miss — 2 cut(s), the cache is empty
2026-10-06 15:44:05.019 INFO  sched: request 'chatcmpl-e5055b4d8fcd8a80' admitted to slot 3 (reserve 3 blocks; pool 12/6144 blocks in use) — first token 785
2026-10-06 15:44:05.019 INFO  sched: 4 requests admitted together in one prefill (282 ms)
2026-10-06 15:44:05.068 INFO  sched: request 'chatcmpl-e5055b4d8fcd8a81' deferred (needs 3 blocks, 6132 free, 0 slot(s) open) — admits when a peer retires
2026-10-06 15:44:08.640 INFO  stats: rank 2 | 10.0 s | decode 106.0 tok/s, 9.1 ms/tok, 62.5 ms/step (155 steps / 1064 tok, 97 % of wall) | mtp 1.83 tok/step/req, accept p1 82 % | prefill 4 prompts / 136 tok, 14 tok/s, 2.08 ms/tok, 71 ms avg (3 % of wall), 0 tok cached (0/4 hits) | live 4, queued 4 | pool 12/6144 blocks (0 %) | prefix cache 0/639 entries
2026-10-06 15:44:13.722 INFO  sched: request 'chatcmpl-e5055b4d8fcd8a7f' retired (steps): 256 tok in 9.0 s — prefill 35 tok (0 cached) in 282 ms; decode 255 tok / 134 passes in 8.7 s: 29.3 tok/s, 34.1 ms/tok, 65 ms/pass, 1.90 tok/pass, accept p1 90 %
2026-10-06 15:44:13.722 INFO  sched: request 'chatcmpl-e5055b4d8fcd8a81' starting prefill in slot 2 (35 prompt tokens)
2026-10-06 15:44:13.873 INFO  sched: request 'chatcmpl-e5055b4d8fcd8a81' prefix cache miss — 2 cut(s), the cache is empty
2026-10-06 15:44:13.873 INFO  sched: request 'chatcmpl-e5055b4d8fcd8a81' admitted to slot 2 (reserve 3 blocks; pool 12/6144 blocks in use) — first token 785
2026-10-06 15:44:13.936 INFO  sched: request 'chatcmpl-e5055b4d8fcd8a82' deferred (needs 3 blocks, 6132 free, 0 slot(s) open) — admits when a peer retires
2026-10-06 15:44:14.010 INFO  sched: request 'chatcmpl-e5055b4d8fcd8a80' retired (steps): 256 tok in 9.3 s — prefill 33 tok (0 cached) in 282 ms; decode 255 tok / 136 passes in 9.0 s: 28.4 tok/s, 35.3 ms/tok, 66 ms/pass, 1.88 tok/pass, accept p1 88 %
2026-10-06 15:44:14.010 INFO  sched: request 'chatcmpl-e5055b4d8fcd8a82' starting prefill in slot 3 (33 prompt tokens)
2026-10-06 15:44:14.157 INFO  sched: request 'chatcmpl-e5055b4d8fcd8a82' prefix cache miss — 2 cut(s), the cache is empty
2026-10-06 15:44:14.157 INFO  sched: request 'chatcmpl-e5055b4d8fcd8a82' admitted to slot 3 (reserve 3 blocks; pool 12/6144 blocks in use) — first token 785
2026-10-06 15:44:14.219 INFO  sched: request 'chatcmpl-e5055b4d8fcd8a83' deferred (needs 3 blocks, 6132 free, 0 slot(s) open) — admits when a peer retires
2026-10-06 15:44:14.354 INFO  sched: request 'chatcmpl-e5055b4d8fcd8a7d' retired (steps): 256 tok in 9.6 s — prefill 35 tok (0 cached) in 282 ms; decode 255 tok / 139 passes in 9.3 s: 27.3 tok/s, 36.6 ms/tok, 67 ms/pass, 1.83 tok/pass, accept p1 84 %
2026-10-06 15:44:14.354 INFO  sched: request 'chatcmpl-e5055b4d8fcd8a83' starting prefill in slot 0 (33 prompt tokens)
2026-10-06 15:44:14.502 INFO  sched: request 'chatcmpl-e5055b4d8fcd8a83' prefix cache miss — 2 cut(s), the cache is empty
2026-10-06 15:44:14.502 INFO  sched: request 'chatcmpl-e5055b4d8fcd8a83' admitted to slot 0 (reserve 3 blocks; pool 12/6144 blocks in use) — first token 785
2026-10-06 15:44:14.565 INFO  sched: request 'chatcmpl-e5055b4d8fcd8a84' deferred (needs 3 blocks, 6132 free, 0 slot(s) open) — admits when a peer retires
2026-10-06 15:44:14.762 INFO  sched: request 'chatcmpl-e5055b4d8fcd8a7e' retired (steps): 256 tok in 10.0 s — prefill 33 tok (0 cached) in 282 ms; decode 255 tok / 143 passes in 9.7 s: 26.2 tok/s, 38.2 ms/tok, 68 ms/pass, 1.78 tok/pass, accept p1 79 %
2026-10-06 15:44:14.762 INFO  sched: request 'chatcmpl-e5055b4d8fcd8a84' starting prefill in slot 1 (32 prompt tokens)
2026-10-06 15:44:14.906 INFO  sched: request 'chatcmpl-e5055b4d8fcd8a84' prefix cache miss — 2 cut(s), the cache is empty
2026-10-06 15:44:14.906 INFO  sched: request 'chatcmpl-e5055b4d8fcd8a84' admitted to slot 1 (reserve 3 blocks; pool 12/6144 blocks in use) — first token 785
2026-10-06 15:44:18.676 INFO  stats: rank 2 | 10.0 s | decode 106.3 tok/s, 8.8 ms/tok, 65.4 ms/step (144 steps / 1067 tok, 94 % of wall) | mtp 1.85 tok/step/req, accept p1 85 % | prefill 4 prompts / 133 tok, 13 tok/s, 4.44 ms/tok, 148 ms avg (6 % of wall), 0 tok cached (0/4 hits) | live 4, queued 0 | pool 12/6144 blocks (0 %) | prefix cache 0/639 entries
2026-10-06 15:44:23.442 INFO  sched: request 'chatcmpl-e5055b4d8fcd8a82' retired (steps): 256 tok in 9.4 s — prefill 33 tok (0 cached) in 147 ms; decode 255 tok / 137 passes in 9.3 s: 27.5 tok/s, 36.4 ms/tok, 68 ms/pass, 1.86 tok/pass, accept p1 86 %
2026-10-06 15:44:23.554 INFO  sched: request 'chatcmpl-e5055b4d8fcd8a81' retired (steps): 256 tok in 9.8 s — prefill 35 tok (0 cached) in 151 ms; decode 255 tok / 141 passes in 9.7 s: 26.3 tok/s, 38.0 ms/tok, 69 ms/pass, 1.81 tok/pass, accept p1 81 %
2026-10-06 15:44:23.989 INFO  sched: request 'chatcmpl-e5055b4d8fcd8a83' retired (steps): 256 tok in 9.6 s — prefill 33 tok (0 cached) in 149 ms; decode 255 tok / 146 passes in 9.5 s: 26.9 tok/s, 37.2 ms/tok, 65 ms/pass, 1.75 tok/pass, accept p1 75 %
2026-10-06 15:44:23.989 INFO  sched: request 'chatcmpl-e5055b4d8fcd8a84' retired (steps): 256 tok in 9.2 s — prefill 32 tok (0 cached) in 144 ms; decode 255 tok / 142 passes in 9.1 s: 28.1 tok/s, 35.6 ms/tok, 64 ms/pass, 1.80 tok/pass, accept p1 80 %
2026-10-06 15:44:24.035 INFO  sched: request 'chatcmpl-e5055b4d8fcd8a85' starting prefill in slot 0 (46 prompt tokens)
2026-10-06 15:44:24.208 INFO  sched: request 'chatcmpl-e5055b4d8fcd8a85' prefix cache miss — 2 cut(s), the cache is empty
2026-10-06 15:44:24.208 INFO  sched: request 'chatcmpl-e5055b4d8fcd8a85' admitted to slot 0 (reserve 3 blocks; pool 3/6144 blocks in use) — first token 785
2026-10-06 15:44:28.313 INFO  sched: request 'chatcmpl-e5055b4d8fcd8a85' retired (steps): 256 tok in 4.3 s — prefill 46 tok (0 cached) in 173 ms; decode 255 tok / 130 passes in 4.1 s: 62.1 tok/s, 16.1 ms/tok, 32 ms/pass, 1.96 tok/pass, accept p1 96 %
2026-10-06 15:44:28.322 INFO  sched: request 'chatcmpl-e5055b4d8fcd8a86' starting prefill in slot 0 (46 prompt tokens)
2026-10-06 15:44:28.491 INFO  sched: request 'chatcmpl-e5055b4d8fcd8a86' prefix cache miss — 2 cut(s), the cache is empty
2026-10-06 15:44:28.491 INFO  sched: request 'chatcmpl-e5055b4d8fcd8a86' admitted to slot 0 (reserve 3 blocks; pool 3/6144 blocks in use) — first token 785
2026-10-06 15:44:28.680 INFO  stats: rank 2 | 10.0 s | decode 82.4 tok/s, 11.6 ms/tok, 43.5 ms/step (220 steps / 824 tok, 96 % of wall) | mtp 1.83 tok/step/req, accept p1 83 % | prefill 2 prompts / 92 tok, 9 tok/s, 3.73 ms/tok, 171 ms avg (3 % of wall), 0 tok cached (0/2 hits) | live 1, queued 0 | pool 3/6144 blocks (0 %) | prefix cache 0/639 entries
2026-10-06 15:44:32.590 INFO  sched: request 'chatcmpl-e5055b4d8fcd8a86' retired (steps): 256 tok in 4.3 s — prefill 46 tok (0 cached) in 170 ms; decode 255 tok / 130 passes in 4.1 s: 62.2 tok/s, 16.1 ms/tok, 32 ms/pass, 1.96 tok/pass, accept p1 96 %
2026-10-06 15:44:32.609 INFO  sched: request 'chatcmpl-e5055b4d8fcd8a87' starting prefill in slot 0 (46 prompt tokens)
2026-10-06 15:44:32.777 INFO  sched: request 'chatcmpl-e5055b4d8fcd8a87' prefix cache miss — 2 cut(s), the cache is empty
2026-10-06 15:44:32.777 INFO  sched: request 'chatcmpl-e5055b4d8fcd8a87' admitted to slot 0 (reserve 3 blocks; pool 3/6144 blocks in use) — first token 785
2026-10-06 15:44:36.889 INFO  sched: request 'chatcmpl-e5055b4d8fcd8a87' retired (steps): 256 tok in 4.3 s — prefill 46 tok (0 cached) in 168 ms; decode 255 tok / 130 passes in 4.1 s: 62.0 tok/s, 16.1 ms/tok, 32 ms/pass, 1.96 tok/pass, accept p1 96 %
2026-10-06 15:44:36.913 INFO  sched: request 'chatcmpl-e5055b4d8fcd8a88' starting prefill in slot 0 (47 prompt tokens)
2026-10-06 15:44:36.913 INFO  sched: request 'chatcmpl-e5055b4d8fcd8a89' starting prefill in slot 1 (46 prompt tokens)
2026-10-06 15:44:37.133 INFO  sched: request 'chatcmpl-e5055b4d8fcd8a88' prefix cache miss — 2 cut(s), the cache is empty
2026-10-06 15:44:37.133 INFO  sched: request 'chatcmpl-e5055b4d8fcd8a88' admitted to slot 0 (reserve 3 blocks; pool 4/6144 blocks in use) — first token 785
2026-10-06 15:44:37.133 INFO  sched: request 'chatcmpl-e5055b4d8fcd8a89' prefix cache miss — 2 cut(s), the cache is empty
2026-10-06 15:44:37.133 INFO  sched: request 'chatcmpl-e5055b4d8fcd8a89' admitted to slot 1 (reserve 3 blocks; pool 6/6144 blocks in use) — first token 785
2026-10-06 15:44:37.133 INFO  sched: 2 requests admitted together in one prefill (220 ms)
2026-10-06 15:44:38.697 INFO  stats: rank 2 | 10.0 s | decode 63.2 tok/s, 15.1 ms/tok, 32.9 ms/step (291 steps / 633 tok, 95 % of wall) | mtp 1.93 tok/step/req, accept p1 92 % | prefill 3 prompts / 139 tok, 14 tok/s, 2.79 ms/tok, 129 ms avg (4 % of wall), 0 tok cached (0/3 hits) | live 2, queued 0 | pool 6/6144 blocks (0 %) | prefix cache 0/639 entries
2026-10-06 15:44:42.872 INFO  sched: request 'chatcmpl-e5055b4d8fcd8a89' retired (steps): 256 tok in 6.0 s — prefill 46 tok (0 cached) in 220 ms; decode 255 tok / 132 passes in 5.7 s: 44.4 tok/s, 22.5 ms/tok, 43 ms/pass, 1.93 tok/pass, accept p1 94 %
2026-10-06 15:44:43.291 INFO  sched: request 'chatcmpl-e5055b4d8fcd8a88' retired (steps): 256 tok in 6.4 s — prefill 47 tok (0 cached) in 220 ms; decode 255 tok / 145 passes in 6.2 s: 41.4 tok/s, 24.1 ms/tok, 42 ms/pass, 1.76 tok/pass, accept p1 76 %
2026-10-06 15:44:43.310 INFO  sched: request 'chatcmpl-e5055b4d8fcd8a8a' starting prefill in slot 0 (46 prompt tokens)
2026-10-06 15:44:43.310 INFO  sched: request 'chatcmpl-e5055b4d8fcd8a8b' starting prefill in slot 1 (47 prompt tokens)
2026-10-06 15:44:43.529 INFO  sched: request 'chatcmpl-e5055b4d8fcd8a8a' prefix cache miss — 2 cut(s), the cache is empty
2026-10-06 15:44:43.529 INFO  sched: request 'chatcmpl-e5055b4d8fcd8a8a' admitted to slot 0 (reserve 3 blocks; pool 4/6144 blocks in use) — first token 785
2026-10-06 15:44:43.529 INFO  sched: request 'chatcmpl-e5055b4d8fcd8a8b' prefix cache miss — 2 cut(s), the cache is empty
2026-10-06 15:44:43.529 INFO  sched: request 'chatcmpl-e5055b4d8fcd8a8b' admitted to slot 1 (reserve 3 blocks; pool 6/6144 blocks in use) — first token 785
2026-10-06 15:44:43.529 INFO  sched: 2 requests admitted together in one prefill (219 ms)
2026-10-06 15:44:48.697 INFO  stats: rank 2 | 10.0 s | decode 81.6 tok/s, 11.9 ms/tok, 42.9 ms/step (227 steps / 816 tok, 97 % of wall) | mtp 1.85 tok/step/req, accept p1 85 % | prefill 2 prompts / 93 tok, 9 tok/s, 2.35 ms/tok, 109 ms avg (2 % of wall), 0 tok cached (0/2 hits) | live 2, queued 0 | pool 6/6144 blocks (0 %) | prefix cache 0/639 entries
2026-10-06 15:44:49.265 INFO  sched: request 'chatcmpl-e5055b4d8fcd8a8a' retired (steps): 256 tok in 6.0 s — prefill 46 tok (0 cached) in 219 ms; decode 255 tok / 132 passes in 5.7 s: 44.5 tok/s, 22.5 ms/tok, 43 ms/pass, 1.93 tok/pass, accept p1 94 %
2026-10-06 15:44:49.676 INFO  sched: request 'chatcmpl-e5055b4d8fcd8a8b' retired (steps): 256 tok in 6.4 s — prefill 47 tok (0 cached) in 219 ms; decode 255 tok / 145 passes in 6.1 s: 41.5 tok/s, 24.1 ms/tok, 42 ms/pass, 1.76 tok/pass, accept p1 76 %
2026-10-06 15:44:49.701 INFO  sched: request 'chatcmpl-e5055b4d8fcd8a8c' starting prefill in slot 0 (46 prompt tokens)
2026-10-06 15:44:49.701 INFO  sched: request 'chatcmpl-e5055b4d8fcd8a8d' starting prefill in slot 1 (47 prompt tokens)
2026-10-06 15:44:49.922 INFO  sched: request 'chatcmpl-e5055b4d8fcd8a8c' prefix cache miss — 2 cut(s), the cache is empty
2026-10-06 15:44:49.922 INFO  sched: request 'chatcmpl-e5055b4d8fcd8a8c' admitted to slot 0 (reserve 3 blocks; pool 4/6144 blocks in use) — first token 785
2026-10-06 15:44:49.922 INFO  sched: request 'chatcmpl-e5055b4d8fcd8a8d' prefix cache miss — 2 cut(s), the cache is empty
2026-10-06 15:44:49.922 INFO  sched: request 'chatcmpl-e5055b4d8fcd8a8d' admitted to slot 1 (reserve 3 blocks; pool 6/6144 blocks in use) — first token 785
2026-10-06 15:44:49.922 INFO  sched: 2 requests admitted together in one prefill (220 ms)
2026-10-06 15:44:55.653 INFO  sched: request 'chatcmpl-e5055b4d8fcd8a8c' retired (steps): 256 tok in 6.0 s — prefill 46 tok (0 cached) in 220 ms; decode 255 tok / 132 passes in 5.7 s: 44.5 tok/s, 22.5 ms/tok, 43 ms/pass, 1.93 tok/pass, accept p1 94 %
2026-10-06 15:44:56.061 INFO  sched: request 'chatcmpl-e5055b4d8fcd8a8d' retired (steps): 256 tok in 6.4 s — prefill 47 tok (0 cached) in 220 ms; decode 255 tok / 145 passes in 6.1 s: 41.5 tok/s, 24.1 ms/tok, 42 ms/pass, 1.76 tok/pass, accept p1 76 %
2026-10-06 15:44:56.107 INFO  sched: request 'chatcmpl-e5055b4d8fcd8a8e' starting prefill in slot 0 (45 prompt tokens)
2026-10-06 15:44:56.107 INFO  sched: request 'chatcmpl-e5055b4d8fcd8a8f' starting prefill in slot 1 (33 prompt tokens)
2026-10-06 15:44:56.107 INFO  sched: request 'chatcmpl-e5055b4d8fcd8a90' starting prefill in slot 2 (34 prompt tokens)
2026-10-06 15:44:56.107 INFO  sched: request 'chatcmpl-e5055b4d8fcd8a91' starting prefill in slot 3 (36 prompt tokens)
2026-10-06 15:44:56.400 INFO  sched: request 'chatcmpl-e5055b4d8fcd8a8e' prefix cache miss — 2 cut(s), the cache is empty
2026-10-06 15:44:56.400 INFO  sched: request 'chatcmpl-e5055b4d8fcd8a8e' admitted to slot 0 (reserve 3 blocks; pool 6/6144 blocks in use) — first token 785
2026-10-06 15:44:56.400 INFO  sched: request 'chatcmpl-e5055b4d8fcd8a8f' prefix cache miss — 2 cut(s), the cache is empty
2026-10-06 15:44:56.400 INFO  sched: request 'chatcmpl-e5055b4d8fcd8a8f' admitted to slot 1 (reserve 3 blocks; pool 8/6144 blocks in use) — first token 785
2026-10-06 15:44:56.400 INFO  sched: request 'chatcmpl-e5055b4d8fcd8a90' prefix cache miss — 2 cut(s), the cache is empty
2026-10-06 15:44:56.400 INFO  sched: request 'chatcmpl-e5055b4d8fcd8a90' admitted to slot 2 (reserve 3 blocks; pool 10/6144 blocks in use) — first token 785
2026-10-06 15:44:56.400 INFO  sched: request 'chatcmpl-e5055b4d8fcd8a91' prefix cache miss — 2 cut(s), the cache is empty
2026-10-06 15:44:56.400 INFO  sched: request 'chatcmpl-e5055b4d8fcd8a91' admitted to slot 3 (reserve 3 blocks; pool 12/6144 blocks in use) — first token 785
2026-10-06 15:44:56.400 INFO  sched: 4 requests admitted together in one prefill (293 ms)
2026-10-06 15:44:58.721 INFO  stats: rank 2 | 10.0 s | decode 87.8 tok/s, 10.7 ms/tok, 45.0 ms/step (209 steps / 880 tok, 94 % of wall) | mtp 1.88 tok/step/req, accept p1 87 % | prefill 6 prompts / 241 tok, 24 tok/s, 2.13 ms/tok, 86 ms avg (5 % of wall), 0 tok cached (0/6 hits) | live 4, queued 0 | pool 12/6144 blocks (0 %) | prefix cache 0/639 entries
2026-10-06 15:45:04.646 INFO  sched: request 'chatcmpl-e5055b4d8fcd8a8e' retired (steps): 256 tok in 8.5 s — prefill 45 tok (0 cached) in 293 ms; decode 255 tok / 130 passes in 8.2 s: 30.9 tok/s, 32.3 ms/tok, 63 ms/pass, 1.96 tok/pass, accept p1 97 %
2026-10-06 15:45:04.646 INFO  sched: request 'chatcmpl-e5055b4d8fcd8a90' retired (steps): 256 tok in 8.5 s — prefill 34 tok (0 cached) in 293 ms; decode 255 tok / 130 passes in 8.2 s: 30.9 tok/s, 32.3 ms/tok, 63 ms/pass, 1.96 tok/pass, accept p1 96 %
2026-10-06 15:45:04.712 INFO  sched: request 'chatcmpl-e5055b4d8fcd8a8f' retired (steps): 256 tok in 8.6 s — prefill 33 tok (0 cached) in 293 ms; decode 255 tok / 131 passes in 8.3 s: 30.7 tok/s, 32.6 ms/tok, 63 ms/pass, 1.95 tok/pass, accept p1 95 %
2026-10-06 15:45:04.780 INFO  sched: request 'chatcmpl-e5055b4d8fcd8a91' retired (steps): 256 tok in 8.7 s — prefill 36 tok (0 cached) in 293 ms; decode 255 tok / 133 passes in 8.4 s: 30.4 tok/s, 32.9 ms/tok, 63 ms/pass, 1.92 tok/pass, accept p1 92 %
2026-10-06 15:45:04.815 INFO  sched: request 'chatcmpl-e5055b4d8fcd8a92' starting prefill in slot 0 (45 prompt tokens)
2026-10-06 15:45:04.815 INFO  sched: request 'chatcmpl-e5055b4d8fcd8a93' starting prefill in slot 1 (33 prompt tokens)
2026-10-06 15:45:04.815 INFO  sched: request 'chatcmpl-e5055b4d8fcd8a94' starting prefill in slot 2 (36 prompt tokens)
2026-10-06 15:45:04.815 INFO  sched: request 'chatcmpl-e5055b4d8fcd8a95' starting prefill in slot 3 (34 prompt tokens)
2026-10-06 15:45:05.109 INFO  sched: request 'chatcmpl-e5055b4d8fcd8a92' prefix cache miss — 2 cut(s), the cache is empty
2026-10-06 15:45:05.109 INFO  sched: request 'chatcmpl-e5055b4d8fcd8a92' admitted to slot 0 (reserve 3 blocks; pool 6/6144 blocks in use) — first token 785
2026-10-06 15:45:05.109 INFO  sched: request 'chatcmpl-e5055b4d8fcd8a93' prefix cache miss — 2 cut(s), the cache is empty
2026-10-06 15:45:05.109 INFO  sched: request 'chatcmpl-e5055b4d8fcd8a93' admitted to slot 1 (reserve 3 blocks; pool 8/6144 blocks in use) — first token 785
2026-10-06 15:45:05.109 INFO  sched: request 'chatcmpl-e5055b4d8fcd8a94' prefix cache miss — 2 cut(s), the cache is empty
2026-10-06 15:45:05.109 INFO  sched: request 'chatcmpl-e5055b4d8fcd8a94' admitted to slot 2 (reserve 3 blocks; pool 10/6144 blocks in use) — first token 785
2026-10-06 15:45:05.109 INFO  sched: request 'chatcmpl-e5055b4d8fcd8a95' prefix cache miss — 2 cut(s), the cache is empty
2026-10-06 15:45:05.109 INFO  sched: request 'chatcmpl-e5055b4d8fcd8a95' admitted to slot 3 (reserve 3 blocks; pool 12/6144 blocks in use) — first token 785
2026-10-06 15:45:05.109 INFO  sched: 4 requests admitted together in one prefill (294 ms)
2026-10-06 15:45:08.734 INFO  stats: rank 2 | 10.0 s | decode 117.8 tok/s, 8.2 ms/tok, 63.2 ms/step (153 steps / 1180 tok, 97 % of wall) | mtp 1.95 tok/step/req, accept p1 95 % | prefill 4 prompts / 148 tok, 15 tok/s, 1.98 ms/tok, 73 ms avg (3 % of wall), 0 tok cached (0/4 hits) | live 4, queued 0 | pool 12/6144 blocks (0 %) | prefix cache 0/639 entries
2026-10-06 15:45:13.371 INFO  sched: request 'chatcmpl-e5055b4d8fcd8a92' retired (steps): 256 tok in 8.6 s — prefill 45 tok (0 cached) in 294 ms; decode 255 tok / 130 passes in 8.3 s: 30.9 tok/s, 32.4 ms/tok, 64 ms/pass, 1.96 tok/pass, accept p1 97 %
2026-10-06 15:45:13.372 INFO  sched: request 'chatcmpl-e5055b4d8fcd8a95' retired (steps): 256 tok in 8.6 s — prefill 34 tok (0 cached) in 294 ms; decode 255 tok / 130 passes in 8.3 s: 30.9 tok/s, 32.4 ms/tok, 64 ms/pass, 1.96 tok/pass, accept p1 96 %
2026-10-06 15:45:13.427 INFO  sched: request 'chatcmpl-e5055b4d8fcd8a93' retired (steps): 256 tok in 8.6 s — prefill 33 tok (0 cached) in 294 ms; decode 255 tok / 131 passes in 8.3 s: 30.7 tok/s, 32.6 ms/tok, 63 ms/pass, 1.95 tok/pass, accept p1 95 %
2026-10-06 15:45:13.497 INFO  sched: request 'chatcmpl-e5055b4d8fcd8a94' retired (steps): 256 tok in 8.7 s — prefill 36 tok (0 cached) in 294 ms; decode 255 tok / 133 passes in 8.4 s: 30.4 tok/s, 32.9 ms/tok, 63 ms/pass, 1.92 tok/pass, accept p1 92 %
2026-10-06 15:45:13.511 INFO  sched: request 'chatcmpl-e5055b4d8fcd8a96' starting prefill in slot 0 (36 prompt tokens)
2026-10-06 15:45:13.511 INFO  sched: request 'chatcmpl-e5055b4d8fcd8a97' starting prefill in slot 1 (33 prompt tokens)
2026-10-06 15:45:13.511 INFO  sched: request 'chatcmpl-e5055b4d8fcd8a98' starting prefill in slot 2 (34 prompt tokens)
2026-10-06 15:45:13.511 INFO  sched: request 'chatcmpl-e5055b4d8fcd8a99' starting prefill in slot 3 (45 prompt tokens)
2026-10-06 15:45:13.802 INFO  sched: request 'chatcmpl-e5055b4d8fcd8a96' prefix cache miss — 2 cut(s), the cache is empty
2026-10-06 15:45:13.802 INFO  sched: request 'chatcmpl-e5055b4d8fcd8a96' admitted to slot 0 (reserve 3 blocks; pool 6/6144 blocks in use) — first token 785
2026-10-06 15:45:13.802 INFO  sched: request 'chatcmpl-e5055b4d8fcd8a97' prefix cache miss — 2 cut(s), the cache is empty
2026-10-06 15:45:13.802 INFO  sched: request 'chatcmpl-e5055b4d8fcd8a97' admitted to slot 1 (reserve 3 blocks; pool 8/6144 blocks in use) — first token 785
2026-10-06 15:45:13.802 INFO  sched: request 'chatcmpl-e5055b4d8fcd8a98' prefix cache miss — 2 cut(s), the cache is empty
2026-10-06 15:45:13.802 INFO  sched: request 'chatcmpl-e5055b4d8fcd8a98' admitted to slot 2 (reserve 3 blocks; pool 10/6144 blocks in use) — first token 785
2026-10-06 15:45:13.802 INFO  sched: request 'chatcmpl-e5055b4d8fcd8a99' prefix cache miss — 2 cut(s), the cache is empty
2026-10-06 15:45:13.802 INFO  sched: request 'chatcmpl-e5055b4d8fcd8a99' admitted to slot 3 (reserve 3 blocks; pool 12/6144 blocks in use) — first token 785
2026-10-06 15:45:13.802 INFO  sched: 4 requests admitted together in one prefill (292 ms)
2026-10-06 15:45:18.788 INFO  stats: rank 2 | 10.1 s | decode 118.4 tok/s, 8.2 ms/tok, 63.0 ms/step (154 steps / 1190 tok, 97 % of wall) | mtp 1.96 tok/step/req, accept p1 96 % | prefill 4 prompts / 148 tok, 15 tok/s, 1.97 ms/tok, 73 ms avg (3 % of wall), 0 tok cached (0/4 hits) | live 4, queued 0 | pool 12/6144 blocks (0 %) | prefix cache 0/639 entries
2026-10-06 15:45:22.068 INFO  sched: request 'chatcmpl-e5055b4d8fcd8a98' retired (steps): 256 tok in 8.6 s — prefill 34 tok (0 cached) in 292 ms; decode 255 tok / 130 passes in 8.3 s: 30.9 tok/s, 32.4 ms/tok, 64 ms/pass, 1.96 tok/pass, accept p1 96 %
2026-10-06 15:45:22.068 INFO  sched: request 'chatcmpl-e5055b4d8fcd8a99' retired (steps): 256 tok in 8.6 s — prefill 45 tok (0 cached) in 292 ms; decode 255 tok / 130 passes in 8.3 s: 30.9 tok/s, 32.4 ms/tok, 64 ms/pass, 1.96 tok/pass, accept p1 97 %
2026-10-06 15:45:22.111 INFO  sched: request 'chatcmpl-e5055b4d8fcd8a97' retired (steps): 256 tok in 8.6 s — prefill 33 tok (0 cached) in 292 ms; decode 255 tok / 131 passes in 8.3 s: 30.7 tok/s, 32.6 ms/tok, 63 ms/pass, 1.95 tok/pass, accept p1 95 %
2026-10-06 15:45:22.178 INFO  sched: request 'chatcmpl-e5055b4d8fcd8a96' retired (steps): 256 tok in 8.7 s — prefill 36 tok (0 cached) in 292 ms; decode 255 tok / 133 passes in 8.4 s: 30.4 tok/s, 32.8 ms/tok, 63 ms/pass, 1.92 tok/pass, accept p1 92 %
2026-10-06 15:45:22.228 INFO  sched: request 'chatcmpl-e5055b4d8fcd8a9a' starting prefill in slot 0 (33 prompt tokens)
2026-10-06 15:45:22.228 INFO  sched: request 'chatcmpl-e5055b4d8fcd8a9b' starting prefill in slot 1 (34 prompt tokens)
2026-10-06 15:45:22.228 INFO  sched: request 'chatcmpl-e5055b4d8fcd8a9c' starting prefill in slot 2 (33 prompt tokens)
2026-10-06 15:45:22.228 INFO  sched: request 'chatcmpl-e5055b4d8fcd8a9d' starting prefill in slot 3 (34 prompt tokens)
2026-10-06 15:45:22.509 INFO  sched: request 'chatcmpl-e5055b4d8fcd8a9a' prefix cache miss — 2 cut(s), the cache is empty
2026-10-06 15:45:22.509 INFO  sched: request 'chatcmpl-e5055b4d8fcd8a9a' admitted to slot 0 (reserve 3 blocks; pool 6/6144 blocks in use) — first token 785
2026-10-06 15:45:22.509 INFO  sched: request 'chatcmpl-e5055b4d8fcd8a9b' prefix cache miss — 2 cut(s), the cache is empty
2026-10-06 15:45:22.509 INFO  sched: request 'chatcmpl-e5055b4d8fcd8a9b' admitted to slot 1 (reserve 3 blocks; pool 8/6144 blocks in use) — first token 785
2026-10-06 15:45:22.509 INFO  sched: request 'chatcmpl-e5055b4d8fcd8a9c' prefix cache miss — 2 cut(s), the cache is empty
2026-10-06 15:45:22.509 INFO  sched: request 'chatcmpl-e5055b4d8fcd8a9c' admitted to slot 2 (reserve 3 blocks; pool 10/6144 blocks in use) — first token 785
2026-10-06 15:45:22.509 INFO  sched: request 'chatcmpl-e5055b4d8fcd8a9d' prefix cache miss — 2 cut(s), the cache is empty
2026-10-06 15:45:22.509 INFO  sched: request 'chatcmpl-e5055b4d8fcd8a9d' admitted to slot 3 (reserve 3 blocks; pool 12/6144 blocks in use) — first token 785
2026-10-06 15:45:22.509 INFO  sched: 4 requests admitted together in one prefill (280 ms)
2026-10-06 15:45:22.558 INFO  sched: request 'chatcmpl-e5055b4d8fcd8a9e' deferred (needs 3 blocks, 6132 free, 0 slot(s) open) — admits when a peer retires
2026-10-06 15:45:28.802 INFO  stats: rank 2 | 10.0 s | decode 119.4 tok/s, 8.1 ms/tok, 62.3 ms/step (155 steps / 1196 tok, 96 % of wall) | mtp 1.95 tok/step/req, accept p1 95 % | prefill 4 prompts / 134 tok, 13 tok/s, 2.09 ms/tok, 70 ms avg (3 % of wall), 0 tok cached (0/4 hits) | live 4, queued 4 | pool 12/6144 blocks (0 %) | prefix cache 0/639 entries
2026-10-06 15:45:30.553 INFO  sched: request 'chatcmpl-e5055b4d8fcd8a9b' retired (steps): 256 tok in 8.3 s — prefill 34 tok (0 cached) in 280 ms; decode 255 tok / 129 passes in 8.0 s: 31.7 tok/s, 31.5 ms/tok, 62 ms/pass, 1.98 tok/pass, accept p1 98 %
2026-10-06 15:45:30.553 INFO  sched: request 'chatcmpl-e5055b4d8fcd8a9e' starting prefill in slot 1 (34 prompt tokens)
2026-10-06 15:45:30.703 INFO  sched: request 'chatcmpl-e5055b4d8fcd8a9e' prefix cache miss — 2 cut(s), the cache is empty
2026-10-06 15:45:30.703 INFO  sched: request 'chatcmpl-e5055b4d8fcd8a9e' admitted to slot 1 (reserve 3 blocks; pool 12/6144 blocks in use) — first token 785
2026-10-06 15:45:30.770 INFO  sched: request 'chatcmpl-e5055b4d8fcd8a9d' retired (steps): 256 tok in 8.5 s — prefill 34 tok (0 cached) in 280 ms; decode 255 tok / 130 passes in 8.3 s: 30.9 tok/s, 32.4 ms/tok, 64 ms/pass, 1.96 tok/pass, accept p1 96 %
2026-10-06 15:45:30.771 INFO  sched: request 'chatcmpl-e5055b4d8fcd8a9f' starting prefill in slot 3 (34 prompt tokens)
2026-10-06 15:45:30.918 INFO  sched: request 'chatcmpl-e5055b4d8fcd8a9f' prefix cache miss — 2 cut(s), the cache is empty
2026-10-06 15:45:30.918 INFO  sched: request 'chatcmpl-e5055b4d8fcd8a9f' admitted to slot 3 (reserve 3 blocks; pool 12/6144 blocks in use) — first token 785
2026-10-06 15:45:30.984 INFO  sched: request 'chatcmpl-e5055b4d8fcd8a9c' retired (steps): 256 tok in 8.8 s — prefill 33 tok (0 cached) in 280 ms; decode 255 tok / 131 passes in 8.5 s: 30.1 tok/s, 33.2 ms/tok, 65 ms/pass, 1.95 tok/pass, accept p1 95 %
2026-10-06 15:45:30.984 INFO  sched: request 'chatcmpl-e5055b4d8fcd8aa0' starting prefill in slot 2 (33 prompt tokens)
2026-10-06 15:45:31.131 INFO  sched: request 'chatcmpl-e5055b4d8fcd8aa0' prefix cache miss — 2 cut(s), the cache is empty
2026-10-06 15:45:31.131 INFO  sched: request 'chatcmpl-e5055b4d8fcd8aa0' admitted to slot 2 (reserve 3 blocks; pool 12/6144 blocks in use) — first token 785
2026-10-06 15:45:31.191 INFO  sched: request 'chatcmpl-e5055b4d8fcd8aa1' deferred (needs 3 blocks, 6132 free, 0 slot(s) open) — admits when a peer retires
2026-10-06 15:45:31.318 INFO  sched: request 'chatcmpl-e5055b4d8fcd8a9a' retired (steps): 256 tok in 9.1 s — prefill 33 tok (0 cached) in 280 ms; decode 255 tok / 134 passes in 8.8 s: 28.9 tok/s, 34.5 ms/tok, 66 ms/pass, 1.90 tok/pass, accept p1 90 %
2026-10-06 15:45:31.318 INFO  sched: request 'chatcmpl-e5055b4d8fcd8aa1' starting prefill in slot 0 (34 prompt tokens)
2026-10-06 15:45:31.468 INFO  sched: request 'chatcmpl-e5055b4d8fcd8aa1' prefix cache miss — 2 cut(s), the cache is empty
2026-10-06 15:45:31.468 INFO  sched: request 'chatcmpl-e5055b4d8fcd8aa1' admitted to slot 0 (reserve 3 blocks; pool 12/6144 blocks in use) — first token 785
2026-10-06 15:45:38.866 INFO  stats: rank 2 | 10.1 s | decode 114.6 tok/s, 8.2 ms/tok, 63.8 ms/step (148 steps / 1153 tok, 94 % of wall) | mtp 1.95 tok/step/req, accept p1 94 % | prefill 4 prompts / 135 tok, 13 tok/s, 4.40 ms/tok, 149 ms avg (6 % of wall), 0 tok cached (0/4 hits) | live 4, queued 0 | pool 12/6144 blocks (0 %) | prefix cache 0/639 entries
2026-10-06 15:45:39.709 INFO  sched: request 'chatcmpl-e5055b4d8fcd8aa0' retired (steps): 256 tok in 8.7 s — prefill 33 tok (0 cached) in 148 ms; decode 255 tok / 131 passes in 8.6 s: 29.7 tok/s, 33.6 ms/tok, 65 ms/pass, 1.95 tok/pass, accept p1 95 %
2026-10-06 15:45:39.776 INFO  sched: request 'chatcmpl-e5055b4d8fcd8a9f' retired (steps): 256 tok in 9.0 s — prefill 34 tok (0 cached) in 147 ms; decode 255 tok / 133 passes in 8.9 s: 28.8 tok/s, 34.7 ms/tok, 67 ms/pass, 1.92 tok/pass, accept p1 92 %
2026-10-06 15:45:39.820 INFO  sched: request 'chatcmpl-e5055b4d8fcd8aa1' retired (steps): 256 tok in 8.5 s — prefill 34 tok (0 cached) in 149 ms; decode 255 tok / 130 passes in 8.4 s: 30.5 tok/s, 32.8 ms/tok, 64 ms/pass, 1.96 tok/pass, accept p1 96 %
2026-10-06 15:45:39.854 INFO  sched: request 'chatcmpl-e5055b4d8fcd8a9e' retired (steps): 256 tok in 9.3 s — prefill 34 tok (0 cached) in 150 ms; decode 255 tok / 136 passes in 9.2 s: 27.9 tok/s, 35.9 ms/tok, 67 ms/pass, 1.88 tok/pass, accept p1 88 %
2026-10-06 15:45:39.878 INFO  sched: request 'chatcmpl-e5055b4d8fcd8aa2' starting prefill in slot 0 (33 prompt tokens)
2026-10-06 15:45:39.878 INFO  sched: request 'chatcmpl-e5055b4d8fcd8aa3' starting prefill in slot 1 (34 prompt tokens)
2026-10-06 15:45:39.878 INFO  sched: request 'chatcmpl-e5055b4d8fcd8aa4' starting prefill in slot 2 (34 prompt tokens)
2026-10-06 15:45:39.878 INFO  sched: request 'chatcmpl-e5055b4d8fcd8aa5' starting prefill in slot 3 (34 prompt tokens)
2026-10-06 15:45:40.156 INFO  sched: request 'chatcmpl-e5055b4d8fcd8aa2' prefix cache miss — 2 cut(s), the cache is empty
2026-10-06 15:45:40.156 INFO  sched: request 'chatcmpl-e5055b4d8fcd8aa2' admitted to slot 0 (reserve 3 blocks; pool 6/6144 blocks in use) — first token 785
2026-10-06 15:45:40.156 INFO  sched: request 'chatcmpl-e5055b4d8fcd8aa3' prefix cache miss — 2 cut(s), the cache is empty
2026-10-06 15:45:40.156 INFO  sched: request 'chatcmpl-e5055b4d8fcd8aa3' admitted to slot 1 (reserve 3 blocks; pool 8/6144 blocks in use) — first token 785
2026-10-06 15:45:40.156 INFO  sched: request 'chatcmpl-e5055b4d8fcd8aa4' prefix cache miss — 2 cut(s), the cache is empty
2026-10-06 15:45:40.156 INFO  sched: request 'chatcmpl-e5055b4d8fcd8aa4' admitted to slot 2 (reserve 3 blocks; pool 10/6144 blocks in use) — first token 785
2026-10-06 15:45:40.156 INFO  sched: request 'chatcmpl-e5055b4d8fcd8aa5' prefix cache miss — 2 cut(s), the cache is empty
2026-10-06 15:45:40.156 INFO  sched: request 'chatcmpl-e5055b4d8fcd8aa5' admitted to slot 3 (reserve 3 blocks; pool 12/6144 blocks in use) — first token 785
2026-10-06 15:45:40.156 INFO  sched: 4 requests admitted together in one prefill (278 ms)
2026-10-06 15:45:40.205 INFO  sched: request 'chatcmpl-e5055b4d8fcd8aa6' deferred (needs 3 blocks, 6132 free, 0 slot(s) open) — admits when a peer retires
2026-10-06 15:45:48.211 INFO  sched: request 'chatcmpl-e5055b4d8fcd8aa4' retired (steps): 256 tok in 8.3 s — prefill 34 tok (0 cached) in 278 ms; decode 255 tok / 129 passes in 8.1 s: 31.7 tok/s, 31.6 ms/tok, 62 ms/pass, 1.98 tok/pass, accept p1 98 %
2026-10-06 15:45:48.211 INFO  sched: request 'chatcmpl-e5055b4d8fcd8aa6' starting prefill in slot 2 (33 prompt tokens)
2026-10-06 15:45:48.361 INFO  sched: request 'chatcmpl-e5055b4d8fcd8aa6' prefix cache miss — 2 cut(s), the cache is empty
2026-10-06 15:45:48.361 INFO  sched: request 'chatcmpl-e5055b4d8fcd8aa6' admitted to slot 2 (reserve 3 blocks; pool 12/6144 blocks in use) — first token 785
2026-10-06 15:45:48.427 INFO  sched: request 'chatcmpl-e5055b4d8fcd8aa3' retired (steps): 256 tok in 8.5 s — prefill 34 tok (0 cached) in 278 ms; decode 255 tok / 130 passes in 8.3 s: 30.8 tok/s, 32.4 ms/tok, 64 ms/pass, 1.96 tok/pass, accept p1 96 %
2026-10-06 15:45:48.427 INFO  sched: request 'chatcmpl-e5055b4d8fcd8aa7' starting prefill in slot 1 (33 prompt tokens)
2026-10-06 15:45:48.572 INFO  sched: request 'chatcmpl-e5055b4d8fcd8aa7' prefix cache miss — 2 cut(s), the cache is empty
2026-10-06 15:45:48.573 INFO  sched: request 'chatcmpl-e5055b4d8fcd8aa7' admitted to slot 1 (reserve 3 blocks; pool 12/6144 blocks in use) — first token 785
2026-10-06 15:45:48.641 INFO  sched: request 'chatcmpl-e5055b4d8fcd8aa2' retired (steps): 256 tok in 8.8 s — prefill 33 tok (0 cached) in 278 ms; decode 255 tok / 131 passes in 8.5 s: 30.1 tok/s, 33.3 ms/tok, 65 ms/pass, 1.95 tok/pass, accept p1 95 %
2026-10-06 15:45:48.641 INFO  sched: request 'chatcmpl-e5055b4d8fcd8aa8' starting prefill in slot 0 (34 prompt tokens)
2026-10-06 15:45:48.794 INFO  sched: request 'chatcmpl-e5055b4d8fcd8aa8' prefix cache miss — 2 cut(s), the cache is empty
2026-10-06 15:45:48.794 INFO  sched: request 'chatcmpl-e5055b4d8fcd8aa8' admitted to slot 0 (reserve 3 blocks; pool 12/6144 blocks in use) — first token 785
2026-10-06 15:45:48.856 INFO  sched: request 'chatcmpl-e5055b4d8fcd8aa9' deferred (needs 3 blocks, 6132 free, 0 slot(s) open) — admits when a peer retires
2026-10-06 15:45:48.923 INFO  stats: rank 2 | 10.1 s | decode 114.1 tok/s, 8.1 ms/tok, 62.2 ms/step (149 steps / 1147 tok, 92 % of wall) | mtp 1.94 tok/step/req, accept p1 94 % | prefill 7 prompts / 235 tok, 23 tok/s, 3.09 ms/tok, 104 ms avg (7 % of wall), 0 tok cached (0/7 hits) | live 4, queued 1 | pool 12/6144 blocks (0 %) | prefix cache 0/639 entries
2026-10-06 15:45:49.121 INFO  sched: request 'chatcmpl-e5055b4d8fcd8aa5' retired (steps): 256 tok in 9.2 s — prefill 34 tok (0 cached) in 278 ms; decode 255 tok / 136 passes in 9.0 s: 28.4 tok/s, 35.2 ms/tok, 66 ms/pass, 1.88 tok/pass, accept p1 88 %
2026-10-06 15:45:49.121 INFO  sched: request 'chatcmpl-e5055b4d8fcd8aa9' starting prefill in slot 3 (34 prompt tokens)
2026-10-06 15:45:49.269 INFO  sched: request 'chatcmpl-e5055b4d8fcd8aa9' prefix cache miss — 2 cut(s), the cache is empty
2026-10-06 15:45:49.269 INFO  sched: request 'chatcmpl-e5055b4d8fcd8aa9' admitted to slot 3 (reserve 3 blocks; pool 12/6144 blocks in use) — first token 785
2026-10-06 15:45:57.333 INFO  sched: request 'chatcmpl-e5055b4d8fcd8aa7' retired (steps): 256 tok in 8.9 s — prefill 33 tok (0 cached) in 145 ms; decode 255 tok / 131 passes in 8.8 s: 29.1 tok/s, 34.4 ms/tok, 67 ms/pass, 1.95 tok/pass, accept p1 95 %
2026-10-06 15:45:57.464 INFO  sched: request 'chatcmpl-e5055b4d8fcd8aa6' retired (steps): 256 tok in 9.3 s — prefill 33 tok (0 cached) in 150 ms; decode 255 tok / 134 passes in 9.1 s: 28.0 tok/s, 35.7 ms/tok, 68 ms/pass, 1.90 tok/pass, accept p1 90 %
2026-10-06 15:45:57.532 INFO  sched: request 'chatcmpl-e5055b4d8fcd8aa8' retired (steps): 256 tok in 8.9 s — prefill 34 tok (0 cached) in 153 ms; decode 255 tok / 133 passes in 8.7 s: 29.2 tok/s, 34.3 ms/tok, 66 ms/pass, 1.92 tok/pass, accept p1 92 %
2026-10-06 15:45:57.598 INFO  sched: request 'chatcmpl-e5055b4d8fcd8aa9' retired (steps): 256 tok in 8.5 s — prefill 34 tok (0 cached) in 148 ms; decode 255 tok / 130 passes in 8.3 s: 30.6 tok/s, 32.7 ms/tok, 64 ms/pass, 1.96 tok/pass, accept p1 96 %
2026-10-06 15:45:57.633 INFO  sched: request 'chatcmpl-e5055b4d8fcd8aaa' starting prefill in slot 0 (34 prompt tokens)
2026-10-06 15:45:57.633 INFO  sched: request 'chatcmpl-e5055b4d8fcd8aab' starting prefill in slot 1 (33 prompt tokens)
2026-10-06 15:45:57.633 INFO  sched: request 'chatcmpl-e5055b4d8fcd8aac' starting prefill in slot 2 (34 prompt tokens)
2026-10-06 15:45:57.633 INFO  sched: request 'chatcmpl-e5055b4d8fcd8aad' starting prefill in slot 3 (33 prompt tokens)
2026-10-06 15:45:57.911 INFO  sched: request 'chatcmpl-e5055b4d8fcd8aaa' prefix cache miss — 2 cut(s), the cache is empty
2026-10-06 15:45:57.911 INFO  sched: request 'chatcmpl-e5055b4d8fcd8aaa' admitted to slot 0 (reserve 3 blocks; pool 6/6144 blocks in use) — first token 785
2026-10-06 15:45:57.911 INFO  sched: request 'chatcmpl-e5055b4d8fcd8aab' prefix cache miss — 2 cut(s), the cache is empty
2026-10-06 15:45:57.911 INFO  sched: request 'chatcmpl-e5055b4d8fcd8aab' admitted to slot 1 (reserve 3 blocks; pool 8/6144 blocks in use) — first token 785
2026-10-06 15:45:57.911 INFO  sched: request 'chatcmpl-e5055b4d8fcd8aac' prefix cache miss — 2 cut(s), the cache is empty
2026-10-06 15:45:57.911 INFO  sched: request 'chatcmpl-e5055b4d8fcd8aac' admitted to slot 2 (reserve 3 blocks; pool 10/6144 blocks in use) — first token 785
2026-10-06 15:45:57.911 INFO  sched: request 'chatcmpl-e5055b4d8fcd8aad' prefix cache miss — 2 cut(s), the cache is empty
2026-10-06 15:45:57.911 INFO  sched: request 'chatcmpl-e5055b4d8fcd8aad' admitted to slot 3 (reserve 3 blocks; pool 12/6144 blocks in use) — first token 785
2026-10-06 15:45:57.911 INFO  sched: 4 requests admitted together in one prefill (278 ms)
2026-10-06 15:45:57.961 INFO  sched: request 'chatcmpl-e5055b4d8fcd8aae' deferred (needs 3 blocks, 6132 free, 0 slot(s) open) — admits when a peer retires
2026-10-06 15:45:58.946 INFO  stats: rank 2 | 10.0 s | decode 115.0 tok/s, 8.3 ms/tok, 63.1 ms/step (151 steps / 1153 tok, 95 % of wall) | mtp 1.94 tok/step/req, accept p1 94 % | prefill 5 prompts / 168 tok, 17 tok/s, 2.54 ms/tok, 85 ms avg (4 % of wall), 0 tok cached (0/5 hits) | live 4, queued 4 | pool 12/6144 blocks (0 %) | prefix cache 0/639 entries
2026-10-06 15:46:05.954 INFO  sched: request 'chatcmpl-e5055b4d8fcd8aaa' retired (steps): 256 tok in 8.3 s — prefill 34 tok (0 cached) in 278 ms; decode 255 tok / 129 passes in 8.0 s: 31.7 tok/s, 31.5 ms/tok, 62 ms/pass, 1.98 tok/pass, accept p1 98 %
2026-10-06 15:46:05.954 INFO  sched: request 'chatcmpl-e5055b4d8fcd8aae' starting prefill in slot 0 (34 prompt tokens)
2026-10-06 15:46:06.105 INFO  sched: request 'chatcmpl-e5055b4d8fcd8aae' prefix cache miss — 2 cut(s), the cache is empty
2026-10-06 15:46:06.105 INFO  sched: request 'chatcmpl-e5055b4d8fcd8aae' admitted to slot 0 (reserve 3 blocks; pool 12/6144 blocks in use) — first token 785
2026-10-06 15:46:06.171 INFO  sched: request 'chatcmpl-e5055b4d8fcd8aac' retired (steps): 256 tok in 8.5 s — prefill 34 tok (0 cached) in 278 ms; decode 255 tok / 130 passes in 8.3 s: 30.9 tok/s, 32.4 ms/tok, 64 ms/pass, 1.96 tok/pass, accept p1 96 %
2026-10-06 15:46:06.171 INFO  sched: request 'chatcmpl-e5055b4d8fcd8aaf' starting prefill in slot 2 (34 prompt tokens)
2026-10-06 15:46:06.320 INFO  sched: request 'chatcmpl-e5055b4d8fcd8aaf' prefix cache miss — 2 cut(s), the cache is empty
2026-10-06 15:46:06.320 INFO  sched: request 'chatcmpl-e5055b4d8fcd8aaf' admitted to slot 2 (reserve 3 blocks; pool 12/6144 blocks in use) — first token 785
2026-10-06 15:46:06.386 INFO  sched: request 'chatcmpl-e5055b4d8fcd8aad' retired (steps): 256 tok in 8.8 s — prefill 33 tok (0 cached) in 278 ms; decode 255 tok / 131 passes in 8.5 s: 30.1 tok/s, 33.2 ms/tok, 65 ms/pass, 1.95 tok/pass, accept p1 95 %
2026-10-06 15:46:06.386 INFO  sched: request 'chatcmpl-e5055b4d8fcd8ab0' starting prefill in slot 3 (34 prompt tokens)
2026-10-06 15:46:06.536 INFO  sched: request 'chatcmpl-e5055b4d8fcd8ab0' prefix cache miss — 2 cut(s), the cache is empty
2026-10-06 15:46:06.536 INFO  sched: request 'chatcmpl-e5055b4d8fcd8ab0' admitted to slot 3 (reserve 3 blocks; pool 12/6144 blocks in use) — first token 785
2026-10-06 15:46:06.596 INFO  sched: request 'chatcmpl-e5055b4d8fcd8ab1' deferred (needs 3 blocks, 6132 free, 0 slot(s) open) — admits when a peer retires
2026-10-06 15:46:06.725 INFO  sched: request 'chatcmpl-e5055b4d8fcd8aab' retired (steps): 256 tok in 9.1 s — prefill 33 tok (0 cached) in 278 ms; decode 255 tok / 134 passes in 8.8 s: 28.9 tok/s, 34.6 ms/tok, 66 ms/pass, 1.90 tok/pass, accept p1 90 %
2026-10-06 15:46:06.725 INFO  sched: request 'chatcmpl-e5055b4d8fcd8ab1' starting prefill in slot 1 (33 prompt tokens)
2026-10-06 15:46:06.874 INFO  sched: request 'chatcmpl-e5055b4d8fcd8ab1' prefix cache miss — 2 cut(s), the cache is empty
2026-10-06 15:46:06.874 INFO  sched: request 'chatcmpl-e5055b4d8fcd8ab1' admitted to slot 1 (reserve 3 blocks; pool 12/6144 blocks in use) — first token 785
2026-10-06 15:46:09.003 INFO  stats: rank 2 | 10.1 s | decode 115.9 tok/s, 8.1 ms/tok, 62.9 ms/step (150 steps / 1166 tok, 94 % of wall) | mtp 1.94 tok/step/req, accept p1 94 % | prefill 4 prompts / 135 tok, 13 tok/s, 4.44 ms/tok, 150 ms avg (6 % of wall), 0 tok cached (0/4 hits) | live 4, queued 0 | pool 12/6144 blocks (0 %) | prefix cache 0/639 entries
2026-10-06 15:46:14.913 INFO  sched: request 'chatcmpl-e5055b4d8fcd8aaf' retired (steps): 256 tok in 8.7 s — prefill 34 tok (0 cached) in 149 ms; decode 255 tok / 130 passes in 8.6 s: 29.7 tok/s, 33.7 ms/tok, 66 ms/pass, 1.96 tok/pass, accept p1 96 %
2026-10-06 15:46:15.166 INFO  sched: request 'chatcmpl-e5055b4d8fcd8ab0' retired (steps): 256 tok in 8.8 s — prefill 34 tok (0 cached) in 150 ms; decode 255 tok / 133 passes in 8.6 s: 29.5 tok/s, 33.8 ms/tok, 65 ms/pass, 1.92 tok/pass, accept p1 92 %
2026-10-06 15:46:15.210 INFO  sched: request 'chatcmpl-e5055b4d8fcd8aae' retired (steps): 256 tok in 9.3 s — prefill 34 tok (0 cached) in 151 ms; decode 255 tok / 136 passes in 9.1 s: 28.0 tok/s, 35.7 ms/tok, 67 ms/pass, 1.88 tok/pass, accept p1 88 %
2026-10-06 15:46:15.210 INFO  sched: request 'chatcmpl-e5055b4d8fcd8ab1' retired (steps): 256 tok in 8.5 s — prefill 33 tok (0 cached) in 149 ms; decode 255 tok / 131 passes in 8.3 s: 30.6 tok/s, 32.7 ms/tok, 64 ms/pass, 1.95 tok/pass, accept p1 95 %
2026-10-06 15:46:15.267 INFO  sched: request 'chatcmpl-e5055b4d8fcd8ab2' starting prefill in slot 0 (68 prompt tokens)
2026-10-06 15:46:15.469 INFO  sched: request 'chatcmpl-e5055b4d8fcd8ab2' prefix cache miss — 2 cut(s), the cache is empty
2026-10-06 15:46:15.469 INFO  sched: request 'chatcmpl-e5055b4d8fcd8ab2' admitted to slot 0 (reserve 3 blocks; pool 3/6144 blocks in use) — first token 785
2026-10-06 15:46:19.008 INFO  stats: rank 2 | 10.0 s | decode 95.0 tok/s, 10.2 ms/tok, 46.8 ms/step (208 steps / 950 tok, 97 % of wall) | mtp 1.93 tok/step/req, accept p1 93 % | prefill 1 prompt / 68 tok, 7 tok/s, 2.97 ms/tok, 202 ms avg (2 % of wall), 0 tok cached (0/1 hit) | live 1, queued 0 | pool 3/6144 blocks (0 %) | prefix cache 0/639 entries
2026-10-06 15:46:19.724 INFO  sched: request 'chatcmpl-e5055b4d8fcd8ab2' retired (steps): 256 tok in 4.5 s — prefill 68 tok (0 cached) in 202 ms; decode 255 tok / 133 passes in 4.3 s: 59.9 tok/s, 16.7 ms/tok, 32 ms/pass, 1.92 tok/pass, accept p1 92 %
2026-10-06 15:46:19.755 INFO  sched: request 'chatcmpl-e5055b4d8fcd8ab3' starting prefill in slot 0 (68 prompt tokens)
2026-10-06 15:46:19.950 INFO  sched: request 'chatcmpl-e5055b4d8fcd8ab3' prefix cache miss — 2 cut(s), the cache is empty
2026-10-06 15:46:19.950 INFO  sched: request 'chatcmpl-e5055b4d8fcd8ab3' admitted to slot 0 (reserve 3 blocks; pool 3/6144 blocks in use) — first token 785
2026-10-06 15:46:24.205 INFO  sched: request 'chatcmpl-e5055b4d8fcd8ab3' retired (steps): 256 tok in 4.5 s — prefill 68 tok (0 cached) in 195 ms; decode 255 tok / 133 passes in 4.3 s: 59.9 tok/s, 16.7 ms/tok, 32 ms/pass, 1.92 tok/pass, accept p1 92 %
2026-10-06 15:46:24.219 INFO  sched: request 'chatcmpl-e5055b4d8fcd8ab4' starting prefill in slot 0 (68 prompt tokens)
2026-10-06 15:46:24.417 INFO  sched: request 'chatcmpl-e5055b4d8fcd8ab4' prefix cache miss — 2 cut(s), the cache is empty
2026-10-06 15:46:24.417 INFO  sched: request 'chatcmpl-e5055b4d8fcd8ab4' admitted to slot 0 (reserve 3 blocks; pool 3/6144 blocks in use) — first token 785
2026-10-06 15:46:28.664 INFO  sched: request 'chatcmpl-e5055b4d8fcd8ab4' retired (steps): 256 tok in 4.4 s — prefill 68 tok (0 cached) in 198 ms; decode 255 tok / 133 passes in 4.2 s: 60.0 tok/s, 16.7 ms/tok, 32 ms/pass, 1.92 tok/pass, accept p1 92 %
2026-10-06 15:46:28.764 INFO  sched: request 'chatcmpl-e5055b4d8fcd8ab5' starting prefill in slot 0 (54 prompt tokens)
2026-10-06 15:46:28.764 INFO  sched: request 'chatcmpl-e5055b4d8fcd8ab6' starting prefill in slot 1 (61 prompt tokens)
2026-10-06 15:46:29.021 INFO  sched: request 'chatcmpl-e5055b4d8fcd8ab5' prefix cache miss — 2 cut(s), the cache is empty
2026-10-06 15:46:29.021 INFO  sched: request 'chatcmpl-e5055b4d8fcd8ab5' admitted to slot 0 (reserve 3 blocks; pool 4/6144 blocks in use) — first token 785
2026-10-06 15:46:29.021 INFO  sched: request 'chatcmpl-e5055b4d8fcd8ab6' prefix cache miss — 2 cut(s), the cache is empty
2026-10-06 15:46:29.021 INFO  sched: request 'chatcmpl-e5055b4d8fcd8ab6' admitted to slot 1 (reserve 3 blocks; pool 6/6144 blocks in use) — first token 785
2026-10-06 15:46:29.021 INFO  sched: 2 requests admitted together in one prefill (257 ms)
2026-10-06 15:46:29.059 INFO  stats: rank 2 | 10.1 s | decode 55.9 tok/s, 16.4 ms/tok, 32.0 ms/step (289 steps / 562 tok, 92 % of wall) | mtp 1.94 tok/step/req, accept p1 92 % | prefill 4 prompts / 251 tok, 25 tok/s, 2.59 ms/tok, 162 ms avg (6 % of wall), 0 tok cached (0/4 hits) | live 2, queued 0 | pool 6/6144 blocks (0 %) | prefix cache 0/639 entries
2026-10-06 15:46:34.705 INFO  sched: request 'chatcmpl-e5055b4d8fcd8ab5' retired (steps): 256 tok in 5.9 s — prefill 54 tok (0 cached) in 257 ms; decode 255 tok / 130 passes in 5.7 s: 44.9 tok/s, 22.3 ms/tok, 44 ms/pass, 1.96 tok/pass, accept p1 97 %
2026-10-06 15:46:34.738 INFO  sched: request 'chatcmpl-e5055b4d8fcd8ab6' retired (steps): 256 tok in 6.0 s — prefill 61 tok (0 cached) in 257 ms; decode 255 tok / 131 passes in 5.7 s: 44.6 tok/s, 22.4 ms/tok, 44 ms/pass, 1.95 tok/pass, accept p1 95 %
2026-10-06 15:46:34.746 INFO  sched: request 'chatcmpl-e5055b4d8fcd8ab7' starting prefill in slot 0 (54 prompt tokens)
2026-10-06 15:46:34.747 INFO  sched: request 'chatcmpl-e5055b4d8fcd8ab8' starting prefill in slot 1 (61 prompt tokens)
2026-10-06 15:46:34.995 INFO  sched: request 'chatcmpl-e5055b4d8fcd8ab7' prefix cache miss — 2 cut(s), the cache is empty
2026-10-06 15:46:34.995 INFO  sched: request 'chatcmpl-e5055b4d8fcd8ab7' admitted to slot 0 (reserve 3 blocks; pool 4/6144 blocks in use) — first token 785
2026-10-06 15:46:34.995 INFO  sched: request 'chatcmpl-e5055b4d8fcd8ab8' prefix cache miss — 2 cut(s), the cache is empty
2026-10-06 15:46:34.995 INFO  sched: request 'chatcmpl-e5055b4d8fcd8ab8' admitted to slot 1 (reserve 3 blocks; pool 6/6144 blocks in use) — first token 785
2026-10-06 15:46:34.995 INFO  sched: 2 requests admitted together in one prefill (248 ms)
2026-10-06 15:46:39.096 INFO  stats: rank 2 | 10.0 s | decode 87.0 tok/s, 11.2 ms/tok, 43.6 ms/step (224 steps / 873 tok, 97 % of wall) | mtp 1.95 tok/step/req, accept p1 95 % | prefill 2 prompts / 115 tok, 11 tok/s, 2.16 ms/tok, 124 ms avg (2 % of wall), 0 tok cached (0/2 hits) | live 2, queued 0 | pool 6/6144 blocks (0 %) | prefix cache 0/639 entries
2026-10-06 15:46:40.676 INFO  sched: request 'chatcmpl-e5055b4d8fcd8ab7' retired (steps): 256 tok in 5.9 s — prefill 54 tok (0 cached) in 248 ms; decode 255 tok / 130 passes in 5.7 s: 44.9 tok/s, 22.3 ms/tok, 44 ms/pass, 1.96 tok/pass, accept p1 97 %
2026-10-06 15:46:40.709 INFO  sched: request 'chatcmpl-e5055b4d8fcd8ab8' retired (steps): 256 tok in 6.0 s — prefill 61 tok (0 cached) in 248 ms; decode 255 tok / 131 passes in 5.7 s: 44.6 tok/s, 22.4 ms/tok, 44 ms/pass, 1.95 tok/pass, accept p1 95 %
2026-10-06 15:46:40.739 INFO  sched: request 'chatcmpl-e5055b4d8fcd8ab9' starting prefill in slot 0 (61 prompt tokens)
2026-10-06 15:46:40.739 INFO  sched: request 'chatcmpl-e5055b4d8fcd8aba' starting prefill in slot 1 (54 prompt tokens)
2026-10-06 15:46:40.991 INFO  sched: request 'chatcmpl-e5055b4d8fcd8ab9' prefix cache miss — 2 cut(s), the cache is empty
2026-10-06 15:46:40.991 INFO  sched: request 'chatcmpl-e5055b4d8fcd8ab9' admitted to slot 0 (reserve 3 blocks; pool 4/6144 blocks in use) — first token 785
2026-10-06 15:46:40.991 INFO  sched: request 'chatcmpl-e5055b4d8fcd8aba' prefix cache miss — 2 cut(s), the cache is empty
2026-10-06 15:46:40.991 INFO  sched: request 'chatcmpl-e5055b4d8fcd8aba' admitted to slot 1 (reserve 3 blocks; pool 6/6144 blocks in use) — first token 785
2026-10-06 15:46:40.991 INFO  sched: 2 requests admitted together in one prefill (251 ms)
2026-10-06 15:46:46.682 INFO  sched: request 'chatcmpl-e5055b4d8fcd8aba' retired (steps): 256 tok in 5.9 s — prefill 54 tok (0 cached) in 251 ms; decode 255 tok / 130 passes in 5.7 s: 44.8 tok/s, 22.3 ms/tok, 44 ms/pass, 1.96 tok/pass, accept p1 97 %
2026-10-06 15:46:46.715 INFO  sched: request 'chatcmpl-e5055b4d8fcd8ab9' retired (steps): 256 tok in 6.0 s — prefill 61 tok (0 cached) in 251 ms; decode 255 tok / 131 passes in 5.7 s: 44.5 tok/s, 22.4 ms/tok, 44 ms/pass, 1.95 tok/pass, accept p1 95 %
2026-10-06 15:46:46.788 INFO  sched: request 'chatcmpl-e5055b4d8fcd8abb' starting prefill in slot 0 (35 prompt tokens)
2026-10-06 15:46:46.788 INFO  sched: request 'chatcmpl-e5055b4d8fcd8abc' starting prefill in slot 1 (39 prompt tokens)
2026-10-06 15:46:46.788 INFO  sched: request 'chatcmpl-e5055b4d8fcd8abd' starting prefill in slot 2 (54 prompt tokens)
2026-10-06 15:46:46.788 INFO  sched: request 'chatcmpl-e5055b4d8fcd8abe' starting prefill in slot 3 (37 prompt tokens)
2026-10-06 15:46:47.101 INFO  sched: request 'chatcmpl-e5055b4d8fcd8abb' prefix cache miss — 2 cut(s), the cache is empty
2026-10-06 15:46:47.101 INFO  sched: request 'chatcmpl-e5055b4d8fcd8abb' admitted to slot 0 (reserve 3 blocks; pool 6/6144 blocks in use) — first token 785
2026-10-06 15:46:47.101 INFO  sched: request 'chatcmpl-e5055b4d8fcd8abc' prefix cache miss — 2 cut(s), the cache is empty
2026-10-06 15:46:47.101 INFO  sched: request 'chatcmpl-e5055b4d8fcd8abc' admitted to slot 1 (reserve 3 blocks; pool 8/6144 blocks in use) — first token 785
2026-10-06 15:46:47.101 INFO  sched: request 'chatcmpl-e5055b4d8fcd8abd' prefix cache miss — 2 cut(s), the cache is empty
2026-10-06 15:46:47.101 INFO  sched: request 'chatcmpl-e5055b4d8fcd8abd' admitted to slot 2 (reserve 3 blocks; pool 10/6144 blocks in use) — first token 785
2026-10-06 15:46:47.101 INFO  sched: request 'chatcmpl-e5055b4d8fcd8abe' prefix cache miss — 2 cut(s), the cache is empty
2026-10-06 15:46:47.101 INFO  sched: request 'chatcmpl-e5055b4d8fcd8abe' admitted to slot 3 (reserve 3 blocks; pool 12/6144 blocks in use) — first token 785
2026-10-06 15:46:47.101 INFO  sched: 4 requests admitted together in one prefill (314 ms)
2026-10-06 15:46:49.108 INFO  stats: rank 2 | 10.0 s | decode 90.1 tok/s, 10.3 ms/tok, 46.6 ms/step (200 steps / 902 tok, 93 % of wall) | mtp 1.95 tok/step/req, accept p1 94 % | prefill 6 prompts / 280 tok, 28 tok/s, 2.02 ms/tok, 94 ms avg (6 % of wall), 0 tok cached (0/6 hits) | live 4, queued 0 | pool 12/6144 blocks (0 %) | prefix cache 0/639 entries
2026-10-06 15:46:55.703 INFO  sched: request 'chatcmpl-e5055b4d8fcd8abc' retired (steps): 256 tok in 8.9 s — prefill 39 tok (0 cached) in 314 ms; decode 255 tok / 132 passes in 8.6 s: 29.6 tok/s, 33.7 ms/tok, 65 ms/pass, 1.93 tok/pass, accept p1 93 %
2026-10-06 15:46:55.703 INFO  sched: request 'chatcmpl-e5055b4d8fcd8abd' retired (steps): 256 tok in 8.9 s — prefill 54 tok (0 cached) in 314 ms; decode 255 tok / 132 passes in 8.6 s: 29.6 tok/s, 33.7 ms/tok, 65 ms/pass, 1.93 tok/pass, accept p1 93 %
2026-10-06 15:46:55.892 INFO  sched: request 'chatcmpl-e5055b4d8fcd8abe' retired (steps): 256 tok in 9.1 s — prefill 37 tok (0 cached) in 314 ms; decode 255 tok / 135 passes in 8.8 s: 29.0 tok/s, 34.5 ms/tok, 65 ms/pass, 1.89 tok/pass, accept p1 90 %
2026-10-06 15:46:56.023 INFO  sched: request 'chatcmpl-e5055b4d8fcd8abb' retired (steps): 256 tok in 9.2 s — prefill 35 tok (0 cached) in 314 ms; decode 255 tok / 139 passes in 8.9 s: 28.6 tok/s, 35.0 ms/tok, 64 ms/pass, 1.83 tok/pass, accept p1 84 %
2026-10-06 15:46:56.037 INFO  sched: request 'chatcmpl-e5055b4d8fcd8abf' starting prefill in slot 0 (54 prompt tokens)
2026-10-06 15:46:56.037 INFO  sched: request 'chatcmpl-e5055b4d8fcd8ac0' starting prefill in slot 1 (39 prompt tokens)
2026-10-06 15:46:56.037 INFO  sched: request 'chatcmpl-e5055b4d8fcd8ac1' starting prefill in slot 2 (37 prompt tokens)
2026-10-06 15:46:56.037 INFO  sched: request 'chatcmpl-e5055b4d8fcd8ac2' starting prefill in slot 3 (35 prompt tokens)
2026-10-06 15:46:56.347 INFO  sched: request 'chatcmpl-e5055b4d8fcd8abf' prefix cache miss — 2 cut(s), the cache is empty
2026-10-06 15:46:56.347 INFO  sched: request 'chatcmpl-e5055b4d8fcd8abf' admitted to slot 0 (reserve 3 blocks; pool 6/6144 blocks in use) — first token 785
2026-10-06 15:46:56.347 INFO  sched: request 'chatcmpl-e5055b4d8fcd8ac0' prefix cache miss — 2 cut(s), the cache is empty
2026-10-06 15:46:56.347 INFO  sched: request 'chatcmpl-e5055b4d8fcd8ac0' admitted to slot 1 (reserve 3 blocks; pool 8/6144 blocks in use) — first token 785
2026-10-06 15:46:56.347 INFO  sched: request 'chatcmpl-e5055b4d8fcd8ac1' prefix cache miss — 2 cut(s), the cache is empty
2026-10-06 15:46:56.347 INFO  sched: request 'chatcmpl-e5055b4d8fcd8ac1' admitted to slot 2 (reserve 3 blocks; pool 10/6144 blocks in use) — first token 785
2026-10-06 15:46:56.347 INFO  sched: request 'chatcmpl-e5055b4d8fcd8ac2' prefix cache miss — 2 cut(s), the cache is empty
2026-10-06 15:46:56.347 INFO  sched: request 'chatcmpl-e5055b4d8fcd8ac2' admitted to slot 3 (reserve 3 blocks; pool 12/6144 blocks in use) — first token 785
2026-10-06 15:46:56.347 INFO  sched: 4 requests admitted together in one prefill (310 ms)
2026-10-06 15:46:59.144 INFO  stats: rank 2 | 10.0 s | decode 110.8 tok/s, 8.7 ms/tok, 64.2 ms/step (151 steps / 1112 tok, 97 % of wall) | mtp 1.90 tok/step/req, accept p1 89 % | prefill 4 prompts / 165 tok, 16 tok/s, 1.88 ms/tok, 77 ms avg (3 % of wall), 0 tok cached (0/4 hits) | live 4, queued 0 | pool 12/6144 blocks (0 %) | prefix cache 0/639 entries
2026-10-06 15:47:04.972 INFO  sched: request 'chatcmpl-e5055b4d8fcd8abf' retired (steps): 256 tok in 8.9 s — prefill 54 tok (0 cached) in 310 ms; decode 255 tok / 132 passes in 8.6 s: 29.6 tok/s, 33.8 ms/tok, 65 ms/pass, 1.93 tok/pass, accept p1 93 %
2026-10-06 15:47:04.972 INFO  sched: request 'chatcmpl-e5055b4d8fcd8ac0' retired (steps): 256 tok in 8.9 s — prefill 39 tok (0 cached) in 310 ms; decode 255 tok / 132 passes in 8.6 s: 29.6 tok/s, 33.8 ms/tok, 65 ms/pass, 1.93 tok/pass, accept p1 93 %
2026-10-06 15:47:05.155 INFO  sched: request 'chatcmpl-e5055b4d8fcd8ac1' retired (steps): 256 tok in 9.1 s — prefill 37 tok (0 cached) in 310 ms; decode 255 tok / 135 passes in 8.8 s: 29.0 tok/s, 34.5 ms/tok, 65 ms/pass, 1.89 tok/pass, accept p1 90 %
2026-10-06 15:47:05.288 INFO  sched: request 'chatcmpl-e5055b4d8fcd8ac2' retired (steps): 256 tok in 9.3 s — prefill 35 tok (0 cached) in 310 ms; decode 255 tok / 139 passes in 8.9 s: 28.5 tok/s, 35.1 ms/tok, 64 ms/pass, 1.83 tok/pass, accept p1 84 %
2026-10-06 15:47:05.302 INFO  sched: request 'chatcmpl-e5055b4d8fcd8ac3' starting prefill in slot 0 (35 prompt tokens)
2026-10-06 15:47:05.302 INFO  sched: request 'chatcmpl-e5055b4d8fcd8ac4' starting prefill in slot 1 (39 prompt tokens)
2026-10-06 15:47:05.302 INFO  sched: request 'chatcmpl-e5055b4d8fcd8ac5' starting prefill in slot 2 (37 prompt tokens)
2026-10-06 15:47:05.302 INFO  sched: request 'chatcmpl-e5055b4d8fcd8ac6' starting prefill in slot 3 (54 prompt tokens)
2026-10-06 15:47:05.613 INFO  sched: request 'chatcmpl-e5055b4d8fcd8ac3' prefix cache miss — 2 cut(s), the cache is empty
2026-10-06 15:47:05.613 INFO  sched: request 'chatcmpl-e5055b4d8fcd8ac3' admitted to slot 0 (reserve 3 blocks; pool 6/6144 blocks in use) — first token 785
2026-10-06 15:47:05.613 INFO  sched: request 'chatcmpl-e5055b4d8fcd8ac4' prefix cache miss — 2 cut(s), the cache is empty
2026-10-06 15:47:05.613 INFO  sched: request 'chatcmpl-e5055b4d8fcd8ac4' admitted to slot 1 (reserve 3 blocks; pool 8/6144 blocks in use) — first token 785
2026-10-06 15:47:05.613 INFO  sched: request 'chatcmpl-e5055b4d8fcd8ac5' prefix cache miss — 2 cut(s), the cache is empty
2026-10-06 15:47:05.613 INFO  sched: request 'chatcmpl-e5055b4d8fcd8ac5' admitted to slot 2 (reserve 3 blocks; pool 10/6144 blocks in use) — first token 785
2026-10-06 15:47:05.613 INFO  sched: request 'chatcmpl-e5055b4d8fcd8ac6' prefix cache miss — 2 cut(s), the cache is empty
2026-10-06 15:47:05.613 INFO  sched: request 'chatcmpl-e5055b4d8fcd8ac6' admitted to slot 3 (reserve 3 blocks; pool 12/6144 blocks in use) — first token 785
2026-10-06 15:47:05.613 INFO  sched: 4 requests admitted together in one prefill (311 ms)
2026-10-06 15:47:09.184 INFO  stats: rank 2 | 10.0 s | decode 110.7 tok/s, 8.7 ms/tok, 64.1 ms/step (151 steps / 1111 tok, 96 % of wall) | mtp 1.90 tok/step/req, accept p1 89 % | prefill 4 prompts / 165 tok, 16 tok/s, 1.89 ms/tok, 78 ms avg (3 % of wall), 0 tok cached (0/4 hits) | live 4, queued 0 | pool 12/6144 blocks (0 %) | prefix cache 0/639 entries
2026-10-06 15:47:14.227 INFO  sched: request 'chatcmpl-e5055b4d8fcd8ac4' retired (steps): 256 tok in 8.9 s — prefill 39 tok (0 cached) in 311 ms; decode 255 tok / 132 passes in 8.6 s: 29.6 tok/s, 33.8 ms/tok, 65 ms/pass, 1.93 tok/pass, accept p1 93 %
2026-10-06 15:47:14.227 INFO  sched: request 'chatcmpl-e5055b4d8fcd8ac6' retired (steps): 256 tok in 8.9 s — prefill 54 tok (0 cached) in 311 ms; decode 255 tok / 132 passes in 8.6 s: 29.6 tok/s, 33.8 ms/tok, 65 ms/pass, 1.93 tok/pass, accept p1 93 %
2026-10-06 15:47:14.389 INFO  sched: request 'chatcmpl-e5055b4d8fcd8ac5' retired (steps): 256 tok in 9.1 s — prefill 37 tok (0 cached) in 311 ms; decode 255 tok / 135 passes in 8.8 s: 29.1 tok/s, 34.4 ms/tok, 65 ms/pass, 1.89 tok/pass, accept p1 90 %
2026-10-06 15:47:14.520 INFO  sched: request 'chatcmpl-e5055b4d8fcd8ac3' retired (steps): 256 tok in 9.2 s — prefill 35 tok (0 cached) in 311 ms; decode 255 tok / 139 passes in 8.9 s: 28.6 tok/s, 34.9 ms/tok, 64 ms/pass, 1.83 tok/pass, accept p1 84 %
2026-10-06 15:47:14.573 INFO  sched: request 'chatcmpl-e5055b4d8fcd8ac7' starting prefill in slot 0 (39 prompt tokens)
2026-10-06 15:47:14.573 INFO  sched: request 'chatcmpl-e5055b4d8fcd8ac8' starting prefill in slot 1 (36 prompt tokens)
2026-10-06 15:47:14.573 INFO  sched: request 'chatcmpl-e5055b4d8fcd8ac9' starting prefill in slot 2 (40 prompt tokens)
2026-10-06 15:47:14.573 INFO  sched: request 'chatcmpl-e5055b4d8fcd8aca' starting prefill in slot 3 (42 prompt tokens)
2026-10-06 15:47:14.881 INFO  sched: request 'chatcmpl-e5055b4d8fcd8ac7' prefix cache miss — 2 cut(s), the cache is empty
2026-10-06 15:47:14.881 INFO  sched: request 'chatcmpl-e5055b4d8fcd8ac7' admitted to slot 0 (reserve 3 blocks; pool 6/6144 blocks in use) — first token 785
2026-10-06 15:47:14.881 INFO  sched: request 'chatcmpl-e5055b4d8fcd8ac8' prefix cache miss — 2 cut(s), the cache is empty
2026-10-06 15:47:14.881 INFO  sched: request 'chatcmpl-e5055b4d8fcd8ac8' admitted to slot 1 (reserve 3 blocks; pool 8/6144 blocks in use) — first token 785
2026-10-06 15:47:14.881 INFO  sched: request 'chatcmpl-e5055b4d8fcd8ac9' prefix cache miss — 2 cut(s), the cache is empty
2026-10-06 15:47:14.881 INFO  sched: request 'chatcmpl-e5055b4d8fcd8ac9' admitted to slot 2 (reserve 3 blocks; pool 10/6144 blocks in use) — first token 785
2026-10-06 15:47:14.881 INFO  sched: request 'chatcmpl-e5055b4d8fcd8aca' prefix cache miss — 2 cut(s), the cache is empty
2026-10-06 15:47:14.881 INFO  sched: request 'chatcmpl-e5055b4d8fcd8aca' admitted to slot 3 (reserve 3 blocks; pool 12/6144 blocks in use) — first token 785
2026-10-06 15:47:14.881 INFO  sched: 4 requests admitted together in one prefill (307 ms)
2026-10-06 15:47:14.929 INFO  sched: request 'chatcmpl-e5055b4d8fcd8acb' deferred (needs 3 blocks, 6132 free, 0 slot(s) open) — admits when a peer retires
2026-10-06 15:47:19.248 INFO  stats: rank 2 | 10.1 s | decode 111.0 tok/s, 8.7 ms/tok, 64.1 ms/step (151 steps / 1117 tok, 96 % of wall) | mtp 1.91 tok/step/req, accept p1 90 % | prefill 4 prompts / 157 tok, 16 tok/s, 1.96 ms/tok, 77 ms avg (3 % of wall), 0 tok cached (0/4 hits) | live 4, queued 4 | pool 12/6144 blocks (0 %) | prefix cache 0/639 entries
2026-10-06 15:47:23.652 INFO  sched: request 'chatcmpl-e5055b4d8fcd8ac8' retired (steps): 256 tok in 9.1 s — prefill 36 tok (0 cached) in 307 ms; decode 255 tok / 134 passes in 8.8 s: 29.1 tok/s, 34.4 ms/tok, 65 ms/pass, 1.90 tok/pass, accept p1 91 %
2026-10-06 15:47:23.652 INFO  sched: request 'chatcmpl-e5055b4d8fcd8acb' starting prefill in slot 1 (37 prompt tokens)
2026-10-06 15:47:23.805 INFO  sched: request 'chatcmpl-e5055b4d8fcd8acb' prefix cache miss — 2 cut(s), the cache is empty
2026-10-06 15:47:23.805 INFO  sched: request 'chatcmpl-e5055b4d8fcd8acb' admitted to slot 1 (reserve 3 blocks; pool 12/6144 blocks in use) — first token 785
2026-10-06 15:47:23.872 INFO  sched: request 'chatcmpl-e5055b4d8fcd8ac7' retired (steps): 256 tok in 9.3 s — prefill 39 tok (0 cached) in 307 ms; decode 255 tok / 135 passes in 9.0 s: 28.4 tok/s, 35.3 ms/tok, 67 ms/pass, 1.89 tok/pass, accept p1 90 %
2026-10-06 15:47:23.872 INFO  sched: request 'chatcmpl-e5055b4d8fcd8aca' retired (steps): 256 tok in 9.3 s — prefill 42 tok (0 cached) in 307 ms; decode 255 tok / 135 passes in 9.0 s: 28.4 tok/s, 35.3 ms/tok, 67 ms/pass, 1.89 tok/pass, accept p1 89 %
2026-10-06 15:47:23.873 INFO  sched: request 'chatcmpl-e5055b4d8fcd8acc' starting prefill in slot 0 (42 prompt tokens)
2026-10-06 15:47:23.873 INFO  sched: request 'chatcmpl-e5055b4d8fcd8acd' starting prefill in slot 3 (49 prompt tokens)
2026-10-06 15:47:24.093 INFO  sched: request 'chatcmpl-e5055b4d8fcd8acc' prefix cache miss — 2 cut(s), the cache is empty
2026-10-06 15:47:24.093 INFO  sched: request 'chatcmpl-e5055b4d8fcd8acc' admitted to slot 0 (reserve 3 blocks; pool 10/6144 blocks in use) — first token 785
2026-10-06 15:47:24.093 INFO  sched: request 'chatcmpl-e5055b4d8fcd8acd' prefix cache miss — 2 cut(s), the cache is empty
2026-10-06 15:47:24.093 INFO  sched: request 'chatcmpl-e5055b4d8fcd8acd' admitted to slot 3 (reserve 3 blocks; pool 12/6144 blocks in use) — first token 785
2026-10-06 15:47:24.093 INFO  sched: 2 requests admitted together in one prefill (220 ms)
2026-10-06 15:47:24.153 INFO  sched: request 'chatcmpl-e5055b4d8fcd8ace' deferred (needs 3 blocks, 6132 free, 0 slot(s) open) — admits when a peer retires
2026-10-06 15:47:24.216 INFO  sched: request 'chatcmpl-e5055b4d8fcd8ac9' retired (steps): 256 tok in 9.6 s — prefill 40 tok (0 cached) in 307 ms; decode 255 tok / 137 passes in 9.3 s: 27.3 tok/s, 36.6 ms/tok, 68 ms/pass, 1.86 tok/pass, accept p1 86 %
2026-10-06 15:47:24.216 INFO  sched: request 'chatcmpl-e5055b4d8fcd8ace' starting prefill in slot 2 (38 prompt tokens)
2026-10-06 15:47:24.370 INFO  sched: request 'chatcmpl-e5055b4d8fcd8ace' prefix cache miss — 2 cut(s), the cache is empty
2026-10-06 15:47:24.370 INFO  sched: request 'chatcmpl-e5055b4d8fcd8ace' admitted to slot 2 (reserve 3 blocks; pool 12/6144 blocks in use) — first token 785
2026-10-06 15:47:29.289 INFO  stats: rank 2 | 10.0 s | decode 110.1 tok/s, 8.6 ms/tok, 65.4 ms/step (145 steps / 1106 tok, 94 % of wall) | mtp 1.91 tok/step/req, accept p1 90 % | prefill 4 prompts / 166 tok, 17 tok/s, 3.17 ms/tok, 132 ms avg (5 % of wall), 0 tok cached (0/4 hits) | live 4, queued 0 | pool 12/6144 blocks (0 %) | prefix cache 0/639 entries
2026-10-06 15:47:32.745 INFO  sched: request 'chatcmpl-e5055b4d8fcd8acd' retired (steps): 256 tok in 8.9 s — prefill 49 tok (0 cached) in 220 ms; decode 255 tok / 130 passes in 8.7 s: 29.5 tok/s, 33.9 ms/tok, 67 ms/pass, 1.96 tok/pass, accept p1 96 %
2026-10-06 15:47:33.023 INFO  sched: request 'chatcmpl-e5055b4d8fcd8acc' retired (steps): 256 tok in 9.1 s — prefill 42 tok (0 cached) in 220 ms; decode 255 tok / 135 passes in 8.9 s: 28.6 tok/s, 35.0 ms/tok, 66 ms/pass, 1.89 tok/pass, accept p1 90 %
2026-10-06 15:47:33.023 INFO  sched: request 'chatcmpl-e5055b4d8fcd8ace' retired (steps): 256 tok in 8.8 s — prefill 38 tok (0 cached) in 154 ms; decode 255 tok / 133 passes in 8.7 s: 29.5 tok/s, 33.9 ms/tok, 65 ms/pass, 1.92 tok/pass, accept p1 92 %
2026-10-06 15:47:33.090 INFO  sched: request 'chatcmpl-e5055b4d8fcd8acb' retired (steps): 256 tok in 9.4 s — prefill 37 tok (0 cached) in 152 ms; decode 255 tok / 138 passes in 9.3 s: 27.5 tok/s, 36.4 ms/tok, 67 ms/pass, 1.85 tok/pass, accept p1 86 %
2026-10-06 15:47:33.125 INFO  sched: request 'chatcmpl-e5055b4d8fcd8acf' starting prefill in slot 0 (37 prompt tokens)
2026-10-06 15:47:33.126 INFO  sched: request 'chatcmpl-e5055b4d8fcd8ad0' starting prefill in slot 1 (42 prompt tokens)
2026-10-06 15:47:33.126 INFO  sched: request 'chatcmpl-e5055b4d8fcd8ad1' starting prefill in slot 2 (38 prompt tokens)
2026-10-06 15:47:33.126 INFO  sched: request 'chatcmpl-e5055b4d8fcd8ad2' starting prefill in slot 3 (40 prompt tokens)
2026-10-06 15:47:33.429 INFO  sched: request 'chatcmpl-e5055b4d8fcd8acf' prefix cache miss — 2 cut(s), the cache is empty
2026-10-06 15:47:33.429 INFO  sched: request 'chatcmpl-e5055b4d8fcd8acf' admitted to slot 0 (reserve 3 blocks; pool 6/6144 blocks in use) — first token 785
2026-10-06 15:47:33.429 INFO  sched: request 'chatcmpl-e5055b4d8fcd8ad0' prefix cache miss — 2 cut(s), the cache is empty
2026-10-06 15:47:33.429 INFO  sched: request 'chatcmpl-e5055b4d8fcd8ad0' admitted to slot 1 (reserve 3 blocks; pool 8/6144 blocks in use) — first token 785
2026-10-06 15:47:33.429 INFO  sched: request 'chatcmpl-e5055b4d8fcd8ad1' prefix cache miss — 2 cut(s), the cache is empty
2026-10-06 15:47:33.429 INFO  sched: request 'chatcmpl-e5055b4d8fcd8ad1' admitted to slot 2 (reserve 3 blocks; pool 10/6144 blocks in use) — first token 785
2026-10-06 15:47:33.429 INFO  sched: request 'chatcmpl-e5055b4d8fcd8ad2' prefix cache miss — 2 cut(s), the cache is empty
2026-10-06 15:47:33.429 INFO  sched: request 'chatcmpl-e5055b4d8fcd8ad2' admitted to slot 3 (reserve 3 blocks; pool 12/6144 blocks in use) — first token 785
2026-10-06 15:47:33.429 INFO  sched: 4 requests admitted together in one prefill (303 ms)
2026-10-06 15:47:33.478 INFO  sched: request 'chatcmpl-e5055b4d8fcd8ad3' deferred (needs 3 blocks, 6132 free, 0 slot(s) open) — admits when a peer retires
2026-10-06 15:47:39.297 INFO  stats: rank 2 | 10.0 s | decode 111.2 tok/s, 8.7 ms/tok, 64.2 ms/step (150 steps / 1113 tok, 96 % of wall) | mtp 1.89 tok/step/req, accept p1 89 % | prefill 4 prompts / 157 tok, 16 tok/s, 1.93 ms/tok, 76 ms avg (3 % of wall), 0 tok cached (0/4 hits) | live 4, queued 4 | pool 12/6144 blocks (0 %) | prefix cache 0/639 entries
2026-10-06 15:47:42.109 INFO  sched: request 'chatcmpl-e5055b4d8fcd8ad1' retired (steps): 256 tok in 9.0 s — prefill 38 tok (0 cached) in 303 ms; decode 255 tok / 133 passes in 8.7 s: 29.4 tok/s, 34.0 ms/tok, 65 ms/pass, 1.92 tok/pass, accept p1 92 %
2026-10-06 15:47:42.109 INFO  sched: request 'chatcmpl-e5055b4d8fcd8ad3' starting prefill in slot 2 (36 prompt tokens)
2026-10-06 15:47:42.258 INFO  sched: request 'chatcmpl-e5055b4d8fcd8ad3' prefix cache miss — 2 cut(s), the cache is empty
2026-10-06 15:47:42.258 INFO  sched: request 'chatcmpl-e5055b4d8fcd8ad3' admitted to slot 2 (reserve 3 blocks; pool 12/6144 blocks in use) — first token 785
2026-10-06 15:47:42.322 INFO  sched: request 'chatcmpl-e5055b4d8fcd8ad4' deferred (needs 3 blocks, 6132 free, 0 slot(s) open) — admits when a peer retires
2026-10-06 15:47:42.393 INFO  sched: request 'chatcmpl-e5055b4d8fcd8ad0' retired (steps): 256 tok in 9.3 s — prefill 42 tok (0 cached) in 303 ms; decode 255 tok / 135 passes in 9.0 s: 28.4 tok/s, 35.2 ms/tok, 66 ms/pass, 1.89 tok/pass, accept p1 89 %
2026-10-06 15:47:42.393 INFO  sched: request 'chatcmpl-e5055b4d8fcd8ad4' starting prefill in slot 1 (39 prompt tokens)
2026-10-06 15:47:42.549 INFO  sched: request 'chatcmpl-e5055b4d8fcd8ad4' prefix cache miss — 2 cut(s), the cache is empty
2026-10-06 15:47:42.549 INFO  sched: request 'chatcmpl-e5055b4d8fcd8ad4' admitted to slot 1 (reserve 3 blocks; pool 12/6144 blocks in use) — first token 785
2026-10-06 15:47:42.612 INFO  sched: request 'chatcmpl-e5055b4d8fcd8ad5' deferred (needs 3 blocks, 6132 free, 0 slot(s) open) — admits when a peer retires
2026-10-06 15:47:42.680 INFO  sched: request 'chatcmpl-e5055b4d8fcd8ad2' retired (steps): 256 tok in 9.6 s — prefill 40 tok (0 cached) in 303 ms; decode 255 tok / 137 passes in 9.3 s: 27.6 tok/s, 36.3 ms/tok, 68 ms/pass, 1.86 tok/pass, accept p1 86 %
2026-10-06 15:47:42.680 INFO  sched: request 'chatcmpl-e5055b4d8fcd8ad5' starting prefill in slot 3 (49 prompt tokens)
2026-10-06 15:47:42.850 INFO  sched: request 'chatcmpl-e5055b4d8fcd8ad5' prefix cache miss — 2 cut(s), the cache is empty
2026-10-06 15:47:42.850 INFO  sched: request 'chatcmpl-e5055b4d8fcd8ad5' admitted to slot 3 (reserve 3 blocks; pool 12/6144 blocks in use) — first token 785
2026-10-06 15:47:42.915 INFO  sched: request 'chatcmpl-e5055b4d8fcd8acf' retired (steps): 256 tok in 9.8 s — prefill 37 tok (0 cached) in 303 ms; decode 255 tok / 138 passes in 9.5 s: 26.9 tok/s, 37.2 ms/tok, 69 ms/pass, 1.85 tok/pass, accept p1 86 %
2026-10-06 15:47:42.916 INFO  sched: request 'chatcmpl-e5055b4d8fcd8ad6' starting prefill in slot 0 (42 prompt tokens)
2026-10-06 15:47:43.075 INFO  sched: request 'chatcmpl-e5055b4d8fcd8ad6' prefix cache miss — 2 cut(s), the cache is empty
2026-10-06 15:47:43.075 INFO  sched: request 'chatcmpl-e5055b4d8fcd8ad6' admitted to slot 0 (reserve 3 blocks; pool 12/6144 blocks in use) — first token 785
2026-10-06 15:47:49.308 INFO  stats: rank 2 | 10.0 s | decode 108.7 tok/s, 8.6 ms/tok, 65.8 ms/step (142 steps / 1088 tok, 93 % of wall) | mtp 1.92 tok/step/req, accept p1 91 % | prefill 4 prompts / 166 tok, 17 tok/s, 3.82 ms/tok, 159 ms avg (6 % of wall), 0 tok cached (0/4 hits) | live 4, queued 0 | pool 12/6144 blocks (0 %) | prefix cache 0/639 entries
2026-10-06 15:47:51.574 INFO  sched: request 'chatcmpl-e5055b4d8fcd8ad3' retired (steps): 256 tok in 9.5 s — prefill 36 tok (0 cached) in 149 ms; decode 255 tok / 134 passes in 9.3 s: 27.4 tok/s, 36.5 ms/tok, 70 ms/pass, 1.90 tok/pass, accept p1 91 %
2026-10-06 15:47:51.574 INFO  sched: request 'chatcmpl-e5055b4d8fcd8ad5' retired (steps): 256 tok in 8.9 s — prefill 49 tok (0 cached) in 170 ms; decode 255 tok / 130 passes in 8.7 s: 29.2 tok/s, 34.2 ms/tok, 67 ms/pass, 1.96 tok/pass, accept p1 96 %
2026-10-06 15:47:51.707 INFO  sched: request 'chatcmpl-e5055b4d8fcd8ad4' retired (steps): 256 tok in 9.3 s — prefill 39 tok (0 cached) in 156 ms; decode 255 tok / 135 passes in 9.2 s: 27.8 tok/s, 35.9 ms/tok, 68 ms/pass, 1.89 tok/pass, accept p1 90 %
2026-10-06 15:47:51.809 INFO  sched: request 'chatcmpl-e5055b4d8fcd8ad6' retired (steps): 256 tok in 8.9 s — prefill 42 tok (0 cached) in 160 ms; decode 255 tok / 135 passes in 8.7 s: 29.2 tok/s, 34.3 ms/tok, 65 ms/pass, 1.89 tok/pass, accept p1 90 %
2026-10-06 15:47:51.823 INFO  sched: request 'chatcmpl-e5055b4d8fcd8ad7' starting prefill in slot 0 (39 prompt tokens)
2026-10-06 15:47:51.823 INFO  sched: request 'chatcmpl-e5055b4d8fcd8ad8' starting prefill in slot 1 (36 prompt tokens)
2026-10-06 15:47:51.823 INFO  sched: request 'chatcmpl-e5055b4d8fcd8ad9' starting prefill in slot 2 (42 prompt tokens)
2026-10-06 15:47:51.823 INFO  sched: request 'chatcmpl-e5055b4d8fcd8ada' starting prefill in slot 3 (42 prompt tokens)
2026-10-06 15:47:52.129 INFO  sched: request 'chatcmpl-e5055b4d8fcd8ad7' prefix cache miss — 2 cut(s), the cache is empty
2026-10-06 15:47:52.129 INFO  sched: request 'chatcmpl-e5055b4d8fcd8ad7' admitted to slot 0 (reserve 3 blocks; pool 6/6144 blocks in use) — first token 785
2026-10-06 15:47:52.129 INFO  sched: request 'chatcmpl-e5055b4d8fcd8ad8' prefix cache miss — 2 cut(s), the cache is empty
2026-10-06 15:47:52.129 INFO  sched: request 'chatcmpl-e5055b4d8fcd8ad8' admitted to slot 1 (reserve 3 blocks; pool 8/6144 blocks in use) — first token 785
2026-10-06 15:47:52.129 INFO  sched: request 'chatcmpl-e5055b4d8fcd8ad9' prefix cache miss — 2 cut(s), the cache is empty
2026-10-06 15:47:52.129 INFO  sched: request 'chatcmpl-e5055b4d8fcd8ad9' admitted to slot 2 (reserve 3 blocks; pool 10/6144 blocks in use) — first token 785
2026-10-06 15:47:52.129 INFO  sched: request 'chatcmpl-e5055b4d8fcd8ada' prefix cache miss — 2 cut(s), the cache is empty
2026-10-06 15:47:52.129 INFO  sched: request 'chatcmpl-e5055b4d8fcd8ada' admitted to slot 3 (reserve 3 blocks; pool 12/6144 blocks in use) — first token 785
2026-10-06 15:47:52.129 INFO  sched: 4 requests admitted together in one prefill (305 ms)
2026-10-06 15:47:52.177 INFO  sched: request 'chatcmpl-e5055b4d8fcd8adb' deferred (needs 3 blocks, 6132 free, 0 slot(s) open) — admits when a peer retires
2026-10-06 15:47:59.327 INFO  stats: rank 2 | 10.0 s | decode 111.8 tok/s, 8.6 ms/tok, 64.1 ms/step (151 steps / 1120 tok, 97 % of wall) | mtp 1.90 tok/step/req, accept p1 90 % | prefill 4 prompts / 159 tok, 16 tok/s, 1.92 ms/tok, 76 ms avg (3 % of wall), 0 tok cached (0/4 hits) | live 4, queued 4 | pool 12/6144 blocks (0 %) | prefix cache 0/639 entries
2026-10-06 15:48:00.860 INFO  sched: request 'chatcmpl-e5055b4d8fcd8ad8' retired (steps): 256 tok in 9.0 s — prefill 36 tok (0 cached) in 305 ms; decode 255 tok / 134 passes in 8.7 s: 29.2 tok/s, 34.2 ms/tok, 65 ms/pass, 1.90 tok/pass, accept p1 91 %
2026-10-06 15:48:00.860 INFO  sched: request 'chatcmpl-e5055b4d8fcd8adb' starting prefill in slot 1 (37 prompt tokens)
2026-10-06 15:48:01.012 INFO  sched: request 'chatcmpl-e5055b4d8fcd8adb' prefix cache miss — 2 cut(s), the cache is empty
2026-10-06 15:48:01.012 INFO  sched: request 'chatcmpl-e5055b4d8fcd8adb' admitted to slot 1 (reserve 3 blocks; pool 12/6144 blocks in use) — first token 785
2026-10-06 15:48:01.079 INFO  sched: request 'chatcmpl-e5055b4d8fcd8ad7' retired (steps): 256 tok in 9.3 s — prefill 39 tok (0 cached) in 305 ms; decode 255 tok / 135 passes in 9.0 s: 28.5 tok/s, 35.1 ms/tok, 66 ms/pass, 1.89 tok/pass, accept p1 90 %
2026-10-06 15:48:01.079 INFO  sched: request 'chatcmpl-e5055b4d8fcd8ad9' retired (steps): 256 tok in 9.3 s — prefill 42 tok (0 cached) in 305 ms; decode 255 tok / 135 passes in 9.0 s: 28.5 tok/s, 35.1 ms/tok, 66 ms/pass, 1.89 tok/pass, accept p1 89 %
2026-10-06 15:48:01.079 INFO  sched: request 'chatcmpl-e5055b4d8fcd8ada' retired (steps): 256 tok in 9.3 s — prefill 42 tok (0 cached) in 305 ms; decode 255 tok / 135 passes in 9.0 s: 28.5 tok/s, 35.1 ms/tok, 66 ms/pass, 1.89 tok/pass, accept p1 90 %
2026-10-06 15:48:01.079 INFO  sched: request 'chatcmpl-e5055b4d8fcd8adc' starting prefill in slot 0 (38 prompt tokens)
2026-10-06 15:48:01.079 INFO  sched: request 'chatcmpl-e5055b4d8fcd8add' starting prefill in slot 2 (49 prompt tokens)
2026-10-06 15:48:01.079 INFO  sched: request 'chatcmpl-e5055b4d8fcd8ade' starting prefill in slot 3 (40 prompt tokens)
2026-10-06 15:48:01.339 INFO  sched: request 'chatcmpl-e5055b4d8fcd8adc' prefix cache miss — 2 cut(s), the cache is empty
2026-10-06 15:48:01.339 INFO  sched: request 'chatcmpl-e5055b4d8fcd8adc' admitted to slot 0 (reserve 3 blocks; pool 8/6144 blocks in use) — first token 785
2026-10-06 15:48:01.339 INFO  sched: request 'chatcmpl-e5055b4d8fcd8add' prefix cache miss — 2 cut(s), the cache is empty
2026-10-06 15:48:01.339 INFO  sched: request 'chatcmpl-e5055b4d8fcd8add' admitted to slot 2 (reserve 3 blocks; pool 10/6144 blocks in use) — first token 785
2026-10-06 15:48:01.339 INFO  sched: request 'chatcmpl-e5055b4d8fcd8ade' prefix cache miss — 2 cut(s), the cache is empty
2026-10-06 15:48:01.339 INFO  sched: request 'chatcmpl-e5055b4d8fcd8ade' admitted to slot 3 (reserve 3 blocks; pool 12/6144 blocks in use) — first token 785
2026-10-06 15:48:01.339 INFO  sched: 3 requests admitted together in one prefill (260 ms)
2026-10-06 15:48:09.362 INFO  stats: rank 2 | 10.0 s | decode 111.5 tok/s, 8.6 ms/tok, 65.3 ms/step (147 steps / 1119 tok, 96 % of wall) | mtp 1.90 tok/step/req, accept p1 90 % | prefill 4 prompts / 164 tok, 16 tok/s, 2.51 ms/tok, 103 ms avg (4 % of wall), 0 tok cached (0/4 hits) | live 4, queued 0 | pool 12/6144 blocks (0 %) | prefix cache 0/639 entries
2026-10-06 15:48:09.833 INFO  sched: request 'chatcmpl-e5055b4d8fcd8add' retired (steps): 256 tok in 8.8 s — prefill 49 tok (0 cached) in 260 ms; decode 255 tok / 130 passes in 8.5 s: 30.0 tok/s, 33.3 ms/tok, 65 ms/pass, 1.96 tok/pass, accept p1 96 %
2026-10-06 15:48:10.028 INFO  sched: request 'chatcmpl-e5055b4d8fcd8adc' retired (steps): 256 tok in 8.9 s — prefill 38 tok (0 cached) in 260 ms; decode 255 tok / 133 passes in 8.7 s: 29.3 tok/s, 34.1 ms/tok, 65 ms/pass, 1.92 tok/pass, accept p1 92 %
2026-10-06 15:48:10.266 INFO  sched: request 'chatcmpl-e5055b4d8fcd8adb' retired (steps): 256 tok in 9.4 s — prefill 37 tok (0 cached) in 151 ms; decode 255 tok / 138 passes in 9.3 s: 27.6 tok/s, 36.3 ms/tok, 67 ms/pass, 1.85 tok/pass, accept p1 86 %
2026-10-06 15:48:10.266 INFO  sched: request 'chatcmpl-e5055b4d8fcd8ade' retired (steps): 256 tok in 9.2 s — prefill 40 tok (0 cached) in 260 ms; decode 255 tok / 137 passes in 8.9 s: 28.6 tok/s, 35.0 ms/tok, 65 ms/pass, 1.86 tok/pass, accept p1 86 %
2026-10-06 15:48:10.339 INFO  sched: request 'chatcmpl-e5055b4d8fcd8adf' starting prefill in slot 0 (40 prompt tokens)
2026-10-06 15:48:10.506 INFO  sched: request 'chatcmpl-e5055b4d8fcd8adf' prefix cache miss — 2 cut(s), the cache is empty
2026-10-06 15:48:10.506 INFO  sched: request 'chatcmpl-e5055b4d8fcd8adf' admitted to slot 0 (reserve 3 blocks; pool 3/6144 blocks in use) — first token 785
2026-10-06 15:48:14.996 INFO  sched: request 'chatcmpl-e5055b4d8fcd8adf' retired (steps): 256 tok in 4.7 s — prefill 40 tok (0 cached) in 167 ms; decode 255 tok / 142 passes in 4.5 s: 56.8 tok/s, 17.6 ms/tok, 32 ms/pass, 1.80 tok/pass, accept p1 80 %
2026-10-06 15:48:15.010 INFO  sched: request 'chatcmpl-e5055b4d8fcd8ae0' starting prefill in slot 0 (40 prompt tokens)
2026-10-06 15:48:15.177 INFO  sched: request 'chatcmpl-e5055b4d8fcd8ae0' prefix cache miss — 2 cut(s), the cache is empty
2026-10-06 15:48:15.177 INFO  sched: request 'chatcmpl-e5055b4d8fcd8ae0' admitted to slot 0 (reserve 3 blocks; pool 3/6144 blocks in use) — first token 785
2026-10-06 15:48:19.388 INFO  stats: rank 2 | 10.0 s | decode 58.1 tok/s, 16.5 ms/tok, 33.1 ms/step (289 steps / 582 tok, 96 % of wall) | mtp 1.82 tok/step/req, accept p1 82 % | prefill 2 prompts / 80 tok, 8 tok/s, 4.17 ms/tok, 167 ms avg (3 % of wall), 0 tok cached (0/2 hits) | live 1, queued 0 | pool 3/6144 blocks (0 %) | prefix cache 0/639 entries
2026-10-06 15:48:19.674 INFO  sched: request 'chatcmpl-e5055b4d8fcd8ae0' retired (steps): 256 tok in 4.7 s — prefill 40 tok (0 cached) in 167 ms; decode 255 tok / 142 passes in 4.5 s: 56.7 tok/s, 17.6 ms/tok, 32 ms/pass, 1.80 tok/pass, accept p1 80 %
2026-10-06 15:48:19.698 INFO  sched: request 'chatcmpl-e5055b4d8fcd8ae1' starting prefill in slot 0 (40 prompt tokens)
2026-10-06 15:48:19.862 INFO  sched: request 'chatcmpl-e5055b4d8fcd8ae1' prefix cache miss — 2 cut(s), the cache is empty
2026-10-06 15:48:19.862 INFO  sched: request 'chatcmpl-e5055b4d8fcd8ae1' admitted to slot 0 (reserve 3 blocks; pool 3/6144 blocks in use) — first token 785
2026-10-06 15:48:24.355 INFO  sched: request 'chatcmpl-e5055b4d8fcd8ae1' retired (steps): 256 tok in 4.7 s — prefill 40 tok (0 cached) in 164 ms; decode 255 tok / 142 passes in 4.5 s: 56.8 tok/s, 17.6 ms/tok, 32 ms/pass, 1.80 tok/pass, accept p1 80 %
2026-10-06 15:48:24.422 INFO  sched: request 'chatcmpl-e5055b4d8fcd8ae2' starting prefill in slot 0 (41 prompt tokens)
2026-10-06 15:48:24.422 INFO  sched: request 'chatcmpl-e5055b4d8fcd8ae3' starting prefill in slot 1 (40 prompt tokens)
2026-10-06 15:48:24.642 INFO  sched: request 'chatcmpl-e5055b4d8fcd8ae2' prefix cache miss — 2 cut(s), the cache is empty
2026-10-06 15:48:24.642 INFO  sched: request 'chatcmpl-e5055b4d8fcd8ae2' admitted to slot 0 (reserve 3 blocks; pool 4/6144 blocks in use) — first token 785
2026-10-06 15:48:24.643 INFO  sched: request 'chatcmpl-e5055b4d8fcd8ae3' prefix cache miss — 2 cut(s), the cache is empty
2026-10-06 15:48:24.643 INFO  sched: request 'chatcmpl-e5055b4d8fcd8ae3' admitted to slot 1 (reserve 3 blocks; pool 6/6144 blocks in use) — first token 785
2026-10-06 15:48:24.643 INFO  sched: 2 requests admitted together in one prefill (220 ms)
2026-10-06 15:48:29.403 INFO  stats: rank 2 | 10.0 s | decode 66.9 tok/s, 14.2 ms/tok, 36.3 ms/step (262 steps / 670 tok, 95 % of wall) | mtp 1.80 tok/step/req, accept p1 79 % | prefill 3 prompts / 121 tok, 12 tok/s, 3.17 ms/tok, 128 ms avg (4 % of wall), 0 tok cached (0/3 hits) | live 2, queued 0 | pool 6/6144 blocks (0 %) | prefix cache 0/639 entries
2026-10-06 15:48:30.762 INFO  sched: request 'chatcmpl-e5055b4d8fcd8ae2' retired (steps): 256 tok in 6.3 s — prefill 41 tok (0 cached) in 220 ms; decode 255 tok / 142 passes in 6.1 s: 41.7 tok/s, 24.0 ms/tok, 43 ms/pass, 1.80 tok/pass, accept p1 80 %
2026-10-06 15:48:30.795 INFO  sched: request 'chatcmpl-e5055b4d8fcd8ae3' retired (steps): 256 tok in 6.4 s — prefill 40 tok (0 cached) in 220 ms; decode 255 tok / 143 passes in 6.2 s: 41.4 tok/s, 24.1 ms/tok, 43 ms/pass, 1.78 tok/pass, accept p1 78 %
2026-10-06 15:48:30.809 INFO  sched: request 'chatcmpl-e5055b4d8fcd8ae4' starting prefill in slot 0 (41 prompt tokens)
2026-10-06 15:48:30.809 INFO  sched: request 'chatcmpl-e5055b4d8fcd8ae5' starting prefill in slot 1 (40 prompt tokens)
2026-10-06 15:48:31.027 INFO  sched: request 'chatcmpl-e5055b4d8fcd8ae4' prefix cache miss — 2 cut(s), the cache is empty
2026-10-06 15:48:31.027 INFO  sched: request 'chatcmpl-e5055b4d8fcd8ae4' admitted to slot 0 (reserve 3 blocks; pool 4/6144 blocks in use) — first token 785
2026-10-06 15:48:31.027 INFO  sched: request 'chatcmpl-e5055b4d8fcd8ae5' prefix cache miss — 2 cut(s), the cache is empty
2026-10-06 15:48:31.027 INFO  sched: request 'chatcmpl-e5055b4d8fcd8ae5' admitted to slot 1 (reserve 3 blocks; pool 6/6144 blocks in use) — first token 785
2026-10-06 15:48:31.027 INFO  sched: 2 requests admitted together in one prefill (218 ms)
2026-10-06 15:48:37.130 INFO  sched: request 'chatcmpl-e5055b4d8fcd8ae4' retired (steps): 256 tok in 6.3 s — prefill 41 tok (0 cached) in 218 ms; decode 255 tok / 142 passes in 6.1 s: 41.8 tok/s, 23.9 ms/tok, 43 ms/pass, 1.80 tok/pass, accept p1 80 %
2026-10-06 15:48:37.162 INFO  sched: request 'chatcmpl-e5055b4d8fcd8ae5' retired (steps): 256 tok in 6.4 s — prefill 40 tok (0 cached) in 218 ms; decode 255 tok / 143 passes in 6.1 s: 41.6 tok/s, 24.1 ms/tok, 43 ms/pass, 1.78 tok/pass, accept p1 78 %
2026-10-06 15:48:37.187 INFO  sched: request 'chatcmpl-e5055b4d8fcd8ae6' starting prefill in slot 0 (41 prompt tokens)
2026-10-06 15:48:37.187 INFO  sched: request 'chatcmpl-e5055b4d8fcd8ae7' starting prefill in slot 1 (40 prompt tokens)
2026-10-06 15:48:37.406 INFO  sched: request 'chatcmpl-e5055b4d8fcd8ae6' prefix cache miss — 2 cut(s), the cache is empty
2026-10-06 15:48:37.406 INFO  sched: request 'chatcmpl-e5055b4d8fcd8ae6' admitted to slot 0 (reserve 3 blocks; pool 4/6144 blocks in use) — first token 785
2026-10-06 15:48:37.406 INFO  sched: request 'chatcmpl-e5055b4d8fcd8ae7' prefix cache miss — 2 cut(s), the cache is empty
2026-10-06 15:48:37.406 INFO  sched: request 'chatcmpl-e5055b4d8fcd8ae7' admitted to slot 1 (reserve 3 blocks; pool 6/6144 blocks in use) — first token 785
2026-10-06 15:48:37.406 INFO  sched: 2 requests admitted together in one prefill (219 ms)
2026-10-06 15:48:39.416 INFO  stats: rank 2 | 10.0 s | decode 79.5 tok/s, 11.9 ms/tok, 42.8 ms/step (222 steps / 796 tok, 95 % of wall) | mtp 1.80 tok/step/req, accept p1 79 % | prefill 4 prompts / 162 tok, 16 tok/s, 2.70 ms/tok, 109 ms avg (4 % of wall), 0 tok cached (0/4 hits) | live 2, queued 0 | pool 6/6144 blocks (0 %) | prefix cache 0/639 entries
2026-10-06 15:48:43.518 INFO  sched: request 'chatcmpl-e5055b4d8fcd8ae6' retired (steps): 256 tok in 6.3 s — prefill 41 tok (0 cached) in 219 ms; decode 255 tok / 142 passes in 6.1 s: 41.7 tok/s, 24.0 ms/tok, 43 ms/pass, 1.80 tok/pass, accept p1 80 %
2026-10-06 15:48:43.550 INFO  sched: request 'chatcmpl-e5055b4d8fcd8ae7' retired (steps): 256 tok in 6.4 s — prefill 40 tok (0 cached) in 219 ms; decode 255 tok / 143 passes in 6.1 s: 41.5 tok/s, 24.1 ms/tok, 43 ms/pass, 1.78 tok/pass, accept p1 78 %
2026-10-06 15:48:43.617 INFO  sched: request 'chatcmpl-e5055b4d8fcd8ae8' starting prefill in slot 0 (31 prompt tokens)
2026-10-06 15:48:43.617 INFO  sched: request 'chatcmpl-e5055b4d8fcd8ae9' starting prefill in slot 1 (31 prompt tokens)
2026-10-06 15:48:43.617 INFO  sched: request 'chatcmpl-e5055b4d8fcd8aea' starting prefill in slot 2 (31 prompt tokens)
2026-10-06 15:48:43.617 INFO  sched: request 'chatcmpl-e5055b4d8fcd8aeb' starting prefill in slot 3 (40 prompt tokens)
2026-10-06 15:48:43.900 INFO  sched: request 'chatcmpl-e5055b4d8fcd8ae8' prefix cache miss — 2 cut(s), the cache is empty
2026-10-06 15:48:43.900 INFO  sched: request 'chatcmpl-e5055b4d8fcd8ae8' admitted to slot 0 (reserve 3 blocks; pool 6/6144 blocks in use) — first token 785
2026-10-06 15:48:43.900 INFO  sched: request 'chatcmpl-e5055b4d8fcd8ae9' prefix cache miss — 2 cut(s), the cache is empty
2026-10-06 15:48:43.900 INFO  sched: request 'chatcmpl-e5055b4d8fcd8ae9' admitted to slot 1 (reserve 3 blocks; pool 8/6144 blocks in use) — first token 785
2026-10-06 15:48:43.900 INFO  sched: request 'chatcmpl-e5055b4d8fcd8aea' prefix cache miss — 2 cut(s), the cache is empty
2026-10-06 15:48:43.900 INFO  sched: request 'chatcmpl-e5055b4d8fcd8aea' admitted to slot 2 (reserve 3 blocks; pool 10/6144 blocks in use) — first token 785
2026-10-06 15:48:43.900 INFO  sched: request 'chatcmpl-e5055b4d8fcd8aeb' prefix cache miss — 2 cut(s), the cache is empty
2026-10-06 15:48:43.900 INFO  sched: request 'chatcmpl-e5055b4d8fcd8aeb' admitted to slot 3 (reserve 3 blocks; pool 12/6144 blocks in use) — first token 785
2026-10-06 15:48:43.900 INFO  sched: 4 requests admitted together in one prefill (283 ms)
2026-10-06 15:48:49.419 INFO  stats: rank 2 | 10.0 s | decode 95.4 tok/s, 10.1 ms/tok, 53.0 ms/step (182 steps / 954 tok, 96 % of wall) | mtp 1.78 tok/step/req, accept p1 78 % | prefill 4 prompts / 133 tok, 13 tok/s, 2.13 ms/tok, 71 ms avg (3 % of wall), 0 tok cached (0/4 hits) | live 4, queued 0 | pool 12/6144 blocks (0 %) | prefix cache 0/639 entries
2026-10-06 15:48:52.926 INFO  sched: request 'chatcmpl-e5055b4d8fcd8ae9' retired (steps): 256 tok in 9.3 s — prefill 31 tok (0 cached) in 283 ms; decode 255 tok / 140 passes in 9.0 s: 28.3 tok/s, 35.4 ms/tok, 64 ms/pass, 1.82 tok/pass, accept p1 83 %
2026-10-06 15:48:52.992 INFO  sched: request 'chatcmpl-e5055b4d8fcd8ae8' retired (steps): 256 tok in 9.4 s — prefill 31 tok (0 cached) in 283 ms; decode 255 tok / 141 passes in 9.1 s: 28.0 tok/s, 35.7 ms/tok, 64 ms/pass, 1.81 tok/pass, accept p1 82 %
2026-10-06 15:48:53.226 INFO  sched: request 'chatcmpl-e5055b4d8fcd8aea' retired (steps): 256 tok in 9.6 s — prefill 31 tok (0 cached) in 283 ms; decode 255 tok / 145 passes in 9.3 s: 27.3 tok/s, 36.6 ms/tok, 64 ms/pass, 1.76 tok/pass, accept p1 76 %
2026-10-06 15:48:53.260 INFO  sched: request 'chatcmpl-e5055b4d8fcd8aeb' retired (steps): 256 tok in 9.6 s — prefill 40 tok (0 cached) in 283 ms; decode 255 tok / 146 passes in 9.4 s: 27.2 tok/s, 36.7 ms/tok, 64 ms/pass, 1.75 tok/pass, accept p1 75 %
2026-10-06 15:48:53.290 INFO  sched: request 'chatcmpl-e5055b4d8fcd8aec' starting prefill in slot 0 (31 prompt tokens)
2026-10-06 15:48:53.290 INFO  sched: request 'chatcmpl-e5055b4d8fcd8aed' starting prefill in slot 1 (31 prompt tokens)
2026-10-06 15:48:53.290 INFO  sched: request 'chatcmpl-e5055b4d8fcd8aee' starting prefill in slot 2 (40 prompt tokens)
2026-10-06 15:48:53.290 INFO  sched: request 'chatcmpl-e5055b4d8fcd8aef' starting prefill in slot 3 (31 prompt tokens)
2026-10-06 15:48:53.573 INFO  sched: request 'chatcmpl-e5055b4d8fcd8aec' prefix cache miss — 2 cut(s), the cache is empty
2026-10-06 15:48:53.573 INFO  sched: request 'chatcmpl-e5055b4d8fcd8aec' admitted to slot 0 (reserve 3 blocks; pool 6/6144 blocks in use) — first token 785
2026-10-06 15:48:53.573 INFO  sched: request 'chatcmpl-e5055b4d8fcd8aed' prefix cache miss — 2 cut(s), the cache is empty
2026-10-06 15:48:53.573 INFO  sched: request 'chatcmpl-e5055b4d8fcd8aed' admitted to slot 1 (reserve 3 blocks; pool 8/6144 blocks in use) — first token 785
2026-10-06 15:48:53.573 INFO  sched: request 'chatcmpl-e5055b4d8fcd8aee' prefix cache miss — 2 cut(s), the cache is empty
2026-10-06 15:48:53.573 INFO  sched: request 'chatcmpl-e5055b4d8fcd8aee' admitted to slot 2 (reserve 3 blocks; pool 10/6144 blocks in use) — first token 785
2026-10-06 15:48:53.573 INFO  sched: request 'chatcmpl-e5055b4d8fcd8aef' prefix cache miss — 2 cut(s), the cache is empty
2026-10-06 15:48:53.573 INFO  sched: request 'chatcmpl-e5055b4d8fcd8aef' admitted to slot 3 (reserve 3 blocks; pool 12/6144 blocks in use) — first token 785
2026-10-06 15:48:53.573 INFO  sched: 4 requests admitted together in one prefill (282 ms)
2026-10-06 15:48:59.475 INFO  stats: rank 2 | 10.1 s | decode 106.1 tok/s, 9.1 ms/tok, 63.9 ms/step (152 steps / 1067 tok, 97 % of wall) | mtp 1.79 tok/step/req, accept p1 79 % | prefill 4 prompts / 133 tok, 13 tok/s, 2.12 ms/tok, 71 ms avg (3 % of wall), 0 tok cached (0/4 hits) | live 4, queued 0 | pool 12/6144 blocks (0 %) | prefix cache 0/639 entries
2026-10-06 15:49:02.586 INFO  sched: request 'chatcmpl-e5055b4d8fcd8aef' retired (steps): 256 tok in 9.3 s — prefill 31 tok (0 cached) in 282 ms; decode 255 tok / 140 passes in 9.0 s: 28.3 tok/s, 35.3 ms/tok, 64 ms/pass, 1.82 tok/pass, accept p1 83 %
2026-10-06 15:49:02.641 INFO  sched: request 'chatcmpl-e5055b4d8fcd8aed' retired (steps): 256 tok in 9.4 s — prefill 31 tok (0 cached) in 282 ms; decode 255 tok / 141 passes in 9.1 s: 28.1 tok/s, 35.6 ms/tok, 64 ms/pass, 1.81 tok/pass, accept p1 82 %
2026-10-06 15:49:02.850 INFO  sched: request 'chatcmpl-e5055b4d8fcd8aec' retired (steps): 256 tok in 9.6 s — prefill 31 tok (0 cached) in 282 ms; decode 255 tok / 145 passes in 9.3 s: 27.5 tok/s, 36.4 ms/tok, 64 ms/pass, 1.76 tok/pass, accept p1 76 %
2026-10-06 15:49:02.886 INFO  sched: request 'chatcmpl-e5055b4d8fcd8aee' retired (steps): 256 tok in 9.6 s — prefill 40 tok (0 cached) in 282 ms; decode 255 tok / 146 passes in 9.3 s: 27.4 tok/s, 36.5 ms/tok, 64 ms/pass, 1.75 tok/pass, accept p1 75 %
2026-10-06 15:49:02.895 INFO  sched: request 'chatcmpl-e5055b4d8fcd8af0' starting prefill in slot 0 (40 prompt tokens)
2026-10-06 15:49:02.895 INFO  sched: request 'chatcmpl-e5055b4d8fcd8af1' starting prefill in slot 1 (31 prompt tokens)
2026-10-06 15:49:02.895 INFO  sched: request 'chatcmpl-e5055b4d8fcd8af2' starting prefill in slot 2 (31 prompt tokens)
2026-10-06 15:49:02.895 INFO  sched: request 'chatcmpl-e5055b4d8fcd8af3' starting prefill in slot 3 (31 prompt tokens)
2026-10-06 15:49:03.177 INFO  sched: request 'chatcmpl-e5055b4d8fcd8af0' prefix cache miss — 2 cut(s), the cache is empty
2026-10-06 15:49:03.177 INFO  sched: request 'chatcmpl-e5055b4d8fcd8af0' admitted to slot 0 (reserve 3 blocks; pool 6/6144 blocks in use) — first token 785
2026-10-06 15:49:03.177 INFO  sched: request 'chatcmpl-e5055b4d8fcd8af1' prefix cache miss — 2 cut(s), the cache is empty
2026-10-06 15:49:03.177 INFO  sched: request 'chatcmpl-e5055b4d8fcd8af1' admitted to slot 1 (reserve 3 blocks; pool 8/6144 blocks in use) — first token 785
2026-10-06 15:49:03.177 INFO  sched: request 'chatcmpl-e5055b4d8fcd8af2' prefix cache miss — 2 cut(s), the cache is empty
2026-10-06 15:49:03.177 INFO  sched: request 'chatcmpl-e5055b4d8fcd8af2' admitted to slot 2 (reserve 3 blocks; pool 10/6144 blocks in use) — first token 785
2026-10-06 15:49:03.177 INFO  sched: request 'chatcmpl-e5055b4d8fcd8af3' prefix cache miss — 2 cut(s), the cache is empty
2026-10-06 15:49:03.177 INFO  sched: request 'chatcmpl-e5055b4d8fcd8af3' admitted to slot 3 (reserve 3 blocks; pool 12/6144 blocks in use) — first token 785
2026-10-06 15:49:03.177 INFO  sched: 4 requests admitted together in one prefill (282 ms)
2026-10-06 15:49:09.528 INFO  stats: rank 2 | 10.1 s | decode 106.9 tok/s, 9.1 ms/tok, 63.6 ms/step (153 steps / 1075 tok, 97 % of wall) | mtp 1.79 tok/step/req, accept p1 79 % | prefill 4 prompts / 133 tok, 13 tok/s, 2.12 ms/tok, 71 ms avg (3 % of wall), 0 tok cached (0/4 hits) | live 4, queued 0 | pool 12/6144 blocks (0 %) | prefix cache 0/639 entries
2026-10-06 15:49:12.204 INFO  sched: request 'chatcmpl-e5055b4d8fcd8af1' retired (steps): 256 tok in 9.3 s — prefill 31 tok (0 cached) in 282 ms; decode 255 tok / 140 passes in 9.0 s: 28.2 tok/s, 35.4 ms/tok, 64 ms/pass, 1.82 tok/pass, accept p1 83 %
2026-10-06 15:49:12.270 INFO  sched: request 'chatcmpl-e5055b4d8fcd8af3' retired (steps): 256 tok in 9.4 s — prefill 31 tok (0 cached) in 282 ms; decode 255 tok / 141 passes in 9.1 s: 28.0 tok/s, 35.7 ms/tok, 64 ms/pass, 1.81 tok/pass, accept p1 82 %
2026-10-06 15:49:12.480 INFO  sched: request 'chatcmpl-e5055b4d8fcd8af2' retired (steps): 256 tok in 9.6 s — prefill 31 tok (0 cached) in 282 ms; decode 255 tok / 145 passes in 9.3 s: 27.4 tok/s, 36.5 ms/tok, 64 ms/pass, 1.76 tok/pass, accept p1 76 %
2026-10-06 15:49:12.512 INFO  sched: request 'chatcmpl-e5055b4d8fcd8af0' retired (steps): 256 tok in 9.6 s — prefill 40 tok (0 cached) in 282 ms; decode 255 tok / 146 passes in 9.3 s: 27.3 tok/s, 36.6 ms/tok, 64 ms/pass, 1.75 tok/pass, accept p1 75 %
2026-10-06 15:49:12.629 INFO  sched: request 'chatcmpl-e5055b4d8fcd8af4' starting prefill in slot 0 (30 prompt tokens)
2026-10-06 15:49:12.629 INFO  sched: request 'chatcmpl-e5055b4d8fcd8af5' starting prefill in slot 1 (30 prompt tokens)
2026-10-06 15:49:12.629 INFO  sched: request 'chatcmpl-e5055b4d8fcd8af6' starting prefill in slot 2 (31 prompt tokens)
2026-10-06 15:49:12.629 INFO  sched: request 'chatcmpl-e5055b4d8fcd8af7' starting prefill in slot 3 (30 prompt tokens)
2026-10-06 15:49:12.887 INFO  sched: request 'chatcmpl-e5055b4d8fcd8af4' prefix cache miss — 2 cut(s), the cache is empty
2026-10-06 15:49:12.887 INFO  sched: request 'chatcmpl-e5055b4d8fcd8af4' admitted to slot 0 (reserve 3 blocks; pool 6/6144 blocks in use) — first token 785
2026-10-06 15:49:12.887 INFO  sched: request 'chatcmpl-e5055b4d8fcd8af5' prefix cache miss — 2 cut(s), the cache is empty
2026-10-06 15:49:12.887 INFO  sched: request 'chatcmpl-e5055b4d8fcd8af5' admitted to slot 1 (reserve 3 blocks; pool 8/6144 blocks in use) — first token 785
2026-10-06 15:49:12.887 INFO  sched: request 'chatcmpl-e5055b4d8fcd8af6' prefix cache miss — 2 cut(s), the cache is empty
2026-10-06 15:49:12.887 INFO  sched: request 'chatcmpl-e5055b4d8fcd8af6' admitted to slot 2 (reserve 3 blocks; pool 10/6144 blocks in use) — first token 785
2026-10-06 15:49:12.887 INFO  sched: request 'chatcmpl-e5055b4d8fcd8af7' prefix cache miss — 2 cut(s), the cache is empty
2026-10-06 15:49:12.887 INFO  sched: request 'chatcmpl-e5055b4d8fcd8af7' admitted to slot 3 (reserve 3 blocks; pool 12/6144 blocks in use) — first token 785
2026-10-06 15:49:12.887 INFO  sched: 4 requests admitted together in one prefill (258 ms)
2026-10-06 15:49:12.936 INFO  sched: request 'chatcmpl-e5055b4d8fcd8af8' deferred (needs 3 blocks, 6132 free, 0 slot(s) open) — admits when a peer retires
2026-10-06 15:49:19.548 INFO  stats: rank 2 | 10.0 s | decode 108.3 tok/s, 8.9 ms/tok, 63.7 ms/step (151 steps / 1085 tok, 96 % of wall) | mtp 1.83 tok/step/req, accept p1 83 % | prefill 4 prompts / 121 tok, 12 tok/s, 2.13 ms/tok, 64 ms avg (3 % of wall), 0 tok cached (0/4 hits) | live 4, queued 4 | pool 12/6144 blocks (0 %) | prefix cache 0/639 entries
2026-10-06 15:49:21.848 INFO  sched: request 'chatcmpl-e5055b4d8fcd8af6' retired (steps): 256 tok in 9.2 s — prefill 31 tok (0 cached) in 258 ms; decode 255 tok / 139 passes in 9.0 s: 28.5 tok/s, 35.1 ms/tok, 64 ms/pass, 1.83 tok/pass, accept p1 83 %
2026-10-06 15:49:21.848 INFO  sched: request 'chatcmpl-e5055b4d8fcd8af7' retired (steps): 256 tok in 9.2 s — prefill 30 tok (0 cached) in 258 ms; decode 255 tok / 139 passes in 9.0 s: 28.5 tok/s, 35.1 ms/tok, 64 ms/pass, 1.83 tok/pass, accept p1 83 %
2026-10-06 15:49:21.848 INFO  sched: request 'chatcmpl-e5055b4d8fcd8af8' starting prefill in slot 2 (31 prompt tokens)
2026-10-06 15:49:21.849 INFO  sched: request 'chatcmpl-e5055b4d8fcd8af9' starting prefill in slot 3 (32 prompt tokens)
2026-10-06 15:49:22.032 INFO  sched: request 'chatcmpl-e5055b4d8fcd8af8' prefix cache miss — 2 cut(s), the cache is empty
2026-10-06 15:49:22.032 INFO  sched: request 'chatcmpl-e5055b4d8fcd8af8' admitted to slot 2 (reserve 3 blocks; pool 10/6144 blocks in use) — first token 785
2026-10-06 15:49:22.032 INFO  sched: request 'chatcmpl-e5055b4d8fcd8af9' prefix cache miss — 2 cut(s), the cache is empty
2026-10-06 15:49:22.032 INFO  sched: request 'chatcmpl-e5055b4d8fcd8af9' admitted to slot 3 (reserve 3 blocks; pool 12/6144 blocks in use) — first token 785
2026-10-06 15:49:22.032 INFO  sched: 2 requests admitted together in one prefill (183 ms)
2026-10-06 15:49:22.089 INFO  sched: request 'chatcmpl-e5055b4d8fcd8afa' deferred (needs 3 blocks, 6132 free, 0 slot(s) open) — admits when a peer retires
2026-10-06 15:49:22.153 INFO  sched: request 'chatcmpl-e5055b4d8fcd8af4' retired (steps): 256 tok in 9.5 s — prefill 30 tok (0 cached) in 258 ms; decode 255 tok / 141 passes in 9.3 s: 27.5 tok/s, 36.3 ms/tok, 66 ms/pass, 1.81 tok/pass, accept p1 82 %
2026-10-06 15:49:22.154 INFO  sched: request 'chatcmpl-e5055b4d8fcd8afa' starting prefill in slot 0 (31 prompt tokens)
2026-10-06 15:49:22.295 INFO  sched: request 'chatcmpl-e5055b4d8fcd8afa' prefix cache miss — 2 cut(s), the cache is empty
2026-10-06 15:49:22.295 INFO  sched: request 'chatcmpl-e5055b4d8fcd8afa' admitted to slot 0 (reserve 3 blocks; pool 12/6144 blocks in use) — first token 785
2026-10-06 15:49:22.354 INFO  sched: request 'chatcmpl-e5055b4d8fcd8afb' deferred (needs 3 blocks, 6132 free, 0 slot(s) open) — admits when a peer retires
2026-10-06 15:49:22.424 INFO  sched: request 'chatcmpl-e5055b4d8fcd8af5' retired (steps): 256 tok in 9.8 s — prefill 30 tok (0 cached) in 258 ms; decode 255 tok / 143 passes in 9.5 s: 26.7 tok/s, 37.4 ms/tok, 67 ms/pass, 1.78 tok/pass, accept p1 78 %
2026-10-06 15:49:22.424 INFO  sched: request 'chatcmpl-e5055b4d8fcd8afb' starting prefill in slot 1 (31 prompt tokens)
2026-10-06 15:49:22.566 INFO  sched: request 'chatcmpl-e5055b4d8fcd8afb' prefix cache miss — 2 cut(s), the cache is empty
2026-10-06 15:49:22.566 INFO  sched: request 'chatcmpl-e5055b4d8fcd8afb' admitted to slot 1 (reserve 3 blocks; pool 12/6144 blocks in use) — first token 785
2026-10-06 15:49:29.600 INFO  stats: rank 2 | 10.1 s | decode 107.5 tok/s, 8.8 ms/tok, 64.5 ms/step (148 steps / 1081 tok, 95 % of wall) | mtp 1.83 tok/step/req, accept p1 82 % | prefill 4 prompts / 125 tok, 12 tok/s, 3.72 ms/tok, 116 ms avg (5 % of wall), 0 tok cached (0/4 hits) | live 4, queued 0 | pool 12/6144 blocks (0 %) | prefix cache 0/639 entries
2026-10-06 15:49:31.045 INFO  sched: request 'chatcmpl-e5055b4d8fcd8af8' retired (steps): 256 tok in 9.2 s — prefill 31 tok (0 cached) in 183 ms; decode 255 tok / 135 passes in 9.0 s: 28.3 tok/s, 35.3 ms/tok, 67 ms/pass, 1.89 tok/pass, accept p1 90 %
2026-10-06 15:49:31.303 INFO  sched: request 'chatcmpl-e5055b4d8fcd8af9' retired (steps): 256 tok in 9.5 s — prefill 32 tok (0 cached) in 183 ms; decode 255 tok / 139 passes in 9.3 s: 27.5 tok/s, 36.4 ms/tok, 67 ms/pass, 1.83 tok/pass, accept p1 83 %
2026-10-06 15:49:31.440 INFO  sched: request 'chatcmpl-e5055b4d8fcd8afa' retired (steps): 256 tok in 9.3 s — prefill 31 tok (0 cached) in 141 ms; decode 255 tok / 140 passes in 9.1 s: 27.9 tok/s, 35.9 ms/tok, 65 ms/pass, 1.82 tok/pass, accept p1 82 %
2026-10-06 15:49:31.568 INFO  sched: request 'chatcmpl-e5055b4d8fcd8afb' retired (steps): 256 tok in 9.1 s — prefill 31 tok (0 cached) in 141 ms; decode 255 tok / 142 passes in 9.0 s: 28.3 tok/s, 35.3 ms/tok, 63 ms/pass, 1.80 tok/pass, accept p1 80 %
2026-10-06 15:49:31.582 INFO  sched: request 'chatcmpl-e5055b4d8fcd8afc' starting prefill in slot 0 (31 prompt tokens)
2026-10-06 15:49:31.582 INFO  sched: request 'chatcmpl-e5055b4d8fcd8afd' starting prefill in slot 1 (31 prompt tokens)
2026-10-06 15:49:31.582 INFO  sched: request 'chatcmpl-e5055b4d8fcd8afe' starting prefill in slot 2 (31 prompt tokens)
2026-10-06 15:49:31.582 INFO  sched: request 'chatcmpl-e5055b4d8fcd8aff' starting prefill in slot 3 (30 prompt tokens)
2026-10-06 15:49:31.839 INFO  sched: request 'chatcmpl-e5055b4d8fcd8afc' prefix cache miss — 2 cut(s), the cache is empty
2026-10-06 15:49:31.839 INFO  sched: request 'chatcmpl-e5055b4d8fcd8afc' admitted to slot 0 (reserve 3 blocks; pool 6/6144 blocks in use) — first token 785
2026-10-06 15:49:31.839 INFO  sched: request 'chatcmpl-e5055b4d8fcd8afd' prefix cache miss — 2 cut(s), the cache is empty
2026-10-06 15:49:31.839 INFO  sched: request 'chatcmpl-e5055b4d8fcd8afd' admitted to slot 1 (reserve 3 blocks; pool 8/6144 blocks in use) — first token 785
2026-10-06 15:49:31.839 INFO  sched: request 'chatcmpl-e5055b4d8fcd8afe' prefix cache miss — 2 cut(s), the cache is empty
2026-10-06 15:49:31.839 INFO  sched: request 'chatcmpl-e5055b4d8fcd8afe' admitted to slot 2 (reserve 3 blocks; pool 10/6144 blocks in use) — first token 785
2026-10-06 15:49:31.839 INFO  sched: request 'chatcmpl-e5055b4d8fcd8aff' prefix cache miss — 2 cut(s), the cache is empty
2026-10-06 15:49:31.839 INFO  sched: request 'chatcmpl-e5055b4d8fcd8aff' admitted to slot 3 (reserve 3 blocks; pool 12/6144 blocks in use) — first token 785
2026-10-06 15:49:31.839 INFO  sched: 4 requests admitted together in one prefill (257 ms)
2026-10-06 15:49:31.889 INFO  sched: request 'chatcmpl-e5055b4d8fcd8b00' deferred (needs 3 blocks, 6132 free, 0 slot(s) open) — admits when a peer retires
2026-10-06 15:49:39.603 INFO  stats: rank 2 | 10.0 s | decode 109.7 tok/s, 8.8 ms/tok, 63.0 ms/step (154 steps / 1097 tok, 97 % of wall) | mtp 1.85 tok/step/req, accept p1 84 % | prefill 4 prompts / 123 tok, 12 tok/s, 2.09 ms/tok, 64 ms avg (3 % of wall), 0 tok cached (0/4 hits) | live 4, queued 4 | pool 12/6144 blocks (0 %) | prefix cache 0/639 entries
2026-10-06 15:49:40.520 INFO  sched: request 'chatcmpl-e5055b4d8fcd8afe' retired (steps): 256 tok in 8.9 s — prefill 31 tok (0 cached) in 257 ms; decode 255 tok / 135 passes in 8.7 s: 29.4 tok/s, 34.0 ms/tok, 64 ms/pass, 1.89 tok/pass, accept p1 90 %
2026-10-06 15:49:40.521 INFO  sched: request 'chatcmpl-e5055b4d8fcd8b00' starting prefill in slot 2 (31 prompt tokens)
2026-10-06 15:49:40.662 INFO  sched: request 'chatcmpl-e5055b4d8fcd8b00' prefix cache miss — 2 cut(s), the cache is empty
2026-10-06 15:49:40.662 INFO  sched: request 'chatcmpl-e5055b4d8fcd8b00' admitted to slot 2 (reserve 3 blocks; pool 12/6144 blocks in use) — first token 785
2026-10-06 15:49:40.725 INFO  sched: request 'chatcmpl-e5055b4d8fcd8b01' deferred (needs 3 blocks, 6132 free, 0 slot(s) open) — admits when a peer retires
2026-10-06 15:49:40.927 INFO  sched: request 'chatcmpl-e5055b4d8fcd8afc' retired (steps): 256 tok in 9.3 s — prefill 31 tok (0 cached) in 257 ms; decode 255 tok / 139 passes in 9.1 s: 28.1 tok/s, 35.6 ms/tok, 65 ms/pass, 1.83 tok/pass, accept p1 83 %
2026-10-06 15:49:40.927 INFO  sched: request 'chatcmpl-e5055b4d8fcd8b01' starting prefill in slot 0 (32 prompt tokens)
2026-10-06 15:49:41.074 INFO  sched: request 'chatcmpl-e5055b4d8fcd8b01' prefix cache miss — 2 cut(s), the cache is empty
2026-10-06 15:49:41.074 INFO  sched: request 'chatcmpl-e5055b4d8fcd8b01' admitted to slot 0 (reserve 3 blocks; pool 12/6144 blocks in use) — first token 785
2026-10-06 15:49:41.141 INFO  sched: request 'chatcmpl-e5055b4d8fcd8afd' retired (steps): 256 tok in 9.6 s — prefill 31 tok (0 cached) in 257 ms; decode 255 tok / 140 passes in 9.3 s: 27.4 tok/s, 36.5 ms/tok, 66 ms/pass, 1.82 tok/pass, accept p1 82 %
2026-10-06 15:49:41.141 INFO  sched: request 'chatcmpl-e5055b4d8fcd8b02' starting prefill in slot 1 (30 prompt tokens)
2026-10-06 15:49:41.281 INFO  sched: request 'chatcmpl-e5055b4d8fcd8b02' prefix cache miss — 2 cut(s), the cache is empty
2026-10-06 15:49:41.281 INFO  sched: request 'chatcmpl-e5055b4d8fcd8b02' admitted to slot 1 (reserve 3 blocks; pool 12/6144 blocks in use) — first token 785
2026-10-06 15:49:41.345 INFO  sched: request 'chatcmpl-e5055b4d8fcd8b03' deferred (needs 3 blocks, 6132 free, 0 slot(s) open) — admits when a peer retires
2026-10-06 15:49:41.479 INFO  sched: request 'chatcmpl-e5055b4d8fcd8aff' retired (steps): 256 tok in 9.9 s — prefill 30 tok (0 cached) in 257 ms; decode 255 tok / 143 passes in 9.6 s: 26.5 tok/s, 37.8 ms/tok, 67 ms/pass, 1.78 tok/pass, accept p1 78 %
2026-10-06 15:49:41.479 INFO  sched: request 'chatcmpl-e5055b4d8fcd8b03' starting prefill in slot 3 (30 prompt tokens)
2026-10-06 15:49:41.619 INFO  sched: request 'chatcmpl-e5055b4d8fcd8b03' prefix cache miss — 2 cut(s), the cache is empty
2026-10-06 15:49:41.619 INFO  sched: request 'chatcmpl-e5055b4d8fcd8b03' admitted to slot 3 (reserve 3 blocks; pool 12/6144 blocks in use) — first token 785
2026-10-06 15:49:49.656 INFO  stats: rank 2 | 10.1 s | decode 106.3 tok/s, 8.8 ms/tok, 64.2 ms/step (147 steps / 1069 tok, 94 % of wall) | mtp 1.82 tok/step/req, accept p1 81 % | prefill 4 prompts / 123 tok, 12 tok/s, 4.63 ms/tok, 142 ms avg (6 % of wall), 0 tok cached (0/4 hits) | live 4, queued 0 | pool 12/6144 blocks (0 %) | prefix cache 0/639 entries
2026-10-06 15:49:50.259 INFO  sched: request 'chatcmpl-e5055b4d8fcd8b00' retired (steps): 256 tok in 9.7 s — prefill 31 tok (0 cached) in 142 ms; decode 255 tok / 142 passes in 9.6 s: 26.6 tok/s, 37.6 ms/tok, 68 ms/pass, 1.80 tok/pass, accept p1 80 %
2026-10-06 15:49:50.325 INFO  sched: request 'chatcmpl-e5055b4d8fcd8b01' retired (steps): 256 tok in 9.4 s — prefill 32 tok (0 cached) in 147 ms; decode 255 tok / 139 passes in 9.3 s: 27.6 tok/s, 36.3 ms/tok, 67 ms/pass, 1.83 tok/pass, accept p1 83 %
2026-10-06 15:49:50.505 INFO  sched: request 'chatcmpl-e5055b4d8fcd8b02' retired (steps): 256 tok in 9.4 s — prefill 30 tok (0 cached) in 141 ms; decode 255 tok / 141 passes in 9.2 s: 27.6 tok/s, 36.2 ms/tok, 65 ms/pass, 1.81 tok/pass, accept p1 82 %
2026-10-06 15:49:50.540 INFO  sched: request 'chatcmpl-e5055b4d8fcd8b03' retired (steps): 256 tok in 9.1 s — prefill 30 tok (0 cached) in 140 ms; decode 255 tok / 139 passes in 8.9 s: 28.6 tok/s, 35.0 ms/tok, 64 ms/pass, 1.83 tok/pass, accept p1 83 %
2026-10-06 15:49:50.560 INFO  sched: request 'chatcmpl-e5055b4d8fcd8b04' starting prefill in slot 0 (31 prompt tokens)
2026-10-06 15:49:50.560 INFO  sched: request 'chatcmpl-e5055b4d8fcd8b05' starting prefill in slot 1 (32 prompt tokens)
2026-10-06 15:49:50.560 INFO  sched: request 'chatcmpl-e5055b4d8fcd8b06' starting prefill in slot 2 (30 prompt tokens)
2026-10-06 15:49:50.560 INFO  sched: request 'chatcmpl-e5055b4d8fcd8b07' starting prefill in slot 3 (31 prompt tokens)
2026-10-06 15:49:50.821 INFO  sched: request 'chatcmpl-e5055b4d8fcd8b04' prefix cache miss — 2 cut(s), the cache is empty
2026-10-06 15:49:50.821 INFO  sched: request 'chatcmpl-e5055b4d8fcd8b04' admitted to slot 0 (reserve 3 blocks; pool 6/6144 blocks in use) — first token 785
2026-10-06 15:49:50.821 INFO  sched: request 'chatcmpl-e5055b4d8fcd8b05' prefix cache miss — 2 cut(s), the cache is empty
2026-10-06 15:49:50.821 INFO  sched: request 'chatcmpl-e5055b4d8fcd8b05' admitted to slot 1 (reserve 3 blocks; pool 8/6144 blocks in use) — first token 785
2026-10-06 15:49:50.821 INFO  sched: request 'chatcmpl-e5055b4d8fcd8b06' prefix cache miss — 2 cut(s), the cache is empty
2026-10-06 15:49:50.821 INFO  sched: request 'chatcmpl-e5055b4d8fcd8b06' admitted to slot 2 (reserve 3 blocks; pool 10/6144 blocks in use) — first token 785
2026-10-06 15:49:50.821 INFO  sched: request 'chatcmpl-e5055b4d8fcd8b07' prefix cache miss — 2 cut(s), the cache is empty
2026-10-06 15:49:50.821 INFO  sched: request 'chatcmpl-e5055b4d8fcd8b07' admitted to slot 3 (reserve 3 blocks; pool 12/6144 blocks in use) — first token 785
2026-10-06 15:49:50.821 INFO  sched: 4 requests admitted together in one prefill (262 ms)
2026-10-06 15:49:50.870 INFO  sched: request 'chatcmpl-e5055b4d8fcd8b08' deferred (needs 3 blocks, 6132 free, 0 slot(s) open) — admits when a peer retires
2026-10-06 15:49:59.667 INFO  stats: rank 2 | 10.0 s | decode 108.6 tok/s, 8.9 ms/tok, 63.8 ms/step (152 steps / 1087 tok, 97 % of wall) | mtp 1.82 tok/step/req, accept p1 81 % | prefill 4 prompts / 124 tok, 12 tok/s, 2.11 ms/tok, 65 ms avg (3 % of wall), 0 tok cached (0/4 hits) | live 4, queued 4 | pool 12/6144 blocks (0 %) | prefix cache 0/639 entries
2026-10-06 15:49:59.735 INFO  sched: request 'chatcmpl-e5055b4d8fcd8b04' retired (steps): 256 tok in 9.2 s — prefill 31 tok (0 cached) in 262 ms; decode 255 tok / 139 passes in 8.9 s: 28.6 tok/s, 35.0 ms/tok, 64 ms/pass, 1.83 tok/pass, accept p1 83 %
2026-10-06 15:49:59.735 INFO  sched: request 'chatcmpl-e5055b4d8fcd8b05' retired (steps): 256 tok in 9.2 s — prefill 32 tok (0 cached) in 262 ms; decode 255 tok / 139 passes in 8.9 s: 28.6 tok/s, 35.0 ms/tok, 64 ms/pass, 1.83 tok/pass, accept p1 83 %
2026-10-06 15:49:59.735 INFO  sched: request 'chatcmpl-e5055b4d8fcd8b08' starting prefill in slot 0 (30 prompt tokens)
2026-10-06 15:49:59.736 INFO  sched: request 'chatcmpl-e5055b4d8fcd8b09' starting prefill in slot 1 (31 prompt tokens)
2026-10-06 15:49:59.915 INFO  sched: request 'chatcmpl-e5055b4d8fcd8b08' prefix cache miss — 2 cut(s), the cache is empty
2026-10-06 15:49:59.915 INFO  sched: request 'chatcmpl-e5055b4d8fcd8b08' admitted to slot 0 (reserve 3 blocks; pool 10/6144 blocks in use) — first token 785
2026-10-06 15:49:59.915 INFO  sched: request 'chatcmpl-e5055b4d8fcd8b09' prefix cache miss — 2 cut(s), the cache is empty
2026-10-06 15:49:59.915 INFO  sched: request 'chatcmpl-e5055b4d8fcd8b09' admitted to slot 1 (reserve 3 blocks; pool 12/6144 blocks in use) — first token 785
2026-10-06 15:49:59.915 INFO  sched: 2 requests admitted together in one prefill (180 ms)
2026-10-06 15:49:59.976 INFO  sched: request 'chatcmpl-e5055b4d8fcd8b0a' deferred (needs 3 blocks, 6132 free, 0 slot(s) open) — admits when a peer retires
2026-10-06 15:50:00.101 INFO  sched: request 'chatcmpl-e5055b4d8fcd8b07' retired (steps): 256 tok in 9.5 s — prefill 31 tok (0 cached) in 262 ms; decode 255 tok / 142 passes in 9.3 s: 27.5 tok/s, 36.4 ms/tok, 65 ms/pass, 1.80 tok/pass, accept p1 80 %
2026-10-06 15:50:00.101 INFO  sched: request 'chatcmpl-e5055b4d8fcd8b0a' starting prefill in slot 3 (30 prompt tokens)
2026-10-06 15:50:00.240 INFO  sched: request 'chatcmpl-e5055b4d8fcd8b0a' prefix cache miss — 2 cut(s), the cache is empty
2026-10-06 15:50:00.240 INFO  sched: request 'chatcmpl-e5055b4d8fcd8b0a' admitted to slot 3 (reserve 3 blocks; pool 12/6144 blocks in use) — first token 785
2026-10-06 15:50:00.305 INFO  sched: request 'chatcmpl-e5055b4d8fcd8b06' retired (steps): 256 tok in 9.7 s — prefill 30 tok (0 cached) in 262 ms; decode 255 tok / 143 passes in 9.5 s: 26.9 tok/s, 37.2 ms/tok, 66 ms/pass, 1.78 tok/pass, accept p1 78 %
2026-10-06 15:50:00.305 INFO  sched: request 'chatcmpl-e5055b4d8fcd8b0b' starting prefill in slot 2 (31 prompt tokens)
2026-10-06 15:50:00.445 INFO  sched: request 'chatcmpl-e5055b4d8fcd8b0b' prefix cache miss — 2 cut(s), the cache is empty
2026-10-06 15:50:00.445 INFO  sched: request 'chatcmpl-e5055b4d8fcd8b0b' admitted to slot 2 (reserve 3 blocks; pool 12/6144 blocks in use) — first token 785
2026-10-06 15:50:09.154 INFO  sched: request 'chatcmpl-e5055b4d8fcd8b0b' retired (steps): 256 tok in 8.8 s — prefill 31 tok (0 cached) in 140 ms; decode 255 tok / 135 passes in 8.7 s: 29.3 tok/s, 34.2 ms/tok, 65 ms/pass, 1.89 tok/pass, accept p1 90 %
2026-10-06 15:50:09.219 INFO  sched: request 'chatcmpl-e5055b4d8fcd8b09' retired (steps): 256 tok in 9.5 s — prefill 31 tok (0 cached) in 180 ms; decode 255 tok / 140 passes in 9.3 s: 27.4 tok/s, 36.5 ms/tok, 66 ms/pass, 1.82 tok/pass, accept p1 82 %
2026-10-06 15:50:09.282 INFO  sched: request 'chatcmpl-e5055b4d8fcd8b08' retired (steps): 256 tok in 9.5 s — prefill 30 tok (0 cached) in 180 ms; decode 255 tok / 141 passes in 9.4 s: 27.2 tok/s, 36.7 ms/tok, 66 ms/pass, 1.81 tok/pass, accept p1 82 %
2026-10-06 15:50:09.315 INFO  sched: request 'chatcmpl-e5055b4d8fcd8b0a' retired (steps): 256 tok in 9.2 s — prefill 30 tok (0 cached) in 139 ms; decode 255 tok / 139 passes in 9.1 s: 28.1 tok/s, 35.6 ms/tok, 65 ms/pass, 1.83 tok/pass, accept p1 83 %
2026-10-06 15:50:09.467 INFO  sched: request 'chatcmpl-e5055b4d8fcd8b0c' starting prefill in slot 0 (544 prompt tokens)
2026-10-06 15:50:09.921 INFO  sched: request 'chatcmpl-e5055b4d8fcd8b0c' prefix cache miss — 2 cut(s), the cache is empty
2026-10-06 15:50:09.921 INFO  sched: request 'chatcmpl-e5055b4d8fcd8b0c' admitted to slot 0 (reserve 5 blocks; pool 5/6144 blocks in use) — first token 785
2026-10-06 15:50:09.921 INFO  sched: request 'chatcmpl-e5055b4d8fcd8b0c' retired (steps): 1 tok in 0.5 s — prefill 544 tok (0 cached) in 455 ms; decode 0 tok / 0 passes in 0.0 s
2026-10-06 15:50:09.921 INFO  stats: rank 2 | 10.3 s | decode 101.7 tok/s, 8.8 ms/tok, 64.0 ms/step (143 steps / 1043 tok, 89 % of wall) | mtp 1.84 tok/step/req, accept p1 84 % | prefill 5 prompts / 666 tok, 65 tok/s, 1.37 ms/tok, 183 ms avg (9 % of wall), 0 tok cached (0/5 hits) | live 0, queued 0 | pool 0/6144 blocks (0 %) | prefix cache 0/639 entries
2026-10-06 15:50:09.951 INFO  sched: request 'chatcmpl-e5055b4d8fcd8b0d' starting prefill in slot 0 (2014 prompt tokens)
2026-10-06 15:50:11.123 INFO  sched: request 'chatcmpl-e5055b4d8fcd8b0d' prefix cache miss — 2 cut(s), the cache is empty
2026-10-06 15:50:11.123 INFO  sched: request 'chatcmpl-e5055b4d8fcd8b0d' admitted to slot 0 (reserve 16 blocks; pool 17/6144 blocks in use) — first token 785
2026-10-06 15:50:11.123 INFO  sched: request 'chatcmpl-e5055b4d8fcd8b0d' retired (steps): 1 tok in 1.2 s — prefill 2014 tok (0 cached) in 1173 ms; decode 0 tok / 0 passes in 0.0 s
2026-10-06 15:50:11.149 INFO  sched: request 'chatcmpl-e5055b4d8fcd8b0e' starting prefill in slot 0 (2044 prompt tokens)
2026-10-06 15:50:12.355 INFO  sched: request 'chatcmpl-e5055b4d8fcd8b0e' prefix cache miss — 2 cut(s) probed against 1 entries; the nearest entry (position 2012) shares the first 40 of the prompt's 2044 tokens (the prompt differs from it from that token on)
2026-10-06 15:50:12.355 INFO  sched: request 'chatcmpl-e5055b4d8fcd8b0e' admitted to slot 0 (reserve 16 blocks; pool 33/6144 blocks in use) — first token 785
2026-10-06 15:50:12.355 INFO  sched: request 'chatcmpl-e5055b4d8fcd8b0e' retired (steps): 1 tok in 1.2 s — prefill 2044 tok (0 cached) in 1206 ms; decode 0 tok / 0 passes in 0.0 s
2026-10-06 15:50:12.369 INFO  sched: request 'chatcmpl-e5055b4d8fcd8b0f' starting prefill in slot 0 (2021 prompt tokens)
2026-10-06 15:50:13.551 INFO  sched: request 'chatcmpl-e5055b4d8fcd8b0f' prefix cache miss — 2 cut(s) probed against 3 entries; the nearest entry (position 2044) shares the first 40 of the prompt's 2021 tokens (the prompt differs from it from that token on)
2026-10-06 15:50:13.551 INFO  sched: request 'chatcmpl-e5055b4d8fcd8b0f' admitted to slot 0 (reserve 16 blocks; pool 50/6144 blocks in use) — first token 785
2026-10-06 15:50:13.551 INFO  sched: request 'chatcmpl-e5055b4d8fcd8b0f' retired (steps): 1 tok in 1.2 s — prefill 2021 tok (0 cached) in 1182 ms; decode 0 tok / 0 passes in 0.0 s
2026-10-06 15:50:13.566 INFO  sched: request 'chatcmpl-e5055b4d8fcd8b10' starting prefill in slot 0 (7956 prompt tokens)
2026-10-06 15:50:13.566 INFO  sched: request 'chatcmpl-e5055b4d8fcd8b10' prefix cache miss — 5 cut(s) probed against 4 entries; the nearest entry (position 2044) shares the first 37 of the prompt's 7956 tokens (the prompt differs from it from that token on)
2026-10-06 15:50:13.566 INFO  sched: request 'chatcmpl-e5055b4d8fcd8b10' prefilling in slot 0 (2048 tokens/tick)
2026-10-06 15:50:18.608 INFO  sched: request 'chatcmpl-e5055b4d8fcd8b10' admitted to slot 0 (reserve 63 blocks; pool 113/6144 blocks in use) — first token 785
2026-10-06 15:50:18.608 INFO  sched: request 'chatcmpl-e5055b4d8fcd8b10' retired (steps): 1 tok in 5.0 s — prefill 7956 tok (0 cached) in 5041 ms; decode 0 tok / 0 passes in 0.0 s
2026-10-06 15:50:18.639 INFO  sched: request 'chatcmpl-e5055b4d8fcd8b11' starting prefill in slot 0 (8008 prompt tokens)
2026-10-06 15:50:18.639 INFO  sched: request 'chatcmpl-e5055b4d8fcd8b11' prefix cache miss — 5 cut(s) probed against 6 entries; the nearest entry (position 7956) shares the first 41 of the prompt's 8008 tokens (the prompt differs from it from that token on)
2026-10-06 15:50:18.639 INFO  sched: request 'chatcmpl-e5055b4d8fcd8b11' prefilling in slot 0 (2048 tokens/tick)
2026-10-06 15:50:21.061 INFO  stats: rank 2 | 11.1 s | decode 0.4 tok/s, 0.0 ms/tok, 0.0 ms/step (0 steps / 4 tok, 0 % of wall) | prefill 4 prompts / 18131 tok, 1628 tok/s, 0.61 ms/tok, 2756 ms avg (99 % of wall), 0 tok cached (0/5 hits) | live 1, queued 0 | pool 176/6144 blocks (3 %) | prefix cache 6/639 entries | 1 prefilling
2026-10-06 15:50:23.714 INFO  sched: request 'chatcmpl-e5055b4d8fcd8b11' admitted to slot 0 (reserve 63 blocks; pool 177/6144 blocks in use) — first token 785
2026-10-06 15:50:23.715 INFO  sched: request 'chatcmpl-e5055b4d8fcd8b11' retired (steps): 1 tok in 5.1 s — prefill 8008 tok (0 cached) in 5075 ms; decode 0 tok / 0 passes in 0.0 s
2026-10-06 15:50:23.735 INFO  sched: request 'chatcmpl-e5055b4d8fcd8b12' starting prefill in slot 0 (8147 prompt tokens)
2026-10-06 15:50:23.735 INFO  sched: request 'chatcmpl-e5055b4d8fcd8b12' prefix cache miss — 5 cut(s) probed against 8 entries; the nearest entry (position 8008) shares the first 41 of the prompt's 8147 tokens (the prompt differs from it from that token on)
2026-10-06 15:50:23.735 INFO  sched: request 'chatcmpl-e5055b4d8fcd8b12' prefilling in slot 0 (2048 tokens/tick)
2026-10-06 15:50:28.874 INFO  sched: request 'chatcmpl-e5055b4d8fcd8b12' admitted to slot 0 (reserve 64 blocks; pool 242/6144 blocks in use) — first token 785
2026-10-06 15:50:28.874 INFO  sched: request 'chatcmpl-e5055b4d8fcd8b12' retired (steps): 1 tok in 5.1 s — prefill 8147 tok (0 cached) in 5138 ms; decode 0 tok / 0 passes in 0.0 s
2026-10-06 15:50:28.908 INFO  sched: request 'chatcmpl-e5055b4d8fcd8b13' starting prefill in slot 0 (32029 prompt tokens)
2026-10-06 15:50:28.908 INFO  sched: request 'chatcmpl-e5055b4d8fcd8b13' prefix cache miss — 17 cut(s) probed against 9 entries; the nearest entry (position 8144) shares the first 37 of the prompt's 32029 tokens (the prompt differs from it from that token on)
2026-10-06 15:50:28.908 INFO  sched: request 'chatcmpl-e5055b4d8fcd8b13' prefilling in slot 0 (2048 tokens/tick)
2026-10-06 15:50:31.327 INFO  stats: rank 2 | 10.3 s | decode 0.2 tok/s, 0.0 ms/tok, 0.0 ms/step (0 steps / 2 tok, 0 % of wall) | prefill 2 prompts / 16155 tok, 1574 tok/s, 0.63 ms/tok, 5105 ms avg (99 % of wall), 0 tok cached (0/2 hits) | live 1, queued 0 | pool 492/6144 blocks (8 %) | prefix cache 9/639 entries | 1 prefilling
2026-10-06 15:50:42.254 INFO  stats: rank 2 | 10.9 s | decode 0.0 tok/s, 0.0 ms/tok, 0.0 ms/step (0 steps / 0 tok, 0 % of wall) | prefill 0 prompts / 16384 tok, 1499 tok/s, 0.67 ms/tok (100 % of wall), 0 tok cached (0/0 hits) | live 1, queued 0 | pool 492/6144 blocks (8 %) | prefix cache 9/639 entries | 1 prefilling
2026-10-06 15:50:50.727 INFO  sched: request 'chatcmpl-e5055b4d8fcd8b13' admitted to slot 0 (reserve 251 blocks; pool 493/6144 blocks in use) — first token 785
2026-10-06 15:50:50.727 INFO  sched: request 'chatcmpl-e5055b4d8fcd8b13' retired (steps): 1 tok in 21.8 s — prefill 32029 tok (0 cached) in 21817 ms; decode 0 tok / 0 passes in 0.0 s
2026-10-06 15:50:50.754 INFO  sched: request 'chatcmpl-e5055b4d8fcd8b14' starting prefill in slot 0 (32058 prompt tokens)
2026-10-06 15:50:50.755 INFO  sched: request 'chatcmpl-e5055b4d8fcd8b14' prefix cache miss — 17 cut(s) probed against 11 entries; the nearest entry (position 32024) shares the first 41 of the prompt's 32058 tokens (the prompt differs from it from that token on)
2026-10-06 15:50:50.755 INFO  sched: request 'chatcmpl-e5055b4d8fcd8b14' prefilling in slot 0 (2048 tokens/tick)
2026-10-06 15:50:53.186 INFO  stats: rank 2 | 10.9 s | decode 0.1 tok/s, 0.0 ms/tok, 0.0 ms/step (0 steps / 1 tok, 0 % of wall) | prefill 1 prompt / 15645 tok, 1431 tok/s, 0.70 ms/tok, 10904 ms avg (100 % of wall), 0 tok cached (0/1 hit) | live 1, queued 0 | pool 743/6144 blocks (12 %) | prefix cache 11/639 entries | 1 prefilling
2026-10-06 15:51:04.192 INFO  stats: rank 2 | 11.0 s | decode 0.0 tok/s, 0.0 ms/tok, 0.0 ms/step (0 steps / 0 tok, 0 % of wall) | prefill 0 prompts / 16384 tok, 1489 tok/s, 0.67 ms/tok (100 % of wall), 0 tok cached (0/0 hits) | live 1, queued 0 | pool 743/6144 blocks (12 %) | prefix cache 11/639 entries | 1 prefilling
2026-10-06 15:51:12.665 INFO  sched: request 'chatcmpl-e5055b4d8fcd8b14' admitted to slot 0 (reserve 251 blocks; pool 744/6144 blocks in use) — first token 785
2026-10-06 15:51:12.665 INFO  sched: request 'chatcmpl-e5055b4d8fcd8b14' retired (steps): 1 tok in 21.9 s — prefill 32058 tok (0 cached) in 21909 ms; decode 0 tok / 0 passes in 0.0 s
2026-10-06 15:51:12.686 INFO  sched: request 'chatcmpl-e5055b4d8fcd8b15' starting prefill in slot 0 (32024 prompt tokens)
2026-10-06 15:51:12.686 INFO  sched: request 'chatcmpl-e5055b4d8fcd8b15' prefix cache miss — 17 cut(s) probed against 13 entries; the nearest entry (position 32056) shares the first 41 of the prompt's 32024 tokens (the prompt differs from it from that token on)
2026-10-06 15:51:12.686 INFO  sched: request 'chatcmpl-e5055b4d8fcd8b15' prefilling in slot 0 (2048 tokens/tick)
2026-10-06 15:51:15.102 INFO  stats: rank 2 | 10.9 s | decode 0.1 tok/s, 0.0 ms/tok, 0.0 ms/step (0 steps / 1 tok, 0 % of wall) | prefill 1 prompt / 15674 tok, 1437 tok/s, 0.69 ms/tok, 10889 ms avg (100 % of wall), 0 tok cached (0/1 hit) | live 1, queued 0 | pool 994/6144 blocks (16 %) | prefix cache 13/639 entries | 1 prefilling
2026-10-06 15:51:26.069 INFO  stats: rank 2 | 11.0 s | decode 0.0 tok/s, 0.0 ms/tok, 0.0 ms/step (0 steps / 0 tok, 0 % of wall) | prefill 0 prompts / 16384 tok, 1494 tok/s, 0.67 ms/tok (100 % of wall), 0 tok cached (0/0 hits) | live 1, queued 0 | pool 994/6144 blocks (16 %) | prefix cache 13/639 entries | 1 prefilling
2026-10-06 15:51:34.529 INFO  sched: request 'chatcmpl-e5055b4d8fcd8b15' admitted to slot 0 (reserve 251 blocks; pool 995/6144 blocks in use) — first token 785
2026-10-06 15:51:34.530 INFO  sched: request 'chatcmpl-e5055b4d8fcd8b15' retired (steps): 1 tok in 21.8 s — prefill 32024 tok (0 cached) in 21841 ms; decode 0 tok / 0 passes in 0.0 s
2026-10-06 15:51:34.977 INFO  sched: request 'chatcmpl-e5055b4d8fcd8b16' starting prefill in slot 0 (99 prompt tokens)
2026-10-06 15:51:35.212 INFO  sched: request 'chatcmpl-e5055b4d8fcd8b16' prefix cache miss — 2 cut(s) probed against 16 entries; the nearest entry (position 32056) shares the first 10 of the prompt's 99 tokens (the prompt differs from it from that token on)
2026-10-06 15:51:35.212 INFO  sched: request 'chatcmpl-e5055b4d8fcd8b16' admitted to slot 0 (reserve 3 blocks; pool 998/6144 blocks in use) — first token 785
2026-10-06 15:51:36.071 INFO  stats: rank 2 | 10.0 s | decode 5.4 tok/s, 15.9 ms/tok, 31.7 ms/step (27 steps / 54 tok, 9 % of wall) | mtp 2.00 tok/step/req, accept p1 93 % | prefill 2 prompts / 11643 tok, 1164 tok/s, 0.75 ms/tok, 4347 ms avg (87 % of wall), 0 tok cached (0/1 hit) | live 1, queued 0 | pool 998/6144 blocks (16 %) | prefix cache 16/639 entries
2026-10-06 15:51:39.549 INFO  sched: request 'chatcmpl-e5055b4d8fcd8b16' retired (steps): 256 tok in 4.6 s — prefill 99 tok (0 cached) in 236 ms; decode 255 tok / 136 passes in 4.3 s: 58.8 tok/s, 17.0 ms/tok, 32 ms/pass, 1.88 tok/pass, accept p1 88 %
2026-10-06 15:51:39.568 INFO  sched: request 'chatcmpl-e5055b4d8fcd8b17' starting prefill in slot 0 (99 prompt tokens)
2026-10-06 15:51:39.796 INFO  sched: request 'chatcmpl-e5055b4d8fcd8b17' prefix cache miss — 2 cut(s) probed against 16 entries; the nearest entry (position 32056) shares the first 10 of the prompt's 99 tokens (the prompt differs from it from that token on)
2026-10-06 15:51:39.796 INFO  sched: request 'chatcmpl-e5055b4d8fcd8b17' admitted to slot 0 (reserve 3 blocks; pool 998/6144 blocks in use) — first token 785
2026-10-06 15:51:44.135 INFO  sched: request 'chatcmpl-e5055b4d8fcd8b17' retired (steps): 256 tok in 4.6 s — prefill 99 tok (0 cached) in 229 ms; decode 255 tok / 136 passes in 4.3 s: 58.8 tok/s, 17.0 ms/tok, 32 ms/pass, 1.88 tok/pass, accept p1 88 %
2026-10-06 15:51:44.149 INFO  sched: request 'chatcmpl-e5055b4d8fcd8b18' starting prefill in slot 0 (99 prompt tokens)
2026-10-06 15:51:44.376 INFO  sched: request 'chatcmpl-e5055b4d8fcd8b18' prefix cache miss — 2 cut(s) probed against 16 entries; the nearest entry (position 32056) shares the first 10 of the prompt's 99 tokens (the prompt differs from it from that token on)
2026-10-06 15:51:44.376 INFO  sched: request 'chatcmpl-e5055b4d8fcd8b18' admitted to slot 0 (reserve 3 blocks; pool 998/6144 blocks in use) — first token 785
2026-10-06 15:51:46.092 INFO  stats: rank 2 | 10.0 s | decode 56.0 tok/s, 17.0 ms/tok, 31.8 ms/step (299 steps / 561 tok, 95 % of wall) | mtp 1.88 tok/step/req, accept p1 88 % | prefill 2 prompts / 198 tok, 20 tok/s, 2.30 ms/tok, 228 ms avg (5 % of wall), 0 tok cached (0/2 hits) | live 1, queued 0 | pool 998/6144 blocks (16 %) | prefix cache 16/639 entries
2026-10-06 15:51:48.713 INFO  sched: request 'chatcmpl-e5055b4d8fcd8b18' retired (steps): 256 tok in 4.6 s — prefill 99 tok (0 cached) in 227 ms; decode 255 tok / 136 passes in 4.3 s: 58.8 tok/s, 17.0 ms/tok, 32 ms/pass, 1.88 tok/pass, accept p1 88 %
2026-10-06 15:51:49.571 INFO  sched: request 'chatcmpl-e5055b4d8fcd8b19' starting prefill in slot 0 (32239 prompt tokens)
2026-10-06 15:51:49.571 INFO  sched: request 'chatcmpl-e5055b4d8fcd8b19' prefix cache miss — 17 cut(s) probed against 16 entries; the nearest entry (position 32056) shares the first 10 of the prompt's 32239 tokens (the prompt differs from it from that token on)
2026-10-06 15:51:49.572 INFO  sched: request 'chatcmpl-e5055b4d8fcd8b19' prefilling in slot 0 (2048 tokens/tick)
2026-10-06 15:51:57.314 INFO  stats: rank 2 | 11.2 s | decode 13.7 tok/s, 17.0 ms/tok, 31.9 ms/step (82 steps / 154 tok, 23 % of wall) | mtp 1.88 tok/step/req, accept p1 89 % | prefill 0 prompts / 12288 tok, 1095 tok/s, 0.63 ms/tok (69 % of wall), 0 tok cached (0/1 hit) | live 1, queued 0 | pool 1249/6144 blocks (20 %) | prefix cache 16/639 entries | 1 prefilling
2026-10-06 15:52:08.656 INFO  stats: rank 2 | 11.3 s | decode 0.0 tok/s, 0.0 ms/tok, 0.0 ms/step (0 steps / 0 tok, 0 % of wall) | prefill 0 prompts / 16384 tok, 1445 tok/s, 0.69 ms/tok (100 % of wall), 0 tok cached (0/0 hits) | live 1, queued 0 | pool 1249/6144 blocks (20 %) | prefix cache 16/639 entries | 1 prefilling
2026-10-06 15:52:11.370 INFO  sched: request 'chatcmpl-e5055b4d8fcd8b19' admitted to slot 0 (reserve 254 blocks; pool 1250/6144 blocks in use) — first token 785
2026-10-06 15:52:15.738 INFO  sched: request 'chatcmpl-e5055b4d8fcd8b19' retired (steps): 256 tok in 26.2 s — prefill 32239 tok (0 cached) in 21796 ms; decode 255 tok / 130 passes in 4.4 s: 58.4 tok/s, 17.1 ms/tok, 34 ms/pass, 1.96 tok/pass, accept p1 97 %
2026-10-06 15:52:15.760 INFO  sched: request 'chatcmpl-e5055b4d8fcd8b1a' starting prefill in slot 0 (32239 prompt tokens)
2026-10-06 15:52:15.760 INFO  sched: request 'chatcmpl-e5055b4d8fcd8b1a' prefilling in slot 0 (2048 tokens/tick)
2026-10-06 15:52:15.820 INFO  sched: request 'chatcmpl-e5055b4d8fcd8b1a' admitted to slot 0 (reserve 254 blocks; pool 1253/6144 blocks in use) — first token 785
2026-10-06 15:52:18.677 INFO  stats: rank 2 | 10.0 s | decode 42.2 tok/s, 17.0 ms/tok, 33.5 ms/step (215 steps / 423 tok, 72 % of wall) | mtp 1.97 tok/step/req, accept p1 96 % | prefill 2 prompts / 3570 tok, 356 tok/s, 0.78 ms/tok, 1387 ms avg (28 % of wall), 32236 tok cached (1/1 hit) | live 1, queued 0 | pool 1254/6144 blocks (20 %) | prefix cache 19/639 entries
2026-10-06 15:52:20.191 INFO  sched: request 'chatcmpl-e5055b4d8fcd8b1a' retired (steps): 256 tok in 4.4 s — prefill 32239 tok (32236 cached) in 60 ms; decode 255 tok / 130 passes in 4.4 s: 58.3 tok/s, 17.1 ms/tok, 34 ms/pass, 1.96 tok/pass, accept p1 97 %
2026-10-06 15:52:20.207 INFO  sched: request 'chatcmpl-e5055b4d8fcd8b1b' starting prefill in slot 0 (32239 prompt tokens)
2026-10-06 15:52:20.207 INFO  sched: request 'chatcmpl-e5055b4d8fcd8b1b' prefilling in slot 0 (2048 tokens/tick)
2026-10-06 15:52:20.267 INFO  sched: request 'chatcmpl-e5055b4d8fcd8b1b' admitted to slot 0 (reserve 254 blocks; pool 1253/6144 blocks in use) — first token 785
2026-10-06 15:52:24.636 INFO  sched: request 'chatcmpl-e5055b4d8fcd8b1b' retired (steps): 256 tok in 4.4 s — prefill 32239 tok (32236 cached) in 61 ms; decode 255 tok / 130 passes in 4.4 s: 58.4 tok/s, 17.1 ms/tok, 34 ms/pass, 1.96 tok/pass, accept p1 97 %
2026-10-06 15:52:25.766 INFO  sched: request 'chatcmpl-e5055b4d8fcd8b1c' starting prefill in slot 0 (65014 prompt tokens)
2026-10-06 15:52:25.766 INFO  sched: request 'chatcmpl-e5055b4d8fcd8b1c' prefix cache miss — 33 cut(s) probed against 19 entries; the nearest entry (position 32492) shares the first 13 of the prompt's 65014 tokens (the prompt differs from it from that token on)
2026-10-06 15:52:25.767 INFO  sched: request 'chatcmpl-e5055b4d8fcd8b1c' prefilling in slot 0 (2048 tokens/tick)
2026-10-06 15:52:29.507 INFO  stats: rank 2 | 10.8 s | decode 31.9 tok/s, 17.0 ms/tok, 33.5 ms/step (175 steps / 345 tok, 54 % of wall) | mtp 1.97 tok/step/req, accept p1 98 % | prefill 1 prompt / 6147 tok, 568 tok/s, 0.62 ms/tok, 3802 ms avg (35 % of wall), 32236 tok cached (1/2 hits) | live 1, queued 0 | pool 1760/6144 blocks (29 %) | prefix cache 19/639 entries | 1 prefilling
2026-10-06 15:52:40.469 INFO  stats: rank 2 | 11.0 s | decode 0.0 tok/s, 0.0 ms/tok, 0.0 ms/step (0 steps / 0 tok, 0 % of wall) | prefill 0 prompts / 16384 tok, 1495 tok/s, 0.67 ms/tok (100 % of wall), 0 tok cached (0/0 hits) | live 1, queued 0 | pool 1760/6144 blocks (29 %) | prefix cache 19/639 entries | 1 prefilling
2026-10-06 15:52:50.924 INFO  stats: rank 2 | 10.5 s | decode 0.0 tok/s, 0.0 ms/tok, 0.0 ms/step (0 steps / 0 tok, 0 % of wall) | prefill 0 prompts / 14336 tok, 1371 tok/s, 0.73 ms/tok (100 % of wall), 0 tok cached (0/0 hits) | live 1, queued 0 | pool 1760/6144 blocks (29 %) | prefix cache 19/639 entries | 1 prefilling
2026-10-06 15:53:02.225 INFO  stats: rank 2 | 11.3 s | decode 0.0 tok/s, 0.0 ms/tok, 0.0 ms/step (0 steps / 0 tok, 0 % of wall) | prefill 0 prompts / 14336 tok, 1269 tok/s, 0.79 ms/tok (100 % of wall), 0 tok cached (0/0 hits) | live 1, queued 0 | pool 1760/6144 blocks (29 %) | prefix cache 19/639 entries | 1 prefilling
2026-10-06 15:53:12.503 INFO  stats: rank 2 | 10.3 s | decode 0.0 tok/s, 0.0 ms/tok, 0.0 ms/step (0 steps / 0 tok, 0 % of wall) | prefill 0 prompts / 12288 tok, 1196 tok/s, 0.84 ms/tok (100 % of wall), 0 tok cached (0/0 hits) | live 1, queued 0 | pool 1760/6144 blocks (29 %) | prefix cache 19/639 entries | 1 prefilling
2026-10-06 15:53:13.936 INFO  sched: request 'chatcmpl-e5055b4d8fcd8b1c' admitted to slot 0 (reserve 510 blocks; pool 1761/6144 blocks in use) — first token 785
2026-10-06 15:53:18.410 INFO  sched: request 'chatcmpl-e5055b4d8fcd8b1c' retired (steps): 256 tok in 52.6 s — prefill 65014 tok (0 cached) in 48168 ms; decode 255 tok / 130 passes in 4.5 s: 57.0 tok/s, 17.6 ms/tok, 34 ms/pass, 1.96 tok/pass, accept p1 96 %
2026-10-06 15:53:18.463 INFO  sched: request 'chatcmpl-e5055b4d8fcd8b1d' starting prefill in slot 0 (65014 prompt tokens)
2026-10-06 15:53:18.464 INFO  sched: request 'chatcmpl-e5055b4d8fcd8b1d' prefilling in slot 0 (2048 tokens/tick)
2026-10-06 15:53:18.519 INFO  sched: request 'chatcmpl-e5055b4d8fcd8b1d' admitted to slot 0 (reserve 510 blocks; pool 1764/6144 blocks in use) — first token 785
2026-10-06 15:53:22.536 INFO  stats: rank 2 | 10.0 s | decode 48.4 tok/s, 17.4 ms/tok, 34.3 ms/step (247 steps / 486 tok, 84 % of wall) | mtp 1.97 tok/step/req, accept p1 96 % | prefill 2 prompts / 1528 tok, 152 tok/s, 0.97 ms/tok, 744 ms avg (15 % of wall), 65012 tok cached (1/1 hit) | live 1, queued 0 | pool 1765/6144 blocks (29 %) | prefix cache 22/639 entries
2026-10-06 15:53:22.985 INFO  sched: request 'chatcmpl-e5055b4d8fcd8b1d' retired (steps): 256 tok in 4.5 s — prefill 65014 tok (65012 cached) in 56 ms; decode 255 tok / 130 passes in 4.5 s: 57.1 tok/s, 17.5 ms/tok, 34 ms/pass, 1.96 tok/pass, accept p1 96 %
2026-10-06 15:53:23.020 INFO  sched: request 'chatcmpl-e5055b4d8fcd8b1e' starting prefill in slot 0 (65014 prompt tokens)
2026-10-06 15:53:23.021 INFO  sched: request 'chatcmpl-e5055b4d8fcd8b1e' prefilling in slot 0 (2048 tokens/tick)
2026-10-06 15:53:23.075 INFO  sched: request 'chatcmpl-e5055b4d8fcd8b1e' admitted to slot 0 (reserve 510 blocks; pool 1764/6144 blocks in use) — first token 785
2026-10-06 15:53:27.559 INFO  sched: request 'chatcmpl-e5055b4d8fcd8b1e' retired (steps): 256 tok in 4.5 s — prefill 65014 tok (65012 cached) in 55 ms; decode 255 tok / 130 passes in 4.5 s: 56.9 tok/s, 17.6 ms/tok, 34 ms/pass, 1.96 tok/pass, accept p1 96 %
2026-10-06 15:53:29.606 INFO  sched: request 'chatcmpl-e5055b4d8fcd8b1f' starting prefill in slot 0 (130538 prompt tokens)
2026-10-06 15:53:29.606 INFO  sched: request 'chatcmpl-e5055b4d8fcd8b1f' prefix cache miss — 65 cut(s) probed against 22 entries; the nearest entry (position 65268) shares the first 12 of the prompt's 130538 tokens (the prompt differs from it from that token on)
2026-10-06 15:53:29.606 INFO  sched: request 'chatcmpl-e5055b4d8fcd8b1f' prefilling in slot 0 (2048 tokens/tick)
2026-10-06 15:53:33.350 INFO  stats: rank 2 | 10.8 s | decode 26.1 tok/s, 17.4 ms/tok, 34.4 ms/step (143 steps / 282 tok, 45 % of wall) | mtp 1.97 tok/step/req, accept p1 97 % | prefill 1 prompt / 6146 tok, 568 tok/s, 0.62 ms/tok, 3799 ms avg (35 % of wall), 65012 tok cached (1/2 hits) | live 1, queued 0 | pool 2783/6144 blocks (45 %) | prefix cache 22/639 entries | 1 prefilling
2026-10-06 15:53:44.322 INFO  stats: rank 2 | 11.0 s | decode 0.0 tok/s, 0.0 ms/tok, 0.0 ms/step (0 steps / 0 tok, 0 % of wall) | prefill 0 prompts / 16384 tok, 1493 tok/s, 0.67 ms/tok (100 % of wall), 0 tok cached (0/0 hits) | live 1, queued 0 | pool 2783/6144 blocks (45 %) | prefix cache 22/639 entries | 1 prefilling
2026-10-06 15:53:54.774 INFO  stats: rank 2 | 10.5 s | decode 0.0 tok/s, 0.0 ms/tok, 0.0 ms/step (0 steps / 0 tok, 0 % of wall) | prefill 0 prompts / 14336 tok, 1372 tok/s, 0.73 ms/tok (100 % of wall), 0 tok cached (0/0 hits) | live 1, queued 0 | pool 2783/6144 blocks (45 %) | prefix cache 22/639 entries | 1 prefilling
2026-10-06 15:54:06.045 INFO  stats: rank 2 | 11.3 s | decode 0.0 tok/s, 0.0 ms/tok, 0.0 ms/step (0 steps / 0 tok, 0 % of wall) | prefill 0 prompts / 14336 tok, 1272 tok/s, 0.79 ms/tok (100 % of wall), 0 tok cached (0/0 hits) | live 1, queued 0 | pool 2783/6144 blocks (45 %) | prefix cache 22/639 entries | 1 prefilling
2026-10-06 15:54:16.320 INFO  stats: rank 2 | 10.3 s | decode 0.0 tok/s, 0.0 ms/tok, 0.0 ms/step (0 steps / 0 tok, 0 % of wall) | prefill 0 prompts / 12288 tok, 1196 tok/s, 0.84 ms/tok (100 % of wall), 0 tok cached (0/0 hits) | live 1, queued 0 | pool 2783/6144 blocks (45 %) | prefix cache 22/639 entries | 1 prefilling
2026-10-06 15:54:27.236 INFO  stats: rank 2 | 10.9 s | decode 0.0 tok/s, 0.0 ms/tok, 0.0 ms/step (0 steps / 0 tok, 0 % of wall) | prefill 0 prompts / 12288 tok, 1126 tok/s, 0.89 ms/tok (100 % of wall), 0 tok cached (0/0 hits) | live 1, queued 0 | pool 2783/6144 blocks (45 %) | prefix cache 22/639 entries | 1 prefilling
2026-10-06 15:54:38.792 INFO  stats: rank 2 | 11.6 s | decode 0.0 tok/s, 0.0 ms/tok, 0.0 ms/step (0 steps / 0 tok, 0 % of wall) | prefill 0 prompts / 12288 tok, 1063 tok/s, 0.94 ms/tok (100 % of wall), 0 tok cached (0/0 hits) | live 1, queued 0 | pool 2783/6144 blocks (45 %) | prefix cache 22/639 entries | 1 prefilling
2026-10-06 15:54:48.920 INFO  stats: rank 2 | 10.1 s | decode 0.0 tok/s, 0.0 ms/tok, 0.0 ms/step (0 steps / 0 tok, 0 % of wall) | prefill 0 prompts / 10240 tok, 1011 tok/s, 0.99 ms/tok (100 % of wall), 0 tok cached (0/0 hits) | live 1, queued 0 | pool 2783/6144 blocks (45 %) | prefix cache 22/639 entries | 1 prefilling
2026-10-06 15:54:59.408 INFO  stats: rank 2 | 10.5 s | decode 0.0 tok/s, 0.0 ms/tok, 0.0 ms/step (0 steps / 0 tok, 0 % of wall) | prefill 0 prompts / 10240 tok, 976 tok/s, 1.02 ms/tok (100 % of wall), 0 tok cached (0/0 hits) | live 1, queued 0 | pool 2783/6144 blocks (45 %) | prefix cache 22/639 entries | 1 prefilling
2026-10-06 15:55:10.468 INFO  stats: rank 2 | 11.1 s | decode 0.0 tok/s, 0.0 ms/tok, 0.0 ms/step (0 steps / 0 tok, 0 % of wall) | prefill 0 prompts / 10240 tok, 926 tok/s, 1.08 ms/tok (100 % of wall), 0 tok cached (0/0 hits) | live 1, queued 0 | pool 2783/6144 blocks (45 %) | prefix cache 22/639 entries | 1 prefilling
2026-10-06 15:55:21.861 INFO  stats: rank 2 | 11.4 s | decode 0.0 tok/s, 0.0 ms/tok, 0.0 ms/step (0 steps / 0 tok, 0 % of wall) | prefill 0 prompts / 10240 tok, 899 tok/s, 1.11 ms/tok (100 % of wall), 0 tok cached (0/0 hits) | live 1, queued 0 | pool 2783/6144 blocks (45 %) | prefix cache 22/639 entries | 1 prefilling
2026-10-06 15:55:23.697 INFO  sched: request 'chatcmpl-e5055b4d8fcd8b1f' admitted to slot 0 (reserve 1022 blocks; pool 2784/6144 blocks in use) — first token 785
2026-10-06 15:55:28.418 INFO  sched: request 'chatcmpl-e5055b4d8fcd8b1f' retired (steps): 256 tok in 118.8 s — prefill 130538 tok (0 cached) in 114087 ms; decode 255 tok / 131 passes in 4.7 s: 54.0 tok/s, 18.5 ms/tok, 36 ms/pass, 1.95 tok/pass, accept p1 95 %
2026-10-06 15:55:28.465 INFO  sched: request 'chatcmpl-e5055b4d8fcd8b20' starting prefill in slot 0 (130538 prompt tokens)
2026-10-06 15:55:28.465 INFO  sched: request 'chatcmpl-e5055b4d8fcd8b20' prefilling in slot 0 (2048 tokens/tick)
2026-10-06 15:55:28.521 INFO  sched: request 'chatcmpl-e5055b4d8fcd8b20' admitted to slot 0 (reserve 1022 blocks; pool 2787/6144 blocks in use) — first token 785
2026-10-06 15:55:31.880 INFO  stats: rank 2 | 10.0 s | decode 43.6 tok/s, 18.4 ms/tok, 36.0 ms/step (224 steps / 437 tok, 80 % of wall) | mtp 1.95 tok/step/req, accept p1 95 % | prefill 2 prompts / 1516 tok, 151 tok/s, 1.25 ms/tok, 945 ms avg (19 % of wall), 130536 tok cached (1/1 hit) | live 1, queued 0 | pool 2788/6144 blocks (45 %) | prefix cache 25/639 entries
2026-10-06 15:55:33.249 INFO  sched: request 'chatcmpl-e5055b4d8fcd8b20' retired (steps): 256 tok in 4.8 s — prefill 130538 tok (130536 cached) in 56 ms; decode 255 tok / 131 passes in 4.7 s: 53.9 tok/s, 18.5 ms/tok, 36 ms/pass, 1.95 tok/pass, accept p1 95 %
2026-10-06 15:55:33.283 INFO  sched: request 'chatcmpl-e5055b4d8fcd8b21' starting prefill in slot 0 (130538 prompt tokens)
2026-10-06 15:55:33.283 INFO  sched: request 'chatcmpl-e5055b4d8fcd8b21' prefilling in slot 0 (2048 tokens/tick)
2026-10-06 15:55:33.338 INFO  sched: request 'chatcmpl-e5055b4d8fcd8b21' admitted to slot 0 (reserve 1022 blocks; pool 2787/6144 blocks in use) — first token 785
2026-10-06 15:55:38.062 INFO  sched: request 'chatcmpl-e5055b4d8fcd8b21' retired (steps): 256 tok in 4.8 s — prefill 130538 tok (130536 cached) in 56 ms; decode 255 tok / 131 passes in 4.7 s: 54.0 tok/s, 18.5 ms/tok, 36 ms/pass, 1.95 tok/pass, accept p1 95 %
2026-10-06 15:55:41.884 INFO  stats: rank 2 | 10.0 s | decode 33.1 tok/s, 18.3 ms/tok, 35.9 ms/step (169 steps / 331 tok, 61 % of wall) | mtp 1.96 tok/step/req, accept p1 96 % | prefill 1 prompt / 2 tok, 0 tok/s, 27.83 ms/tok, 56 ms avg (1 % of wall), 130536 tok cached (1/1 hit) | live 0, queued 0 | pool 2784/6144 blocks (45 %) | prefix cache 25/639 entries
2026-10-06 15:55:42.196 INFO  sched: request 'chatcmpl-e5055b4d8fcd8b22' starting prefill in slot 0 (261629 prompt tokens)
2026-10-06 15:55:42.196 INFO  sched: request 'chatcmpl-e5055b4d8fcd8b22' prefix cache miss — 129 cut(s) probed against 25 entries; the nearest entry (position 65268) shares the first 13 of the prompt's 261629 tokens (the prompt differs from it from that token on)
2026-10-06 15:55:42.196 INFO  sched: request 'chatcmpl-e5055b4d8fcd8b22' prefilling in slot 0 (2048 tokens/tick)
2026-10-06 15:55:52.668 INFO  stats: rank 2 | 10.8 s | decode 0.0 tok/s, 0.0 ms/tok, 0.0 ms/step (0 steps / 0 tok, 0 % of wall) | prefill 0 prompts / 16384 tok, 1519 tok/s, 0.64 ms/tok (97 % of wall), 0 tok cached (0/1 hit) | live 1, queued 0 | pool 4830/6144 blocks (79 %) | prefix cache 25/639 entries | 1 prefilling
2026-10-06 15:56:02.777 INFO  stats: rank 2 | 10.1 s | decode 0.0 tok/s, 0.0 ms/tok, 0.0 ms/step (0 steps / 0 tok, 0 % of wall) | prefill 0 prompts / 14336 tok, 1418 tok/s, 0.71 ms/tok (100 % of wall), 0 tok cached (0/0 hits) | live 1, queued 0 | pool 4830/6144 blocks (79 %) | prefix cache 25/639 entries | 1 prefilling
2026-10-06 15:56:13.702 INFO  stats: rank 2 | 10.9 s | decode 0.0 tok/s, 0.0 ms/tok, 0.0 ms/step (0 steps / 0 tok, 0 % of wall) | prefill 0 prompts / 14336 tok, 1312 tok/s, 0.76 ms/tok (100 % of wall), 0 tok cached (0/0 hits) | live 1, queued 0 | pool 4830/6144 blocks (79 %) | prefix cache 25/639 entries | 1 prefilling
2026-10-06 15:56:25.422 INFO  stats: rank 2 | 11.7 s | decode 0.0 tok/s, 0.0 ms/tok, 0.0 ms/step (0 steps / 0 tok, 0 % of wall) | prefill 0 prompts / 14336 tok, 1223 tok/s, 0.82 ms/tok (100 % of wall), 0 tok cached (0/0 hits) | live 1, queued 0 | pool 4830/6144 blocks (79 %) | prefix cache 25/639 entries | 1 prefilling
2026-10-06 15:56:36.125 INFO  stats: rank 2 | 10.7 s | decode 0.0 tok/s, 0.0 ms/tok, 0.0 ms/step (0 steps / 0 tok, 0 % of wall) | prefill 0 prompts / 12288 tok, 1148 tok/s, 0.87 ms/tok (100 % of wall), 0 tok cached (0/0 hits) | live 1, queued 0 | pool 4830/6144 blocks (79 %) | prefix cache 25/639 entries | 1 prefilling
2026-10-06 15:56:47.473 INFO  stats: rank 2 | 11.3 s | decode 0.0 tok/s, 0.0 ms/tok, 0.0 ms/step (0 steps / 0 tok, 0 % of wall) | prefill 0 prompts / 12288 tok, 1083 tok/s, 0.92 ms/tok (100 % of wall), 0 tok cached (0/0 hits) | live 1, queued 0 | pool 4830/6144 blocks (79 %) | prefix cache 25/639 entries | 1 prefilling
2026-10-06 15:56:59.393 INFO  stats: rank 2 | 11.9 s | decode 0.0 tok/s, 0.0 ms/tok, 0.0 ms/step (0 steps / 0 tok, 0 % of wall) | prefill 0 prompts / 12288 tok, 1031 tok/s, 0.97 ms/tok (100 % of wall), 0 tok cached (0/0 hits) | live 1, queued 0 | pool 4830/6144 blocks (79 %) | prefix cache 25/639 entries | 1 prefilling
2026-10-06 15:57:09.781 INFO  stats: rank 2 | 10.4 s | decode 0.0 tok/s, 0.0 ms/tok, 0.0 ms/step (0 steps / 0 tok, 0 % of wall) | prefill 0 prompts / 10240 tok, 986 tok/s, 1.01 ms/tok (100 % of wall), 0 tok cached (0/0 hits) | live 1, queued 0 | pool 4830/6144 blocks (79 %) | prefix cache 25/639 entries | 1 prefilling
2026-10-06 15:57:20.742 INFO  stats: rank 2 | 11.0 s | decode 0.0 tok/s, 0.0 ms/tok, 0.0 ms/step (0 steps / 0 tok, 0 % of wall) | prefill 0 prompts / 10240 tok, 934 tok/s, 1.07 ms/tok (100 % of wall), 0 tok cached (0/0 hits) | live 1, queued 0 | pool 4830/6144 blocks (79 %) | prefix cache 25/639 entries | 1 prefilling
2026-10-06 15:57:32.060 INFO  stats: rank 2 | 11.3 s | decode 0.0 tok/s, 0.0 ms/tok, 0.0 ms/step (0 steps / 0 tok, 0 % of wall) | prefill 0 prompts / 10240 tok, 905 tok/s, 1.11 ms/tok (100 % of wall), 0 tok cached (0/0 hits) | live 1, queued 0 | pool 4830/6144 blocks (79 %) | prefix cache 25/639 entries | 1 prefilling
2026-10-06 15:57:44.055 INFO  stats: rank 2 | 12.0 s | decode 0.0 tok/s, 0.0 ms/tok, 0.0 ms/step (0 steps / 0 tok, 0 % of wall) | prefill 0 prompts / 10240 tok, 854 tok/s, 1.17 ms/tok (100 % of wall), 0 tok cached (0/0 hits) | live 1, queued 0 | pool 4830/6144 blocks (79 %) | prefix cache 25/639 entries | 1 prefilling
2026-10-06 15:57:56.439 INFO  stats: rank 2 | 12.4 s | decode 0.0 tok/s, 0.0 ms/tok, 0.0 ms/step (0 steps / 0 tok, 0 % of wall) | prefill 0 prompts / 10240 tok, 827 tok/s, 1.21 ms/tok (100 % of wall), 0 tok cached (0/0 hits) | live 1, queued 0 | pool 4830/6144 blocks (79 %) | prefix cache 25/639 entries | 1 prefilling
2026-10-06 15:58:06.647 INFO  stats: rank 2 | 10.2 s | decode 0.0 tok/s, 0.0 ms/tok, 0.0 ms/step (0 steps / 0 tok, 0 % of wall) | prefill 0 prompts / 8192 tok, 803 tok/s, 1.25 ms/tok (100 % of wall), 0 tok cached (0/0 hits) | live 1, queued 0 | pool 4830/6144 blocks (79 %) | prefix cache 25/639 entries | 1 prefilling
2026-10-06 15:58:17.144 INFO  stats: rank 2 | 10.5 s | decode 0.0 tok/s, 0.0 ms/tok, 0.0 ms/step (0 steps / 0 tok, 0 % of wall) | prefill 0 prompts / 8192 tok, 780 tok/s, 1.28 ms/tok (100 % of wall), 0 tok cached (0/0 hits) | live 1, queued 0 | pool 4830/6144 blocks (79 %) | prefix cache 25/639 entries | 1 prefilling
2026-10-06 15:58:27.895 INFO  stats: rank 2 | 10.8 s | decode 0.0 tok/s, 0.0 ms/tok, 0.0 ms/step (0 steps / 0 tok, 0 % of wall) | prefill 0 prompts / 8192 tok, 762 tok/s, 1.31 ms/tok (100 % of wall), 0 tok cached (0/0 hits) | live 1, queued 0 | pool 4830/6144 blocks (79 %) | prefix cache 25/639 entries | 1 prefilling
2026-10-06 15:58:38.970 INFO  stats: rank 2 | 11.1 s | decode 0.0 tok/s, 0.0 ms/tok, 0.0 ms/step (0 steps / 0 tok, 0 % of wall) | prefill 0 prompts / 8192 tok, 740 tok/s, 1.35 ms/tok (100 % of wall), 0 tok cached (0/0 hits) | live 1, queued 0 | pool 4830/6144 blocks (79 %) | prefix cache 25/639 entries | 1 prefilling
2026-10-06 15:58:50.345 INFO  stats: rank 2 | 11.4 s | decode 0.0 tok/s, 0.0 ms/tok, 0.0 ms/step (0 steps / 0 tok, 0 % of wall) | prefill 0 prompts / 8192 tok, 720 tok/s, 1.39 ms/tok (100 % of wall), 0 tok cached (0/0 hits) | live 1, queued 0 | pool 4830/6144 blocks (79 %) | prefix cache 25/639 entries | 1 prefilling
2026-10-06 15:59:01.966 INFO  stats: rank 2 | 11.6 s | decode 0.0 tok/s, 0.0 ms/tok, 0.0 ms/step (0 steps / 0 tok, 0 % of wall) | prefill 0 prompts / 8192 tok, 705 tok/s, 1.42 ms/tok (100 % of wall), 0 tok cached (0/0 hits) | live 1, queued 0 | pool 4830/6144 blocks (79 %) | prefix cache 25/639 entries | 1 prefilling
2026-10-06 15:59:13.981 INFO  stats: rank 2 | 12.0 s | decode 0.0 tok/s, 0.0 ms/tok, 0.0 ms/step (0 steps / 0 tok, 0 % of wall) | prefill 0 prompts / 8192 tok, 682 tok/s, 1.47 ms/tok (100 % of wall), 0 tok cached (0/0 hits) | live 1, queued 0 | pool 4830/6144 blocks (79 %) | prefix cache 25/639 entries | 1 prefilling
2026-10-06 15:59:26.172 INFO  stats: rank 2 | 12.2 s | decode 0.0 tok/s, 0.0 ms/tok, 0.0 ms/step (0 steps / 0 tok, 0 % of wall) | prefill 0 prompts / 8192 tok, 672 tok/s, 1.49 ms/tok (100 % of wall), 0 tok cached (0/0 hits) | live 1, queued 0 | pool 4830/6144 blocks (79 %) | prefix cache 25/639 entries | 1 prefilling
2026-10-06 15:59:38.635 INFO  stats: rank 2 | 12.5 s | decode 0.0 tok/s, 0.0 ms/tok, 0.0 ms/step (0 steps / 0 tok, 0 % of wall) | prefill 0 prompts / 8192 tok, 657 tok/s, 1.52 ms/tok (100 % of wall), 0 tok cached (0/0 hits) | live 1, queued 0 | pool 4830/6144 blocks (79 %) | prefix cache 25/639 entries | 1 prefilling
2026-10-06 15:59:51.437 INFO  stats: rank 2 | 12.8 s | decode 0.0 tok/s, 0.0 ms/tok, 0.0 ms/step (0 steps / 0 tok, 0 % of wall) | prefill 0 prompts / 8192 tok, 640 tok/s, 1.56 ms/tok (100 % of wall), 0 tok cached (0/0 hits) | live 1, queued 0 | pool 4830/6144 blocks (79 %) | prefix cache 25/639 entries | 1 prefilling
2026-10-06 16:00:04.720 INFO  stats: rank 2 | 13.3 s | decode 0.0 tok/s, 0.0 ms/tok, 0.0 ms/step (0 steps / 0 tok, 0 % of wall) | prefill 0 prompts / 8192 tok, 617 tok/s, 1.62 ms/tok (100 % of wall), 0 tok cached (0/0 hits) | live 1, queued 0 | pool 4830/6144 blocks (79 %) | prefix cache 25/639 entries | 1 prefilling
2026-10-06 16:00:14.820 INFO  stats: rank 2 | 10.1 s | decode 0.0 tok/s, 0.0 ms/tok, 0.0 ms/step (0 steps / 0 tok, 0 % of wall) | prefill 0 prompts / 6144 tok, 608 tok/s, 1.64 ms/tok (100 % of wall), 0 tok cached (0/0 hits) | live 1, queued 0 | pool 4830/6144 blocks (79 %) | prefix cache 25/639 entries | 1 prefilling
2026-10-06 16:00:25.149 INFO  stats: rank 2 | 10.3 s | decode 0.0 tok/s, 0.0 ms/tok, 0.0 ms/step (0 steps / 0 tok, 0 % of wall) | prefill 0 prompts / 6144 tok, 595 tok/s, 1.68 ms/tok (100 % of wall), 0 tok cached (0/0 hits) | live 1, queued 0 | pool 4830/6144 blocks (79 %) | prefix cache 25/639 entries | 1 prefilling
2026-10-06 16:00:35.629 INFO  stats: rank 2 | 10.5 s | decode 0.0 tok/s, 0.0 ms/tok, 0.0 ms/step (0 steps / 0 tok, 0 % of wall) | prefill 0 prompts / 6144 tok, 586 tok/s, 1.71 ms/tok (100 % of wall), 0 tok cached (0/0 hits) | live 1, queued 0 | pool 4830/6144 blocks (79 %) | prefix cache 25/639 entries | 1 prefilling
2026-10-06 16:00:45.459 INFO  sched: request 'chatcmpl-e5055b4d8fcd8b22' admitted to slot 0 (reserve 2046 blocks; pool 4831/6144 blocks in use) — first token 785
2026-10-06 16:00:45.652 INFO  stats: rank 2 | 10.0 s | decode 1.0 tok/s, 19.2 ms/tok, 38.3 ms/step (5 steps / 10 tok, 2 % of wall) | mtp 2.00 tok/step/req, accept p1 80 % | prefill 1 prompt / 5629 tok, 562 tok/s, 1.75 ms/tok, 9827 ms avg (98 % of wall), 0 tok cached (0/0 hits) | live 1, queued 0 | pool 4832/6144 blocks (79 %) | prefix cache 27/639 entries
2026-10-06 16:00:50.560 INFO  sched: request 'chatcmpl-e5055b4d8fcd8b22' retired (steps): 256 tok in 308.4 s — prefill 261629 tok (0 cached) in 303254 ms; decode 255 tok / 130 passes in 5.1 s: 49.9 tok/s, 20.0 ms/tok, 39 ms/pass, 1.96 tok/pass, accept p1 97 %
2026-10-06 16:00:50.654 INFO  sched: request 'chatcmpl-e5055b4d8fcd8b23' starting prefill in slot 0 (261629 prompt tokens)
2026-10-06 16:00:50.654 INFO  sched: request 'chatcmpl-e5055b4d8fcd8b23' prefilling in slot 0 (2048 tokens/tick)
2026-10-06 16:00:50.735 INFO  sched: request 'chatcmpl-e5055b4d8fcd8b23' admitted to slot 0 (reserve 2046 blocks; pool 4834/6144 blocks in use) — first token 785
2026-10-06 16:00:55.673 INFO  stats: rank 2 | 10.0 s | decode 49.4 tok/s, 19.8 ms/tok, 39.1 ms/step (251 steps / 495 tok, 98 % of wall) | mtp 1.97 tok/step/req, accept p1 97 % | prefill 1 prompt / 5 tok, 0 tok/s, 16.30 ms/tok, 81 ms avg (1 % of wall), 261624 tok cached (1/1 hit) | live 1, queued 0 | pool 4835/6144 blocks (79 %) | prefix cache 28/639 entries
2026-10-06 16:00:55.832 INFO  sched: request 'chatcmpl-e5055b4d8fcd8b23' retired (steps): 256 tok in 5.2 s — prefill 261629 tok (261624 cached) in 81 ms; decode 255 tok / 130 passes in 5.1 s: 50.0 tok/s, 20.0 ms/tok, 39 ms/pass, 1.96 tok/pass, accept p1 97 %
2026-10-06 16:00:55.914 INFO  sched: request 'chatcmpl-e5055b4d8fcd8b24' starting prefill in slot 0 (261629 prompt tokens)
2026-10-06 16:00:55.915 INFO  sched: request 'chatcmpl-e5055b4d8fcd8b24' prefilling in slot 0 (2048 tokens/tick)
2026-10-06 16:00:55.995 INFO  sched: request 'chatcmpl-e5055b4d8fcd8b24' admitted to slot 0 (reserve 2046 blocks; pool 4834/6144 blocks in use) — first token 785
2026-10-06 16:01:01.098 INFO  sched: request 'chatcmpl-e5055b4d8fcd8b24' retired (steps): 256 tok in 5.2 s — prefill 261629 tok (261624 cached) in 81 ms; decode 255 tok / 130 passes in 5.1 s: 50.0 tok/s, 20.0 ms/tok, 39 ms/pass, 1.96 tok/pass, accept p1 97 %
2026-10-06 16:01:05.677 INFO  stats: rank 2 | 10.0 s | decode 26.3 tok/s, 19.9 ms/tok, 39.1 ms/step (134 steps / 263 tok, 52 % of wall) | mtp 1.96 tok/step/req, accept p1 97 % | prefill 1 prompt / 5 tok, 0 tok/s, 16.15 ms/tok, 81 ms avg (1 % of wall), 261624 tok cached (1/1 hit) | live 0, queued 0 | pool 4831/6144 blocks (79 %) | prefix cache 28/639 entries
2026-10-06 16:01:09.877 INFO  sched: request 'chatcmpl-e5055b4d8fcd8b25' starting prefill in slot 0 (523783 prompt tokens)
2026-10-06 16:01:09.877 INFO  sched: request 'chatcmpl-e5055b4d8fcd8b25' prefix cache miss — 257 cut(s) probed against 3 entries; the nearest entry (position 261884) shares the first 13 of the prompt's 523783 tokens (the prompt differs from it from that token on)
2026-10-06 16:01:09.878 INFO  sched: request 'chatcmpl-e5055b4d8fcd8b25' prefilling in slot 0 (2048 tokens/tick)
2026-10-06 16:01:16.303 INFO  stats: rank 2 | 10.6 s | decode 0.0 tok/s, 0.0 ms/tok, 0.0 ms/step (0 steps / 0 tok, 0 % of wall) | prefill 0 prompts / 10240 tok, 964 tok/s, 0.63 ms/tok (60 % of wall), 0 tok cached (0/1 hit) | live 1, queued 0 | pool 6142/6144 blocks (100 %) | prefix cache 3/639 entries | 1 prefilling
2026-10-06 16:01:27.504 INFO  stats: rank 2 | 11.2 s | decode 0.0 tok/s, 0.0 ms/tok, 0.0 ms/step (0 steps / 0 tok, 0 % of wall) | prefill 0 prompts / 16384 tok, 1463 tok/s, 0.68 ms/tok (100 % of wall), 0 tok cached (0/0 hits) | live 1, queued 0 | pool 6142/6144 blocks (100 %) | prefix cache 3/639 entries | 1 prefilling
2026-10-06 16:01:38.185 INFO  stats: rank 2 | 10.7 s | decode 0.0 tok/s, 0.0 ms/tok, 0.0 ms/step (0 steps / 0 tok, 0 % of wall) | prefill 0 prompts / 14336 tok, 1342 tok/s, 0.75 ms/tok (100 % of wall), 0 tok cached (0/0 hits) | live 1, queued 0 | pool 6142/6144 blocks (100 %) | prefix cache 3/639 entries | 1 prefilling
2026-10-06 16:01:49.684 INFO  stats: rank 2 | 11.5 s | decode 0.0 tok/s, 0.0 ms/tok, 0.0 ms/step (0 steps / 0 tok, 0 % of wall) | prefill 0 prompts / 14336 tok, 1247 tok/s, 0.80 ms/tok (100 % of wall), 0 tok cached (0/0 hits) | live 1, queued 0 | pool 6142/6144 blocks (100 %) | prefix cache 3/639 entries | 1 prefilling
2026-10-06 16:02:00.177 INFO  stats: rank 2 | 10.5 s | decode 0.0 tok/s, 0.0 ms/tok, 0.0 ms/step (0 steps / 0 tok, 0 % of wall) | prefill 0 prompts / 12288 tok, 1171 tok/s, 0.85 ms/tok (100 % of wall), 0 tok cached (0/0 hits) | live 1, queued 0 | pool 6142/6144 blocks (100 %) | prefix cache 3/639 entries | 1 prefilling
2026-10-06 16:02:11.320 INFO  stats: rank 2 | 11.1 s | decode 0.0 tok/s, 0.0 ms/tok, 0.0 ms/step (0 steps / 0 tok, 0 % of wall) | prefill 0 prompts / 12288 tok, 1103 tok/s, 0.91 ms/tok (100 % of wall), 0 tok cached (0/0 hits) | live 1, queued 0 | pool 6142/6144 blocks (100 %) | prefix cache 3/639 entries | 1 prefilling
2026-10-06 16:02:23.046 INFO  stats: rank 2 | 11.7 s | decode 0.0 tok/s, 0.0 ms/tok, 0.0 ms/step (0 steps / 0 tok, 0 % of wall) | prefill 0 prompts / 12288 tok, 1048 tok/s, 0.95 ms/tok (100 % of wall), 0 tok cached (0/0 hits) | live 1, queued 0 | pool 6142/6144 blocks (100 %) | prefix cache 3/639 entries | 1 prefilling
2026-10-06 16:02:33.283 INFO  stats: rank 2 | 10.2 s | decode 0.0 tok/s, 0.0 ms/tok, 0.0 ms/step (0 steps / 0 tok, 0 % of wall) | prefill 0 prompts / 10240 tok, 1000 tok/s, 1.00 ms/tok (100 % of wall), 0 tok cached (0/0 hits) | live 1, queued 0 | pool 6142/6144 blocks (100 %) | prefix cache 3/639 entries | 1 prefilling
2026-10-06 16:02:44.013 INFO  stats: rank 2 | 10.7 s | decode 0.0 tok/s, 0.0 ms/tok, 0.0 ms/step (0 steps / 0 tok, 0 % of wall) | prefill 0 prompts / 10240 tok, 954 tok/s, 1.05 ms/tok (100 % of wall), 0 tok cached (0/0 hits) | live 1, queued 0 | pool 6142/6144 blocks (100 %) | prefix cache 3/639 entries | 1 prefilling
2026-10-06 16:02:55.214 INFO  stats: rank 2 | 11.2 s | decode 0.0 tok/s, 0.0 ms/tok, 0.0 ms/step (0 steps / 0 tok, 0 % of wall) | prefill 0 prompts / 10240 tok, 914 tok/s, 1.09 ms/tok (100 % of wall), 0 tok cached (0/0 hits) | live 1, queued 0 | pool 6142/6144 blocks (100 %) | prefix cache 3/639 entries | 1 prefilling
2026-10-06 16:03:06.810 INFO  stats: rank 2 | 11.6 s | decode 0.0 tok/s, 0.0 ms/tok, 0.0 ms/step (0 steps / 0 tok, 0 % of wall) | prefill 0 prompts / 10240 tok, 883 tok/s, 1.13 ms/tok (100 % of wall), 0 tok cached (0/0 hits) | live 1, queued 0 | pool 6142/6144 blocks (100 %) | prefix cache 3/639 entries | 1 prefilling
2026-10-06 16:03:19.029 INFO  stats: rank 2 | 12.2 s | decode 0.0 tok/s, 0.0 ms/tok, 0.0 ms/step (0 steps / 0 tok, 0 % of wall) | prefill 0 prompts / 10240 tok, 838 tok/s, 1.19 ms/tok (100 % of wall), 0 tok cached (0/0 hits) | live 1, queued 0 | pool 6142/6144 blocks (100 %) | prefix cache 3/639 entries | 1 prefilling
2026-10-06 16:03:29.119 INFO  stats: rank 2 | 10.1 s | decode 0.0 tok/s, 0.0 ms/tok, 0.0 ms/step (0 steps / 0 tok, 0 % of wall) | prefill 0 prompts / 8192 tok, 812 tok/s, 1.23 ms/tok (100 % of wall), 0 tok cached (0/0 hits) | live 1, queued 0 | pool 6142/6144 blocks (100 %) | prefix cache 3/639 entries | 1 prefilling
2026-10-06 16:03:39.474 INFO  stats: rank 2 | 10.4 s | decode 0.0 tok/s, 0.0 ms/tok, 0.0 ms/step (0 steps / 0 tok, 0 % of wall) | prefill 0 prompts / 8192 tok, 791 tok/s, 1.26 ms/tok (100 % of wall), 0 tok cached (0/0 hits) | live 1, queued 0 | pool 6142/6144 blocks (100 %) | prefix cache 3/639 entries | 1 prefilling
2026-10-06 16:03:50.098 INFO  stats: rank 2 | 10.6 s | decode 0.0 tok/s, 0.0 ms/tok, 0.0 ms/step (0 steps / 0 tok, 0 % of wall) | prefill 0 prompts / 8192 tok, 771 tok/s, 1.30 ms/tok (100 % of wall), 0 tok cached (0/0 hits) | live 1, queued 0 | pool 6142/6144 blocks (100 %) | prefix cache 3/639 entries | 1 prefilling
2026-10-06 16:04:00.995 INFO  stats: rank 2 | 10.9 s | decode 0.0 tok/s, 0.0 ms/tok, 0.0 ms/step (0 steps / 0 tok, 0 % of wall) | prefill 0 prompts / 8192 tok, 752 tok/s, 1.33 ms/tok (100 % of wall), 0 tok cached (0/0 hits) | live 1, queued 0 | pool 6142/6144 blocks (100 %) | prefix cache 3/639 entries | 1 prefilling
2026-10-06 16:04:12.241 INFO  stats: rank 2 | 11.2 s | decode 0.0 tok/s, 0.0 ms/tok, 0.0 ms/step (0 steps / 0 tok, 0 % of wall) | prefill 0 prompts / 8192 tok, 728 tok/s, 1.37 ms/tok (100 % of wall), 0 tok cached (0/0 hits) | live 1, queued 0 | pool 6142/6144 blocks (100 %) | prefix cache 3/639 entries | 1 prefilling
2026-10-06 16:04:23.727 INFO  stats: rank 2 | 11.5 s | decode 0.0 tok/s, 0.0 ms/tok, 0.0 ms/step (0 steps / 0 tok, 0 % of wall) | prefill 0 prompts / 8192 tok, 713 tok/s, 1.40 ms/tok (100 % of wall), 0 tok cached (0/0 hits) | live 1, queued 0 | pool 6142/6144 blocks (100 %) | prefix cache 3/639 entries | 1 prefilling
2026-10-06 16:04:35.511 INFO  stats: rank 2 | 11.8 s | decode 0.0 tok/s, 0.0 ms/tok, 0.0 ms/step (0 steps / 0 tok, 0 % of wall) | prefill 0 prompts / 8192 tok, 695 tok/s, 1.44 ms/tok (100 % of wall), 0 tok cached (0/0 hits) | live 1, queued 0 | pool 6142/6144 blocks (100 %) | prefix cache 3/639 entries | 1 prefilling
2026-10-06 16:04:47.582 INFO  stats: rank 2 | 12.1 s | decode 0.0 tok/s, 0.0 ms/tok, 0.0 ms/step (0 steps / 0 tok, 0 % of wall) | prefill 0 prompts / 8192 tok, 679 tok/s, 1.47 ms/tok (100 % of wall), 0 tok cached (0/0 hits) | live 1, queued 0 | pool 6142/6144 blocks (100 %) | prefix cache 3/639 entries | 1 prefilling
2026-10-06 16:04:59.930 INFO  stats: rank 2 | 12.3 s | decode 0.0 tok/s, 0.0 ms/tok, 0.0 ms/step (0 steps / 0 tok, 0 % of wall) | prefill 0 prompts / 8192 tok, 663 tok/s, 1.51 ms/tok (100 % of wall), 0 tok cached (0/0 hits) | live 1, queued 0 | pool 6142/6144 blocks (100 %) | prefix cache 3/639 entries | 1 prefilling
2026-10-06 16:05:12.555 INFO  stats: rank 2 | 12.6 s | decode 0.0 tok/s, 0.0 ms/tok, 0.0 ms/step (0 steps / 0 tok, 0 % of wall) | prefill 0 prompts / 8192 tok, 649 tok/s, 1.54 ms/tok (100 % of wall), 0 tok cached (0/0 hits) | live 1, queued 0 | pool 6142/6144 blocks (100 %) | prefix cache 3/639 entries | 1 prefilling
2026-10-06 16:05:25.527 INFO  stats: rank 2 | 13.0 s | decode 0.0 tok/s, 0.0 ms/tok, 0.0 ms/step (0 steps / 0 tok, 0 % of wall) | prefill 0 prompts / 8192 tok, 632 tok/s, 1.58 ms/tok (100 % of wall), 0 tok cached (0/0 hits) | live 1, queued 0 | pool 6142/6144 blocks (100 %) | prefix cache 3/639 entries | 1 prefilling
2026-10-06 16:05:38.754 INFO  stats: rank 2 | 13.2 s | decode 0.0 tok/s, 0.0 ms/tok, 0.0 ms/step (0 steps / 0 tok, 0 % of wall) | prefill 0 prompts / 8192 tok, 619 tok/s, 1.61 ms/tok (100 % of wall), 0 tok cached (0/0 hits) | live 1, queued 0 | pool 6142/6144 blocks (100 %) | prefix cache 3/639 entries | 1 prefilling
2026-10-06 16:05:48.860 INFO  stats: rank 2 | 10.1 s | decode 0.0 tok/s, 0.0 ms/tok, 0.0 ms/step (0 steps / 0 tok, 0 % of wall) | prefill 0 prompts / 6144 tok, 608 tok/s, 1.64 ms/tok (100 % of wall), 0 tok cached (0/0 hits) | live 1, queued 0 | pool 6142/6144 blocks (100 %) | prefix cache 3/639 entries | 1 prefilling
2026-10-06 16:05:59.168 INFO  stats: rank 2 | 10.3 s | decode 0.0 tok/s, 0.0 ms/tok, 0.0 ms/step (0 steps / 0 tok, 0 % of wall) | prefill 0 prompts / 6144 tok, 596 tok/s, 1.68 ms/tok (100 % of wall), 0 tok cached (0/0 hits) | live 1, queued 0 | pool 6142/6144 blocks (100 %) | prefix cache 3/639 entries | 1 prefilling
2026-10-06 16:06:09.627 INFO  stats: rank 2 | 10.5 s | decode 0.0 tok/s, 0.0 ms/tok, 0.0 ms/step (0 steps / 0 tok, 0 % of wall) | prefill 0 prompts / 6144 tok, 587 tok/s, 1.70 ms/tok (100 % of wall), 0 tok cached (0/0 hits) | live 1, queued 0 | pool 6142/6144 blocks (100 %) | prefix cache 3/639 entries | 1 prefilling
2026-10-06 16:06:20.480 INFO  stats: rank 2 | 10.9 s | decode 0.0 tok/s, 0.0 ms/tok, 0.0 ms/step (0 steps / 0 tok, 0 % of wall) | prefill 0 prompts / 6144 tok, 566 tok/s, 1.77 ms/tok (100 % of wall), 0 tok cached (0/0 hits) | live 1, queued 0 | pool 6142/6144 blocks (100 %) | prefix cache 3/639 entries | 1 prefilling
2026-10-06 16:06:31.581 INFO  stats: rank 2 | 11.1 s | decode 0.0 tok/s, 0.0 ms/tok, 0.0 ms/step (0 steps / 0 tok, 0 % of wall) | prefill 0 prompts / 6144 tok, 553 tok/s, 1.81 ms/tok (100 % of wall), 0 tok cached (0/0 hits) | live 1, queued 0 | pool 6142/6144 blocks (100 %) | prefix cache 3/639 entries | 1 prefilling
2026-10-06 16:06:42.821 INFO  stats: rank 2 | 11.2 s | decode 0.0 tok/s, 0.0 ms/tok, 0.0 ms/step (0 steps / 0 tok, 0 % of wall) | prefill 0 prompts / 6144 tok, 547 tok/s, 1.83 ms/tok (100 % of wall), 0 tok cached (0/0 hits) | live 1, queued 0 | pool 6142/6144 blocks (100 %) | prefix cache 3/639 entries | 1 prefilling
2026-10-06 16:06:54.200 INFO  stats: rank 2 | 11.4 s | decode 0.0 tok/s, 0.0 ms/tok, 0.0 ms/step (0 steps / 0 tok, 0 % of wall) | prefill 0 prompts / 6144 tok, 540 tok/s, 1.85 ms/tok (100 % of wall), 0 tok cached (0/0 hits) | live 1, queued 0 | pool 6142/6144 blocks (100 %) | prefix cache 3/639 entries | 1 prefilling
2026-10-06 16:07:05.690 INFO  stats: rank 2 | 11.5 s | decode 0.0 tok/s, 0.0 ms/tok, 0.0 ms/step (0 steps / 0 tok, 0 % of wall) | prefill 0 prompts / 6144 tok, 535 tok/s, 1.87 ms/tok (100 % of wall), 0 tok cached (0/0 hits) | live 1, queued 0 | pool 6142/6144 blocks (100 %) | prefix cache 3/639 entries | 1 prefilling
2026-10-06 16:07:17.321 INFO  stats: rank 2 | 11.6 s | decode 0.0 tok/s, 0.0 ms/tok, 0.0 ms/step (0 steps / 0 tok, 0 % of wall) | prefill 0 prompts / 6144 tok, 528 tok/s, 1.89 ms/tok (100 % of wall), 0 tok cached (0/0 hits) | live 1, queued 0 | pool 6142/6144 blocks (100 %) | prefix cache 3/639 entries | 1 prefilling
2026-10-06 16:07:29.092 INFO  stats: rank 2 | 11.8 s | decode 0.0 tok/s, 0.0 ms/tok, 0.0 ms/step (0 steps / 0 tok, 0 % of wall) | prefill 0 prompts / 6144 tok, 522 tok/s, 1.92 ms/tok (100 % of wall), 0 tok cached (0/0 hits) | live 1, queued 0 | pool 6142/6144 blocks (100 %) | prefix cache 3/639 entries | 1 prefilling
2026-10-06 16:07:41.037 INFO  stats: rank 2 | 11.9 s | decode 0.0 tok/s, 0.0 ms/tok, 0.0 ms/step (0 steps / 0 tok, 0 % of wall) | prefill 0 prompts / 6144 tok, 514 tok/s, 1.94 ms/tok (100 % of wall), 0 tok cached (0/0 hits) | live 1, queued 0 | pool 6142/6144 blocks (100 %) | prefix cache 3/639 entries | 1 prefilling
2026-10-06 16:07:53.170 INFO  stats: rank 2 | 12.1 s | decode 0.0 tok/s, 0.0 ms/tok, 0.0 ms/step (0 steps / 0 tok, 0 % of wall) | prefill 0 prompts / 6144 tok, 506 tok/s, 1.97 ms/tok (100 % of wall), 0 tok cached (0/0 hits) | live 1, queued 0 | pool 6142/6144 blocks (100 %) | prefix cache 3/639 entries | 1 prefilling
2026-10-06 16:08:05.639 INFO  stats: rank 2 | 12.5 s | decode 0.0 tok/s, 0.0 ms/tok, 0.0 ms/step (0 steps / 0 tok, 0 % of wall) | prefill 0 prompts / 6144 tok, 493 tok/s, 2.03 ms/tok (100 % of wall), 0 tok cached (0/0 hits) | live 1, queued 0 | pool 6142/6144 blocks (100 %) | prefix cache 3/639 entries | 1 prefilling
2026-10-06 16:08:18.264 INFO  stats: rank 2 | 12.6 s | decode 0.0 tok/s, 0.0 ms/tok, 0.0 ms/step (0 steps / 0 tok, 0 % of wall) | prefill 0 prompts / 6144 tok, 487 tok/s, 2.05 ms/tok (100 % of wall), 0 tok cached (0/0 hits) | live 1, queued 0 | pool 6142/6144 blocks (100 %) | prefix cache 3/639 entries | 1 prefilling
2026-10-06 16:08:31.094 INFO  stats: rank 2 | 12.8 s | decode 0.0 tok/s, 0.0 ms/tok, 0.0 ms/step (0 steps / 0 tok, 0 % of wall) | prefill 0 prompts / 6144 tok, 479 tok/s, 2.09 ms/tok (100 % of wall), 0 tok cached (0/0 hits) | live 1, queued 0 | pool 6142/6144 blocks (100 %) | prefix cache 3/639 entries | 1 prefilling
2026-10-06 16:08:43.999 INFO  stats: rank 2 | 12.9 s | decode 0.0 tok/s, 0.0 ms/tok, 0.0 ms/step (0 steps / 0 tok, 0 % of wall) | prefill 0 prompts / 6144 tok, 476 tok/s, 2.10 ms/tok (100 % of wall), 0 tok cached (0/0 hits) | live 1, queued 0 | pool 6142/6144 blocks (100 %) | prefix cache 3/639 entries | 1 prefilling
2026-10-06 16:08:57.088 INFO  stats: rank 2 | 13.1 s | decode 0.0 tok/s, 0.0 ms/tok, 0.0 ms/step (0 steps / 0 tok, 0 % of wall) | prefill 0 prompts / 6144 tok, 469 tok/s, 2.13 ms/tok (100 % of wall), 0 tok cached (0/0 hits) | live 1, queued 0 | pool 6142/6144 blocks (100 %) | prefix cache 3/639 entries | 1 prefilling
2026-10-06 16:09:10.333 INFO  stats: rank 2 | 13.2 s | decode 0.0 tok/s, 0.0 ms/tok, 0.0 ms/step (0 steps / 0 tok, 0 % of wall) | prefill 0 prompts / 6144 tok, 464 tok/s, 2.16 ms/tok (100 % of wall), 0 tok cached (0/0 hits) | live 1, queued 0 | pool 6142/6144 blocks (100 %) | prefix cache 3/639 entries | 1 prefilling
2026-10-06 16:09:23.712 INFO  stats: rank 2 | 13.4 s | decode 0.0 tok/s, 0.0 ms/tok, 0.0 ms/step (0 steps / 0 tok, 0 % of wall) | prefill 0 prompts / 6144 tok, 459 tok/s, 2.18 ms/tok (100 % of wall), 0 tok cached (0/0 hits) | live 1, queued 0 | pool 6142/6144 blocks (100 %) | prefix cache 3/639 entries | 1 prefilling
2026-10-06 16:09:37.273 INFO  stats: rank 2 | 13.6 s | decode 0.0 tok/s, 0.0 ms/tok, 0.0 ms/step (0 steps / 0 tok, 0 % of wall) | prefill 0 prompts / 6144 tok, 453 tok/s, 2.21 ms/tok (100 % of wall), 0 tok cached (0/0 hits) | live 1, queued 0 | pool 6142/6144 blocks (100 %) | prefix cache 3/639 entries | 1 prefilling
2026-10-06 16:09:50.842 INFO  stats: rank 2 | 13.6 s | decode 0.0 tok/s, 0.0 ms/tok, 0.0 ms/step (0 steps / 0 tok, 0 % of wall) | prefill 0 prompts / 6144 tok, 453 tok/s, 2.21 ms/tok (100 % of wall), 0 tok cached (0/0 hits) | live 1, queued 0 | pool 6142/6144 blocks (100 %) | prefix cache 3/639 entries | 1 prefilling
2026-10-06 16:10:04.220 INFO  stats: rank 2 | 13.4 s | decode 0.0 tok/s, 0.0 ms/tok, 0.0 ms/step (0 steps / 0 tok, 0 % of wall) | prefill 0 prompts / 6144 tok, 459 tok/s, 2.18 ms/tok (100 % of wall), 0 tok cached (0/0 hits) | live 1, queued 0 | pool 6142/6144 blocks (100 %) | prefix cache 3/639 entries | 1 prefilling
2026-10-06 16:10:17.763 INFO  stats: rank 2 | 13.5 s | decode 0.0 tok/s, 0.0 ms/tok, 0.0 ms/step (0 steps / 0 tok, 0 % of wall) | prefill 0 prompts / 6144 tok, 454 tok/s, 2.20 ms/tok (100 % of wall), 0 tok cached (0/0 hits) | live 1, queued 0 | pool 6142/6144 blocks (100 %) | prefix cache 3/639 entries | 1 prefilling
2026-10-06 16:10:31.458 INFO  stats: rank 2 | 13.7 s | decode 0.0 tok/s, 0.0 ms/tok, 0.0 ms/step (0 steps / 0 tok, 0 % of wall) | prefill 0 prompts / 6144 tok, 449 tok/s, 2.23 ms/tok (100 % of wall), 0 tok cached (0/0 hits) | live 1, queued 0 | pool 6142/6144 blocks (100 %) | prefix cache 3/639 entries | 1 prefilling
2026-10-06 16:10:45.636 INFO  stats: rank 2 | 14.2 s | decode 0.0 tok/s, 0.0 ms/tok, 0.0 ms/step (0 steps / 0 tok, 0 % of wall) | prefill 0 prompts / 6144 tok, 433 tok/s, 2.31 ms/tok (100 % of wall), 0 tok cached (0/0 hits) | live 1, queued 0 | pool 6142/6144 blocks (100 %) | prefix cache 3/639 entries | 1 prefilling
2026-10-06 16:11:00.629 INFO  stats: rank 2 | 15.0 s | decode 0.0 tok/s, 0.0 ms/tok, 0.0 ms/step (0 steps / 0 tok, 0 % of wall) | prefill 0 prompts / 6144 tok, 410 tok/s, 2.44 ms/tok (100 % of wall), 0 tok cached (0/0 hits) | live 1, queued 0 | pool 6142/6144 blocks (100 %) | prefix cache 3/639 entries | 1 prefilling
2026-10-06 16:11:10.721 INFO  stats: rank 2 | 10.1 s | decode 0.0 tok/s, 0.0 ms/tok, 0.0 ms/step (0 steps / 0 tok, 0 % of wall) | prefill 0 prompts / 4096 tok, 406 tok/s, 2.46 ms/tok (100 % of wall), 0 tok cached (0/0 hits) | live 1, queued 0 | pool 6142/6144 blocks (100 %) | prefix cache 3/639 entries | 1 prefilling
2026-10-06 16:11:20.892 INFO  stats: rank 2 | 10.2 s | decode 0.0 tok/s, 0.0 ms/tok, 0.0 ms/step (0 steps / 0 tok, 0 % of wall) | prefill 0 prompts / 4096 tok, 403 tok/s, 2.48 ms/tok (100 % of wall), 0 tok cached (0/0 hits) | live 1, queued 0 | pool 6142/6144 blocks (100 %) | prefix cache 3/639 entries | 1 prefilling
2026-10-06 16:11:31.129 INFO  stats: rank 2 | 10.2 s | decode 0.0 tok/s, 0.0 ms/tok, 0.0 ms/step (0 steps / 0 tok, 0 % of wall) | prefill 0 prompts / 4096 tok, 400 tok/s, 2.50 ms/tok (100 % of wall), 0 tok cached (0/0 hits) | live 1, queued 0 | pool 6142/6144 blocks (100 %) | prefix cache 3/639 entries | 1 prefilling
2026-10-06 16:11:41.464 INFO  stats: rank 2 | 10.3 s | decode 0.0 tok/s, 0.0 ms/tok, 0.0 ms/step (0 steps / 0 tok, 0 % of wall) | prefill 0 prompts / 4096 tok, 396 tok/s, 2.52 ms/tok (100 % of wall), 0 tok cached (0/0 hits) | live 1, queued 0 | pool 6142/6144 blocks (100 %) | prefix cache 3/639 entries | 1 prefilling
2026-10-06 16:11:51.841 INFO  stats: rank 2 | 10.4 s | decode 0.0 tok/s, 0.0 ms/tok, 0.0 ms/step (0 steps / 0 tok, 0 % of wall) | prefill 0 prompts / 4096 tok, 395 tok/s, 2.53 ms/tok (100 % of wall), 0 tok cached (0/0 hits) | live 1, queued 0 | pool 6142/6144 blocks (100 %) | prefix cache 3/639 entries | 1 prefilling
2026-10-06 16:12:02.276 INFO  stats: rank 2 | 10.4 s | decode 0.0 tok/s, 0.0 ms/tok, 0.0 ms/step (0 steps / 0 tok, 0 % of wall) | prefill 0 prompts / 4096 tok, 393 tok/s, 2.55 ms/tok (100 % of wall), 0 tok cached (0/0 hits) | live 1, queued 0 | pool 6142/6144 blocks (100 %) | prefix cache 3/639 entries | 1 prefilling
2026-10-06 16:12:12.786 INFO  stats: rank 2 | 10.5 s | decode 0.0 tok/s, 0.0 ms/tok, 0.0 ms/step (0 steps / 0 tok, 0 % of wall) | prefill 0 prompts / 4096 tok, 390 tok/s, 2.57 ms/tok (100 % of wall), 0 tok cached (0/0 hits) | live 1, queued 0 | pool 6142/6144 blocks (100 %) | prefix cache 3/639 entries | 1 prefilling
2026-10-06 16:12:23.389 INFO  stats: rank 2 | 10.6 s | decode 0.0 tok/s, 0.0 ms/tok, 0.0 ms/step (0 steps / 0 tok, 0 % of wall) | prefill 0 prompts / 4096 tok, 386 tok/s, 2.59 ms/tok (100 % of wall), 0 tok cached (0/0 hits) | live 1, queued 0 | pool 6142/6144 blocks (100 %) | prefix cache 3/639 entries | 1 prefilling
2026-10-06 16:12:34.046 INFO  stats: rank 2 | 10.7 s | decode 0.0 tok/s, 0.0 ms/tok, 0.0 ms/step (0 steps / 0 tok, 0 % of wall) | prefill 0 prompts / 4096 tok, 384 tok/s, 2.60 ms/tok (100 % of wall), 0 tok cached (0/0 hits) | live 1, queued 0 | pool 6142/6144 blocks (100 %) | prefix cache 3/639 entries | 1 prefilling
2026-10-06 16:12:44.769 INFO  stats: rank 2 | 10.7 s | decode 0.0 tok/s, 0.0 ms/tok, 0.0 ms/step (0 steps / 0 tok, 0 % of wall) | prefill 0 prompts / 4096 tok, 382 tok/s, 2.62 ms/tok (100 % of wall), 0 tok cached (0/0 hits) | live 1, queued 0 | pool 6142/6144 blocks (100 %) | prefix cache 3/639 entries | 1 prefilling
2026-10-06 16:12:55.582 INFO  stats: rank 2 | 10.8 s | decode 0.0 tok/s, 0.0 ms/tok, 0.0 ms/step (0 steps / 0 tok, 0 % of wall) | prefill 0 prompts / 4096 tok, 379 tok/s, 2.64 ms/tok (100 % of wall), 0 tok cached (0/0 hits) | live 1, queued 0 | pool 6142/6144 blocks (100 %) | prefix cache 3/639 entries | 1 prefilling
2026-10-06 16:13:06.446 INFO  stats: rank 2 | 10.9 s | decode 0.0 tok/s, 0.0 ms/tok, 0.0 ms/step (0 steps / 0 tok, 0 % of wall) | prefill 0 prompts / 4096 tok, 377 tok/s, 2.65 ms/tok (100 % of wall), 0 tok cached (0/0 hits) | live 1, queued 0 | pool 6142/6144 blocks (100 %) | prefix cache 3/639 entries | 1 prefilling
2026-10-06 16:13:17.375 INFO  stats: rank 2 | 10.9 s | decode 0.0 tok/s, 0.0 ms/tok, 0.0 ms/step (0 steps / 0 tok, 0 % of wall) | prefill 0 prompts / 4096 tok, 375 tok/s, 2.67 ms/tok (100 % of wall), 0 tok cached (0/0 hits) | live 1, queued 0 | pool 6142/6144 blocks (100 %) | prefix cache 3/639 entries | 1 prefilling
2026-10-06 16:13:28.387 INFO  stats: rank 2 | 11.0 s | decode 0.0 tok/s, 0.0 ms/tok, 0.0 ms/step (0 steps / 0 tok, 0 % of wall) | prefill 0 prompts / 4096 tok, 372 tok/s, 2.69 ms/tok (100 % of wall), 0 tok cached (0/0 hits) | live 1, queued 0 | pool 6142/6144 blocks (100 %) | prefix cache 3/639 entries | 1 prefilling
2026-10-06 16:13:39.495 INFO  stats: rank 2 | 11.1 s | decode 0.0 tok/s, 0.0 ms/tok, 0.0 ms/step (0 steps / 0 tok, 0 % of wall) | prefill 0 prompts / 4096 tok, 369 tok/s, 2.71 ms/tok (100 % of wall), 0 tok cached (0/0 hits) | live 1, queued 0 | pool 6142/6144 blocks (100 %) | prefix cache 3/639 entries | 1 prefilling
2026-10-06 16:13:50.679 INFO  stats: rank 2 | 11.2 s | decode 0.0 tok/s, 0.0 ms/tok, 0.0 ms/step (0 steps / 0 tok, 0 % of wall) | prefill 0 prompts / 4096 tok, 366 tok/s, 2.73 ms/tok (100 % of wall), 0 tok cached (0/0 hits) | live 1, queued 0 | pool 6142/6144 blocks (100 %) | prefix cache 3/639 entries | 1 prefilling
2026-10-06 16:14:01.950 INFO  stats: rank 2 | 11.3 s | decode 0.0 tok/s, 0.0 ms/tok, 0.0 ms/step (0 steps / 0 tok, 0 % of wall) | prefill 0 prompts / 4096 tok, 363 tok/s, 2.75 ms/tok (100 % of wall), 0 tok cached (0/0 hits) | live 1, queued 0 | pool 6142/6144 blocks (100 %) | prefix cache 3/639 entries | 1 prefilling
2026-10-06 16:14:13.318 INFO  stats: rank 2 | 11.4 s | decode 0.0 tok/s, 0.0 ms/tok, 0.0 ms/step (0 steps / 0 tok, 0 % of wall) | prefill 0 prompts / 4096 tok, 360 tok/s, 2.78 ms/tok (100 % of wall), 0 tok cached (0/0 hits) | live 1, queued 0 | pool 6142/6144 blocks (100 %) | prefix cache 3/639 entries | 1 prefilling
2026-10-06 16:14:24.774 INFO  stats: rank 2 | 11.5 s | decode 0.0 tok/s, 0.0 ms/tok, 0.0 ms/step (0 steps / 0 tok, 0 % of wall) | prefill 0 prompts / 4096 tok, 358 tok/s, 2.80 ms/tok (100 % of wall), 0 tok cached (0/0 hits) | live 1, queued 0 | pool 6142/6144 blocks (100 %) | prefix cache 3/639 entries | 1 prefilling
2026-10-06 16:14:36.407 INFO  stats: rank 2 | 11.6 s | decode 0.0 tok/s, 0.0 ms/tok, 0.0 ms/step (0 steps / 0 tok, 0 % of wall) | prefill 0 prompts / 4096 tok, 352 tok/s, 2.84 ms/tok (100 % of wall), 0 tok cached (0/0 hits) | live 1, queued 0 | pool 6142/6144 blocks (100 %) | prefix cache 3/639 entries | 1 prefilling
2026-10-06 16:14:48.041 INFO  stats: rank 2 | 11.6 s | decode 0.0 tok/s, 0.0 ms/tok, 0.0 ms/step (0 steps / 0 tok, 0 % of wall) | prefill 0 prompts / 4096 tok, 352 tok/s, 2.84 ms/tok (100 % of wall), 0 tok cached (0/0 hits) | live 1, queued 0 | pool 6142/6144 blocks (100 %) | prefix cache 3/639 entries | 1 prefilling
2026-10-06 16:14:59.813 INFO  stats: rank 2 | 11.8 s | decode 0.0 tok/s, 0.0 ms/tok, 0.0 ms/step (0 steps / 0 tok, 0 % of wall) | prefill 0 prompts / 4096 tok, 348 tok/s, 2.87 ms/tok (100 % of wall), 0 tok cached (0/0 hits) | live 1, queued 0 | pool 6142/6144 blocks (100 %) | prefix cache 3/639 entries | 1 prefilling
2026-10-06 16:15:11.740 INFO  stats: rank 2 | 11.9 s | decode 0.0 tok/s, 0.0 ms/tok, 0.0 ms/step (0 steps / 0 tok, 0 % of wall) | prefill 0 prompts / 4096 tok, 343 tok/s, 2.91 ms/tok (100 % of wall), 0 tok cached (0/0 hits) | live 1, queued 0 | pool 6142/6144 blocks (100 %) | prefix cache 3/639 entries | 1 prefilling
2026-10-06 16:15:23.675 INFO  stats: rank 2 | 11.9 s | decode 0.0 tok/s, 0.0 ms/tok, 0.0 ms/step (0 steps / 0 tok, 0 % of wall) | prefill 0 prompts / 4096 tok, 343 tok/s, 2.91 ms/tok (100 % of wall), 0 tok cached (0/0 hits) | live 1, queued 0 | pool 6142/6144 blocks (100 %) | prefix cache 3/639 entries | 1 prefilling
2026-10-06 16:15:35.697 INFO  stats: rank 2 | 12.0 s | decode 0.0 tok/s, 0.0 ms/tok, 0.0 ms/step (0 steps / 0 tok, 0 % of wall) | prefill 0 prompts / 4096 tok, 341 tok/s, 2.94 ms/tok (100 % of wall), 0 tok cached (0/0 hits) | live 1, queued 0 | pool 6142/6144 blocks (100 %) | prefix cache 3/639 entries | 1 prefilling
2026-10-06 16:15:47.713 INFO  stats: rank 2 | 12.0 s | decode 0.0 tok/s, 0.0 ms/tok, 0.0 ms/step (0 steps / 0 tok, 0 % of wall) | prefill 0 prompts / 4096 tok, 341 tok/s, 2.93 ms/tok (100 % of wall), 0 tok cached (0/0 hits) | live 1, queued 0 | pool 6142/6144 blocks (100 %) | prefix cache 3/639 entries | 1 prefilling
2026-10-06 16:15:59.818 INFO  stats: rank 2 | 12.1 s | decode 0.0 tok/s, 0.0 ms/tok, 0.0 ms/step (0 steps / 0 tok, 0 % of wall) | prefill 0 prompts / 4096 tok, 338 tok/s, 2.96 ms/tok (100 % of wall), 0 tok cached (0/0 hits) | live 1, queued 0 | pool 6142/6144 blocks (100 %) | prefix cache 3/639 entries | 1 prefilling
2026-10-06 16:16:11.978 INFO  stats: rank 2 | 12.2 s | decode 0.0 tok/s, 0.0 ms/tok, 0.0 ms/step (0 steps / 0 tok, 0 % of wall) | prefill 0 prompts / 4096 tok, 337 tok/s, 2.97 ms/tok (100 % of wall), 0 tok cached (0/0 hits) | live 1, queued 0 | pool 6142/6144 blocks (100 %) | prefix cache 3/639 entries | 1 prefilling
2026-10-06 16:16:24.205 INFO  stats: rank 2 | 12.2 s | decode 0.0 tok/s, 0.0 ms/tok, 0.0 ms/step (0 steps / 0 tok, 0 % of wall) | prefill 0 prompts / 4096 tok, 335 tok/s, 2.99 ms/tok (100 % of wall), 0 tok cached (0/0 hits) | live 1, queued 0 | pool 6142/6144 blocks (100 %) | prefix cache 3/639 entries | 1 prefilling
2026-10-06 16:16:35.069 INFO  stats: rank 2 | 10.9 s | decode 0.0 tok/s, 0.0 ms/tok, 0.0 ms/step (0 steps / 0 tok, 0 % of wall) | prefill 0 prompts / 3588 tok, 330 tok/s, 3.03 ms/tok (100 % of wall), 0 tok cached (0/0 hits) | live 1, queued 0 | pool 6143/6144 blocks (100 %) | prefix cache 3/639 entries | 1 prefilling
2026-10-06 16:16:35.148 INFO  sched: request 'chatcmpl-e5055b4d8fcd8b25' admitted to slot 0 (reserve 4095 blocks; pool 6143/6144 blocks in use) — first token 785
2026-10-06 16:16:41.023 INFO  sched: request 'chatcmpl-e5055b4d8fcd8b25' retired (steps): 256 tok in 931.1 s — prefill 523783 tok (0 cached) in 925246 ms; decode 255 tok / 129 passes in 5.9 s: 43.2 tok/s, 23.1 ms/tok, 46 ms/pass, 1.98 tok/pass, accept p1 98 %
2026-10-06 16:16:41.177 INFO  sched: request 'chatcmpl-e5055b4d8fcd8b26' starting prefill in slot 0 (523783 prompt tokens)
2026-10-06 16:16:41.178 INFO  sched: request 'chatcmpl-e5055b4d8fcd8b26' prefilling in slot 0 (2048 tokens/tick)
2026-10-06 16:16:41.255 INFO  sched: request 'chatcmpl-e5055b4d8fcd8b26' admitted to slot 0 (reserve 4095 blocks; pool 6143/6144 blocks in use) — first token 785
2026-10-06 16:16:45.089 INFO  stats: rank 2 | 10.0 s | decode 42.2 tok/s, 22.9 ms/tok, 45.4 ms/step (213 steps / 423 tok, 97 % of wall) | mtp 1.99 tok/step/req, accept p1 98 % | prefill 2 prompts / 6 tok, 1 tok/s, 24.96 ms/tok, 75 ms avg (1 % of wall), 523780 tok cached (1/1 hit) | live 1, queued 0 | pool 6144/6144 blocks (100 %) | prefix cache 4/639 entries
2026-10-06 16:16:47.148 INFO  sched: request 'chatcmpl-e5055b4d8fcd8b26' retired (steps): 256 tok in 6.0 s — prefill 523783 tok (523780 cached) in 78 ms; decode 255 tok / 129 passes in 5.9 s: 43.3 tok/s, 23.1 ms/tok, 46 ms/pass, 1.98 tok/pass, accept p1 98 %
2026-10-06 16:16:47.325 INFO  sched: request 'chatcmpl-e5055b4d8fcd8b27' starting prefill in slot 0 (523783 prompt tokens)
2026-10-06 16:16:47.326 INFO  sched: request 'chatcmpl-e5055b4d8fcd8b27' prefilling in slot 0 (2048 tokens/tick)
2026-10-06 16:16:47.401 INFO  sched: request 'chatcmpl-e5055b4d8fcd8b27' admitted to slot 0 (reserve 4095 blocks; pool 6143/6144 blocks in use) — first token 785
2026-10-06 16:16:53.303 INFO  sched: request 'chatcmpl-e5055b4d8fcd8b27' retired (steps): 256 tok in 6.0 s — prefill 523783 tok (523780 cached) in 75 ms; decode 255 tok / 129 passes in 5.9 s: 43.2 tok/s, 23.1 ms/tok, 46 ms/pass, 1.98 tok/pass, accept p1 98 %
2026-10-06 16:16:54.746 INFO  journal: stop record — exiting
2026-10-06 16:16:54.827 INFO  rank 2: graph engine sampling summary — 0 sampled decode steps, 0 served by the exact gather fallback (0.0%), 112 candidates per rank
2026-10-06 16:16:56.402 INFO  rank 2: exited cleanly
