2026-10-06 22:57:21.640 INFO  dgpp-serve 0.1.0+g8f1c4cbcc1e9.dirty (git 8f1c4cbcc1e9)
2026-10-06 22:57:21.640 INFO  config /tmp/bus4/deployments/153299c236f012d8/cluster.json: model HawkBearPig/GLM-5.3-Int4-Int8Mix-RTN-g64, world 4, rank 3, http :18080, fabric :29970, journal :29971
2026-10-06 22:57:21.641 INFO  model HawkBearPig/GLM-5.3-Int4-Int8Mix-RTN-g64 -> /home/stephen/.cache/huggingface/hub/models--HawkBearPig--GLM-5.3-Int4-Int8Mix-RTN-g64/snapshots/147684fbad20c1e283ddff46fd07cb9d4ccbb3da
2026-10-06 22:57:21.641 INFO  journal: connected to rank 0 at 192.168.88.11:29971 (120000 attempt window)
2026-10-06 22:57:21.642 INFO  rank 3: settings from rank 0: model=HawkBearPig/GLM-5.3-Int4-Int8Mix-RTN-g64 world=4 fabric=29970 journal=29971 conc=8 kv=122880 kvdt=bf16 ngt=resident dw=checkpoint mtpef=fp8 bfw=bf12 fp8head=gemv pf=bounded emsh=vocab maxtok=32768 queue=8 eos=1 graph=1 compact=0 mtp=1 mtpd=1 mss=0 msrow=8 msbase=28 mslam=0 msmin=1 msad=1 msss=0.93 mdr=auto mdt=1 mvf=token dbr=0 batchmin=2 cand=128 pcgib=1 adm=full win=256 pfbudget=-1 pfidle=0 pmin=1024 phead=1 pace=-1 inflight=-1 reasoning_in_content=0 rs=off dflash=off dfw=checkpoint
2026-10-06 22:57:21.642 INFO  config: model=HawkBearPig/GLM-5.3-Int4-Int8Mix-RTN-g64 world=4 fabric=29970 journal=29971 conc=8 kv=122880 kvdt=bf16 ngt=resident dw=checkpoint mtpef=fp8 bfw=bf12 fp8head=gemv pf=bounded emsh=vocab maxtok=32768 queue=8 eos=1 graph=1 compact=0 mtp=1 mtpd=1 mss=0 msrow=8 msbase=28 mslam=0 msmin=1 msad=1 msss=0.93 mdr=auto mdt=1 mvf=token dbr=0 batchmin=2 cand=128 pcgib=1 adm=full win=256 pfbudget=-1 pfidle=0 pmin=1024 phead=1 pace=-1 inflight=-1 reasoning_in_content=0 rs=off dflash=off dfw=checkpoint (digest dcec5e3abf2dad11)
2026-10-06 22:57:21.776 INFO  serve: model family glm_moe_dsa (/home/stephen/.cache/huggingface/hub/models--HawkBearPig--GLM-5.3-Int4-Int8Mix-RTN-g64/snapshots/147684fbad20c1e283ddff46fd07cb9d4ccbb3da)
2026-10-06 22:57:21.776 INFO  serve: decode rows 16 (8 slot(s) x 2 row(s) per request, floor 8, the glm_moe_dsa family's cap 16)
2026-10-06 22:57:21.786 WARN  generation config /home/stephen/.cache/huggingface/hub/models--HawkBearPig--GLM-5.3-Int4-Int8Mix-RTN-g64/snapshots/147684fbad20c1e283ddff46fd07cb9d4ccbb3da/generation_config.json omits top_k, min_p, repetition_penalty; using greedy-safe/neutral fallbacks for those fields
2026-10-06 22:57:21.786 INFO  generation defaults: temperature=1 top_p=0.95 top_k=0 min_p=0 repetition_penalty=1
2026-10-06 22:57:21.786 INFO  serve: sampling defaults temperature 1 top_p 0.95 top_k 0 min_p 0 repetition_penalty 1 (from generation_config.json; overrides: none)
2026-10-06 22:57:21.786 INFO  serve: request context limit 122880 tokens (the 122880-token K/V pool from engine.kv_capacity 122880; this family states no positional ceiling of its own)
2026-10-06 22:57:21.786 INFO  rank 3: prefix cache plan — 1 GiB budget, 4096 slots of 0.012 MiB, 0.047 GiB allocated; cached K/V blocks share the 122880-token pool
2026-10-06 22:57:21.950 INFO  tokenizer: loaded vocab 154820 merges 321649 added 36 (revision 0x700b4469fc43f23b; glm pattern, no normalizer, ignore_merges true)
2026-10-06 22:57:21.959 INFO  serve: grammar vocabulary built (154880 ids, tool markers present, call-turn EOS 154829)
2026-10-06 22:57:22.058 INFO  serve: JSON grammar tables built in 0.10 s
2026-10-06 22:57:22.269 INFO  bus: globaltimer offset 20839197603 ns (+-2 us)
2026-10-06 22:57:22.274 INFO  verbs: device roceP2p1s0f0 port 1 gid_index 3
2026-10-06 22:57:22.278 INFO  verbs: device rocep1s0f0 port 1 gid_index 3
2026-10-06 22:57:23.392 INFO  bus: rank 3 up — 3 peer(s) x 2 lane(s), lat 8x196608B, bulk 8x262144B, bulk pace 28.3 Gb/s per QP, window 4 per lane
2026-10-06 22:57:23.392 INFO  rank 3: boundary reducer host-driven
2026-10-06 22:57:23.548 INFO  rank 3: process memory locked (mlockall MCL_CURRENT, 14546 MiB)
2026-10-06 22:57:23.548 INFO  rank 3: resident image cache at /home/stephen/.cache/dgpp/resident
2026-10-06 22:57:23.549 INFO  bus engine: rank 3 pinned to cpu 19
2026-10-06 22:57:23.680 INFO  rank 3: memory plan for a 122880-token context — model weights (resident, packed bf16 matrices released) 96.32 GiB; bf16 decode packing (12-bit companions) 1.27 GiB; bf16 prefill expansion scratch 0.05 GiB; gemm workspace (at least) 0.06 GiB; dsa cache pool (latent bf16 + rope keys on every layer, fp8 index caches on the indexed layers) 10.75 GiB; dsa scratch (projections, selection, attention, the prefill dot tiles) 0.22 GiB; rotary table (bf16 cos/sin per position) 0.01 GiB; activations (session core, residual, block io, dense scratch, route staging) 0.14 GiB (0.01 GiB pinned); moe scratch (routed slots, shared expert, graph tables) 0.75 GiB (0.01 GiB pinned); draft block (gathered hidden, the fused input, its residual, the sharded embedding's rows) 0.12 GiB; prefix cache 0.05 GiB; engine 0.07 GiB
2026-10-06 22:57:23.680 INFO  rank 3: memory plan total 109.81 GiB (109.67 GiB device + 0.14 GiB pinned) + 4.00 GiB headroom against 116.53 GiB free (device free 112.78 GiB of 121.69 GiB, host available 116.53 GiB)
2026-10-06 22:57:23.680 INFO  memory ledger: rank 3 after the plan check — rss 1.19 GiB (anon 0.42, shmem 0.11, file 0.67; locked 14.21); device free 112.78 GiB, node available 116.53 GiB
2026-10-06 22:57:23.680 INFO  memory ledger: rank 3 after the bus — rss 1.19 GiB (anon 0.42, shmem 0.11, file 0.67; locked 14.21); device free 112.78 GiB, node available 116.53 GiB
2026-10-06 22:57:24.163 INFO  glm_dsa loader: rank 3 resident footprint 98.0 GiB; device free 112.7 of 121.7 GiB, host available 116.4 GiB
2026-10-06 22:57:24.991 INFO  glm_dsa loader: rank 3 resident image /home/stephen/.cache/dgpp/resident/4e19ad9a970d9938.img — 79/79 layers present, direct I/O
2026-10-06 22:57:25.003 INFO  l2 prefetch: on, window budget 12 MiB, boundary rate light, layer rate light
2026-10-06 22:57:25.003 INFO  memory ledger: glm_dsa: loader opened — rss 2.76 GiB (anon 0.49, shmem 1.57, file 0.69; locked 14.21); device free 110.74 GiB, node available 114.49 GiB
2026-10-06 22:57:25.764 INFO  memory ledger: glm_dsa: globals resident — rss 3.65 GiB (anon 0.49, shmem 1.57, file 1.58; locked 14.21); device free 109.41 GiB, node available 114.04 GiB
2026-10-06 22:57:40.579 INFO  rank 3 bf12: 89 decode matrices packed (1.65 GiB of bf16 -> 1.24 GiB, 166058 escapes, widest row 12, 0 rows kept raw; 0 matrices kept bf16) in 0.9 s
2026-10-06 22:57:40.579 INFO  rank 3 bf12: 89 of them released their bf16 bytes (1.71 GiB returned; prefill expands through a 48 MiB scratch)
2026-10-06 22:57:40.855 INFO  glm_dsa loader: rank 3 resident load complete — released 79 shard mappings (398.1 GiB) and evicted their page cache, freed the 1.46 GiB pinned staging mirror; image: 79 layers restored, 0 captured
2026-10-06 22:57:40.898 INFO  memory ledger: glm_dsa: layers resident, sources released — rss 1.26 GiB (anon 0.48, shmem 0.11, file 0.67; locked 14.19); device free 13.52 GiB, node available 17.24 GiB
2026-10-06 22:57:41.243 INFO  memory ledger: glm_dsa: arena, pool and scratch — rss 1.26 GiB (anon 0.48, shmem 0.11, file 0.67; locked 14.19); device free 2.31 GiB, node available 6.02 GiB
2026-10-06 22:57:41.295 INFO  memory ledger: rank 3 after the model — rss 1.27 GiB (anon 0.48, shmem 0.12, file 0.67; locked 14.19); device free 2.06 GiB, node available 5.35 GiB
2026-10-06 22:57:41.295 INFO  rank 3: model constructed in 17.6s (resident, 8 request slots, 122880-token pool in bf16, 2048-row forwards)
2026-10-06 22:57:41.295 INFO  rank 3: prefix cache on — 4096 snapshot slot(s) of 0.0 MiB (1.00 GiB asked)
2026-10-06 22:57:41.301 INFO  rank 3: graph engine samples on the device — 128 candidates per rank (16 rows x 4 ranks in a 196608-byte latency slot; the planned width is 128); constrained decoding available
2026-10-06 22:57:41.301 INFO  rank 3: prefill budget 0 tokens/tick (0 = full prompt), 0 with nothing decoding
2026-10-06 22:57:41.301 INFO  rank 3: sampled requests draft a draw from the draft's distribution under the ratio verify (engine.mtp_draft auto)
2026-10-06 22:57:52.787 INFO  memory ledger: rank 3 after the graph engine — rss 1.27 GiB (anon 0.48, shmem 0.12, file 0.67; locked 14.19); device free 2.03 GiB, node available 5.32 GiB
2026-10-06 22:57:52.791 INFO  allreduce: device clock rate 2418000 kHz (stamps conversion)
2026-10-06 22:57:52.791 INFO  allreduce: rank 3 seq 1 launched (3 peers)
2026-10-06 22:57:52.791 INFO  allreduce: rank 3 seq 1 ready after 53.9us
2026-10-06 22:57:52.798 INFO  allreduce: rank 3 seq 1 done status=0 after 6955.6us
2026-10-06 22:57:53.052 INFO  allreduce: rank 3 seq 2 launched (3 peers)
2026-10-06 22:57:53.052 INFO  allreduce: rank 3 seq 2 ready after 24.2us
2026-10-06 22:57:53.459 INFO  allreduce: rank 3 seq 2 done status=0 after 406728.3us
2026-10-06 22:57:53.460 INFO  allreduce: rank 3 seq 3 launched (3 peers)
2026-10-06 22:57:53.460 INFO  allreduce: rank 3 seq 3 ready after 20.9us
2026-10-06 22:57:53.460 INFO  allreduce: rank 3 seq 3 done status=0 after 452.6us
2026-10-06 22:57:53.461 INFO  allreduce: rank 3 seq 4 launched (3 peers)
2026-10-06 22:57:53.461 INFO  allreduce: rank 3 seq 4 ready after 19.9us
2026-10-06 22:57:53.461 INFO  allreduce: rank 3 seq 4 done status=0 after 204.0us
2026-10-06 22:57:53.462 INFO  allreduce: rank 3 seq 5 launched (3 peers)
2026-10-06 22:57:53.462 INFO  allreduce: rank 3 seq 5 ready after 19.9us
2026-10-06 22:57:53.462 INFO  allreduce: rank 3 seq 5 done status=0 after 101.9us
2026-10-06 22:57:53.463 INFO  allreduce: rank 3 seq 6 launched (3 peers)
2026-10-06 22:57:53.463 INFO  allreduce: rank 3 seq 6 ready after 19.7us
2026-10-06 22:57:53.463 INFO  allreduce: rank 3 seq 6 done status=0 after 175.8us
2026-10-06 22:57:53.463 INFO  allreduce: rank 3 seq 7 launched (3 peers)
2026-10-06 22:57:53.463 INFO  allreduce: rank 3 seq 7 ready after 19.5us
2026-10-06 22:57:53.463 INFO  allreduce: rank 3 seq 7 done status=0 after 76.9us
2026-10-06 22:57:53.539 INFO  allreduce: rank 3 seq 8 launched (3 peers)
2026-10-06 22:57:53.539 INFO  allreduce: rank 3 seq 8 ready after 27.6us
2026-10-06 22:57:53.569 INFO  allreduce: rank 3 seq 8 done status=0 after 29947.7us
2026-10-06 22:57:53.608 INFO  allreduce: rank 3 seq 9 launched (3 peers)
2026-10-06 22:57:53.608 INFO  allreduce: rank 3 seq 9 ready after 22.2us
2026-10-06 22:57:53.619 INFO  allreduce: rank 3 seq 9 done status=0 after 10587.6us
2026-10-06 22:57:53.619 INFO  allreduce: rank 3 seq 10 launched (3 peers)
2026-10-06 22:57:53.619 INFO  allreduce: rank 3 seq 10 ready after 19.2us
2026-10-06 22:57:53.619 INFO  allreduce: rank 3 seq 10 done status=0 after 93.4us
2026-10-06 22:57:53.620 INFO  allreduce: rank 3 seq 11 launched (3 peers)
2026-10-06 22:57:53.620 INFO  allreduce: rank 3 seq 11 ready after 21.8us
2026-10-06 22:57:53.620 INFO  allreduce: rank 3 seq 11 done status=0 after 79.9us
2026-10-06 22:57:53.620 INFO  allreduce: rank 3 seq 12 launched (3 peers)
2026-10-06 22:57:53.620 INFO  allreduce: rank 3 seq 12 ready after 19.6us
2026-10-06 22:57:53.620 INFO  allreduce: rank 3 seq 12 done status=0 after 97.7us
2026-10-06 22:57:53.621 INFO  allreduce: rank 3 seq 13 launched (3 peers)
2026-10-06 22:57:53.621 INFO  allreduce: rank 3 seq 13 ready after 22.3us
2026-10-06 22:57:53.621 INFO  allreduce: rank 3 seq 13 done status=0 after 82.0us
2026-10-06 22:57:53.622 INFO  allreduce: rank 3 seq 14 launched (3 peers)
2026-10-06 22:57:53.622 INFO  allreduce: rank 3 seq 14 ready after 19.6us
2026-10-06 22:57:53.622 INFO  allreduce: rank 3 seq 14 done status=0 after 110.8us
2026-10-06 22:57:53.622 INFO  allreduce: rank 3 seq 15 launched (3 peers)
2026-10-06 22:57:53.622 INFO  allreduce: rank 3 seq 15 ready after 20.0us
2026-10-06 22:57:53.622 INFO  allreduce: rank 3 seq 15 done status=0 after 95.3us
2026-10-06 22:57:53.623 INFO  allreduce: rank 3 seq 16 launched (3 peers)
2026-10-06 22:57:53.623 INFO  allreduce: rank 3 seq 16 ready after 19.2us
2026-10-06 22:57:53.623 INFO  allreduce: rank 3 seq 16 done status=0 after 61.2us
2026-10-06 22:57:53.751 INFO  bus graph era: variant 0 recorded with 162 collective node(s)
2026-10-06 22:57:53.751 INFO  rank 3: graph variant 0 shape: 2492 nodes, 2729 edges: kernel 2492 empty 0 memcpy 0 memset 0 host 0 event 0 other 0; max in-degree 2
2026-10-06 22:57:53.756 INFO  rank 3: graph variant 0 instantiated — 17592186044376.6 MiB of device memory (1.2 GiB free)
2026-10-06 22:57:53.758 INFO  bus graph era: variant 1 recorded with 162 collective node(s)
2026-10-06 22:57:53.758 INFO  rank 3: graph variant 1 shape: 2492 nodes, 2729 edges: kernel 2492 empty 0 memcpy 0 memset 0 host 0 event 0 other 0; max in-degree 2
2026-10-06 22:57:53.764 INFO  rank 3: graph variant 1 instantiated — 17592186044396.1 MiB of device memory (1.2 GiB free)
2026-10-06 22:57:53.764 INFO  rank 3: serving scalar graph variants 0/1 captured for request slot 0 (2 rows, MTP)
2026-10-06 22:57:53.766 INFO  bus graph era: variant 16 recorded with 162 collective node(s)
2026-10-06 22:57:53.766 INFO  rank 3: graph variant 16 shape: 2493 nodes, 2730 edges: kernel 2493 empty 0 memcpy 0 memset 0 host 0 event 0 other 0; max in-degree 2
2026-10-06 22:57:53.774 INFO  rank 3: graph variant 16 instantiated — 17592186044263.6 MiB of device memory (1.4 GiB free)
2026-10-06 22:57:53.775 INFO  bus graph era: variant 17 recorded with 162 collective node(s)
2026-10-06 22:57:53.775 INFO  rank 3: graph variant 17 shape: 2493 nodes, 2730 edges: kernel 2493 empty 0 memcpy 0 memset 0 host 0 event 0 other 0; max in-degree 2
2026-10-06 22:57:53.785 INFO  rank 3: graph variant 17 instantiated — 17592186043964.9 MiB of device memory (1.8 GiB free)
2026-10-06 22:57:53.785 INFO  rank 3: serving row-batched graph variants 16/17 captured for 2 slots x 2 rows = 4 fixed rows, MTP (a batch is selected at 2+ live requests, the smallest that covers the live slots)
2026-10-06 22:57:53.787 INFO  bus graph era: variant 18 recorded with 162 collective node(s)
2026-10-06 22:57:53.787 INFO  rank 3: graph variant 18 shape: 2719 nodes, 2956 edges: kernel 2719 empty 0 memcpy 0 memset 0 host 0 event 0 other 0; max in-degree 2
2026-10-06 22:57:53.797 INFO  rank 3: graph variant 18 instantiated — 34.1 MiB of device memory (1.8 GiB free)
2026-10-06 22:57:53.799 INFO  bus graph era: variant 19 recorded with 162 collective node(s)
2026-10-06 22:57:53.799 INFO  rank 3: graph variant 19 shape: 2719 nodes, 2956 edges: kernel 2719 empty 0 memcpy 0 memset 0 host 0 event 0 other 0; max in-degree 2
2026-10-06 22:57:53.808 INFO  rank 3: graph variant 19 instantiated — 30.7 MiB of device memory (1.8 GiB free)
2026-10-06 22:57:53.808 INFO  rank 3: serving row-batched graph variants 18/19 captured for 3 slots x 2 rows = 6 fixed rows, MTP (a batch is selected at 2+ live requests, the smallest that covers the live slots)
2026-10-06 22:57:53.810 INFO  bus graph era: variant 20 recorded with 162 collective node(s)
2026-10-06 22:57:53.810 INFO  rank 3: graph variant 20 shape: 2720 nodes, 2957 edges: kernel 2720 empty 0 memcpy 0 memset 0 host 0 event 0 other 0; max in-degree 2
2026-10-06 22:57:53.820 INFO  rank 3: graph variant 20 instantiated — 35.5 MiB of device memory (1.7 GiB free)
2026-10-06 22:57:53.822 INFO  bus graph era: variant 21 recorded with 162 collective node(s)
2026-10-06 22:57:53.822 INFO  rank 3: graph variant 21 shape: 2720 nodes, 2957 edges: kernel 2720 empty 0 memcpy 0 memset 0 host 0 event 0 other 0; max in-degree 2
2026-10-06 22:57:53.832 INFO  rank 3: graph variant 21 instantiated — 33.6 MiB of device memory (1.7 GiB free)
2026-10-06 22:57:53.832 INFO  rank 3: serving row-batched graph variants 20/21 captured for 4 slots x 2 rows = 8 fixed rows, MTP (a batch is selected at 2+ live requests, the smallest that covers the live slots)
2026-10-06 22:57:53.834 INFO  bus graph era: variant 22 recorded with 162 collective node(s)
2026-10-06 22:57:53.835 INFO  rank 3: graph variant 22 shape: 3081 nodes, 3318 edges: kernel 3081 empty 0 memcpy 0 memset 0 host 0 event 0 other 0; max in-degree 2
2026-10-06 22:57:53.845 INFO  rank 3: graph variant 22 instantiated — 36.8 MiB of device memory (1.7 GiB free)
2026-10-06 22:57:53.847 INFO  bus graph era: variant 23 recorded with 162 collective node(s)
2026-10-06 22:57:53.847 INFO  rank 3: graph variant 23 shape: 3081 nodes, 3318 edges: kernel 3081 empty 0 memcpy 0 memset 0 host 0 event 0 other 0; max in-degree 2
2026-10-06 22:57:53.858 INFO  rank 3: graph variant 23 instantiated — 35.6 MiB of device memory (1.6 GiB free)
2026-10-06 22:57:53.858 INFO  rank 3: serving row-batched graph variants 22/23 captured for 6 slots x 2 rows = 12 fixed rows, MTP (a batch is selected at 2+ live requests, the smallest that covers the live slots)
2026-10-06 22:57:53.860 INFO  bus graph era: variant 24 recorded with 162 collective node(s)
2026-10-06 22:57:53.861 INFO  rank 3: graph variant 24 shape: 3308 nodes, 3545 edges: kernel 3308 empty 0 memcpy 0 memset 0 host 0 event 0 other 0; max in-degree 2
2026-10-06 22:57:53.872 INFO  rank 3: graph variant 24 instantiated — 37.1 MiB of device memory (1.6 GiB free)
2026-10-06 22:57:53.874 INFO  bus graph era: variant 25 recorded with 162 collective node(s)
2026-10-06 22:57:53.874 INFO  rank 3: graph variant 25 shape: 3308 nodes, 3545 edges: kernel 3308 empty 0 memcpy 0 memset 0 host 0 event 0 other 0; max in-degree 2
2026-10-06 22:57:53.885 INFO  rank 3: graph variant 25 instantiated — 38.8 MiB of device memory (1.6 GiB free)
2026-10-06 22:57:53.885 INFO  rank 3: serving row-batched graph variants 24/25 captured for 8 slots x 2 rows = 16 fixed rows, MTP (a batch is selected at 2+ live requests, the smallest that covers the live slots)
2026-10-06 22:57:54.000 INFO  bus graph era: variant 2 recorded with 162 collective node(s)
2026-10-06 22:57:54.001 INFO  rank 3: graph variant 2 shape: 2492 nodes, 2729 edges: kernel 2492 empty 0 memcpy 0 memset 0 host 0 event 0 other 0; max in-degree 2
2026-10-06 22:57:54.008 INFO  rank 3: graph variant 2 instantiated — 29.1 MiB of device memory (1.5 GiB free)
2026-10-06 22:57:54.010 INFO  bus graph era: variant 3 recorded with 162 collective node(s)
2026-10-06 22:57:54.010 INFO  rank 3: graph variant 3 shape: 2492 nodes, 2729 edges: kernel 2492 empty 0 memcpy 0 memset 0 host 0 event 0 other 0; max in-degree 2
2026-10-06 22:57:54.019 INFO  rank 3: graph variant 3 instantiated — 31.2 MiB of device memory (1.5 GiB free)
2026-10-06 22:57:54.019 INFO  rank 3: serving scalar graph variants 2/3 captured for request slot 1 (2 rows, MTP)
2026-10-06 22:57:54.128 INFO  bus graph era: variant 4 recorded with 162 collective node(s)
2026-10-06 22:57:54.128 INFO  rank 3: graph variant 4 shape: 2492 nodes, 2729 edges: kernel 2492 empty 0 memcpy 0 memset 0 host 0 event 0 other 0; max in-degree 2
2026-10-06 22:57:54.137 INFO  rank 3: graph variant 4 instantiated — 33.2 MiB of device memory (1.5 GiB free)
2026-10-06 22:57:54.139 INFO  bus graph era: variant 5 recorded with 162 collective node(s)
2026-10-06 22:57:54.139 INFO  rank 3: graph variant 5 shape: 2492 nodes, 2729 edges: kernel 2492 empty 0 memcpy 0 memset 0 host 0 event 0 other 0; max in-degree 2
2026-10-06 22:57:54.147 INFO  rank 3: graph variant 5 instantiated — 28.6 MiB of device memory (1.4 GiB free)
2026-10-06 22:57:54.147 INFO  rank 3: serving scalar graph variants 4/5 captured for request slot 2 (2 rows, MTP)
2026-10-06 22:57:54.259 INFO  bus graph era: variant 6 recorded with 162 collective node(s)
2026-10-06 22:57:54.259 INFO  rank 3: graph variant 6 shape: 2492 nodes, 2729 edges: kernel 2492 empty 0 memcpy 0 memset 0 host 0 event 0 other 0; max in-degree 2
2026-10-06 22:57:54.288 INFO  rank 3: graph variant 6 instantiated — 29.2 MiB of device memory (1.4 GiB free)
2026-10-06 22:57:54.289 INFO  bus graph era: variant 7 recorded with 162 collective node(s)
2026-10-06 22:57:54.289 INFO  rank 3: graph variant 7 shape: 2492 nodes, 2729 edges: kernel 2492 empty 0 memcpy 0 memset 0 host 0 event 0 other 0; max in-degree 2
2026-10-06 22:57:54.298 INFO  rank 3: graph variant 7 instantiated — 28.4 MiB of device memory (1.3 GiB free)
2026-10-06 22:57:54.298 INFO  rank 3: serving scalar graph variants 6/7 captured for request slot 3 (2 rows, MTP)
2026-10-06 22:57:54.424 INFO  bus graph era: variant 8 recorded with 162 collective node(s)
2026-10-06 22:57:54.424 INFO  rank 3: graph variant 8 shape: 2492 nodes, 2729 edges: kernel 2492 empty 0 memcpy 0 memset 0 host 0 event 0 other 0; max in-degree 2
2026-10-06 22:57:54.433 INFO  rank 3: graph variant 8 instantiated — 29.9 MiB of device memory (1.3 GiB free)
2026-10-06 22:57:54.435 INFO  bus graph era: variant 9 recorded with 162 collective node(s)
2026-10-06 22:57:54.435 INFO  rank 3: graph variant 9 shape: 2492 nodes, 2729 edges: kernel 2492 empty 0 memcpy 0 memset 0 host 0 event 0 other 0; max in-degree 2
2026-10-06 22:57:54.444 INFO  rank 3: graph variant 9 instantiated — 33.4 MiB of device memory (1.3 GiB free)
2026-10-06 22:57:54.444 INFO  rank 3: serving scalar graph variants 8/9 captured for request slot 4 (2 rows, MTP)
2026-10-06 22:57:54.562 INFO  bus graph era: variant 10 recorded with 162 collective node(s)
2026-10-06 22:57:54.562 INFO  rank 3: graph variant 10 shape: 2492 nodes, 2729 edges: kernel 2492 empty 0 memcpy 0 memset 0 host 0 event 0 other 0; max in-degree 2
2026-10-06 22:57:54.570 INFO  rank 3: graph variant 10 instantiated — 30.3 MiB of device memory (1.2 GiB free)
2026-10-06 22:57:54.572 INFO  bus graph era: variant 11 recorded with 162 collective node(s)
2026-10-06 22:57:54.572 INFO  rank 3: graph variant 11 shape: 2492 nodes, 2729 edges: kernel 2492 empty 0 memcpy 0 memset 0 host 0 event 0 other 0; max in-degree 2
2026-10-06 22:57:54.581 INFO  rank 3: graph variant 11 instantiated — 32.1 MiB of device memory (1.2 GiB free)
2026-10-06 22:57:54.581 INFO  rank 3: serving scalar graph variants 10/11 captured for request slot 5 (2 rows, MTP)
2026-10-06 22:57:54.695 INFO  bus graph era: variant 12 recorded with 162 collective node(s)
2026-10-06 22:57:54.695 INFO  rank 3: graph variant 12 shape: 2492 nodes, 2729 edges: kernel 2492 empty 0 memcpy 0 memset 0 host 0 event 0 other 0; max in-degree 2
2026-10-06 22:57:54.703 INFO  rank 3: graph variant 12 instantiated — 30.2 MiB of device memory (1.2 GiB free)
2026-10-06 22:57:54.705 INFO  bus graph era: variant 13 recorded with 162 collective node(s)
2026-10-06 22:57:54.705 INFO  rank 3: graph variant 13 shape: 2492 nodes, 2729 edges: kernel 2492 empty 0 memcpy 0 memset 0 host 0 event 0 other 0; max in-degree 2
2026-10-06 22:57:54.714 INFO  rank 3: graph variant 13 instantiated — 31.9 MiB of device memory (1.1 GiB free)
2026-10-06 22:57:54.714 INFO  rank 3: serving scalar graph variants 12/13 captured for request slot 6 (2 rows, MTP)
2026-10-06 22:57:54.822 INFO  bus graph era: variant 14 recorded with 162 collective node(s)
2026-10-06 22:57:54.822 INFO  rank 3: graph variant 14 shape: 2492 nodes, 2729 edges: kernel 2492 empty 0 memcpy 0 memset 0 host 0 event 0 other 0; max in-degree 2
2026-10-06 22:57:54.831 INFO  rank 3: graph variant 14 instantiated — 33.6 MiB of device memory (1.1 GiB free)
2026-10-06 22:57:54.832 INFO  bus graph era: variant 15 recorded with 162 collective node(s)
2026-10-06 22:57:54.832 INFO  rank 3: graph variant 15 shape: 2492 nodes, 2729 edges: kernel 2492 empty 0 memcpy 0 memset 0 host 0 event 0 other 0; max in-degree 2
2026-10-06 22:57:54.843 INFO  rank 3: graph variant 15 instantiated — 28.8 MiB of device memory (1.1 GiB free)
2026-10-06 22:57:54.843 INFO  rank 3: serving scalar graph variants 14/15 captured for request slot 7 (2 rows, MTP)
2026-10-06 22:57:54.843 INFO  rank 3: warm capture complete — 8 scalar variants and the row batches for 2 slots, 3 slots, 4 slots, 6 slots, 8 slots recorded before the first request
2026-10-06 22:57:54.844 INFO  memory ledger: rank 3 after the warm capture — rss 2.03 GiB (anon 1.22, shmem 0.13, file 0.68; locked 14.19); device free 1.08 GiB, node available 3.36 GiB
2026-10-06 22:57:54.844 INFO  rank 3: graph variants warm-captured in 2.06s
2026-10-06 22:57:54.844 INFO  rank 3: following rank 0's journal (admission full, window 256)
2026-10-06 22:57:56.698 INFO  sched: request 'chatcmpl-cc548dce1df23344' starting prefill in slot 0 (62 prompt tokens)
2026-10-06 22:57:57.323 INFO  sched: request 'chatcmpl-cc548dce1df23344' prefix cache miss — 3 cut(s), the cache is empty
2026-10-06 22:57:57.323 INFO  sched: request 'chatcmpl-cc548dce1df23344' admitted to slot 0 (reserve 1 blocks; pool 1/960 blocks in use) — first token 785
2026-10-06 22:57:59.372 INFO  sched: request 'chatcmpl-cc548dce1df23344' retired (steps): 64 tok in 2.7 s — prefill 62 tok (0 cached) in 624 ms; decode 63 tok / 32 passes in 2.0 s: 30.7 tok/s, 32.5 ms/tok, 64 ms/pass, 1.97 tok/pass, accept p1 100 %
2026-10-06 22:57:59.397 INFO  sched: request 'chatcmpl-cc548dce1df23345' starting prefill in slot 0 (37 prompt tokens)
2026-10-06 22:57:59.838 INFO  sched: request 'chatcmpl-cc548dce1df23345' prefix cache miss — 3 cut(s), the cache is empty
2026-10-06 22:57:59.838 INFO  sched: request 'chatcmpl-cc548dce1df23345' admitted to slot 0 (reserve 3 blocks; pool 3/960 blocks in use) — first token 785
2026-10-06 22:58:05.085 INFO  stats: rank 3 | 10.1 s | decode 22.1 tok/s, 32.5 ms/tok, 62.8 ms/step (115 steps / 222 tok, 72 % of wall) | mtp 1.93 tok/step/req, accept p1 92 % | prefill 2 prompts / 99 tok, 10 tok/s, 10.76 ms/tok, 533 ms avg (11 % of wall), 0 tok cached (0/2 hits) | live 1, queued 0 | pool 3/960 blocks (0 %) | prefix cache 0/4096 entries
2026-10-06 22:58:08.474 INFO  sched: request 'chatcmpl-cc548dce1df23345' retired (steps): 256 tok in 9.1 s — prefill 37 tok (0 cached) in 441 ms; decode 255 tok / 137 passes in 8.6 s: 29.5 tok/s, 33.9 ms/tok, 63 ms/pass, 1.86 tok/pass, accept p1 86 %
2026-10-06 22:58:08.500 INFO  sched: request 'chatcmpl-cc548dce1df23346' starting prefill in slot 0 (37 prompt tokens)
2026-10-06 22:58:08.935 INFO  sched: request 'chatcmpl-cc548dce1df23346' prefix cache miss — 3 cut(s), the cache is empty
2026-10-06 22:58:08.935 INFO  sched: request 'chatcmpl-cc548dce1df23346' admitted to slot 0 (reserve 3 blocks; pool 3/960 blocks in use) — first token 785
2026-10-06 22:58:15.138 INFO  stats: rank 3 | 10.1 s | decode 27.6 tok/s, 34.3 ms/tok, 63.7 ms/step (149 steps / 277 tok, 94 % of wall) | mtp 1.86 tok/step/req, accept p1 85 % | prefill 1 prompt / 37 tok, 4 tok/s, 11.76 ms/tok, 435 ms avg (4 % of wall), 0 tok cached (0/1 hit) | live 1, queued 0 | pool 3/960 blocks (0 %) | prefix cache 0/4096 entries
2026-10-06 22:58:17.772 INFO  sched: request 'chatcmpl-cc548dce1df23346' retired (steps): 256 tok in 9.3 s — prefill 37 tok (0 cached) in 435 ms; decode 255 tok / 137 passes in 8.8 s: 28.9 tok/s, 34.7 ms/tok, 65 ms/pass, 1.86 tok/pass, accept p1 86 %
2026-10-06 22:58:17.781 INFO  sched: request 'chatcmpl-cc548dce1df23347' starting prefill in slot 0 (37 prompt tokens)
2026-10-06 22:58:18.216 INFO  sched: request 'chatcmpl-cc548dce1df23347' prefix cache miss — 3 cut(s), the cache is empty
2026-10-06 22:58:18.216 INFO  sched: request 'chatcmpl-cc548dce1df23347' admitted to slot 0 (reserve 3 blocks; pool 3/960 blocks in use) — first token 785
2026-10-06 22:58:25.159 INFO  stats: rank 3 | 10.0 s | decode 28.4 tok/s, 33.2 ms/tok, 62.3 ms/step (152 steps / 285 tok, 95 % of wall) | mtp 1.88 tok/step/req, accept p1 87 % | prefill 1 prompt / 37 tok, 4 tok/s, 11.75 ms/tok, 435 ms avg (4 % of wall), 0 tok cached (0/1 hit) | live 1, queued 0 | pool 3/960 blocks (0 %) | prefix cache 0/4096 entries
2026-10-06 22:58:26.864 INFO  sched: request 'chatcmpl-cc548dce1df23347' retired (steps): 256 tok in 9.1 s — prefill 37 tok (0 cached) in 435 ms; decode 255 tok / 137 passes in 8.6 s: 29.5 tok/s, 33.9 ms/tok, 63 ms/pass, 1.86 tok/pass, accept p1 86 %
2026-10-06 22:58:26.895 INFO  sched: request 'chatcmpl-cc548dce1df23348' starting prefill in slot 0 (36 prompt tokens)
2026-10-06 22:58:26.895 INFO  sched: request 'chatcmpl-cc548dce1df23349' starting prefill in slot 1 (36 prompt tokens)
2026-10-06 22:58:27.571 INFO  sched: request 'chatcmpl-cc548dce1df23348' prefix cache miss — 3 cut(s), the cache is empty
2026-10-06 22:58:27.571 INFO  sched: request 'chatcmpl-cc548dce1df23348' admitted to slot 0 (reserve 3 blocks; pool 4/960 blocks in use) — first token 785
2026-10-06 22:58:27.571 INFO  sched: request 'chatcmpl-cc548dce1df23349' prefix cache miss — 3 cut(s), the cache is empty
2026-10-06 22:58:27.571 INFO  sched: request 'chatcmpl-cc548dce1df23349' admitted to slot 1 (reserve 3 blocks; pool 6/960 blocks in use) — first token 785
2026-10-06 22:58:27.571 INFO  sched: 2 requests admitted together in one prefill (676 ms)
2026-10-06 22:58:35.177 INFO  stats: rank 3 | 10.0 s | decode 35.2 tok/s, 26.2 ms/tok, 82.5 ms/step (112 steps / 353 tok, 92 % of wall) | mtp 1.79 tok/step/req, accept p1 78 % | prefill 2 prompts / 72 tok, 7 tok/s, 9.38 ms/tok, 338 ms avg (7 % of wall), 0 tok cached (0/2 hits) | live 2, queued 0 | pool 6/960 blocks (1 %) | prefix cache 0/4096 entries
2026-10-06 22:58:40.231 INFO  sched: request 'chatcmpl-cc548dce1df23348' retired (steps): 256 tok in 13.3 s — prefill 36 tok (0 cached) in 676 ms; decode 255 tok / 141 passes in 12.7 s: 20.1 tok/s, 49.6 ms/tok, 90 ms/pass, 1.81 tok/pass, accept p1 81 %
2026-10-06 22:58:41.082 INFO  sched: request 'chatcmpl-cc548dce1df23349' retired (steps): 256 tok in 14.2 s — prefill 36 tok (0 cached) in 676 ms; decode 255 tok / 154 passes in 13.5 s: 18.9 tok/s, 53.0 ms/tok, 88 ms/pass, 1.66 tok/pass, accept p1 66 %
2026-10-06 22:58:41.107 INFO  sched: request 'chatcmpl-cc548dce1df2334a' starting prefill in slot 0 (36 prompt tokens)
2026-10-06 22:58:41.107 INFO  sched: request 'chatcmpl-cc548dce1df2334b' starting prefill in slot 1 (36 prompt tokens)
2026-10-06 22:58:41.790 INFO  sched: request 'chatcmpl-cc548dce1df2334a' prefix cache miss — 3 cut(s), the cache is empty
2026-10-06 22:58:41.790 INFO  sched: request 'chatcmpl-cc548dce1df2334a' admitted to slot 0 (reserve 3 blocks; pool 4/960 blocks in use) — first token 785
2026-10-06 22:58:41.790 INFO  sched: request 'chatcmpl-cc548dce1df2334b' prefix cache miss — 3 cut(s), the cache is empty
2026-10-06 22:58:41.790 INFO  sched: request 'chatcmpl-cc548dce1df2334b' admitted to slot 1 (reserve 3 blocks; pool 6/960 blocks in use) — first token 785
2026-10-06 22:58:41.790 INFO  sched: 2 requests admitted together in one prefill (683 ms)
2026-10-06 22:58:45.192 INFO  stats: rank 3 | 10.0 s | decode 34.9 tok/s, 26.4 ms/tok, 86.3 ms/step (107 steps / 350 tok, 92 % of wall) | mtp 1.74 tok/step/req, accept p1 73 % | prefill 2 prompts / 72 tok, 7 tok/s, 9.49 ms/tok, 342 ms avg (7 % of wall), 0 tok cached (0/2 hits) | live 2, queued 0 | pool 6/960 blocks (1 %) | prefix cache 0/4096 entries
2026-10-06 22:58:54.479 INFO  sched: request 'chatcmpl-cc548dce1df2334a' retired (steps): 256 tok in 13.4 s — prefill 36 tok (0 cached) in 683 ms; decode 255 tok / 141 passes in 12.7 s: 20.1 tok/s, 49.8 ms/tok, 90 ms/pass, 1.81 tok/pass, accept p1 81 %
2026-10-06 22:58:55.248 INFO  sched: request 'chatcmpl-cc548dce1df2334b' retired (steps): 256 tok in 14.1 s — prefill 36 tok (0 cached) in 683 ms; decode 255 tok / 153 passes in 13.5 s: 18.9 tok/s, 52.8 ms/tok, 88 ms/pass, 1.67 tok/pass, accept p1 67 %
2026-10-06 22:58:55.248 INFO  stats: rank 3 | 10.1 s | decode 36.7 tok/s, 27.0 ms/tok, 86.7 ms/step (115 steps / 369 tok, 99 % of wall) | mtp 1.69 tok/step/req, accept p1 69 % | prefill 0 prompts / 0 tok, 0 tok cached (0/0 hits) | live 0, queued 0 | pool 0/960 blocks (0 %) | prefix cache 0/4096 entries
2026-10-06 22:58:55.268 INFO  sched: request 'chatcmpl-cc548dce1df2334c' starting prefill in slot 0 (36 prompt tokens)
2026-10-06 22:58:55.268 INFO  sched: request 'chatcmpl-cc548dce1df2334d' starting prefill in slot 1 (36 prompt tokens)
2026-10-06 22:58:55.962 INFO  sched: request 'chatcmpl-cc548dce1df2334c' prefix cache miss — 3 cut(s), the cache is empty
2026-10-06 22:58:55.962 INFO  sched: request 'chatcmpl-cc548dce1df2334c' admitted to slot 0 (reserve 3 blocks; pool 4/960 blocks in use) — first token 785
2026-10-06 22:58:55.962 INFO  sched: request 'chatcmpl-cc548dce1df2334d' prefix cache miss — 3 cut(s), the cache is empty
2026-10-06 22:58:55.962 INFO  sched: request 'chatcmpl-cc548dce1df2334d' admitted to slot 1 (reserve 3 blocks; pool 6/960 blocks in use) — first token 785
2026-10-06 22:58:55.962 INFO  sched: 2 requests admitted together in one prefill (694 ms)
2026-10-06 22:59:05.275 INFO  stats: rank 3 | 10.0 s | decode 36.9 tok/s, 25.0 ms/tok, 88.8 ms/step (104 steps / 370 tok, 92 % of wall) | mtp 1.78 tok/step/req, accept p1 77 % | prefill 2 prompts / 72 tok, 7 tok/s, 9.63 ms/tok, 347 ms avg (7 % of wall), 0 tok cached (0/2 hits) | live 2, queued 0 | pool 6/960 blocks (1 %) | prefix cache 0/4096 entries
2026-10-06 22:59:08.620 INFO  sched: request 'chatcmpl-cc548dce1df2334c' retired (steps): 256 tok in 13.4 s — prefill 36 tok (0 cached) in 694 ms; decode 255 tok / 141 passes in 12.7 s: 20.1 tok/s, 49.6 ms/tok, 90 ms/pass, 1.81 tok/pass, accept p1 81 %
2026-10-06 22:59:09.437 INFO  sched: request 'chatcmpl-cc548dce1df2334d' retired (steps): 256 tok in 14.2 s — prefill 36 tok (0 cached) in 694 ms; decode 255 tok / 154 passes in 13.5 s: 18.9 tok/s, 52.8 ms/tok, 87 ms/pass, 1.66 tok/pass, accept p1 66 %
2026-10-06 22:59:09.451 INFO  sched: request 'chatcmpl-cc548dce1df2334e' starting prefill in slot 0 (35 prompt tokens)
2026-10-06 22:59:09.451 INFO  sched: request 'chatcmpl-cc548dce1df2334f' starting prefill in slot 1 (31 prompt tokens)
2026-10-06 22:59:09.451 INFO  sched: request 'chatcmpl-cc548dce1df23350' starting prefill in slot 2 (32 prompt tokens)
2026-10-06 22:59:09.451 INFO  sched: request 'chatcmpl-cc548dce1df23351' starting prefill in slot 3 (32 prompt tokens)
2026-10-06 22:59:10.314 INFO  sched: request 'chatcmpl-cc548dce1df2334e' prefix cache miss — 3 cut(s), the cache is empty
2026-10-06 22:59:10.314 INFO  sched: request 'chatcmpl-cc548dce1df2334e' admitted to slot 0 (reserve 3 blocks; pool 6/960 blocks in use) — first token 785
2026-10-06 22:59:10.314 INFO  sched: request 'chatcmpl-cc548dce1df2334f' prefix cache miss — 3 cut(s), the cache is empty
2026-10-06 22:59:10.314 INFO  sched: request 'chatcmpl-cc548dce1df2334f' admitted to slot 1 (reserve 3 blocks; pool 8/960 blocks in use) — first token 785
2026-10-06 22:59:10.314 INFO  sched: request 'chatcmpl-cc548dce1df23350' prefix cache miss — 3 cut(s), the cache is empty
2026-10-06 22:59:10.314 INFO  sched: request 'chatcmpl-cc548dce1df23350' admitted to slot 2 (reserve 3 blocks; pool 10/960 blocks in use) — first token 785
2026-10-06 22:59:10.314 INFO  sched: request 'chatcmpl-cc548dce1df23351' prefix cache miss — 3 cut(s), the cache is empty
2026-10-06 22:59:10.314 INFO  sched: request 'chatcmpl-cc548dce1df23351' admitted to slot 3 (reserve 3 blocks; pool 12/960 blocks in use) — first token 785
2026-10-06 22:59:10.314 INFO  sched: 4 requests admitted together in one prefill (863 ms)
2026-10-06 22:59:15.309 INFO  stats: rank 3 | 10.0 s | decode 42.2 tok/s, 21.5 ms/tok, 105.8 ms/step (86 steps / 423 tok, 91 % of wall) | mtp 1.83 tok/step/req, accept p1 81 % | prefill 4 prompts / 130 tok, 13 tok/s, 6.64 ms/tok, 216 ms avg (9 % of wall), 0 tok cached (0/4 hits) | live 4, queued 0 | pool 12/960 blocks (1 %) | prefix cache 0/4096 entries
2026-10-06 22:59:25.434 INFO  stats: rank 3 | 10.1 s | decode 48.4 tok/s, 20.6 ms/tok, 146.0 ms/step (69 steps / 490 tok, 100 % of wall) | mtp 1.78 tok/step/req, accept p1 78 % | prefill 0 prompts / 0 tok, 0 tok cached (0/0 hits) | live 4, queued 0 | pool 12/960 blocks (1 %) | prefix cache 0/4096 entries
2026-10-06 22:59:30.308 INFO  sched: request 'chatcmpl-cc548dce1df2334f' retired (steps): 256 tok in 20.9 s — prefill 31 tok (0 cached) in 863 ms; decode 255 tok / 138 passes in 20.0 s: 12.8 tok/s, 78.4 ms/tok, 145 ms/pass, 1.85 tok/pass, accept p1 86 %
2026-10-06 22:59:30.604 INFO  sched: request 'chatcmpl-cc548dce1df23351' retired (steps): 256 tok in 21.2 s — prefill 32 tok (0 cached) in 863 ms; decode 255 tok / 140 passes in 20.3 s: 12.6 tok/s, 79.6 ms/tok, 145 ms/pass, 1.82 tok/pass, accept p1 83 %
2026-10-06 22:59:30.965 INFO  sched: request 'chatcmpl-cc548dce1df23350' retired (steps): 256 tok in 21.5 s — prefill 32 tok (0 cached) in 863 ms; decode 255 tok / 143 passes in 20.7 s: 12.3 tok/s, 81.0 ms/tok, 144 ms/pass, 1.78 tok/pass, accept p1 79 %
2026-10-06 22:59:31.487 INFO  sched: request 'chatcmpl-cc548dce1df2334e' retired (steps): 256 tok in 22.0 s — prefill 35 tok (0 cached) in 863 ms; decode 255 tok / 151 passes in 21.2 s: 12.0 tok/s, 83.0 ms/tok, 140 ms/pass, 1.69 tok/pass, accept p1 70 %
2026-10-06 22:59:31.496 INFO  sched: request 'chatcmpl-cc548dce1df23352' starting prefill in slot 0 (35 prompt tokens)
2026-10-06 22:59:31.496 INFO  sched: request 'chatcmpl-cc548dce1df23353' starting prefill in slot 1 (32 prompt tokens)
2026-10-06 22:59:31.497 INFO  sched: request 'chatcmpl-cc548dce1df23354' starting prefill in slot 2 (32 prompt tokens)
2026-10-06 22:59:31.497 INFO  sched: request 'chatcmpl-cc548dce1df23355' starting prefill in slot 3 (31 prompt tokens)
2026-10-06 22:59:32.348 INFO  sched: request 'chatcmpl-cc548dce1df23352' prefix cache miss — 3 cut(s), the cache is empty
2026-10-06 22:59:32.348 INFO  sched: request 'chatcmpl-cc548dce1df23352' admitted to slot 0 (reserve 3 blocks; pool 6/960 blocks in use) — first token 785
2026-10-06 22:59:32.348 INFO  sched: request 'chatcmpl-cc548dce1df23353' prefix cache miss — 3 cut(s), the cache is empty
2026-10-06 22:59:32.348 INFO  sched: request 'chatcmpl-cc548dce1df23353' admitted to slot 1 (reserve 3 blocks; pool 8/960 blocks in use) — first token 785
2026-10-06 22:59:32.348 INFO  sched: request 'chatcmpl-cc548dce1df23354' prefix cache miss — 3 cut(s), the cache is empty
2026-10-06 22:59:32.348 INFO  sched: request 'chatcmpl-cc548dce1df23354' admitted to slot 2 (reserve 3 blocks; pool 10/960 blocks in use) — first token 785
2026-10-06 22:59:32.348 INFO  sched: request 'chatcmpl-cc548dce1df23355' prefix cache miss — 3 cut(s), the cache is empty
2026-10-06 22:59:32.348 INFO  sched: request 'chatcmpl-cc548dce1df23355' admitted to slot 3 (reserve 3 blocks; pool 12/960 blocks in use) — first token 785
2026-10-06 22:59:32.348 INFO  sched: 4 requests admitted together in one prefill (852 ms)
2026-10-06 22:59:35.493 INFO  stats: rank 3 | 10.1 s | decode 42.8 tok/s, 21.2 ms/tok, 132.4 ms/step (69 steps / 431 tok, 91 % of wall) | mtp 1.77 tok/step/req, accept p1 77 % | prefill 4 prompts / 130 tok, 13 tok/s, 6.55 ms/tok, 213 ms avg (8 % of wall), 0 tok cached (0/4 hits) | live 4, queued 0 | pool 12/960 blocks (1 %) | prefix cache 0/4096 entries
2026-10-06 22:59:45.588 INFO  stats: rank 3 | 10.1 s | decode 48.8 tok/s, 20.4 ms/tok, 145.6 ms/step (69 steps / 493 tok, 100 % of wall) | mtp 1.79 tok/step/req, accept p1 79 % | prefill 0 prompts / 0 tok, 0 tok cached (0/0 hits) | live 4, queued 0 | pool 12/960 blocks (1 %) | prefix cache 0/4096 entries
2026-10-06 22:59:52.510 INFO  sched: request 'chatcmpl-cc548dce1df23355' retired (steps): 256 tok in 21.0 s — prefill 31 tok (0 cached) in 852 ms; decode 255 tok / 138 passes in 20.2 s: 12.6 tok/s, 79.1 ms/tok, 146 ms/pass, 1.85 tok/pass, accept p1 86 %
2026-10-06 22:59:52.759 INFO  sched: request 'chatcmpl-cc548dce1df23354' retired (steps): 256 tok in 21.3 s — prefill 32 tok (0 cached) in 852 ms; decode 255 tok / 140 passes in 20.4 s: 12.5 tok/s, 80.0 ms/tok, 146 ms/pass, 1.82 tok/pass, accept p1 83 %
2026-10-06 22:59:53.135 INFO  sched: request 'chatcmpl-cc548dce1df23353' retired (steps): 256 tok in 21.6 s — prefill 32 tok (0 cached) in 852 ms; decode 255 tok / 144 passes in 20.8 s: 12.3 tok/s, 81.5 ms/tok, 144 ms/pass, 1.77 tok/pass, accept p1 78 %
2026-10-06 22:59:53.640 INFO  sched: request 'chatcmpl-cc548dce1df23352' retired (steps): 256 tok in 22.1 s — prefill 35 tok (0 cached) in 852 ms; decode 255 tok / 152 passes in 21.3 s: 12.0 tok/s, 83.5 ms/tok, 140 ms/pass, 1.68 tok/pass, accept p1 68 %
2026-10-06 22:59:53.659 INFO  sched: request 'chatcmpl-cc548dce1df23356' starting prefill in slot 0 (35 prompt tokens)
2026-10-06 22:59:53.659 INFO  sched: request 'chatcmpl-cc548dce1df23357' starting prefill in slot 1 (32 prompt tokens)
2026-10-06 22:59:53.659 INFO  sched: request 'chatcmpl-cc548dce1df23358' starting prefill in slot 2 (31 prompt tokens)
2026-10-06 22:59:53.659 INFO  sched: request 'chatcmpl-cc548dce1df23359' starting prefill in slot 3 (32 prompt tokens)
2026-10-06 22:59:54.526 INFO  sched: request 'chatcmpl-cc548dce1df23356' prefix cache miss — 3 cut(s), the cache is empty
2026-10-06 22:59:54.526 INFO  sched: request 'chatcmpl-cc548dce1df23356' admitted to slot 0 (reserve 3 blocks; pool 6/960 blocks in use) — first token 785
2026-10-06 22:59:54.526 INFO  sched: request 'chatcmpl-cc548dce1df23357' prefix cache miss — 3 cut(s), the cache is empty
2026-10-06 22:59:54.526 INFO  sched: request 'chatcmpl-cc548dce1df23357' admitted to slot 1 (reserve 3 blocks; pool 8/960 blocks in use) — first token 785
2026-10-06 22:59:54.526 INFO  sched: request 'chatcmpl-cc548dce1df23358' prefix cache miss — 3 cut(s), the cache is empty
2026-10-06 22:59:54.526 INFO  sched: request 'chatcmpl-cc548dce1df23358' admitted to slot 2 (reserve 3 blocks; pool 10/960 blocks in use) — first token 785
2026-10-06 22:59:54.526 INFO  sched: request 'chatcmpl-cc548dce1df23359' prefix cache miss — 3 cut(s), the cache is empty
2026-10-06 22:59:54.526 INFO  sched: request 'chatcmpl-cc548dce1df23359' admitted to slot 3 (reserve 3 blocks; pool 12/960 blocks in use) — first token 785
2026-10-06 22:59:54.526 INFO  sched: 4 requests admitted together in one prefill (867 ms)
2026-10-06 22:59:55.589 INFO  stats: rank 3 | 10.0 s | decode 41.8 tok/s, 21.7 ms/tok, 133.1 ms/step (68 steps / 418 tok, 91 % of wall) | mtp 1.76 tok/step/req, accept p1 76 % | prefill 4 prompts / 130 tok, 13 tok/s, 6.67 ms/tok, 217 ms avg (9 % of wall), 0 tok cached (0/4 hits) | live 4, queued 0 | pool 12/960 blocks (1 %) | prefix cache 0/4096 entries
2026-10-06 23:00:05.686 INFO  stats: rank 3 | 10.1 s | decode 49.3 tok/s, 20.2 ms/tok, 145.7 ms/step (69 steps / 498 tok, 100 % of wall) | mtp 1.80 tok/step/req, accept p1 80 % | prefill 0 prompts / 0 tok, 0 tok cached (0/0 hits) | live 4, queued 0 | pool 12/960 blocks (1 %) | prefix cache 0/4096 entries
2026-10-06 23:00:14.771 INFO  sched: request 'chatcmpl-cc548dce1df23358' retired (steps): 256 tok in 21.1 s — prefill 31 tok (0 cached) in 867 ms; decode 255 tok / 138 passes in 20.2 s: 12.6 tok/s, 79.4 ms/tok, 147 ms/pass, 1.85 tok/pass, accept p1 86 %
2026-10-06 23:00:15.063 INFO  sched: request 'chatcmpl-cc548dce1df23359' retired (steps): 256 tok in 21.4 s — prefill 32 tok (0 cached) in 867 ms; decode 255 tok / 140 passes in 20.5 s: 12.4 tok/s, 80.5 ms/tok, 147 ms/pass, 1.82 tok/pass, accept p1 83 %
2026-10-06 23:00:15.425 INFO  sched: request 'chatcmpl-cc548dce1df23357' retired (steps): 256 tok in 21.8 s — prefill 32 tok (0 cached) in 867 ms; decode 255 tok / 144 passes in 20.9 s: 12.2 tok/s, 82.0 ms/tok, 145 ms/pass, 1.77 tok/pass, accept p1 78 %
2026-10-06 23:00:15.750 INFO  stats: rank 3 | 10.1 s | decode 45.5 tok/s, 21.8 ms/tok, 138.9 ms/step (72 steps / 458 tok, 99 % of wall) | mtp 1.74 tok/step/req, accept p1 75 % | prefill 0 prompts / 0 tok, 0 tok cached (0/0 hits) | live 1, queued 0 | pool 3/960 blocks (0 %) | prefix cache 0/4096 entries
2026-10-06 23:00:15.946 INFO  sched: request 'chatcmpl-cc548dce1df23356' retired (steps): 256 tok in 22.3 s — prefill 35 tok (0 cached) in 867 ms; decode 255 tok / 152 passes in 21.4 s: 11.9 tok/s, 84.0 ms/tok, 141 ms/pass, 1.68 tok/pass, accept p1 68 %
2026-10-06 23:00:15.977 INFO  sched: request 'chatcmpl-cc548dce1df2335a' starting prefill in slot 0 (31 prompt tokens)
2026-10-06 23:00:15.977 INFO  sched: request 'chatcmpl-cc548dce1df2335b' starting prefill in slot 1 (32 prompt tokens)
2026-10-06 23:00:15.977 INFO  sched: request 'chatcmpl-cc548dce1df2335c' starting prefill in slot 2 (31 prompt tokens)
2026-10-06 23:00:15.977 INFO  sched: request 'chatcmpl-cc548dce1df2335d' starting prefill in slot 3 (32 prompt tokens)
2026-10-06 23:00:15.977 INFO  sched: request 'chatcmpl-cc548dce1df2335e' starting prefill in slot 4 (31 prompt tokens)
2026-10-06 23:00:15.977 INFO  sched: request 'chatcmpl-cc548dce1df2335f' starting prefill in slot 5 (32 prompt tokens)
2026-10-06 23:00:15.977 INFO  sched: request 'chatcmpl-cc548dce1df23360' starting prefill in slot 6 (31 prompt tokens)
2026-10-06 23:00:15.977 INFO  sched: request 'chatcmpl-cc548dce1df23361' starting prefill in slot 7 (31 prompt tokens)
2026-10-06 23:00:17.391 INFO  sched: request 'chatcmpl-cc548dce1df2335a' prefix cache miss — 3 cut(s), the cache is empty
2026-10-06 23:00:17.391 INFO  sched: request 'chatcmpl-cc548dce1df2335a' admitted to slot 0 (reserve 3 blocks; pool 10/960 blocks in use) — first token 785
2026-10-06 23:00:17.391 INFO  sched: request 'chatcmpl-cc548dce1df2335b' prefix cache miss — 3 cut(s), the cache is empty
2026-10-06 23:00:17.391 INFO  sched: request 'chatcmpl-cc548dce1df2335b' admitted to slot 1 (reserve 3 blocks; pool 12/960 blocks in use) — first token 785
2026-10-06 23:00:17.391 INFO  sched: request 'chatcmpl-cc548dce1df2335c' prefix cache miss — 3 cut(s), the cache is empty
2026-10-06 23:00:17.391 INFO  sched: request 'chatcmpl-cc548dce1df2335c' admitted to slot 2 (reserve 3 blocks; pool 14/960 blocks in use) — first token 785
2026-10-06 23:00:17.391 INFO  sched: request 'chatcmpl-cc548dce1df2335d' prefix cache miss — 3 cut(s), the cache is empty
2026-10-06 23:00:17.391 INFO  sched: request 'chatcmpl-cc548dce1df2335d' admitted to slot 3 (reserve 3 blocks; pool 16/960 blocks in use) — first token 785
2026-10-06 23:00:17.391 INFO  sched: request 'chatcmpl-cc548dce1df2335e' prefix cache miss — 3 cut(s), the cache is empty
2026-10-06 23:00:17.391 INFO  sched: request 'chatcmpl-cc548dce1df2335e' admitted to slot 4 (reserve 3 blocks; pool 18/960 blocks in use) — first token 785
2026-10-06 23:00:17.391 INFO  sched: request 'chatcmpl-cc548dce1df2335f' prefix cache miss — 3 cut(s), the cache is empty
2026-10-06 23:00:17.391 INFO  sched: request 'chatcmpl-cc548dce1df2335f' admitted to slot 5 (reserve 3 blocks; pool 20/960 blocks in use) — first token 785
2026-10-06 23:00:17.391 INFO  sched: request 'chatcmpl-cc548dce1df23360' prefix cache miss — 3 cut(s), the cache is empty
2026-10-06 23:00:17.391 INFO  sched: request 'chatcmpl-cc548dce1df23360' admitted to slot 6 (reserve 3 blocks; pool 22/960 blocks in use) — first token 785
2026-10-06 23:00:17.391 INFO  sched: request 'chatcmpl-cc548dce1df23361' prefix cache miss — 3 cut(s), the cache is empty
2026-10-06 23:00:17.391 INFO  sched: request 'chatcmpl-cc548dce1df23361' admitted to slot 7 (reserve 3 blocks; pool 24/960 blocks in use) — first token 785
2026-10-06 23:00:17.391 INFO  sched: 8 requests admitted together in one prefill (1414 ms)
2026-10-06 23:00:25.967 INFO  stats: rank 3 | 10.2 s | decode 54.7 tok/s, 15.6 ms/tok, 218.6 ms/step (40 steps / 559 tok, 86 % of wall) | mtp 1.87 tok/step/req, accept p1 85 % | prefill 8 prompts / 251 tok, 25 tok/s, 5.63 ms/tok, 177 ms avg (14 % of wall), 0 tok cached (0/8 hits) | live 8, queued 0 | pool 24/960 blocks (2 %) | prefix cache 0/4096 entries
2026-10-06 23:00:36.007 INFO  stats: rank 3 | 10.0 s | decode 57.6 tok/s, 17.3 ms/tok, 250.3 ms/step (40 steps / 578 tok, 100 % of wall) | mtp 1.81 tok/step/req, accept p1 81 % | prefill 0 prompts / 0 tok, 0 tok cached (0/0 hits) | live 8, queued 0 | pool 24/960 blocks (2 %) | prefix cache 0/4096 entries
2026-10-06 23:00:46.197 INFO  stats: rank 3 | 10.2 s | decode 56.9 tok/s, 17.5 ms/tok, 253.9 ms/step (40 steps / 580 tok, 100 % of wall) | mtp 1.81 tok/step/req, accept p1 81 % | prefill 0 prompts / 0 tok, 0 tok cached (0/0 hits) | live 8, queued 0 | pool 24/960 blocks (2 %) | prefix cache 0/4096 entries
2026-10-06 23:00:51.663 INFO  sched: request 'chatcmpl-cc548dce1df2335e' retired (steps): 256 tok in 35.7 s — prefill 31 tok (0 cached) in 1414 ms; decode 255 tok / 138 passes in 34.3 s: 7.4 tok/s, 134.4 ms/tok, 248 ms/pass, 1.85 tok/pass, accept p1 85 %
2026-10-06 23:00:51.664 INFO  sched: request 'chatcmpl-cc548dce1df23361' retired (steps): 256 tok in 35.7 s — prefill 31 tok (0 cached) in 1414 ms; decode 255 tok / 138 passes in 34.3 s: 7.4 tok/s, 134.4 ms/tok, 248 ms/pass, 1.85 tok/pass, accept p1 86 %
2026-10-06 23:00:51.925 INFO  sched: request 'chatcmpl-cc548dce1df2335a' retired (steps): 256 tok in 35.9 s — prefill 31 tok (0 cached) in 1414 ms; decode 255 tok / 139 passes in 34.5 s: 7.4 tok/s, 135.4 ms/tok, 248 ms/pass, 1.83 tok/pass, accept p1 84 %
2026-10-06 23:00:51.925 INFO  sched: request 'chatcmpl-cc548dce1df2335c' retired (steps): 256 tok in 35.9 s — prefill 31 tok (0 cached) in 1414 ms; decode 255 tok / 139 passes in 34.5 s: 7.4 tok/s, 135.4 ms/tok, 248 ms/pass, 1.83 tok/pass, accept p1 83 %
2026-10-06 23:00:52.174 INFO  sched: request 'chatcmpl-cc548dce1df23360' retired (steps): 256 tok in 36.2 s — prefill 31 tok (0 cached) in 1414 ms; decode 255 tok / 140 passes in 34.8 s: 7.3 tok/s, 136.4 ms/tok, 248 ms/pass, 1.82 tok/pass, accept p1 82 %
2026-10-06 23:00:52.737 INFO  sched: request 'chatcmpl-cc548dce1df2335d' retired (steps): 256 tok in 36.8 s — prefill 32 tok (0 cached) in 1414 ms; decode 255 tok / 143 passes in 35.3 s: 7.2 tok/s, 138.6 ms/tok, 247 ms/pass, 1.78 tok/pass, accept p1 78 %
2026-10-06 23:00:52.924 INFO  sched: request 'chatcmpl-cc548dce1df2335f' retired (steps): 256 tok in 36.9 s — prefill 32 tok (0 cached) in 1414 ms; decode 255 tok / 144 passes in 35.5 s: 7.2 tok/s, 139.3 ms/tok, 247 ms/pass, 1.77 tok/pass, accept p1 78 %
2026-10-06 23:00:53.056 INFO  sched: request 'chatcmpl-cc548dce1df2335b' retired (steps): 256 tok in 37.1 s — prefill 32 tok (0 cached) in 1414 ms; decode 255 tok / 146 passes in 35.7 s: 7.1 tok/s, 139.9 ms/tok, 244 ms/pass, 1.75 tok/pass, accept p1 75 %
2026-10-06 23:00:53.082 INFO  sched: request 'chatcmpl-cc548dce1df23362' starting prefill in slot 0 (31 prompt tokens)
2026-10-06 23:00:53.082 INFO  sched: request 'chatcmpl-cc548dce1df23363' starting prefill in slot 1 (31 prompt tokens)
2026-10-06 23:00:53.082 INFO  sched: request 'chatcmpl-cc548dce1df23364' starting prefill in slot 2 (31 prompt tokens)
2026-10-06 23:00:53.082 INFO  sched: request 'chatcmpl-cc548dce1df23365' starting prefill in slot 3 (31 prompt tokens)
2026-10-06 23:00:53.082 INFO  sched: request 'chatcmpl-cc548dce1df23366' starting prefill in slot 4 (31 prompt tokens)
2026-10-06 23:00:53.082 INFO  sched: request 'chatcmpl-cc548dce1df23367' starting prefill in slot 5 (32 prompt tokens)
2026-10-06 23:00:53.082 INFO  sched: request 'chatcmpl-cc548dce1df23368' starting prefill in slot 6 (32 prompt tokens)
2026-10-06 23:00:53.082 INFO  sched: request 'chatcmpl-cc548dce1df23369' starting prefill in slot 7 (32 prompt tokens)
2026-10-06 23:00:54.492 INFO  sched: request 'chatcmpl-cc548dce1df23362' prefix cache miss — 3 cut(s), the cache is empty
2026-10-06 23:00:54.492 INFO  sched: request 'chatcmpl-cc548dce1df23362' admitted to slot 0 (reserve 3 blocks; pool 10/960 blocks in use) — first token 785
2026-10-06 23:00:54.492 INFO  sched: request 'chatcmpl-cc548dce1df23363' prefix cache miss — 3 cut(s), the cache is empty
2026-10-06 23:00:54.492 INFO  sched: request 'chatcmpl-cc548dce1df23363' admitted to slot 1 (reserve 3 blocks; pool 12/960 blocks in use) — first token 785
2026-10-06 23:00:54.492 INFO  sched: request 'chatcmpl-cc548dce1df23364' prefix cache miss — 3 cut(s), the cache is empty
2026-10-06 23:00:54.492 INFO  sched: request 'chatcmpl-cc548dce1df23364' admitted to slot 2 (reserve 3 blocks; pool 14/960 blocks in use) — first token 785
2026-10-06 23:00:54.492 INFO  sched: request 'chatcmpl-cc548dce1df23365' prefix cache miss — 3 cut(s), the cache is empty
2026-10-06 23:00:54.492 INFO  sched: request 'chatcmpl-cc548dce1df23365' admitted to slot 3 (reserve 3 blocks; pool 16/960 blocks in use) — first token 785
2026-10-06 23:00:54.492 INFO  sched: request 'chatcmpl-cc548dce1df23366' prefix cache miss — 3 cut(s), the cache is empty
2026-10-06 23:00:54.492 INFO  sched: request 'chatcmpl-cc548dce1df23366' admitted to slot 4 (reserve 3 blocks; pool 18/960 blocks in use) — first token 785
2026-10-06 23:00:54.492 INFO  sched: request 'chatcmpl-cc548dce1df23367' prefix cache miss — 3 cut(s), the cache is empty
2026-10-06 23:00:54.492 INFO  sched: request 'chatcmpl-cc548dce1df23367' admitted to slot 5 (reserve 3 blocks; pool 20/960 blocks in use) — first token 785
2026-10-06 23:00:54.492 INFO  sched: request 'chatcmpl-cc548dce1df23368' prefix cache miss — 3 cut(s), the cache is empty
2026-10-06 23:00:54.492 INFO  sched: request 'chatcmpl-cc548dce1df23368' admitted to slot 6 (reserve 3 blocks; pool 22/960 blocks in use) — first token 785
2026-10-06 23:00:54.492 INFO  sched: request 'chatcmpl-cc548dce1df23369' prefix cache miss — 3 cut(s), the cache is empty
2026-10-06 23:00:54.492 INFO  sched: request 'chatcmpl-cc548dce1df23369' admitted to slot 7 (reserve 3 blocks; pool 24/960 blocks in use) — first token 785
2026-10-06 23:00:54.492 INFO  sched: 8 requests admitted together in one prefill (1410 ms)
2026-10-06 23:00:56.420 INFO  stats: rank 3 | 10.2 s | decode 47.0 tok/s, 18.2 ms/tok, 229.4 ms/step (38 steps / 480 tok, 85 % of wall) | mtp 1.83 tok/step/req, accept p1 81 % | prefill 8 prompts / 251 tok, 25 tok/s, 5.62 ms/tok, 176 ms avg (14 % of wall), 0 tok cached (0/8 hits) | live 8, queued 0 | pool 24/960 blocks (2 %) | prefix cache 0/4096 entries
2026-10-06 23:01:06.615 INFO  stats: rank 3 | 10.2 s | decode 61.8 tok/s, 16.1 ms/tok, 236.4 ms/step (43 steps / 630 tok, 100 % of wall) | mtp 1.83 tok/step/req, accept p1 83 % | prefill 0 prompts / 0 tok, 0 tok cached (0/0 hits) | live 8, queued 0 | pool 24/960 blocks (2 %) | prefix cache 0/4096 entries
2026-10-06 23:01:16.708 INFO  stats: rank 3 | 10.1 s | decode 56.8 tok/s, 17.6 ms/tok, 251.5 ms/step (40 steps / 573 tok, 100 % of wall) | mtp 1.79 tok/step/req, accept p1 79 % | prefill 0 prompts / 0 tok, 0 tok cached (0/0 hits) | live 8, queued 0 | pool 24/960 blocks (2 %) | prefix cache 0/4096 entries
2026-10-06 23:01:26.717 INFO  stats: rank 3 | 10.0 s | decode 56.3 tok/s, 17.7 ms/tok, 255.9 ms/step (39 steps / 563 tok, 100 % of wall) | mtp 1.80 tok/step/req, accept p1 80 % | prefill 0 prompts / 0 tok, 0 tok cached (0/0 hits) | live 8, queued 0 | pool 24/960 blocks (2 %) | prefix cache 0/4096 entries
2026-10-06 23:01:28.286 INFO  sched: request 'chatcmpl-cc548dce1df23364' retired (steps): 256 tok in 35.2 s — prefill 31 tok (0 cached) in 1410 ms; decode 255 tok / 137 passes in 33.8 s: 7.5 tok/s, 132.5 ms/tok, 247 ms/pass, 1.86 tok/pass, accept p1 87 %
2026-10-06 23:01:28.570 INFO  sched: request 'chatcmpl-cc548dce1df23365' retired (steps): 256 tok in 35.5 s — prefill 31 tok (0 cached) in 1410 ms; decode 255 tok / 138 passes in 34.1 s: 7.5 tok/s, 133.6 ms/tok, 247 ms/pass, 1.85 tok/pass, accept p1 85 %
2026-10-06 23:01:28.829 INFO  sched: request 'chatcmpl-cc548dce1df23362' retired (steps): 256 tok in 35.7 s — prefill 31 tok (0 cached) in 1410 ms; decode 255 tok / 139 passes in 34.3 s: 7.4 tok/s, 134.7 ms/tok, 247 ms/pass, 1.83 tok/pass, accept p1 84 %
2026-10-06 23:01:29.071 INFO  sched: request 'chatcmpl-cc548dce1df23363' retired (steps): 256 tok in 36.0 s — prefill 31 tok (0 cached) in 1410 ms; decode 255 tok / 140 passes in 34.6 s: 7.4 tok/s, 135.6 ms/tok, 247 ms/pass, 1.82 tok/pass, accept p1 82 %
2026-10-06 23:01:29.071 INFO  sched: request 'chatcmpl-cc548dce1df23366' retired (steps): 256 tok in 36.0 s — prefill 31 tok (0 cached) in 1410 ms; decode 255 tok / 140 passes in 34.6 s: 7.4 tok/s, 135.6 ms/tok, 247 ms/pass, 1.82 tok/pass, accept p1 82 %
2026-10-06 23:01:29.744 INFO  sched: request 'chatcmpl-cc548dce1df23368' retired (steps): 256 tok in 36.7 s — prefill 32 tok (0 cached) in 1410 ms; decode 255 tok / 143 passes in 35.3 s: 7.2 tok/s, 138.2 ms/tok, 247 ms/pass, 1.78 tok/pass, accept p1 78 %
2026-10-06 23:01:29.965 INFO  sched: request 'chatcmpl-cc548dce1df23369' retired (steps): 256 tok in 36.9 s — prefill 32 tok (0 cached) in 1410 ms; decode 255 tok / 144 passes in 35.5 s: 7.2 tok/s, 139.1 ms/tok, 246 ms/pass, 1.77 tok/pass, accept p1 78 %
2026-10-06 23:01:30.098 INFO  sched: request 'chatcmpl-cc548dce1df23367' retired (steps): 256 tok in 37.0 s — prefill 32 tok (0 cached) in 1410 ms; decode 255 tok / 146 passes in 35.6 s: 7.2 tok/s, 139.6 ms/tok, 244 ms/pass, 1.75 tok/pass, accept p1 75 %
2026-10-06 23:01:30.128 INFO  sched: request 'chatcmpl-cc548dce1df2336a' starting prefill in slot 0 (31 prompt tokens)
2026-10-06 23:01:30.128 INFO  sched: request 'chatcmpl-cc548dce1df2336b' starting prefill in slot 1 (31 prompt tokens)
2026-10-06 23:01:30.128 INFO  sched: request 'chatcmpl-cc548dce1df2336c' starting prefill in slot 2 (32 prompt tokens)
2026-10-06 23:01:30.128 INFO  sched: request 'chatcmpl-cc548dce1df2336d' starting prefill in slot 3 (31 prompt tokens)
2026-10-06 23:01:30.129 INFO  sched: request 'chatcmpl-cc548dce1df2336e' starting prefill in slot 4 (31 prompt tokens)
2026-10-06 23:01:30.129 INFO  sched: request 'chatcmpl-cc548dce1df2336f' starting prefill in slot 5 (32 prompt tokens)
2026-10-06 23:01:30.129 INFO  sched: request 'chatcmpl-cc548dce1df23370' starting prefill in slot 6 (32 prompt tokens)
2026-10-06 23:01:30.129 INFO  sched: request 'chatcmpl-cc548dce1df23371' starting prefill in slot 7 (31 prompt tokens)
2026-10-06 23:01:31.531 INFO  sched: request 'chatcmpl-cc548dce1df2336a' prefix cache miss — 3 cut(s), the cache is empty
2026-10-06 23:01:31.531 INFO  sched: request 'chatcmpl-cc548dce1df2336a' admitted to slot 0 (reserve 3 blocks; pool 10/960 blocks in use) — first token 785
2026-10-06 23:01:31.531 INFO  sched: request 'chatcmpl-cc548dce1df2336b' prefix cache miss — 3 cut(s), the cache is empty
2026-10-06 23:01:31.532 INFO  sched: request 'chatcmpl-cc548dce1df2336b' admitted to slot 1 (reserve 3 blocks; pool 12/960 blocks in use) — first token 785
2026-10-06 23:01:31.532 INFO  sched: request 'chatcmpl-cc548dce1df2336c' prefix cache miss — 3 cut(s), the cache is empty
2026-10-06 23:01:31.532 INFO  sched: request 'chatcmpl-cc548dce1df2336c' admitted to slot 2 (reserve 3 blocks; pool 14/960 blocks in use) — first token 785
2026-10-06 23:01:31.532 INFO  sched: request 'chatcmpl-cc548dce1df2336d' prefix cache miss — 3 cut(s), the cache is empty
2026-10-06 23:01:31.532 INFO  sched: request 'chatcmpl-cc548dce1df2336d' admitted to slot 3 (reserve 3 blocks; pool 16/960 blocks in use) — first token 785
2026-10-06 23:01:31.532 INFO  sched: request 'chatcmpl-cc548dce1df2336e' prefix cache miss — 3 cut(s), the cache is empty
2026-10-06 23:01:31.532 INFO  sched: request 'chatcmpl-cc548dce1df2336e' admitted to slot 4 (reserve 3 blocks; pool 18/960 blocks in use) — first token 785
2026-10-06 23:01:31.532 INFO  sched: request 'chatcmpl-cc548dce1df2336f' prefix cache miss — 3 cut(s), the cache is empty
2026-10-06 23:01:31.532 INFO  sched: request 'chatcmpl-cc548dce1df2336f' admitted to slot 5 (reserve 3 blocks; pool 20/960 blocks in use) — first token 785
2026-10-06 23:01:31.532 INFO  sched: request 'chatcmpl-cc548dce1df23370' prefix cache miss — 3 cut(s), the cache is empty
2026-10-06 23:01:31.532 INFO  sched: request 'chatcmpl-cc548dce1df23370' admitted to slot 6 (reserve 3 blocks; pool 22/960 blocks in use) — first token 785
2026-10-06 23:01:31.532 INFO  sched: request 'chatcmpl-cc548dce1df23371' prefix cache miss — 3 cut(s), the cache is empty
2026-10-06 23:01:31.532 INFO  sched: request 'chatcmpl-cc548dce1df23371' admitted to slot 7 (reserve 3 blocks; pool 24/960 blocks in use) — first token 785
2026-10-06 23:01:31.532 INFO  sched: 8 requests admitted together in one prefill (1403 ms)
2026-10-06 23:01:36.791 INFO  stats: rank 3 | 10.1 s | decode 50.7 tok/s, 16.8 ms/tok, 219.6 ms/step (39 steps / 511 tok, 85 % of wall) | mtp 1.89 tok/step/req, accept p1 87 % | prefill 8 prompts / 251 tok, 25 tok/s, 5.59 ms/tok, 175 ms avg (14 % of wall), 0 tok cached (0/8 hits) | live 8, queued 0 | pool 24/960 blocks (2 %) | prefix cache 0/4096 entries
2026-10-06 23:01:46.902 INFO  stats: rank 3 | 10.1 s | decode 57.9 tok/s, 17.2 ms/tok, 245.8 ms/step (41 steps / 585 tok, 100 % of wall) | mtp 1.78 tok/step/req, accept p1 78 % | prefill 0 prompts / 0 tok, 0 tok cached (0/0 hits) | live 8, queued 0 | pool 24/960 blocks (2 %) | prefix cache 0/4096 entries
2026-10-06 23:01:57.069 INFO  stats: rank 3 | 10.2 s | decode 57.1 tok/s, 17.4 ms/tok, 253.4 ms/step (40 steps / 581 tok, 100 % of wall) | mtp 1.82 tok/step/req, accept p1 82 % | prefill 0 prompts / 0 tok, 0 tok cached (0/0 hits) | live 8, queued 0 | pool 24/960 blocks (2 %) | prefix cache 0/4096 entries
2026-10-06 23:02:05.575 INFO  sched: request 'chatcmpl-cc548dce1df2336e' retired (steps): 256 tok in 35.4 s — prefill 31 tok (0 cached) in 1403 ms; decode 255 tok / 138 passes in 34.0 s: 7.5 tok/s, 133.5 ms/tok, 247 ms/pass, 1.85 tok/pass, accept p1 85 %
2026-10-06 23:02:05.575 INFO  sched: request 'chatcmpl-cc548dce1df23371' retired (steps): 256 tok in 35.4 s — prefill 31 tok (0 cached) in 1403 ms; decode 255 tok / 138 passes in 34.0 s: 7.5 tok/s, 133.5 ms/tok, 247 ms/pass, 1.85 tok/pass, accept p1 86 %
2026-10-06 23:02:05.839 INFO  sched: request 'chatcmpl-cc548dce1df2336a' retired (steps): 256 tok in 35.7 s — prefill 31 tok (0 cached) in 1403 ms; decode 255 tok / 139 passes in 34.3 s: 7.4 tok/s, 134.5 ms/tok, 247 ms/pass, 1.83 tok/pass, accept p1 84 %
2026-10-06 23:02:05.839 INFO  sched: request 'chatcmpl-cc548dce1df2336b' retired (steps): 256 tok in 35.7 s — prefill 31 tok (0 cached) in 1403 ms; decode 255 tok / 139 passes in 34.3 s: 7.4 tok/s, 134.5 ms/tok, 247 ms/pass, 1.83 tok/pass, accept p1 83 %
2026-10-06 23:02:05.839 INFO  sched: request 'chatcmpl-cc548dce1df2336d' retired (steps): 256 tok in 35.7 s — prefill 31 tok (0 cached) in 1403 ms; decode 255 tok / 139 passes in 34.3 s: 7.4 tok/s, 134.5 ms/tok, 247 ms/pass, 1.83 tok/pass, accept p1 83 %
2026-10-06 23:02:06.736 INFO  sched: request 'chatcmpl-cc548dce1df23370' retired (steps): 256 tok in 36.6 s — prefill 32 tok (0 cached) in 1403 ms; decode 255 tok / 143 passes in 35.2 s: 7.2 tok/s, 138.1 ms/tok, 246 ms/pass, 1.78 tok/pass, accept p1 78 %
2026-10-06 23:02:06.917 INFO  sched: request 'chatcmpl-cc548dce1df2336f' retired (steps): 256 tok in 36.8 s — prefill 32 tok (0 cached) in 1403 ms; decode 255 tok / 144 passes in 35.4 s: 7.2 tok/s, 138.8 ms/tok, 246 ms/pass, 1.77 tok/pass, accept p1 78 %
2026-10-06 23:02:07.049 INFO  sched: request 'chatcmpl-cc548dce1df2336c' retired (steps): 256 tok in 36.9 s — prefill 32 tok (0 cached) in 1403 ms; decode 255 tok / 146 passes in 35.5 s: 7.2 tok/s, 139.3 ms/tok, 243 ms/pass, 1.75 tok/pass, accept p1 75 %
2026-10-06 23:02:07.071 INFO  stats: rank 3 | 10.0 s | decode 50.7 tok/s, 19.6 ms/tok, 241.8 ms/step (41 steps / 507 tok, 99 % of wall) | mtp 1.77 tok/step/req, accept p1 78 % | prefill 0 prompts / 0 tok, 0 tok cached (0/0 hits) | live 0, queued 0 | pool 0/960 blocks (0 %) | prefix cache 0/4096 entries
2026-10-06 23:02:07.079 INFO  sched: request 'chatcmpl-cc548dce1df23372' starting prefill in slot 0 (51 prompt tokens)
2026-10-06 23:02:07.621 INFO  sched: request 'chatcmpl-cc548dce1df23372' prefix cache miss — 3 cut(s), the cache is empty
2026-10-06 23:02:07.621 INFO  sched: request 'chatcmpl-cc548dce1df23372' admitted to slot 0 (reserve 3 blocks; pool 3/960 blocks in use) — first token 785
2026-10-06 23:02:15.949 INFO  sched: request 'chatcmpl-cc548dce1df23372' retired (steps): 256 tok in 8.9 s — prefill 51 tok (0 cached) in 542 ms; decode 255 tok / 129 passes in 8.3 s: 30.6 tok/s, 32.7 ms/tok, 65 ms/pass, 1.98 tok/pass, accept p1 98 %
2026-10-06 23:02:15.968 INFO  sched: request 'chatcmpl-cc548dce1df23373' starting prefill in slot 0 (51 prompt tokens)
2026-10-06 23:02:16.502 INFO  sched: request 'chatcmpl-cc548dce1df23373' prefix cache miss — 3 cut(s), the cache is empty
2026-10-06 23:02:16.502 INFO  sched: request 'chatcmpl-cc548dce1df23373' admitted to slot 0 (reserve 3 blocks; pool 3/960 blocks in use) — first token 785
2026-10-06 23:02:17.090 INFO  stats: rank 3 | 10.0 s | decode 27.4 tok/s, 32.1 ms/tok, 63.9 ms/step (138 steps / 275 tok, 88 % of wall) | mtp 1.99 tok/step/req, accept p1 98 % | prefill 2 prompts / 102 tok, 10 tok/s, 10.55 ms/tok, 538 ms avg (11 % of wall), 0 tok cached (0/2 hits) | live 1, queued 0 | pool 3/960 blocks (0 %) | prefix cache 0/4096 entries
2026-10-06 23:02:24.863 INFO  sched: request 'chatcmpl-cc548dce1df23373' retired (steps): 256 tok in 8.9 s — prefill 51 tok (0 cached) in 534 ms; decode 255 tok / 129 passes in 8.4 s: 30.5 tok/s, 32.8 ms/tok, 65 ms/pass, 1.98 tok/pass, accept p1 98 %
2026-10-06 23:02:24.894 INFO  sched: request 'chatcmpl-cc548dce1df23374' starting prefill in slot 0 (51 prompt tokens)
2026-10-06 23:02:25.432 INFO  sched: request 'chatcmpl-cc548dce1df23374' prefix cache miss — 3 cut(s), the cache is empty
2026-10-06 23:02:25.432 INFO  sched: request 'chatcmpl-cc548dce1df23374' admitted to slot 0 (reserve 3 blocks; pool 3/960 blocks in use) — first token 785
2026-10-06 23:02:27.115 INFO  stats: rank 3 | 10.0 s | decode 28.9 tok/s, 32.3 ms/tok, 64.1 ms/step (146 steps / 290 tok, 93 % of wall) | mtp 1.99 tok/step/req, accept p1 98 % | prefill 1 prompt / 51 tok, 5 tok/s, 10.54 ms/tok, 537 ms avg (5 % of wall), 0 tok cached (0/1 hit) | live 1, queued 0 | pool 3/960 blocks (0 %) | prefix cache 0/4096 entries
2026-10-06 23:02:33.792 INFO  sched: request 'chatcmpl-cc548dce1df23374' retired (steps): 256 tok in 8.9 s — prefill 51 tok (0 cached) in 537 ms; decode 255 tok / 129 passes in 8.4 s: 30.5 tok/s, 32.8 ms/tok, 65 ms/pass, 1.98 tok/pass, accept p1 98 %
2026-10-06 23:02:33.838 INFO  sched: request 'chatcmpl-cc548dce1df23375' starting prefill in slot 0 (47 prompt tokens)
2026-10-06 23:02:33.838 INFO  sched: request 'chatcmpl-cc548dce1df23376' starting prefill in slot 1 (51 prompt tokens)
2026-10-06 23:02:34.695 INFO  sched: request 'chatcmpl-cc548dce1df23375' prefix cache miss — 3 cut(s), the cache is empty
2026-10-06 23:02:34.695 INFO  sched: request 'chatcmpl-cc548dce1df23375' admitted to slot 0 (reserve 3 blocks; pool 4/960 blocks in use) — first token 785
2026-10-06 23:02:34.695 INFO  sched: request 'chatcmpl-cc548dce1df23376' prefix cache miss — 3 cut(s), the cache is empty
2026-10-06 23:02:34.695 INFO  sched: request 'chatcmpl-cc548dce1df23376' admitted to slot 1 (reserve 3 blocks; pool 6/960 blocks in use) — first token 785
2026-10-06 23:02:34.695 INFO  sched: 2 requests admitted together in one prefill (856 ms)
2026-10-06 23:02:37.163 INFO  stats: rank 3 | 10.0 s | decode 30.9 tok/s, 29.2 ms/tok, 69.7 ms/step (130 steps / 310 tok, 90 % of wall) | mtp 1.97 tok/step/req, accept p1 96 % | prefill 2 prompts / 98 tok, 10 tok/s, 8.74 ms/tok, 428 ms avg (9 % of wall), 0 tok cached (0/2 hits) | live 2, queued 0 | pool 6/960 blocks (1 %) | prefix cache 0/4096 entries
2026-10-06 23:02:47.225 INFO  stats: rank 3 | 10.1 s | decode 39.2 tok/s, 25.4 ms/tok, 92.5 ms/step (108 steps / 394 tok, 99 % of wall) | mtp 1.82 tok/step/req, accept p1 82 % | prefill 0 prompts / 0 tok, 0 tok cached (0/0 hits) | live 2, queued 0 | pool 6/960 blocks (1 %) | prefix cache 0/4096 entries
2026-10-06 23:02:47.421 INFO  sched: request 'chatcmpl-cc548dce1df23376' retired (steps): 256 tok in 13.6 s — prefill 51 tok (0 cached) in 856 ms; decode 255 tok / 137 passes in 12.7 s: 20.0 tok/s, 49.9 ms/tok, 93 ms/pass, 1.86 tok/pass, accept p1 86 %
2026-10-06 23:02:47.550 INFO  sched: request 'chatcmpl-cc548dce1df23375' retired (steps): 256 tok in 13.7 s — prefill 47 tok (0 cached) in 856 ms; decode 255 tok / 139 passes in 12.9 s: 19.8 tok/s, 50.4 ms/tok, 92 ms/pass, 1.83 tok/pass, accept p1 84 %
2026-10-06 23:02:47.565 INFO  sched: request 'chatcmpl-cc548dce1df23377' starting prefill in slot 0 (47 prompt tokens)
2026-10-06 23:02:47.565 INFO  sched: request 'chatcmpl-cc548dce1df23378' starting prefill in slot 1 (51 prompt tokens)
2026-10-06 23:02:48.420 INFO  sched: request 'chatcmpl-cc548dce1df23377' prefix cache miss — 3 cut(s), the cache is empty
2026-10-06 23:02:48.420 INFO  sched: request 'chatcmpl-cc548dce1df23377' admitted to slot 0 (reserve 3 blocks; pool 4/960 blocks in use) — first token 785
2026-10-06 23:02:48.420 INFO  sched: request 'chatcmpl-cc548dce1df23378' prefix cache miss — 3 cut(s), the cache is empty
2026-10-06 23:02:48.420 INFO  sched: request 'chatcmpl-cc548dce1df23378' admitted to slot 1 (reserve 3 blocks; pool 6/960 blocks in use) — first token 785
2026-10-06 23:02:48.420 INFO  sched: 2 requests admitted together in one prefill (855 ms)
2026-10-06 23:02:57.306 INFO  stats: rank 3 | 10.1 s | decode 37.2 tok/s, 24.4 ms/tok, 91.4 ms/step (100 steps / 375 tok, 91 % of wall) | mtp 1.89 tok/step/req, accept p1 89 % | prefill 2 prompts / 98 tok, 10 tok/s, 8.73 ms/tok, 428 ms avg (8 % of wall), 0 tok cached (0/2 hits) | live 2, queued 0 | pool 6/960 blocks (1 %) | prefix cache 0/4096 entries
2026-10-06 23:03:01.054 INFO  sched: request 'chatcmpl-cc548dce1df23378' retired (steps): 256 tok in 13.5 s — prefill 51 tok (0 cached) in 855 ms; decode 255 tok / 136 passes in 12.6 s: 20.2 tok/s, 49.5 ms/tok, 93 ms/pass, 1.88 tok/pass, accept p1 88 %
2026-10-06 23:03:01.249 INFO  sched: request 'chatcmpl-cc548dce1df23377' retired (steps): 256 tok in 13.7 s — prefill 47 tok (0 cached) in 855 ms; decode 255 tok / 139 passes in 12.8 s: 19.9 tok/s, 50.3 ms/tok, 92 ms/pass, 1.83 tok/pass, accept p1 84 %
2026-10-06 23:03:01.269 INFO  sched: request 'chatcmpl-cc548dce1df23379' starting prefill in slot 0 (47 prompt tokens)
2026-10-06 23:03:01.269 INFO  sched: request 'chatcmpl-cc548dce1df2337a' starting prefill in slot 1 (51 prompt tokens)
2026-10-06 23:03:02.123 INFO  sched: request 'chatcmpl-cc548dce1df23379' prefix cache miss — 3 cut(s), the cache is empty
2026-10-06 23:03:02.123 INFO  sched: request 'chatcmpl-cc548dce1df23379' admitted to slot 0 (reserve 3 blocks; pool 4/960 blocks in use) — first token 785
2026-10-06 23:03:02.123 INFO  sched: request 'chatcmpl-cc548dce1df2337a' prefix cache miss — 3 cut(s), the cache is empty
2026-10-06 23:03:02.123 INFO  sched: request 'chatcmpl-cc548dce1df2337a' admitted to slot 1 (reserve 3 blocks; pool 6/960 blocks in use) — first token 785
2026-10-06 23:03:02.123 INFO  sched: 2 requests admitted together in one prefill (854 ms)
2026-10-06 23:03:07.375 INFO  stats: rank 3 | 10.1 s | decode 36.1 tok/s, 25.1 ms/tok, 91.2 ms/step (100 steps / 364 tok, 91 % of wall) | mtp 1.85 tok/step/req, accept p1 84 % | prefill 2 prompts / 98 tok, 10 tok/s, 8.71 ms/tok, 427 ms avg (8 % of wall), 0 tok cached (0/2 hits) | live 2, queued 0 | pool 6/960 blocks (1 %) | prefix cache 0/4096 entries
2026-10-06 23:03:14.786 INFO  sched: request 'chatcmpl-cc548dce1df2337a' retired (steps): 256 tok in 13.5 s — prefill 51 tok (0 cached) in 854 ms; decode 255 tok / 136 passes in 12.7 s: 20.1 tok/s, 49.7 ms/tok, 93 ms/pass, 1.88 tok/pass, accept p1 88 %
2026-10-06 23:03:14.978 INFO  sched: request 'chatcmpl-cc548dce1df23379' retired (steps): 256 tok in 13.7 s — prefill 47 tok (0 cached) in 854 ms; decode 255 tok / 139 passes in 12.9 s: 19.8 tok/s, 50.4 ms/tok, 92 ms/pass, 1.83 tok/pass, accept p1 84 %
2026-10-06 23:03:15.008 INFO  sched: request 'chatcmpl-cc548dce1df2337b' starting prefill in slot 0 (45 prompt tokens)
2026-10-06 23:03:15.009 INFO  sched: request 'chatcmpl-cc548dce1df2337c' starting prefill in slot 1 (33 prompt tokens)
2026-10-06 23:03:15.009 INFO  sched: request 'chatcmpl-cc548dce1df2337d' starting prefill in slot 2 (34 prompt tokens)
2026-10-06 23:03:15.009 INFO  sched: request 'chatcmpl-cc548dce1df2337e' starting prefill in slot 3 (33 prompt tokens)
2026-10-06 23:03:15.934 INFO  sched: request 'chatcmpl-cc548dce1df2337b' prefix cache miss — 3 cut(s), the cache is empty
2026-10-06 23:03:15.934 INFO  sched: request 'chatcmpl-cc548dce1df2337b' admitted to slot 0 (reserve 3 blocks; pool 6/960 blocks in use) — first token 785
2026-10-06 23:03:15.934 INFO  sched: request 'chatcmpl-cc548dce1df2337c' prefix cache miss — 3 cut(s), the cache is empty
2026-10-06 23:03:15.934 INFO  sched: request 'chatcmpl-cc548dce1df2337c' admitted to slot 1 (reserve 3 blocks; pool 8/960 blocks in use) — first token 785
2026-10-06 23:03:15.934 INFO  sched: request 'chatcmpl-cc548dce1df2337d' prefix cache miss — 3 cut(s), the cache is empty
2026-10-06 23:03:15.934 INFO  sched: request 'chatcmpl-cc548dce1df2337d' admitted to slot 2 (reserve 3 blocks; pool 10/960 blocks in use) — first token 785
2026-10-06 23:03:15.934 INFO  sched: request 'chatcmpl-cc548dce1df2337e' prefix cache miss — 3 cut(s), the cache is empty
2026-10-06 23:03:15.934 INFO  sched: request 'chatcmpl-cc548dce1df2337e' admitted to slot 3 (reserve 3 blocks; pool 12/960 blocks in use) — first token 785
2026-10-06 23:03:15.934 INFO  sched: 4 requests admitted together in one prefill (926 ms)
2026-10-06 23:03:17.473 INFO  stats: rank 3 | 10.1 s | decode 37.6 tok/s, 23.9 ms/tok, 97.5 ms/step (93 steps / 380 tok, 90 % of wall) | mtp 1.85 tok/step/req, accept p1 84 % | prefill 4 prompts / 145 tok, 14 tok/s, 6.39 ms/tok, 231 ms avg (9 % of wall), 0 tok cached (0/4 hits) | live 4, queued 0 | pool 12/960 blocks (1 %) | prefix cache 0/4096 entries
2026-10-06 23:03:27.630 INFO  stats: rank 3 | 10.2 s | decode 49.7 tok/s, 20.0 ms/tok, 150.9 ms/step (67 steps / 505 tok, 100 % of wall) | mtp 1.88 tok/step/req, accept p1 88 % | prefill 0 prompts / 0 tok, 0 tok cached (0/0 hits) | live 4, queued 0 | pool 12/960 blocks (1 %) | prefix cache 0/4096 entries
2026-10-06 23:03:36.162 INFO  sched: request 'chatcmpl-cc548dce1df2337e' retired (steps): 256 tok in 21.2 s — prefill 33 tok (0 cached) in 926 ms; decode 255 tok / 134 passes in 20.2 s: 12.6 tok/s, 79.3 ms/tok, 151 ms/pass, 1.90 tok/pass, accept p1 90 %
2026-10-06 23:03:36.542 INFO  sched: request 'chatcmpl-cc548dce1df2337b' retired (steps): 256 tok in 21.5 s — prefill 45 tok (0 cached) in 926 ms; decode 255 tok / 137 passes in 20.6 s: 12.4 tok/s, 80.8 ms/tok, 150 ms/pass, 1.86 tok/pass, accept p1 87 %
2026-10-06 23:03:36.791 INFO  sched: request 'chatcmpl-cc548dce1df2337c' retired (steps): 256 tok in 21.8 s — prefill 33 tok (0 cached) in 926 ms; decode 255 tok / 139 passes in 20.9 s: 12.2 tok/s, 81.8 ms/tok, 150 ms/pass, 1.83 tok/pass, accept p1 83 %
2026-10-06 23:03:36.791 INFO  sched: request 'chatcmpl-cc548dce1df2337d' retired (steps): 256 tok in 21.8 s — prefill 34 tok (0 cached) in 926 ms; decode 255 tok / 139 passes in 20.9 s: 12.2 tok/s, 81.8 ms/tok, 150 ms/pass, 1.83 tok/pass, accept p1 84 %
2026-10-06 23:03:36.822 INFO  sched: request 'chatcmpl-cc548dce1df2337f' starting prefill in slot 0 (34 prompt tokens)
2026-10-06 23:03:36.822 INFO  sched: request 'chatcmpl-cc548dce1df23380' starting prefill in slot 1 (45 prompt tokens)
2026-10-06 23:03:36.822 INFO  sched: request 'chatcmpl-cc548dce1df23381' starting prefill in slot 2 (33 prompt tokens)
2026-10-06 23:03:36.822 INFO  sched: request 'chatcmpl-cc548dce1df23382' starting prefill in slot 3 (33 prompt tokens)
2026-10-06 23:03:37.782 INFO  sched: request 'chatcmpl-cc548dce1df2337f' prefix cache miss — 3 cut(s), the cache is empty
2026-10-06 23:03:37.782 INFO  sched: request 'chatcmpl-cc548dce1df2337f' admitted to slot 0 (reserve 3 blocks; pool 6/960 blocks in use) — first token 785
2026-10-06 23:03:37.782 INFO  sched: request 'chatcmpl-cc548dce1df23380' prefix cache miss — 3 cut(s), the cache is empty
2026-10-06 23:03:37.782 INFO  sched: request 'chatcmpl-cc548dce1df23380' admitted to slot 1 (reserve 3 blocks; pool 8/960 blocks in use) — first token 785
2026-10-06 23:03:37.782 INFO  sched: request 'chatcmpl-cc548dce1df23381' prefix cache miss — 3 cut(s), the cache is empty
2026-10-06 23:03:37.782 INFO  sched: request 'chatcmpl-cc548dce1df23381' admitted to slot 2 (reserve 3 blocks; pool 10/960 blocks in use) — first token 785
2026-10-06 23:03:37.782 INFO  sched: request 'chatcmpl-cc548dce1df23382' prefix cache miss — 3 cut(s), the cache is empty
2026-10-06 23:03:37.782 INFO  sched: request 'chatcmpl-cc548dce1df23382' admitted to slot 3 (reserve 3 blocks; pool 12/960 blocks in use) — first token 785
2026-10-06 23:03:37.782 INFO  sched: 4 requests admitted together in one prefill (960 ms)
2026-10-06 23:03:37.909 INFO  stats: rank 3 | 10.3 s | decode 43.3 tok/s, 20.7 ms/tok, 148.9 ms/step (62 steps / 445 tok, 90 % of wall) | mtp 1.85 tok/step/req, accept p1 84 % | prefill 4 prompts / 145 tok, 14 tok/s, 6.62 ms/tok, 240 ms avg (9 % of wall), 0 tok cached (0/4 hits) | live 4, queued 0 | pool 12/960 blocks (1 %) | prefix cache 0/4096 entries
2026-10-06 23:03:48.016 INFO  stats: rank 3 | 10.1 s | decode 50.7 tok/s, 19.6 ms/tok, 147.9 ms/step (68 steps / 512 tok, 100 % of wall) | mtp 1.88 tok/step/req, accept p1 88 % | prefill 0 prompts / 0 tok, 0 tok cached (0/0 hits) | live 4, queued 0 | pool 12/960 blocks (1 %) | prefix cache 0/4096 entries
2026-10-06 23:03:57.909 INFO  sched: request 'chatcmpl-cc548dce1df23381' retired (steps): 256 tok in 21.1 s — prefill 33 tok (0 cached) in 960 ms; decode 255 tok / 134 passes in 20.1 s: 12.7 tok/s, 78.9 ms/tok, 150 ms/pass, 1.90 tok/pass, accept p1 90 %
2026-10-06 23:03:58.066 INFO  stats: rank 3 | 10.1 s | decode 48.3 tok/s, 20.6 ms/tok, 151.5 ms/step (66 steps / 485 tok, 99 % of wall) | mtp 1.84 tok/step/req, accept p1 84 % | prefill 0 prompts / 0 tok, 0 tok cached (0/0 hits) | live 3, queued 0 | pool 9/960 blocks (1 %) | prefix cache 0/4096 entries
2026-10-06 23:03:58.360 INFO  sched: request 'chatcmpl-cc548dce1df2337f' retired (steps): 256 tok in 21.5 s — prefill 34 tok (0 cached) in 960 ms; decode 255 tok / 137 passes in 20.6 s: 12.4 tok/s, 80.7 ms/tok, 150 ms/pass, 1.86 tok/pass, accept p1 87 %
2026-10-06 23:03:58.644 INFO  sched: request 'chatcmpl-cc548dce1df23380' retired (steps): 256 tok in 21.8 s — prefill 45 tok (0 cached) in 960 ms; decode 255 tok / 139 passes in 20.9 s: 12.2 tok/s, 81.8 ms/tok, 150 ms/pass, 1.83 tok/pass, accept p1 84 %
2026-10-06 23:03:58.644 INFO  sched: request 'chatcmpl-cc548dce1df23382' retired (steps): 256 tok in 21.8 s — prefill 33 tok (0 cached) in 960 ms; decode 255 tok / 139 passes in 20.9 s: 12.2 tok/s, 81.8 ms/tok, 150 ms/pass, 1.83 tok/pass, accept p1 83 %
2026-10-06 23:03:58.669 INFO  sched: request 'chatcmpl-cc548dce1df23383' starting prefill in slot 0 (45 prompt tokens)
2026-10-06 23:03:58.669 INFO  sched: request 'chatcmpl-cc548dce1df23384' starting prefill in slot 1 (33 prompt tokens)
2026-10-06 23:03:58.669 INFO  sched: request 'chatcmpl-cc548dce1df23385' starting prefill in slot 2 (33 prompt tokens)
2026-10-06 23:03:58.669 INFO  sched: request 'chatcmpl-cc548dce1df23386' starting prefill in slot 3 (34 prompt tokens)
2026-10-06 23:03:59.602 INFO  sched: request 'chatcmpl-cc548dce1df23383' prefix cache miss — 3 cut(s), the cache is empty
2026-10-06 23:03:59.602 INFO  sched: request 'chatcmpl-cc548dce1df23383' admitted to slot 0 (reserve 3 blocks; pool 6/960 blocks in use) — first token 785
2026-10-06 23:03:59.602 INFO  sched: request 'chatcmpl-cc548dce1df23384' prefix cache miss — 3 cut(s), the cache is empty
2026-10-06 23:03:59.602 INFO  sched: request 'chatcmpl-cc548dce1df23384' admitted to slot 1 (reserve 3 blocks; pool 8/960 blocks in use) — first token 785
2026-10-06 23:03:59.602 INFO  sched: request 'chatcmpl-cc548dce1df23385' prefix cache miss — 3 cut(s), the cache is empty
2026-10-06 23:03:59.602 INFO  sched: request 'chatcmpl-cc548dce1df23385' admitted to slot 2 (reserve 3 blocks; pool 10/960 blocks in use) — first token 785
2026-10-06 23:03:59.602 INFO  sched: request 'chatcmpl-cc548dce1df23386' prefix cache miss — 3 cut(s), the cache is empty
2026-10-06 23:03:59.602 INFO  sched: request 'chatcmpl-cc548dce1df23386' admitted to slot 3 (reserve 3 blocks; pool 12/960 blocks in use) — first token 785
2026-10-06 23:03:59.602 INFO  sched: 4 requests admitted together in one prefill (932 ms)
2026-10-06 23:04:08.219 INFO  stats: rank 3 | 10.2 s | decode 44.9 tok/s, 20.1 ms/tok, 147.5 ms/step (62 steps / 456 tok, 90 % of wall) | mtp 1.88 tok/step/req, accept p1 88 % | prefill 4 prompts / 145 tok, 14 tok/s, 6.43 ms/tok, 233 ms avg (9 % of wall), 0 tok cached (0/4 hits) | live 4, queued 0 | pool 12/960 blocks (1 %) | prefix cache 0/4096 entries
2026-10-06 23:04:18.252 INFO  stats: rank 3 | 10.0 s | decode 48.6 tok/s, 20.5 ms/tok, 151.3 ms/step (66 steps / 488 tok, 100 % of wall) | mtp 1.85 tok/step/req, accept p1 85 % | prefill 0 prompts / 0 tok, 0 tok cached (0/0 hits) | live 4, queued 0 | pool 12/960 blocks (1 %) | prefix cache 0/4096 entries
2026-10-06 23:04:19.803 INFO  sched: request 'chatcmpl-cc548dce1df23385' retired (steps): 256 tok in 21.1 s — prefill 33 tok (0 cached) in 932 ms; decode 255 tok / 134 passes in 20.2 s: 12.6 tok/s, 79.2 ms/tok, 151 ms/pass, 1.90 tok/pass, accept p1 90 %
2026-10-06 23:04:20.259 INFO  sched: request 'chatcmpl-cc548dce1df23383' retired (steps): 256 tok in 21.6 s — prefill 45 tok (0 cached) in 932 ms; decode 255 tok / 137 passes in 20.7 s: 12.3 tok/s, 81.0 ms/tok, 151 ms/pass, 1.86 tok/pass, accept p1 87 %
2026-10-06 23:04:20.406 INFO  sched: request 'chatcmpl-cc548dce1df23386' retired (steps): 256 tok in 21.7 s — prefill 34 tok (0 cached) in 932 ms; decode 255 tok / 138 passes in 20.8 s: 12.3 tok/s, 81.6 ms/tok, 151 ms/pass, 1.85 tok/pass, accept p1 86 %
2026-10-06 23:04:20.540 INFO  sched: request 'chatcmpl-cc548dce1df23384' retired (steps): 256 tok in 21.9 s — prefill 33 tok (0 cached) in 932 ms; decode 255 tok / 140 passes in 20.9 s: 12.2 tok/s, 82.1 ms/tok, 150 ms/pass, 1.82 tok/pass, accept p1 82 %
2026-10-06 23:04:20.576 INFO  sched: request 'chatcmpl-cc548dce1df23387' starting prefill in slot 0 (35 prompt tokens)
2026-10-06 23:04:20.576 INFO  sched: request 'chatcmpl-cc548dce1df23388' starting prefill in slot 1 (33 prompt tokens)
2026-10-06 23:04:20.576 INFO  sched: request 'chatcmpl-cc548dce1df23389' starting prefill in slot 2 (32 prompt tokens)
2026-10-06 23:04:20.576 INFO  sched: request 'chatcmpl-cc548dce1df2338a' starting prefill in slot 3 (33 prompt tokens)
2026-10-06 23:04:20.576 INFO  sched: request 'chatcmpl-cc548dce1df2338b' starting prefill in slot 4 (35 prompt tokens)
2026-10-06 23:04:20.576 INFO  sched: request 'chatcmpl-cc548dce1df2338c' starting prefill in slot 5 (33 prompt tokens)
2026-10-06 23:04:20.576 INFO  sched: request 'chatcmpl-cc548dce1df2338d' starting prefill in slot 6 (35 prompt tokens)
2026-10-06 23:04:20.576 INFO  sched: request 'chatcmpl-cc548dce1df2338e' starting prefill in slot 7 (33 prompt tokens)
2026-10-06 23:04:22.069 INFO  sched: request 'chatcmpl-cc548dce1df23387' prefix cache miss — 3 cut(s), the cache is empty
2026-10-06 23:04:22.069 INFO  sched: request 'chatcmpl-cc548dce1df23387' admitted to slot 0 (reserve 3 blocks; pool 10/960 blocks in use) — first token 785
2026-10-06 23:04:22.069 INFO  sched: request 'chatcmpl-cc548dce1df23388' prefix cache miss — 3 cut(s), the cache is empty
2026-10-06 23:04:22.069 INFO  sched: request 'chatcmpl-cc548dce1df23388' admitted to slot 1 (reserve 3 blocks; pool 12/960 blocks in use) — first token 785
2026-10-06 23:04:22.069 INFO  sched: request 'chatcmpl-cc548dce1df23389' prefix cache miss — 3 cut(s), the cache is empty
2026-10-06 23:04:22.069 INFO  sched: request 'chatcmpl-cc548dce1df23389' admitted to slot 2 (reserve 3 blocks; pool 14/960 blocks in use) — first token 785
2026-10-06 23:04:22.069 INFO  sched: request 'chatcmpl-cc548dce1df2338a' prefix cache miss — 3 cut(s), the cache is empty
2026-10-06 23:04:22.069 INFO  sched: request 'chatcmpl-cc548dce1df2338a' admitted to slot 3 (reserve 3 blocks; pool 16/960 blocks in use) — first token 785
2026-10-06 23:04:22.069 INFO  sched: request 'chatcmpl-cc548dce1df2338b' prefix cache miss — 3 cut(s), the cache is empty
2026-10-06 23:04:22.069 INFO  sched: request 'chatcmpl-cc548dce1df2338b' admitted to slot 4 (reserve 3 blocks; pool 18/960 blocks in use) — first token 785
2026-10-06 23:04:22.069 INFO  sched: request 'chatcmpl-cc548dce1df2338c' prefix cache miss — 3 cut(s), the cache is empty
2026-10-06 23:04:22.069 INFO  sched: request 'chatcmpl-cc548dce1df2338c' admitted to slot 5 (reserve 3 blocks; pool 20/960 blocks in use) — first token 785
2026-10-06 23:04:22.069 INFO  sched: request 'chatcmpl-cc548dce1df2338d' prefix cache miss — 3 cut(s), the cache is empty
2026-10-06 23:04:22.069 INFO  sched: request 'chatcmpl-cc548dce1df2338d' admitted to slot 6 (reserve 3 blocks; pool 22/960 blocks in use) — first token 785
2026-10-06 23:04:22.069 INFO  sched: request 'chatcmpl-cc548dce1df2338e' prefix cache miss — 3 cut(s), the cache is empty
2026-10-06 23:04:22.069 INFO  sched: request 'chatcmpl-cc548dce1df2338e' admitted to slot 7 (reserve 3 blocks; pool 24/960 blocks in use) — first token 785
2026-10-06 23:04:22.069 INFO  sched: 8 requests admitted together in one prefill (1493 ms)
2026-10-06 23:04:28.487 INFO  stats: rank 3 | 10.2 s | decode 48.8 tok/s, 17.4 ms/tok, 206.3 ms/step (42 steps / 499 tok, 85 % of wall) | mtp 1.91 tok/step/req, accept p1 89 % | prefill 8 prompts / 269 tok, 26 tok/s, 5.55 ms/tok, 187 ms avg (15 % of wall), 0 tok cached (0/8 hits) | live 8, queued 0 | pool 24/960 blocks (2 %) | prefix cache 0/4096 entries
2026-10-06 23:04:38.527 INFO  stats: rank 3 | 10.0 s | decode 54.7 tok/s, 18.2 ms/tok, 263.5 ms/step (38 steps / 549 tok, 100 % of wall) | mtp 1.81 tok/step/req, accept p1 81 % | prefill 0 prompts / 0 tok, 0 tok cached (0/0 hits) | live 8, queued 0 | pool 24/960 blocks (2 %) | prefix cache 0/4096 entries
2026-10-06 23:04:48.652 INFO  stats: rank 3 | 10.1 s | decode 54.0 tok/s, 18.5 ms/tok, 265.8 ms/step (38 steps / 547 tok, 100 % of wall) | mtp 1.80 tok/step/req, accept p1 80 % | prefill 0 prompts / 0 tok, 0 tok cached (0/0 hits) | live 8, queued 0 | pool 24/960 blocks (2 %) | prefix cache 0/4096 entries
2026-10-06 23:04:57.706 INFO  sched: request 'chatcmpl-cc548dce1df2338d' retired (steps): 256 tok in 37.1 s — prefill 35 tok (0 cached) in 1493 ms; decode 255 tok / 136 passes in 35.6 s: 7.2 tok/s, 139.8 ms/tok, 262 ms/pass, 1.88 tok/pass, accept p1 88 %
2026-10-06 23:04:57.976 INFO  sched: request 'chatcmpl-cc548dce1df23387' retired (steps): 256 tok in 37.4 s — prefill 35 tok (0 cached) in 1493 ms; decode 255 tok / 137 passes in 35.9 s: 7.1 tok/s, 140.8 ms/tok, 262 ms/pass, 1.86 tok/pass, accept p1 87 %
2026-10-06 23:04:58.242 INFO  sched: request 'chatcmpl-cc548dce1df2338a' retired (steps): 256 tok in 37.7 s — prefill 33 tok (0 cached) in 1493 ms; decode 255 tok / 138 passes in 36.2 s: 7.0 tok/s, 141.9 ms/tok, 262 ms/pass, 1.85 tok/pass, accept p1 85 %
2026-10-06 23:04:58.746 INFO  sched: request 'chatcmpl-cc548dce1df23388' retired (steps): 256 tok in 38.2 s — prefill 33 tok (0 cached) in 1493 ms; decode 255 tok / 140 passes in 36.7 s: 7.0 tok/s, 143.8 ms/tok, 262 ms/pass, 1.82 tok/pass, accept p1 82 %
2026-10-06 23:04:58.746 INFO  sched: request 'chatcmpl-cc548dce1df2338c' retired (steps): 256 tok in 38.2 s — prefill 33 tok (0 cached) in 1493 ms; decode 255 tok / 140 passes in 36.7 s: 7.0 tok/s, 143.8 ms/tok, 262 ms/pass, 1.82 tok/pass, accept p1 82 %
2026-10-06 23:04:58.746 INFO  stats: rank 3 | 10.1 s | decode 53.5 tok/s, 18.6 ms/tok, 263.9 ms/step (38 steps / 540 tok, 99 % of wall) | mtp 1.83 tok/step/req, accept p1 83 % | prefill 0 prompts / 0 tok, 0 tok cached (0/0 hits) | live 3, queued 0 | pool 9/960 blocks (1 %) | prefix cache 0/4096 entries
2026-10-06 23:04:58.992 INFO  sched: request 'chatcmpl-cc548dce1df2338e' retired (steps): 256 tok in 38.4 s — prefill 33 tok (0 cached) in 1493 ms; decode 255 tok / 141 passes in 36.9 s: 6.9 tok/s, 144.8 ms/tok, 262 ms/pass, 1.81 tok/pass, accept p1 82 %
2026-10-06 23:04:59.166 INFO  sched: request 'chatcmpl-cc548dce1df23389' retired (steps): 256 tok in 38.6 s — prefill 32 tok (0 cached) in 1493 ms; decode 255 tok / 142 passes in 37.1 s: 6.9 tok/s, 145.5 ms/tok, 261 ms/pass, 1.80 tok/pass, accept p1 80 %
2026-10-06 23:04:59.238 INFO  sched: request 'chatcmpl-cc548dce1df2338b' retired (steps): 256 tok in 38.7 s — prefill 35 tok (0 cached) in 1493 ms; decode 255 tok / 143 passes in 37.2 s: 6.9 tok/s, 145.8 ms/tok, 260 ms/pass, 1.78 tok/pass, accept p1 78 %
2026-10-06 23:04:59.262 INFO  sched: request 'chatcmpl-cc548dce1df2338f' starting prefill in slot 0 (35 prompt tokens)
2026-10-06 23:04:59.262 INFO  sched: request 'chatcmpl-cc548dce1df23390' starting prefill in slot 1 (33 prompt tokens)
2026-10-06 23:04:59.262 INFO  sched: request 'chatcmpl-cc548dce1df23391' starting prefill in slot 2 (35 prompt tokens)
2026-10-06 23:04:59.262 INFO  sched: request 'chatcmpl-cc548dce1df23392' starting prefill in slot 3 (35 prompt tokens)
2026-10-06 23:04:59.262 INFO  sched: request 'chatcmpl-cc548dce1df23393' starting prefill in slot 4 (33 prompt tokens)
2026-10-06 23:04:59.263 INFO  sched: request 'chatcmpl-cc548dce1df23394' starting prefill in slot 5 (32 prompt tokens)
2026-10-06 23:04:59.263 INFO  sched: request 'chatcmpl-cc548dce1df23395' starting prefill in slot 6 (33 prompt tokens)
2026-10-06 23:04:59.263 INFO  sched: request 'chatcmpl-cc548dce1df23396' starting prefill in slot 7 (33 prompt tokens)
2026-10-06 23:05:00.777 INFO  sched: request 'chatcmpl-cc548dce1df2338f' prefix cache miss — 3 cut(s), the cache is empty
2026-10-06 23:05:00.777 INFO  sched: request 'chatcmpl-cc548dce1df2338f' admitted to slot 0 (reserve 3 blocks; pool 10/960 blocks in use) — first token 785
2026-10-06 23:05:00.777 INFO  sched: request 'chatcmpl-cc548dce1df23390' prefix cache miss — 3 cut(s), the cache is empty
2026-10-06 23:05:00.777 INFO  sched: request 'chatcmpl-cc548dce1df23390' admitted to slot 1 (reserve 3 blocks; pool 12/960 blocks in use) — first token 785
2026-10-06 23:05:00.777 INFO  sched: request 'chatcmpl-cc548dce1df23391' prefix cache miss — 3 cut(s), the cache is empty
2026-10-06 23:05:00.777 INFO  sched: request 'chatcmpl-cc548dce1df23391' admitted to slot 2 (reserve 3 blocks; pool 14/960 blocks in use) — first token 785
2026-10-06 23:05:00.777 INFO  sched: request 'chatcmpl-cc548dce1df23392' prefix cache miss — 3 cut(s), the cache is empty
2026-10-06 23:05:00.777 INFO  sched: request 'chatcmpl-cc548dce1df23392' admitted to slot 3 (reserve 3 blocks; pool 16/960 blocks in use) — first token 785
2026-10-06 23:05:00.777 INFO  sched: request 'chatcmpl-cc548dce1df23393' prefix cache miss — 3 cut(s), the cache is empty
2026-10-06 23:05:00.777 INFO  sched: request 'chatcmpl-cc548dce1df23393' admitted to slot 4 (reserve 3 blocks; pool 18/960 blocks in use) — first token 785
2026-10-06 23:05:00.777 INFO  sched: request 'chatcmpl-cc548dce1df23394' prefix cache miss — 3 cut(s), the cache is empty
2026-10-06 23:05:00.777 INFO  sched: request 'chatcmpl-cc548dce1df23394' admitted to slot 5 (reserve 3 blocks; pool 20/960 blocks in use) — first token 785
2026-10-06 23:05:00.777 INFO  sched: request 'chatcmpl-cc548dce1df23395' prefix cache miss — 3 cut(s), the cache is empty
2026-10-06 23:05:00.777 INFO  sched: request 'chatcmpl-cc548dce1df23395' admitted to slot 6 (reserve 3 blocks; pool 22/960 blocks in use) — first token 785
2026-10-06 23:05:00.777 INFO  sched: request 'chatcmpl-cc548dce1df23396' prefix cache miss — 3 cut(s), the cache is empty
2026-10-06 23:05:00.777 INFO  sched: request 'chatcmpl-cc548dce1df23396' admitted to slot 7 (reserve 3 blocks; pool 24/960 blocks in use) — first token 785
2026-10-06 23:05:00.777 INFO  sched: 8 requests admitted together in one prefill (1515 ms)
2026-10-06 23:05:08.766 INFO  stats: rank 3 | 10.0 s | decode 50.2 tok/s, 16.8 ms/tok, 241.2 ms/step (35 steps / 503 tok, 84 % of wall) | mtp 1.92 tok/step/req, accept p1 90 % | prefill 8 prompts / 269 tok, 27 tok/s, 5.63 ms/tok, 189 ms avg (15 % of wall), 0 tok cached (0/8 hits) | live 8, queued 0 | pool 24/960 blocks (2 %) | prefix cache 0/4096 entries
2026-10-06 23:05:18.820 INFO  stats: rank 3 | 10.1 s | decode 54.0 tok/s, 18.5 ms/tok, 263.8 ms/step (38 steps / 543 tok, 100 % of wall) | mtp 1.79 tok/step/req, accept p1 79 % | prefill 0 prompts / 0 tok, 0 tok cached (0/0 hits) | live 8, queued 0 | pool 24/960 blocks (2 %) | prefix cache 0/4096 entries
2026-10-06 23:05:28.918 INFO  stats: rank 3 | 10.1 s | decode 54.6 tok/s, 18.3 ms/tok, 264.9 ms/step (38 steps / 551 tok, 100 % of wall) | mtp 1.81 tok/step/req, accept p1 81 % | prefill 0 prompts / 0 tok, 0 tok cached (0/0 hits) | live 8, queued 0 | pool 24/960 blocks (2 %) | prefix cache 0/4096 entries
2026-10-06 23:05:36.398 INFO  sched: request 'chatcmpl-cc548dce1df23392' retired (steps): 256 tok in 37.1 s — prefill 35 tok (0 cached) in 1515 ms; decode 255 tok / 136 passes in 35.6 s: 7.2 tok/s, 139.7 ms/tok, 262 ms/pass, 1.88 tok/pass, accept p1 88 %
2026-10-06 23:05:36.664 INFO  sched: request 'chatcmpl-cc548dce1df2338f' retired (steps): 256 tok in 37.4 s — prefill 35 tok (0 cached) in 1515 ms; decode 255 tok / 137 passes in 35.9 s: 7.1 tok/s, 140.7 ms/tok, 262 ms/pass, 1.86 tok/pass, accept p1 87 %
2026-10-06 23:05:36.933 INFO  sched: request 'chatcmpl-cc548dce1df23390' retired (steps): 256 tok in 37.7 s — prefill 33 tok (0 cached) in 1515 ms; decode 255 tok / 138 passes in 36.2 s: 7.1 tok/s, 141.8 ms/tok, 262 ms/pass, 1.85 tok/pass, accept p1 85 %
2026-10-06 23:05:37.671 INFO  sched: request 'chatcmpl-cc548dce1df23393' retired (steps): 256 tok in 38.4 s — prefill 33 tok (0 cached) in 1515 ms; decode 255 tok / 141 passes in 36.9 s: 6.9 tok/s, 144.7 ms/tok, 262 ms/pass, 1.81 tok/pass, accept p1 81 %
2026-10-06 23:05:37.671 INFO  sched: request 'chatcmpl-cc548dce1df23395' retired (steps): 256 tok in 38.4 s — prefill 33 tok (0 cached) in 1515 ms; decode 255 tok / 141 passes in 36.9 s: 6.9 tok/s, 144.7 ms/tok, 262 ms/pass, 1.81 tok/pass, accept p1 81 %
2026-10-06 23:05:37.671 INFO  sched: request 'chatcmpl-cc548dce1df23396' retired (steps): 256 tok in 38.4 s — prefill 33 tok (0 cached) in 1515 ms; decode 255 tok / 141 passes in 36.9 s: 6.9 tok/s, 144.7 ms/tok, 262 ms/pass, 1.81 tok/pass, accept p1 82 %
2026-10-06 23:05:37.858 INFO  sched: request 'chatcmpl-cc548dce1df23394' retired (steps): 256 tok in 38.6 s — prefill 32 tok (0 cached) in 1515 ms; decode 255 tok / 142 passes in 37.1 s: 6.9 tok/s, 145.4 ms/tok, 261 ms/pass, 1.80 tok/pass, accept p1 80 %
2026-10-06 23:05:37.927 INFO  sched: request 'chatcmpl-cc548dce1df23391' retired (steps): 256 tok in 38.7 s — prefill 35 tok (0 cached) in 1515 ms; decode 255 tok / 143 passes in 37.1 s: 6.9 tok/s, 145.7 ms/tok, 260 ms/pass, 1.78 tok/pass, accept p1 78 %
2026-10-06 23:05:37.953 INFO  sched: request 'chatcmpl-cc548dce1df23397' starting prefill in slot 0 (35 prompt tokens)
2026-10-06 23:05:37.953 INFO  sched: request 'chatcmpl-cc548dce1df23398' starting prefill in slot 1 (35 prompt tokens)
2026-10-06 23:05:37.954 INFO  sched: request 'chatcmpl-cc548dce1df23399' starting prefill in slot 2 (35 prompt tokens)
2026-10-06 23:05:37.954 INFO  sched: request 'chatcmpl-cc548dce1df2339a' starting prefill in slot 3 (33 prompt tokens)
2026-10-06 23:05:37.954 INFO  sched: request 'chatcmpl-cc548dce1df2339b' starting prefill in slot 4 (33 prompt tokens)
2026-10-06 23:05:37.954 INFO  sched: request 'chatcmpl-cc548dce1df2339c' starting prefill in slot 5 (32 prompt tokens)
2026-10-06 23:05:37.954 INFO  sched: request 'chatcmpl-cc548dce1df2339d' starting prefill in slot 6 (33 prompt tokens)
2026-10-06 23:05:37.954 INFO  sched: request 'chatcmpl-cc548dce1df2339e' starting prefill in slot 7 (33 prompt tokens)
2026-10-06 23:05:39.450 INFO  sched: request 'chatcmpl-cc548dce1df23397' prefix cache miss — 3 cut(s), the cache is empty
2026-10-06 23:05:39.450 INFO  sched: request 'chatcmpl-cc548dce1df23397' admitted to slot 0 (reserve 3 blocks; pool 10/960 blocks in use) — first token 785
2026-10-06 23:05:39.450 INFO  sched: request 'chatcmpl-cc548dce1df23398' prefix cache miss — 3 cut(s), the cache is empty
2026-10-06 23:05:39.450 INFO  sched: request 'chatcmpl-cc548dce1df23398' admitted to slot 1 (reserve 3 blocks; pool 12/960 blocks in use) — first token 785
2026-10-06 23:05:39.450 INFO  sched: request 'chatcmpl-cc548dce1df23399' prefix cache miss — 3 cut(s), the cache is empty
2026-10-06 23:05:39.450 INFO  sched: request 'chatcmpl-cc548dce1df23399' admitted to slot 2 (reserve 3 blocks; pool 14/960 blocks in use) — first token 785
2026-10-06 23:05:39.450 INFO  sched: request 'chatcmpl-cc548dce1df2339a' prefix cache miss — 3 cut(s), the cache is empty
2026-10-06 23:05:39.450 INFO  sched: request 'chatcmpl-cc548dce1df2339a' admitted to slot 3 (reserve 3 blocks; pool 16/960 blocks in use) — first token 785
2026-10-06 23:05:39.450 INFO  sched: request 'chatcmpl-cc548dce1df2339b' prefix cache miss — 3 cut(s), the cache is empty
2026-10-06 23:05:39.450 INFO  sched: request 'chatcmpl-cc548dce1df2339b' admitted to slot 4 (reserve 3 blocks; pool 18/960 blocks in use) — first token 785
2026-10-06 23:05:39.450 INFO  sched: request 'chatcmpl-cc548dce1df2339c' prefix cache miss — 3 cut(s), the cache is empty
2026-10-06 23:05:39.450 INFO  sched: request 'chatcmpl-cc548dce1df2339c' admitted to slot 5 (reserve 3 blocks; pool 20/960 blocks in use) — first token 785
2026-10-06 23:05:39.450 INFO  sched: request 'chatcmpl-cc548dce1df2339d' prefix cache miss — 3 cut(s), the cache is empty
2026-10-06 23:05:39.450 INFO  sched: request 'chatcmpl-cc548dce1df2339d' admitted to slot 6 (reserve 3 blocks; pool 22/960 blocks in use) — first token 785
2026-10-06 23:05:39.450 INFO  sched: request 'chatcmpl-cc548dce1df2339e' prefix cache miss — 3 cut(s), the cache is empty
2026-10-06 23:05:39.450 INFO  sched: request 'chatcmpl-cc548dce1df2339e' admitted to slot 7 (reserve 3 blocks; pool 24/960 blocks in use) — first token 785
2026-10-06 23:05:39.450 INFO  sched: 8 requests admitted together in one prefill (1496 ms)
2026-10-06 23:05:39.652 INFO  stats: rank 3 | 10.7 s | decode 44.9 tok/s, 19.0 ms/tok, 254.0 ms/step (36 steps / 482 tok, 85 % of wall) | mtp 1.83 tok/step/req, accept p1 81 % | prefill 8 prompts / 269 tok, 25 tok/s, 5.56 ms/tok, 187 ms avg (14 % of wall), 0 tok cached (0/8 hits) | live 8, queued 0 | pool 24/960 blocks (2 %) | prefix cache 0/4096 entries
2026-10-06 23:05:49.831 INFO  stats: rank 3 | 10.2 s | decode 59.5 tok/s, 16.8 ms/tok, 253.9 ms/step (40 steps / 606 tok, 100 % of wall) | mtp 1.89 tok/step/req, accept p1 89 % | prefill 0 prompts / 0 tok, 0 tok cached (0/0 hits) | live 8, queued 0 | pool 24/960 blocks (2 %) | prefix cache 0/4096 entries
2026-10-06 23:05:59.882 INFO  stats: rank 3 | 10.1 s | decode 54.2 tok/s, 18.4 ms/tok, 263.8 ms/step (38 steps / 545 tok, 100 % of wall) | mtp 1.79 tok/step/req, accept p1 79 % | prefill 0 prompts / 0 tok, 0 tok cached (0/0 hits) | live 8, queued 0 | pool 24/960 blocks (2 %) | prefix cache 0/4096 entries
2026-10-06 23:06:10.027 INFO  stats: rank 3 | 10.1 s | decode 54.3 tok/s, 18.4 ms/tok, 266.2 ms/step (38 steps / 551 tok, 100 % of wall) | mtp 1.81 tok/step/req, accept p1 81 % | prefill 0 prompts / 0 tok, 0 tok cached (0/0 hits) | live 8, queued 0 | pool 24/960 blocks (2 %) | prefix cache 0/4096 entries
2026-10-06 23:06:15.078 INFO  sched: request 'chatcmpl-cc548dce1df23397' retired (steps): 256 tok in 37.1 s — prefill 35 tok (0 cached) in 1496 ms; decode 255 tok / 136 passes in 35.6 s: 7.2 tok/s, 139.7 ms/tok, 262 ms/pass, 1.88 tok/pass, accept p1 88 %
2026-10-06 23:06:15.078 INFO  sched: request 'chatcmpl-cc548dce1df23398' retired (steps): 256 tok in 37.1 s — prefill 35 tok (0 cached) in 1496 ms; decode 255 tok / 136 passes in 35.6 s: 7.2 tok/s, 139.7 ms/tok, 262 ms/pass, 1.88 tok/pass, accept p1 88 %
2026-10-06 23:06:15.604 INFO  sched: request 'chatcmpl-cc548dce1df2339b' retired (steps): 256 tok in 37.6 s — prefill 33 tok (0 cached) in 1496 ms; decode 255 tok / 138 passes in 36.2 s: 7.1 tok/s, 141.8 ms/tok, 262 ms/pass, 1.85 tok/pass, accept p1 85 %
2026-10-06 23:06:15.861 INFO  sched: request 'chatcmpl-cc548dce1df2339a' retired (steps): 256 tok in 37.9 s — prefill 33 tok (0 cached) in 1496 ms; decode 255 tok / 139 passes in 36.4 s: 7.0 tok/s, 142.8 ms/tok, 262 ms/pass, 1.83 tok/pass, accept p1 83 %
2026-10-06 23:06:16.105 INFO  sched: request 'chatcmpl-cc548dce1df2339d' retired (steps): 256 tok in 38.2 s — prefill 33 tok (0 cached) in 1496 ms; decode 255 tok / 140 passes in 36.7 s: 7.0 tok/s, 143.7 ms/tok, 262 ms/pass, 1.82 tok/pass, accept p1 82 %
2026-10-06 23:06:16.348 INFO  sched: request 'chatcmpl-cc548dce1df2339e' retired (steps): 256 tok in 38.4 s — prefill 33 tok (0 cached) in 1496 ms; decode 255 tok / 141 passes in 36.9 s: 6.9 tok/s, 144.7 ms/tok, 262 ms/pass, 1.81 tok/pass, accept p1 82 %
2026-10-06 23:06:16.525 INFO  sched: request 'chatcmpl-cc548dce1df2339c' retired (steps): 256 tok in 38.6 s — prefill 32 tok (0 cached) in 1496 ms; decode 255 tok / 142 passes in 37.1 s: 6.9 tok/s, 145.4 ms/tok, 261 ms/pass, 1.80 tok/pass, accept p1 80 %
2026-10-06 23:06:16.661 INFO  sched: request 'chatcmpl-cc548dce1df23399' retired (steps): 256 tok in 38.7 s — prefill 35 tok (0 cached) in 1496 ms; decode 255 tok / 144 passes in 37.2 s: 6.9 tok/s, 145.9 ms/tok, 258 ms/pass, 1.77 tok/pass, accept p1 77 %
2026-10-06 23:06:16.702 INFO  sched: request 'chatcmpl-cc548dce1df2339f' starting prefill in slot 0 (46 prompt tokens)
2026-10-06 23:06:17.202 INFO  sched: request 'chatcmpl-cc548dce1df2339f' prefix cache miss — 3 cut(s), the cache is empty
2026-10-06 23:06:17.202 INFO  sched: request 'chatcmpl-cc548dce1df2339f' admitted to slot 0 (reserve 3 blocks; pool 3/960 blocks in use) — first token 785
2026-10-06 23:06:20.042 INFO  stats: rank 3 | 10.0 s | decode 41.0 tok/s, 22.8 ms/tok, 132.0 ms/step (71 steps / 411 tok, 94 % of wall) | mtp 1.83 tok/step/req, accept p1 84 % | prefill 1 prompt / 46 tok, 5 tok/s, 10.88 ms/tok, 501 ms avg (5 % of wall), 0 tok cached (0/1 hit) | live 1, queued 0 | pool 3/960 blocks (0 %) | prefix cache 0/4096 entries
2026-10-06 23:06:25.573 INFO  sched: request 'chatcmpl-cc548dce1df2339f' retired (steps): 256 tok in 8.9 s — prefill 46 tok (0 cached) in 501 ms; decode 255 tok / 130 passes in 8.4 s: 30.5 tok/s, 32.8 ms/tok, 64 ms/pass, 1.96 tok/pass, accept p1 97 %
2026-10-06 23:06:25.599 INFO  sched: request 'chatcmpl-cc548dce1df233a0' starting prefill in slot 0 (46 prompt tokens)
2026-10-06 23:06:26.111 INFO  sched: request 'chatcmpl-cc548dce1df233a0' prefix cache miss — 3 cut(s), the cache is empty
2026-10-06 23:06:26.111 INFO  sched: request 'chatcmpl-cc548dce1df233a0' admitted to slot 0 (reserve 3 blocks; pool 3/960 blocks in use) — first token 785
2026-10-06 23:06:30.079 INFO  stats: rank 3 | 10.0 s | decode 29.1 tok/s, 32.2 ms/tok, 63.5 ms/step (148 steps / 292 tok, 94 % of wall) | mtp 1.97 tok/step/req, accept p1 97 % | prefill 1 prompt / 46 tok, 5 tok/s, 11.11 ms/tok, 511 ms avg (5 % of wall), 0 tok cached (0/1 hit) | live 1, queued 0 | pool 3/960 blocks (0 %) | prefix cache 0/4096 entries
2026-10-06 23:06:34.482 INFO  sched: request 'chatcmpl-cc548dce1df233a0' retired (steps): 256 tok in 8.9 s — prefill 46 tok (0 cached) in 511 ms; decode 255 tok / 130 passes in 8.4 s: 30.5 tok/s, 32.8 ms/tok, 64 ms/pass, 1.96 tok/pass, accept p1 97 %
2026-10-06 23:06:34.496 INFO  sched: request 'chatcmpl-cc548dce1df233a1' starting prefill in slot 0 (46 prompt tokens)
2026-10-06 23:06:35.000 INFO  sched: request 'chatcmpl-cc548dce1df233a1' prefix cache miss — 3 cut(s), the cache is empty
2026-10-06 23:06:35.000 INFO  sched: request 'chatcmpl-cc548dce1df233a1' admitted to slot 0 (reserve 3 blocks; pool 3/960 blocks in use) — first token 785
2026-10-06 23:06:40.127 INFO  stats: rank 3 | 10.0 s | decode 29.1 tok/s, 32.3 ms/tok, 63.7 ms/step (148 steps / 292 tok, 94 % of wall) | mtp 1.97 tok/step/req, accept p1 97 % | prefill 1 prompt / 46 tok, 5 tok/s, 10.94 ms/tok, 503 ms avg (5 % of wall), 0 tok cached (0/1 hit) | live 1, queued 0 | pool 3/960 blocks (0 %) | prefix cache 0/4096 entries
2026-10-06 23:06:43.355 INFO  sched: request 'chatcmpl-cc548dce1df233a1' retired (steps): 256 tok in 8.9 s — prefill 46 tok (0 cached) in 503 ms; decode 255 tok / 130 passes in 8.4 s: 30.5 tok/s, 32.8 ms/tok, 64 ms/pass, 1.96 tok/pass, accept p1 97 %
2026-10-06 23:06:43.401 INFO  sched: request 'chatcmpl-cc548dce1df233a2' starting prefill in slot 0 (47 prompt tokens)
2026-10-06 23:06:43.401 INFO  sched: request 'chatcmpl-cc548dce1df233a3' starting prefill in slot 1 (46 prompt tokens)
2026-10-06 23:06:44.216 INFO  sched: request 'chatcmpl-cc548dce1df233a2' prefix cache miss — 3 cut(s), the cache is empty
2026-10-06 23:06:44.216 INFO  sched: request 'chatcmpl-cc548dce1df233a2' admitted to slot 0 (reserve 3 blocks; pool 4/960 blocks in use) — first token 785
2026-10-06 23:06:44.216 INFO  sched: request 'chatcmpl-cc548dce1df233a3' prefix cache miss — 3 cut(s), the cache is empty
2026-10-06 23:06:44.216 INFO  sched: request 'chatcmpl-cc548dce1df233a3' admitted to slot 1 (reserve 3 blocks; pool 6/960 blocks in use) — first token 785
2026-10-06 23:06:44.216 INFO  sched: 2 requests admitted together in one prefill (815 ms)
2026-10-06 23:06:50.166 INFO  stats: rank 3 | 10.0 s | decode 34.3 tok/s, 26.5 ms/tok, 79.1 ms/step (115 steps / 344 tok, 91 % of wall) | mtp 1.91 tok/step/req, accept p1 91 % | prefill 2 prompts / 93 tok, 9 tok/s, 8.76 ms/tok, 407 ms avg (8 % of wall), 0 tok cached (0/2 hits) | live 2, queued 0 | pool 6/960 blocks (1 %) | prefix cache 0/4096 entries
2026-10-06 23:06:56.481 INFO  sched: request 'chatcmpl-cc548dce1df233a3' retired (steps): 256 tok in 13.1 s — prefill 46 tok (0 cached) in 815 ms; decode 255 tok / 132 passes in 12.3 s: 20.8 tok/s, 48.1 ms/tok, 93 ms/pass, 1.93 tok/pass, accept p1 93 %
2026-10-06 23:06:56.742 INFO  sched: request 'chatcmpl-cc548dce1df233a2' retired (steps): 256 tok in 13.3 s — prefill 47 tok (0 cached) in 815 ms; decode 255 tok / 136 passes in 12.5 s: 20.4 tok/s, 49.1 ms/tok, 92 ms/pass, 1.88 tok/pass, accept p1 88 %
2026-10-06 23:06:56.756 INFO  sched: request 'chatcmpl-cc548dce1df233a4' starting prefill in slot 0 (47 prompt tokens)
2026-10-06 23:06:56.757 INFO  sched: request 'chatcmpl-cc548dce1df233a5' starting prefill in slot 1 (46 prompt tokens)
2026-10-06 23:06:57.571 INFO  sched: request 'chatcmpl-cc548dce1df233a4' prefix cache miss — 3 cut(s), the cache is empty
2026-10-06 23:06:57.571 INFO  sched: request 'chatcmpl-cc548dce1df233a4' admitted to slot 0 (reserve 3 blocks; pool 4/960 blocks in use) — first token 785
2026-10-06 23:06:57.571 INFO  sched: request 'chatcmpl-cc548dce1df233a5' prefix cache miss — 3 cut(s), the cache is empty
2026-10-06 23:06:57.571 INFO  sched: request 'chatcmpl-cc548dce1df233a5' admitted to slot 1 (reserve 3 blocks; pool 6/960 blocks in use) — first token 785
2026-10-06 23:06:57.571 INFO  sched: 2 requests admitted together in one prefill (815 ms)
2026-10-06 23:07:00.174 INFO  stats: rank 3 | 10.0 s | decode 37.8 tok/s, 24.1 ms/tok, 91.1 ms/step (100 steps / 378 tok, 91 % of wall) | mtp 1.93 tok/step/req, accept p1 92 % | prefill 2 prompts / 93 tok, 9 tok/s, 8.76 ms/tok, 407 ms avg (8 % of wall), 0 tok cached (0/2 hits) | live 2, queued 0 | pool 6/960 blocks (1 %) | prefix cache 0/4096 entries
2026-10-06 23:07:09.800 INFO  sched: request 'chatcmpl-cc548dce1df233a5' retired (steps): 256 tok in 13.0 s — prefill 46 tok (0 cached) in 815 ms; decode 255 tok / 132 passes in 12.2 s: 20.9 tok/s, 48.0 ms/tok, 93 ms/pass, 1.93 tok/pass, accept p1 93 %
2026-10-06 23:07:10.061 INFO  sched: request 'chatcmpl-cc548dce1df233a4' retired (steps): 256 tok in 13.3 s — prefill 47 tok (0 cached) in 815 ms; decode 255 tok / 136 passes in 12.5 s: 20.4 tok/s, 49.0 ms/tok, 92 ms/pass, 1.88 tok/pass, accept p1 88 %
2026-10-06 23:07:10.088 INFO  sched: request 'chatcmpl-cc548dce1df233a6' starting prefill in slot 0 (47 prompt tokens)
2026-10-06 23:07:10.088 INFO  sched: request 'chatcmpl-cc548dce1df233a7' starting prefill in slot 1 (46 prompt tokens)
2026-10-06 23:07:10.903 INFO  sched: request 'chatcmpl-cc548dce1df233a6' prefix cache miss — 3 cut(s), the cache is empty
2026-10-06 23:07:10.903 INFO  sched: request 'chatcmpl-cc548dce1df233a6' admitted to slot 0 (reserve 3 blocks; pool 4/960 blocks in use) — first token 785
2026-10-06 23:07:10.903 INFO  sched: request 'chatcmpl-cc548dce1df233a7' prefix cache miss — 3 cut(s), the cache is empty
2026-10-06 23:07:10.903 INFO  sched: request 'chatcmpl-cc548dce1df233a7' admitted to slot 1 (reserve 3 blocks; pool 6/960 blocks in use) — first token 785
2026-10-06 23:07:10.903 INFO  sched: 2 requests admitted together in one prefill (815 ms)
2026-10-06 23:07:10.985 INFO  stats: rank 3 | 10.8 s | decode 37.5 tok/s, 24.4 ms/tok, 91.6 ms/step (108 steps / 405 tok, 92 % of wall) | mtp 1.91 tok/step/req, accept p1 91 % | prefill 2 prompts / 93 tok, 9 tok/s, 8.77 ms/tok, 408 ms avg (8 % of wall), 0 tok cached (0/2 hits) | live 2, queued 0 | pool 6/960 blocks (1 %) | prefix cache 0/4096 entries
2026-10-06 23:07:21.048 INFO  stats: rank 3 | 10.1 s | decode 41.1 tok/s, 24.1 ms/tok, 91.6 ms/step (109 steps / 414 tok, 99 % of wall) | mtp 1.90 tok/step/req, accept p1 90 % | prefill 0 prompts / 0 tok, 0 tok cached (0/0 hits) | live 2, queued 0 | pool 6/960 blocks (1 %) | prefix cache 0/4096 entries
2026-10-06 23:07:23.128 INFO  sched: request 'chatcmpl-cc548dce1df233a7' retired (steps): 256 tok in 13.0 s — prefill 46 tok (0 cached) in 815 ms; decode 255 tok / 132 passes in 12.2 s: 20.9 tok/s, 47.9 ms/tok, 93 ms/pass, 1.93 tok/pass, accept p1 93 %
2026-10-06 23:07:23.405 INFO  sched: request 'chatcmpl-cc548dce1df233a6' retired (steps): 256 tok in 13.3 s — prefill 47 tok (0 cached) in 815 ms; decode 255 tok / 136 passes in 12.5 s: 20.4 tok/s, 49.0 ms/tok, 92 ms/pass, 1.88 tok/pass, accept p1 88 %
2026-10-06 23:07:23.463 INFO  sched: request 'chatcmpl-cc548dce1df233a8' starting prefill in slot 0 (45 prompt tokens)
2026-10-06 23:07:23.463 INFO  sched: request 'chatcmpl-cc548dce1df233a9' starting prefill in slot 1 (36 prompt tokens)
2026-10-06 23:07:23.463 INFO  sched: request 'chatcmpl-cc548dce1df233aa' starting prefill in slot 2 (34 prompt tokens)
2026-10-06 23:07:23.463 INFO  sched: request 'chatcmpl-cc548dce1df233ab' starting prefill in slot 3 (33 prompt tokens)
2026-10-06 23:07:24.403 INFO  sched: request 'chatcmpl-cc548dce1df233a8' prefix cache miss — 3 cut(s), the cache is empty
2026-10-06 23:07:24.403 INFO  sched: request 'chatcmpl-cc548dce1df233a8' admitted to slot 0 (reserve 3 blocks; pool 6/960 blocks in use) — first token 785
2026-10-06 23:07:24.403 INFO  sched: request 'chatcmpl-cc548dce1df233a9' prefix cache miss — 3 cut(s), the cache is empty
2026-10-06 23:07:24.403 INFO  sched: request 'chatcmpl-cc548dce1df233a9' admitted to slot 1 (reserve 3 blocks; pool 8/960 blocks in use) — first token 785
2026-10-06 23:07:24.403 INFO  sched: request 'chatcmpl-cc548dce1df233aa' prefix cache miss — 3 cut(s), the cache is empty
2026-10-06 23:07:24.403 INFO  sched: request 'chatcmpl-cc548dce1df233aa' admitted to slot 2 (reserve 3 blocks; pool 10/960 blocks in use) — first token 785
2026-10-06 23:07:24.403 INFO  sched: request 'chatcmpl-cc548dce1df233ab' prefix cache miss — 3 cut(s), the cache is empty
2026-10-06 23:07:24.403 INFO  sched: request 'chatcmpl-cc548dce1df233ab' admitted to slot 3 (reserve 3 blocks; pool 12/960 blocks in use) — first token 785
2026-10-06 23:07:24.403 INFO  sched: 4 requests admitted together in one prefill (940 ms)
2026-10-06 23:07:31.152 INFO  stats: rank 3 | 10.1 s | decode 44.2 tok/s, 20.2 ms/tok, 123.9 ms/step (73 steps / 447 tok, 90 % of wall) | mtp 1.89 tok/step/req, accept p1 88 % | prefill 4 prompts / 148 tok, 15 tok/s, 6.35 ms/tok, 235 ms avg (9 % of wall), 0 tok cached (0/4 hits) | live 4, queued 0 | pool 12/960 blocks (1 %) | prefix cache 0/4096 entries
2026-10-06 23:07:41.298 INFO  stats: rank 3 | 10.1 s | decode 52.2 tok/s, 19.1 ms/tok, 150.7 ms/step (67 steps / 530 tok, 100 % of wall) | mtp 1.98 tok/step/req, accept p1 98 % | prefill 0 prompts / 0 tok, 0 tok cached (0/0 hits) | live 4, queued 0 | pool 12/960 blocks (1 %) | prefix cache 0/4096 entries
2026-10-06 23:07:43.893 INFO  sched: request 'chatcmpl-cc548dce1df233a9' retired (steps): 256 tok in 20.4 s — prefill 36 tok (0 cached) in 940 ms; decode 255 tok / 131 passes in 19.5 s: 13.1 tok/s, 76.4 ms/tok, 149 ms/pass, 1.95 tok/pass, accept p1 95 %
2026-10-06 23:07:43.893 INFO  sched: request 'chatcmpl-cc548dce1df233aa' retired (steps): 256 tok in 20.4 s — prefill 34 tok (0 cached) in 940 ms; decode 255 tok / 131 passes in 19.5 s: 13.1 tok/s, 76.4 ms/tok, 149 ms/pass, 1.95 tok/pass, accept p1 95 %
2026-10-06 23:07:44.046 INFO  sched: request 'chatcmpl-cc548dce1df233a8' retired (steps): 256 tok in 20.6 s — prefill 45 tok (0 cached) in 940 ms; decode 255 tok / 132 passes in 19.6 s: 13.0 tok/s, 77.0 ms/tok, 149 ms/pass, 1.93 tok/pass, accept p1 93 %
2026-10-06 23:07:44.114 INFO  sched: request 'chatcmpl-cc548dce1df233ab' retired (steps): 256 tok in 20.7 s — prefill 33 tok (0 cached) in 940 ms; decode 255 tok / 133 passes in 19.7 s: 12.9 tok/s, 77.3 ms/tok, 148 ms/pass, 1.92 tok/pass, accept p1 92 %
2026-10-06 23:07:44.128 INFO  sched: request 'chatcmpl-cc548dce1df233ac' starting prefill in slot 0 (45 prompt tokens)
2026-10-06 23:07:44.128 INFO  sched: request 'chatcmpl-cc548dce1df233ad' starting prefill in slot 1 (34 prompt tokens)
2026-10-06 23:07:44.128 INFO  sched: request 'chatcmpl-cc548dce1df233ae' starting prefill in slot 2 (36 prompt tokens)
2026-10-06 23:07:44.128 INFO  sched: request 'chatcmpl-cc548dce1df233af' starting prefill in slot 3 (33 prompt tokens)
2026-10-06 23:07:45.071 INFO  sched: request 'chatcmpl-cc548dce1df233ac' prefix cache miss — 3 cut(s), the cache is empty
2026-10-06 23:07:45.071 INFO  sched: request 'chatcmpl-cc548dce1df233ac' admitted to slot 0 (reserve 3 blocks; pool 6/960 blocks in use) — first token 785
2026-10-06 23:07:45.071 INFO  sched: request 'chatcmpl-cc548dce1df233ad' prefix cache miss — 3 cut(s), the cache is empty
2026-10-06 23:07:45.071 INFO  sched: request 'chatcmpl-cc548dce1df233ad' admitted to slot 1 (reserve 3 blocks; pool 8/960 blocks in use) — first token 785
2026-10-06 23:07:45.071 INFO  sched: request 'chatcmpl-cc548dce1df233ae' prefix cache miss — 3 cut(s), the cache is empty
2026-10-06 23:07:45.071 INFO  sched: request 'chatcmpl-cc548dce1df233ae' admitted to slot 2 (reserve 3 blocks; pool 10/960 blocks in use) — first token 785
2026-10-06 23:07:45.071 INFO  sched: request 'chatcmpl-cc548dce1df233af' prefix cache miss — 3 cut(s), the cache is empty
2026-10-06 23:07:45.071 INFO  sched: request 'chatcmpl-cc548dce1df233af' admitted to slot 3 (reserve 3 blocks; pool 12/960 blocks in use) — first token 785
2026-10-06 23:07:45.071 INFO  sched: 4 requests admitted together in one prefill (942 ms)
2026-10-06 23:07:51.375 INFO  stats: rank 3 | 10.1 s | decode 46.8 tok/s, 19.2 ms/tok, 143.9 ms/step (63 steps / 472 tok, 90 % of wall) | mtp 1.91 tok/step/req, accept p1 90 % | prefill 4 prompts / 148 tok, 15 tok/s, 6.37 ms/tok, 236 ms avg (9 % of wall), 0 tok cached (0/4 hits) | live 4, queued 0 | pool 12/960 blocks (1 %) | prefix cache 0/4096 entries
2026-10-06 23:08:01.490 INFO  stats: rank 3 | 10.1 s | decode 52.4 tok/s, 19.0 ms/tok, 150.3 ms/step (67 steps / 530 tok, 100 % of wall) | mtp 1.98 tok/step/req, accept p1 98 % | prefill 0 prompts / 0 tok, 0 tok cached (0/0 hits) | live 4, queued 0 | pool 12/960 blocks (1 %) | prefix cache 0/4096 entries
2026-10-06 23:08:04.542 INFO  sched: request 'chatcmpl-cc548dce1df233ad' retired (steps): 256 tok in 20.4 s — prefill 34 tok (0 cached) in 942 ms; decode 255 tok / 131 passes in 19.5 s: 13.1 tok/s, 76.4 ms/tok, 149 ms/pass, 1.95 tok/pass, accept p1 95 %
2026-10-06 23:08:04.542 INFO  sched: request 'chatcmpl-cc548dce1df233ae' retired (steps): 256 tok in 20.4 s — prefill 36 tok (0 cached) in 942 ms; decode 255 tok / 131 passes in 19.5 s: 13.1 tok/s, 76.4 ms/tok, 149 ms/pass, 1.95 tok/pass, accept p1 95 %
2026-10-06 23:08:04.695 INFO  sched: request 'chatcmpl-cc548dce1df233ac' retired (steps): 256 tok in 20.6 s — prefill 45 tok (0 cached) in 942 ms; decode 255 tok / 132 passes in 19.6 s: 13.0 tok/s, 77.0 ms/tok, 149 ms/pass, 1.93 tok/pass, accept p1 93 %
2026-10-06 23:08:04.695 INFO  sched: request 'chatcmpl-cc548dce1df233af' retired (steps): 256 tok in 20.6 s — prefill 33 tok (0 cached) in 942 ms; decode 255 tok / 132 passes in 19.6 s: 13.0 tok/s, 77.0 ms/tok, 149 ms/pass, 1.93 tok/pass, accept p1 94 %
2026-10-06 23:08:04.726 INFO  sched: request 'chatcmpl-cc548dce1df233b0' starting prefill in slot 0 (45 prompt tokens)
2026-10-06 23:08:04.726 INFO  sched: request 'chatcmpl-cc548dce1df233b1' starting prefill in slot 1 (34 prompt tokens)
2026-10-06 23:08:04.726 INFO  sched: request 'chatcmpl-cc548dce1df233b2' starting prefill in slot 2 (36 prompt tokens)
2026-10-06 23:08:04.726 INFO  sched: request 'chatcmpl-cc548dce1df233b3' starting prefill in slot 3 (33 prompt tokens)
2026-10-06 23:08:05.673 INFO  sched: request 'chatcmpl-cc548dce1df233b0' prefix cache miss — 3 cut(s), the cache is empty
2026-10-06 23:08:05.673 INFO  sched: request 'chatcmpl-cc548dce1df233b0' admitted to slot 0 (reserve 3 blocks; pool 6/960 blocks in use) — first token 785
2026-10-06 23:08:05.673 INFO  sched: request 'chatcmpl-cc548dce1df233b1' prefix cache miss — 3 cut(s), the cache is empty
2026-10-06 23:08:05.673 INFO  sched: request 'chatcmpl-cc548dce1df233b1' admitted to slot 1 (reserve 3 blocks; pool 8/960 blocks in use) — first token 785
2026-10-06 23:08:05.673 INFO  sched: request 'chatcmpl-cc548dce1df233b2' prefix cache miss — 3 cut(s), the cache is empty
2026-10-06 23:08:05.673 INFO  sched: request 'chatcmpl-cc548dce1df233b2' admitted to slot 2 (reserve 3 blocks; pool 10/960 blocks in use) — first token 785
2026-10-06 23:08:05.673 INFO  sched: request 'chatcmpl-cc548dce1df233b3' prefix cache miss — 3 cut(s), the cache is empty
2026-10-06 23:08:05.673 INFO  sched: request 'chatcmpl-cc548dce1df233b3' admitted to slot 3 (reserve 3 blocks; pool 12/960 blocks in use) — first token 785
2026-10-06 23:08:05.673 INFO  sched: 4 requests admitted together in one prefill (947 ms)
2026-10-06 23:08:11.519 INFO  stats: rank 3 | 10.0 s | decode 46.9 tok/s, 19.1 ms/tok, 145.1 ms/step (62 steps / 470 tok, 90 % of wall) | mtp 1.91 tok/step/req, accept p1 90 % | prefill 4 prompts / 148 tok, 15 tok/s, 6.40 ms/tok, 237 ms avg (9 % of wall), 0 tok cached (0/4 hits) | live 4, queued 0 | pool 12/960 blocks (1 %) | prefix cache 0/4096 entries
2026-10-06 23:08:21.590 INFO  stats: rank 3 | 10.1 s | decode 52.6 tok/s, 18.9 ms/tok, 149.6 ms/step (67 steps / 530 tok, 100 % of wall) | mtp 1.98 tok/step/req, accept p1 98 % | prefill 0 prompts / 0 tok, 0 tok cached (0/0 hits) | live 4, queued 0 | pool 12/960 blocks (1 %) | prefix cache 0/4096 entries
2026-10-06 23:08:25.086 INFO  sched: request 'chatcmpl-cc548dce1df233b1' retired (steps): 256 tok in 20.4 s — prefill 34 tok (0 cached) in 947 ms; decode 255 tok / 131 passes in 19.4 s: 13.1 tok/s, 76.1 ms/tok, 148 ms/pass, 1.95 tok/pass, accept p1 95 %
2026-10-06 23:08:25.086 INFO  sched: request 'chatcmpl-cc548dce1df233b2' retired (steps): 256 tok in 20.4 s — prefill 36 tok (0 cached) in 947 ms; decode 255 tok / 131 passes in 19.4 s: 13.1 tok/s, 76.1 ms/tok, 148 ms/pass, 1.95 tok/pass, accept p1 95 %
2026-10-06 23:08:25.239 INFO  sched: request 'chatcmpl-cc548dce1df233b0' retired (steps): 256 tok in 20.5 s — prefill 45 tok (0 cached) in 947 ms; decode 255 tok / 132 passes in 19.6 s: 13.0 tok/s, 76.7 ms/tok, 148 ms/pass, 1.93 tok/pass, accept p1 93 %
2026-10-06 23:08:25.239 INFO  sched: request 'chatcmpl-cc548dce1df233b3' retired (steps): 256 tok in 20.5 s — prefill 33 tok (0 cached) in 947 ms; decode 255 tok / 132 passes in 19.6 s: 13.0 tok/s, 76.7 ms/tok, 148 ms/pass, 1.93 tok/pass, accept p1 94 %
2026-10-06 23:08:25.302 INFO  sched: request 'chatcmpl-cc548dce1df233b4' starting prefill in slot 0 (34 prompt tokens)
2026-10-06 23:08:25.302 INFO  sched: request 'chatcmpl-cc548dce1df233b5' starting prefill in slot 1 (33 prompt tokens)
2026-10-06 23:08:25.302 INFO  sched: request 'chatcmpl-cc548dce1df233b6' starting prefill in slot 2 (33 prompt tokens)
2026-10-06 23:08:25.302 INFO  sched: request 'chatcmpl-cc548dce1df233b7' starting prefill in slot 3 (34 prompt tokens)
2026-10-06 23:08:25.302 INFO  sched: request 'chatcmpl-cc548dce1df233b8' starting prefill in slot 4 (34 prompt tokens)
2026-10-06 23:08:25.302 INFO  sched: request 'chatcmpl-cc548dce1df233b9' starting prefill in slot 5 (34 prompt tokens)
2026-10-06 23:08:25.302 INFO  sched: request 'chatcmpl-cc548dce1df233ba' starting prefill in slot 6 (33 prompt tokens)
2026-10-06 23:08:25.302 INFO  sched: request 'chatcmpl-cc548dce1df233bb' starting prefill in slot 7 (34 prompt tokens)
2026-10-06 23:08:26.800 INFO  sched: request 'chatcmpl-cc548dce1df233b4' prefix cache miss — 3 cut(s), the cache is empty
2026-10-06 23:08:26.801 INFO  sched: request 'chatcmpl-cc548dce1df233b4' admitted to slot 0 (reserve 3 blocks; pool 10/960 blocks in use) — first token 785
2026-10-06 23:08:26.801 INFO  sched: request 'chatcmpl-cc548dce1df233b5' prefix cache miss — 3 cut(s), the cache is empty
2026-10-06 23:08:26.801 INFO  sched: request 'chatcmpl-cc548dce1df233b5' admitted to slot 1 (reserve 3 blocks; pool 12/960 blocks in use) — first token 785
2026-10-06 23:08:26.801 INFO  sched: request 'chatcmpl-cc548dce1df233b6' prefix cache miss — 3 cut(s), the cache is empty
2026-10-06 23:08:26.801 INFO  sched: request 'chatcmpl-cc548dce1df233b6' admitted to slot 2 (reserve 3 blocks; pool 14/960 blocks in use) — first token 785
2026-10-06 23:08:26.801 INFO  sched: request 'chatcmpl-cc548dce1df233b7' prefix cache miss — 3 cut(s), the cache is empty
2026-10-06 23:08:26.801 INFO  sched: request 'chatcmpl-cc548dce1df233b7' admitted to slot 3 (reserve 3 blocks; pool 16/960 blocks in use) — first token 785
2026-10-06 23:08:26.801 INFO  sched: request 'chatcmpl-cc548dce1df233b8' prefix cache miss — 3 cut(s), the cache is empty
2026-10-06 23:08:26.801 INFO  sched: request 'chatcmpl-cc548dce1df233b8' admitted to slot 4 (reserve 3 blocks; pool 18/960 blocks in use) — first token 785
2026-10-06 23:08:26.801 INFO  sched: request 'chatcmpl-cc548dce1df233b9' prefix cache miss — 3 cut(s), the cache is empty
2026-10-06 23:08:26.801 INFO  sched: request 'chatcmpl-cc548dce1df233b9' admitted to slot 5 (reserve 3 blocks; pool 20/960 blocks in use) — first token 785
2026-10-06 23:08:26.801 INFO  sched: request 'chatcmpl-cc548dce1df233ba' prefix cache miss — 3 cut(s), the cache is empty
2026-10-06 23:08:26.801 INFO  sched: request 'chatcmpl-cc548dce1df233ba' admitted to slot 6 (reserve 3 blocks; pool 22/960 blocks in use) — first token 785
2026-10-06 23:08:26.801 INFO  sched: request 'chatcmpl-cc548dce1df233bb' prefix cache miss — 3 cut(s), the cache is empty
2026-10-06 23:08:26.801 INFO  sched: request 'chatcmpl-cc548dce1df233bb' admitted to slot 7 (reserve 3 blocks; pool 24/960 blocks in use) — first token 785
2026-10-06 23:08:26.801 INFO  sched: 8 requests admitted together in one prefill (1498 ms)
2026-10-06 23:08:31.686 INFO  stats: rank 3 | 10.1 s | decode 49.8 tok/s, 16.9 ms/tok, 188.7 ms/step (45 steps / 503 tok, 84 % of wall) | mtp 1.92 tok/step/req, accept p1 89 % | prefill 8 prompts / 269 tok, 27 tok/s, 5.57 ms/tok, 187 ms avg (15 % of wall), 0 tok cached (0/8 hits) | live 8, queued 0 | pool 24/960 blocks (2 %) | prefix cache 0/4096 entries
2026-10-06 23:08:41.814 INFO  stats: rank 3 | 10.1 s | decode 58.2 tok/s, 17.2 ms/tok, 259.0 ms/step (39 steps / 589 tok, 100 % of wall) | mtp 1.89 tok/step/req, accept p1 89 % | prefill 0 prompts / 0 tok, 0 tok cached (0/0 hits) | live 8, queued 0 | pool 24/960 blocks (2 %) | prefix cache 0/4096 entries
2026-10-06 23:08:52.037 INFO  stats: rank 3 | 10.2 s | decode 59.1 tok/s, 16.9 ms/tok, 261.3 ms/step (39 steps / 604 tok, 100 % of wall) | mtp 1.94 tok/step/req, accept p1 94 % | prefill 0 prompts / 0 tok, 0 tok cached (0/0 hits) | live 8, queued 0 | pool 24/960 blocks (2 %) | prefix cache 0/4096 entries
2026-10-06 23:09:00.171 INFO  sched: request 'chatcmpl-cc548dce1df233b7' retired (steps): 256 tok in 34.9 s — prefill 34 tok (0 cached) in 1498 ms; decode 255 tok / 130 passes in 33.4 s: 7.6 tok/s, 130.9 ms/tok, 257 ms/pass, 1.96 tok/pass, accept p1 97 %
2026-10-06 23:09:00.431 INFO  sched: request 'chatcmpl-cc548dce1df233ba' retired (steps): 256 tok in 35.1 s — prefill 33 tok (0 cached) in 1498 ms; decode 255 tok / 131 passes in 33.6 s: 7.6 tok/s, 131.9 ms/tok, 257 ms/pass, 1.95 tok/pass, accept p1 95 %
2026-10-06 23:09:00.682 INFO  sched: request 'chatcmpl-cc548dce1df233b4' retired (steps): 256 tok in 35.4 s — prefill 34 tok (0 cached) in 1498 ms; decode 255 tok / 132 passes in 33.9 s: 7.5 tok/s, 132.9 ms/tok, 257 ms/pass, 1.93 tok/pass, accept p1 94 %
2026-10-06 23:09:01.186 INFO  sched: request 'chatcmpl-cc548dce1df233b5' retired (steps): 256 tok in 35.9 s — prefill 33 tok (0 cached) in 1498 ms; decode 255 tok / 134 passes in 34.4 s: 7.4 tok/s, 134.8 ms/tok, 257 ms/pass, 1.90 tok/pass, accept p1 91 %
2026-10-06 23:09:01.428 INFO  sched: request 'chatcmpl-cc548dce1df233bb' retired (steps): 256 tok in 36.1 s — prefill 34 tok (0 cached) in 1498 ms; decode 255 tok / 135 passes in 34.6 s: 7.4 tok/s, 135.8 ms/tok, 256 ms/pass, 1.89 tok/pass, accept p1 90 %
2026-10-06 23:09:01.615 INFO  sched: request 'chatcmpl-cc548dce1df233b9' retired (steps): 256 tok in 36.3 s — prefill 34 tok (0 cached) in 1498 ms; decode 255 tok / 136 passes in 34.8 s: 7.3 tok/s, 136.5 ms/tok, 256 ms/pass, 1.88 tok/pass, accept p1 88 %
2026-10-06 23:09:02.149 INFO  sched: request 'chatcmpl-cc548dce1df233b6' retired (steps): 256 tok in 36.8 s — prefill 33 tok (0 cached) in 1498 ms; decode 255 tok / 139 passes in 35.3 s: 7.2 tok/s, 138.6 ms/tok, 254 ms/pass, 1.83 tok/pass, accept p1 84 %
2026-10-06 23:09:02.149 INFO  sched: request 'chatcmpl-cc548dce1df233b8' retired (steps): 256 tok in 36.8 s — prefill 34 tok (0 cached) in 1498 ms; decode 255 tok / 139 passes in 35.3 s: 7.2 tok/s, 138.6 ms/tok, 254 ms/pass, 1.83 tok/pass, accept p1 84 %
2026-10-06 23:09:02.149 INFO  stats: rank 3 | 10.1 s | decode 53.2 tok/s, 18.6 ms/tok, 250.7 ms/step (40 steps / 538 tok, 99 % of wall) | mtp 1.89 tok/step/req, accept p1 92 % | prefill 0 prompts / 0 tok, 0 tok cached (0/0 hits) | live 0, queued 0 | pool 0/960 blocks (0 %) | prefix cache 0/4096 entries
2026-10-06 23:09:02.169 INFO  sched: request 'chatcmpl-cc548dce1df233bc' starting prefill in slot 0 (34 prompt tokens)
2026-10-06 23:09:02.169 INFO  sched: request 'chatcmpl-cc548dce1df233bd' starting prefill in slot 1 (33 prompt tokens)
2026-10-06 23:09:02.169 INFO  sched: request 'chatcmpl-cc548dce1df233be' starting prefill in slot 2 (34 prompt tokens)
2026-10-06 23:09:02.169 INFO  sched: request 'chatcmpl-cc548dce1df233bf' starting prefill in slot 3 (34 prompt tokens)
2026-10-06 23:09:02.169 INFO  sched: request 'chatcmpl-cc548dce1df233c0' starting prefill in slot 4 (33 prompt tokens)
2026-10-06 23:09:02.169 INFO  sched: request 'chatcmpl-cc548dce1df233c1' starting prefill in slot 5 (34 prompt tokens)
2026-10-06 23:09:02.169 INFO  sched: request 'chatcmpl-cc548dce1df233c2' starting prefill in slot 6 (33 prompt tokens)
2026-10-06 23:09:02.169 INFO  sched: request 'chatcmpl-cc548dce1df233c3' starting prefill in slot 7 (34 prompt tokens)
2026-10-06 23:09:03.674 INFO  sched: request 'chatcmpl-cc548dce1df233bc' prefix cache miss — 3 cut(s), the cache is empty
2026-10-06 23:09:03.674 INFO  sched: request 'chatcmpl-cc548dce1df233bc' admitted to slot 0 (reserve 3 blocks; pool 10/960 blocks in use) — first token 785
2026-10-06 23:09:03.674 INFO  sched: request 'chatcmpl-cc548dce1df233bd' prefix cache miss — 3 cut(s), the cache is empty
2026-10-06 23:09:03.674 INFO  sched: request 'chatcmpl-cc548dce1df233bd' admitted to slot 1 (reserve 3 blocks; pool 12/960 blocks in use) — first token 785
2026-10-06 23:09:03.674 INFO  sched: request 'chatcmpl-cc548dce1df233be' prefix cache miss — 3 cut(s), the cache is empty
2026-10-06 23:09:03.674 INFO  sched: request 'chatcmpl-cc548dce1df233be' admitted to slot 2 (reserve 3 blocks; pool 14/960 blocks in use) — first token 785
2026-10-06 23:09:03.674 INFO  sched: request 'chatcmpl-cc548dce1df233bf' prefix cache miss — 3 cut(s), the cache is empty
2026-10-06 23:09:03.674 INFO  sched: request 'chatcmpl-cc548dce1df233bf' admitted to slot 3 (reserve 3 blocks; pool 16/960 blocks in use) — first token 785
2026-10-06 23:09:03.674 INFO  sched: request 'chatcmpl-cc548dce1df233c0' prefix cache miss — 3 cut(s), the cache is empty
2026-10-06 23:09:03.674 INFO  sched: request 'chatcmpl-cc548dce1df233c0' admitted to slot 4 (reserve 3 blocks; pool 18/960 blocks in use) — first token 785
2026-10-06 23:09:03.674 INFO  sched: request 'chatcmpl-cc548dce1df233c1' prefix cache miss — 3 cut(s), the cache is empty
2026-10-06 23:09:03.674 INFO  sched: request 'chatcmpl-cc548dce1df233c1' admitted to slot 5 (reserve 3 blocks; pool 20/960 blocks in use) — first token 785
2026-10-06 23:09:03.674 INFO  sched: request 'chatcmpl-cc548dce1df233c2' prefix cache miss — 3 cut(s), the cache is empty
2026-10-06 23:09:03.674 INFO  sched: request 'chatcmpl-cc548dce1df233c2' admitted to slot 6 (reserve 3 blocks; pool 22/960 blocks in use) — first token 785
2026-10-06 23:09:03.674 INFO  sched: request 'chatcmpl-cc548dce1df233c3' prefix cache miss — 3 cut(s), the cache is empty
2026-10-06 23:09:03.674 INFO  sched: request 'chatcmpl-cc548dce1df233c3' admitted to slot 7 (reserve 3 blocks; pool 24/960 blocks in use) — first token 785
2026-10-06 23:09:03.674 INFO  sched: 8 requests admitted together in one prefill (1505 ms)
2026-10-06 23:09:12.396 INFO  stats: rank 3 | 10.2 s | decode 52.6 tok/s, 16.1 ms/tok, 241.6 ms/step (36 steps / 539 tok, 85 % of wall) | mtp 1.87 tok/step/req, accept p1 84 % | prefill 8 prompts / 269 tok, 26 tok/s, 5.60 ms/tok, 188 ms avg (15 % of wall), 0 tok cached (0/8 hits) | live 8, queued 0 | pool 24/960 blocks (2 %) | prefix cache 0/4096 entries
2026-10-06 23:09:22.584 INFO  stats: rank 3 | 10.2 s | decode 59.2 tok/s, 16.8 ms/tok, 260.5 ms/step (39 steps / 603 tok, 100 % of wall) | mtp 1.93 tok/step/req, accept p1 93 % | prefill 0 prompts / 0 tok, 0 tok cached (0/0 hits) | live 8, queued 0 | pool 24/960 blocks (2 %) | prefix cache 0/4096 entries
2026-10-06 23:09:32.812 INFO  stats: rank 3 | 10.2 s | decode 59.2 tok/s, 16.8 ms/tok, 261.5 ms/step (39 steps / 606 tok, 100 % of wall) | mtp 1.94 tok/step/req, accept p1 94 % | prefill 0 prompts / 0 tok, 0 tok cached (0/0 hits) | live 8, queued 0 | pool 24/960 blocks (2 %) | prefix cache 0/4096 entries
2026-10-06 23:09:37.026 INFO  sched: request 'chatcmpl-cc548dce1df233c1' retired (steps): 256 tok in 34.9 s — prefill 34 tok (0 cached) in 1505 ms; decode 255 tok / 130 passes in 33.4 s: 7.6 tok/s, 130.8 ms/tok, 257 ms/pass, 1.96 tok/pass, accept p1 97 %
2026-10-06 23:09:37.291 INFO  sched: request 'chatcmpl-cc548dce1df233bc' retired (steps): 256 tok in 35.1 s — prefill 34 tok (0 cached) in 1505 ms; decode 255 tok / 131 passes in 33.6 s: 7.6 tok/s, 131.8 ms/tok, 257 ms/pass, 1.95 tok/pass, accept p1 95 %
2026-10-06 23:09:37.291 INFO  sched: request 'chatcmpl-cc548dce1df233c2' retired (steps): 256 tok in 35.1 s — prefill 33 tok (0 cached) in 1505 ms; decode 255 tok / 131 passes in 33.6 s: 7.6 tok/s, 131.8 ms/tok, 257 ms/pass, 1.95 tok/pass, accept p1 95 %
2026-10-06 23:09:38.024 INFO  sched: request 'chatcmpl-cc548dce1df233c0' retired (steps): 256 tok in 35.9 s — prefill 33 tok (0 cached) in 1505 ms; decode 255 tok / 134 passes in 34.3 s: 7.4 tok/s, 134.7 ms/tok, 256 ms/pass, 1.90 tok/pass, accept p1 91 %
2026-10-06 23:09:38.266 INFO  sched: request 'chatcmpl-cc548dce1df233be' retired (steps): 256 tok in 36.1 s — prefill 34 tok (0 cached) in 1505 ms; decode 255 tok / 135 passes in 34.6 s: 7.4 tok/s, 135.7 ms/tok, 256 ms/pass, 1.89 tok/pass, accept p1 90 %
2026-10-06 23:09:38.266 INFO  sched: request 'chatcmpl-cc548dce1df233c3' retired (steps): 256 tok in 36.1 s — prefill 34 tok (0 cached) in 1505 ms; decode 255 tok / 135 passes in 34.6 s: 7.4 tok/s, 135.7 ms/tok, 256 ms/pass, 1.89 tok/pass, accept p1 90 %
2026-10-06 23:09:38.809 INFO  sched: request 'chatcmpl-cc548dce1df233bd' retired (steps): 256 tok in 36.6 s — prefill 33 tok (0 cached) in 1505 ms; decode 255 tok / 139 passes in 35.1 s: 7.3 tok/s, 137.8 ms/tok, 253 ms/pass, 1.83 tok/pass, accept p1 84 %
2026-10-06 23:09:38.879 INFO  sched: request 'chatcmpl-cc548dce1df233bf' retired (steps): 256 tok in 36.7 s — prefill 34 tok (0 cached) in 1505 ms; decode 255 tok / 140 passes in 35.2 s: 7.2 tok/s, 138.1 ms/tok, 251 ms/pass, 1.82 tok/pass, accept p1 83 %
2026-10-06 23:09:38.894 INFO  sched: request 'chatcmpl-cc548dce1df233c4' starting prefill in slot 0 (34 prompt tokens)
2026-10-06 23:09:38.894 INFO  sched: request 'chatcmpl-cc548dce1df233c5' starting prefill in slot 1 (34 prompt tokens)
2026-10-06 23:09:38.894 INFO  sched: request 'chatcmpl-cc548dce1df233c6' starting prefill in slot 2 (34 prompt tokens)
2026-10-06 23:09:38.894 INFO  sched: request 'chatcmpl-cc548dce1df233c7' starting prefill in slot 3 (33 prompt tokens)
2026-10-06 23:09:38.894 INFO  sched: request 'chatcmpl-cc548dce1df233c8' starting prefill in slot 4 (33 prompt tokens)
2026-10-06 23:09:38.894 INFO  sched: request 'chatcmpl-cc548dce1df233c9' starting prefill in slot 5 (33 prompt tokens)
2026-10-06 23:09:38.894 INFO  sched: request 'chatcmpl-cc548dce1df233ca' starting prefill in slot 6 (34 prompt tokens)
2026-10-06 23:09:38.894 INFO  sched: request 'chatcmpl-cc548dce1df233cb' starting prefill in slot 7 (34 prompt tokens)
2026-10-06 23:09:40.396 INFO  sched: request 'chatcmpl-cc548dce1df233c4' prefix cache miss — 3 cut(s), the cache is empty
2026-10-06 23:09:40.396 INFO  sched: request 'chatcmpl-cc548dce1df233c4' admitted to slot 0 (reserve 3 blocks; pool 10/960 blocks in use) — first token 785
2026-10-06 23:09:40.396 INFO  sched: request 'chatcmpl-cc548dce1df233c5' prefix cache miss — 3 cut(s), the cache is empty
2026-10-06 23:09:40.396 INFO  sched: request 'chatcmpl-cc548dce1df233c5' admitted to slot 1 (reserve 3 blocks; pool 12/960 blocks in use) — first token 785
2026-10-06 23:09:40.396 INFO  sched: request 'chatcmpl-cc548dce1df233c6' prefix cache miss — 3 cut(s), the cache is empty
2026-10-06 23:09:40.396 INFO  sched: request 'chatcmpl-cc548dce1df233c6' admitted to slot 2 (reserve 3 blocks; pool 14/960 blocks in use) — first token 785
2026-10-06 23:09:40.396 INFO  sched: request 'chatcmpl-cc548dce1df233c7' prefix cache miss — 3 cut(s), the cache is empty
2026-10-06 23:09:40.396 INFO  sched: request 'chatcmpl-cc548dce1df233c7' admitted to slot 3 (reserve 3 blocks; pool 16/960 blocks in use) — first token 785
2026-10-06 23:09:40.396 INFO  sched: request 'chatcmpl-cc548dce1df233c8' prefix cache miss — 3 cut(s), the cache is empty
2026-10-06 23:09:40.396 INFO  sched: request 'chatcmpl-cc548dce1df233c8' admitted to slot 4 (reserve 3 blocks; pool 18/960 blocks in use) — first token 785
2026-10-06 23:09:40.396 INFO  sched: request 'chatcmpl-cc548dce1df233c9' prefix cache miss — 3 cut(s), the cache is empty
2026-10-06 23:09:40.396 INFO  sched: request 'chatcmpl-cc548dce1df233c9' admitted to slot 5 (reserve 3 blocks; pool 20/960 blocks in use) — first token 785
2026-10-06 23:09:40.396 INFO  sched: request 'chatcmpl-cc548dce1df233ca' prefix cache miss — 3 cut(s), the cache is empty
2026-10-06 23:09:40.396 INFO  sched: request 'chatcmpl-cc548dce1df233ca' admitted to slot 6 (reserve 3 blocks; pool 22/960 blocks in use) — first token 785
2026-10-06 23:09:40.396 INFO  sched: request 'chatcmpl-cc548dce1df233cb' prefix cache miss — 3 cut(s), the cache is empty
2026-10-06 23:09:40.396 INFO  sched: request 'chatcmpl-cc548dce1df233cb' admitted to slot 7 (reserve 3 blocks; pool 24/960 blocks in use) — first token 785
2026-10-06 23:09:40.396 INFO  sched: 8 requests admitted together in one prefill (1502 ms)
2026-10-06 23:09:42.835 INFO  stats: rank 3 | 10.0 s | decode 47.1 tok/s, 17.9 ms/tok, 228.2 ms/step (37 steps / 472 tok, 84 % of wall) | mtp 1.88 tok/step/req, accept p1 88 % | prefill 8 prompts / 269 tok, 27 tok/s, 5.58 ms/tok, 188 ms avg (15 % of wall), 0 tok cached (0/8 hits) | live 8, queued 0 | pool 24/960 blocks (2 %) | prefix cache 0/4096 entries
2026-10-06 23:09:53.014 INFO  stats: rank 3 | 10.2 s | decode 58.5 tok/s, 17.0 ms/tok, 253.8 ms/step (40 steps / 596 tok, 100 % of wall) | mtp 1.86 tok/step/req, accept p1 86 % | prefill 0 prompts / 0 tok, 0 tok cached (0/0 hits) | live 8, queued 0 | pool 24/960 blocks (2 %) | prefix cache 0/4096 entries
2026-10-06 23:10:03.240 INFO  stats: rank 3 | 10.2 s | decode 59.2 tok/s, 16.9 ms/tok, 261.5 ms/step (39 steps / 605 tok, 100 % of wall) | mtp 1.94 tok/step/req, accept p1 94 % | prefill 0 prompts / 0 tok, 0 tok cached (0/0 hits) | live 8, queued 0 | pool 24/960 blocks (2 %) | prefix cache 0/4096 entries
2026-10-06 23:10:13.434 INFO  stats: rank 3 | 10.2 s | decode 58.7 tok/s, 17.0 ms/tok, 260.7 ms/step (39 steps / 598 tok, 100 % of wall) | mtp 1.92 tok/step/req, accept p1 92 % | prefill 0 prompts / 0 tok, 0 tok cached (0/0 hits) | live 8, queued 0 | pool 24/960 blocks (2 %) | prefix cache 0/4096 entries
2026-10-06 23:10:13.706 INFO  sched: request 'chatcmpl-cc548dce1df233c6' retired (steps): 256 tok in 34.8 s — prefill 34 tok (0 cached) in 1502 ms; decode 255 tok / 130 passes in 33.3 s: 7.7 tok/s, 130.6 ms/tok, 256 ms/pass, 1.96 tok/pass, accept p1 97 %
2026-10-06 23:10:13.706 INFO  sched: request 'chatcmpl-cc548dce1df233c7' retired (steps): 256 tok in 34.8 s — prefill 33 tok (0 cached) in 1502 ms; decode 255 tok / 130 passes in 33.3 s: 7.7 tok/s, 130.6 ms/tok, 256 ms/pass, 1.96 tok/pass, accept p1 96 %
2026-10-06 23:10:14.206 INFO  sched: request 'chatcmpl-cc548dce1df233c4' retired (steps): 256 tok in 35.3 s — prefill 34 tok (0 cached) in 1502 ms; decode 255 tok / 132 passes in 33.8 s: 7.5 tok/s, 132.6 ms/tok, 256 ms/pass, 1.93 tok/pass, accept p1 94 %
2026-10-06 23:10:14.706 INFO  sched: request 'chatcmpl-cc548dce1df233c8' retired (steps): 256 tok in 35.8 s — prefill 33 tok (0 cached) in 1502 ms; decode 255 tok / 134 passes in 34.3 s: 7.4 tok/s, 134.5 ms/tok, 256 ms/pass, 1.90 tok/pass, accept p1 91 %
2026-10-06 23:10:14.950 INFO  sched: request 'chatcmpl-cc548dce1df233cb' retired (steps): 256 tok in 36.1 s — prefill 34 tok (0 cached) in 1502 ms; decode 255 tok / 135 passes in 34.6 s: 7.4 tok/s, 135.5 ms/tok, 256 ms/pass, 1.89 tok/pass, accept p1 90 %
2026-10-06 23:10:15.181 INFO  sched: request 'chatcmpl-cc548dce1df233ca' retired (steps): 256 tok in 36.3 s — prefill 34 tok (0 cached) in 1502 ms; decode 255 tok / 136 passes in 34.8 s: 7.3 tok/s, 136.4 ms/tok, 256 ms/pass, 1.88 tok/pass, accept p1 88 %
2026-10-06 23:10:15.529 INFO  sched: request 'chatcmpl-cc548dce1df233c9' retired (steps): 256 tok in 36.6 s — prefill 33 tok (0 cached) in 1502 ms; decode 255 tok / 138 passes in 35.1 s: 7.3 tok/s, 137.8 ms/tok, 255 ms/pass, 1.85 tok/pass, accept p1 86 %
2026-10-06 23:10:15.662 INFO  sched: request 'chatcmpl-cc548dce1df233c5' retired (steps): 256 tok in 36.8 s — prefill 34 tok (0 cached) in 1502 ms; decode 255 tok / 140 passes in 35.3 s: 7.2 tok/s, 138.3 ms/tok, 252 ms/pass, 1.82 tok/pass, accept p1 83 %
2026-10-06 23:10:15.719 INFO  sched: request 'chatcmpl-cc548dce1df233cc' starting prefill in slot 0 (68 prompt tokens)
2026-10-06 23:10:16.372 INFO  sched: request 'chatcmpl-cc548dce1df233cc' prefix cache miss — 3 cut(s), the cache is empty
2026-10-06 23:10:16.372 INFO  sched: request 'chatcmpl-cc548dce1df233cc' admitted to slot 0 (reserve 3 blocks; pool 3/960 blocks in use) — first token 1654
2026-10-06 23:10:23.443 INFO  stats: rank 3 | 10.0 s | decode 28.5 tok/s, 32.2 ms/tok, 76.5 ms/step (120 steps / 285 tok, 92 % of wall) | mtp 1.88 tok/step/req, accept p1 91 % | prefill 1 prompt / 68 tok, 7 tok/s, 9.60 ms/tok, 653 ms avg (7 % of wall), 0 tok cached (0/1 hit) | live 1, queued 0 | pool 3/960 blocks (0 %) | prefix cache 0/4096 entries
2026-10-06 23:10:25.078 INFO  sched: request 'chatcmpl-cc548dce1df233cc' retired (steps): 256 tok in 9.4 s — prefill 68 tok (0 cached) in 653 ms; decode 255 tok / 134 passes in 8.7 s: 29.3 tok/s, 34.1 ms/tok, 65 ms/pass, 1.90 tok/pass, accept p1 90 %
2026-10-06 23:10:25.093 INFO  sched: request 'chatcmpl-cc548dce1df233cd' starting prefill in slot 0 (68 prompt tokens)
2026-10-06 23:10:25.740 INFO  sched: request 'chatcmpl-cc548dce1df233cd' prefix cache miss — 3 cut(s), the cache is empty
2026-10-06 23:10:25.740 INFO  sched: request 'chatcmpl-cc548dce1df233cd' admitted to slot 0 (reserve 3 blocks; pool 3/960 blocks in use) — first token 1654
2026-10-06 23:10:33.456 INFO  stats: rank 3 | 10.0 s | decode 27.5 tok/s, 33.7 ms/tok, 64.3 ms/step (144 steps / 275 tok, 92 % of wall) | mtp 1.91 tok/step/req, accept p1 90 % | prefill 1 prompt / 68 tok, 7 tok/s, 9.51 ms/tok, 647 ms avg (6 % of wall), 0 tok cached (0/1 hit) | live 1, queued 0 | pool 3/960 blocks (0 %) | prefix cache 0/4096 entries
2026-10-06 23:10:34.438 INFO  sched: request 'chatcmpl-cc548dce1df233cd' retired (steps): 256 tok in 9.3 s — prefill 68 tok (0 cached) in 647 ms; decode 255 tok / 134 passes in 8.7 s: 29.3 tok/s, 34.1 ms/tok, 65 ms/pass, 1.90 tok/pass, accept p1 90 %
2026-10-06 23:10:34.447 INFO  sched: request 'chatcmpl-cc548dce1df233ce' starting prefill in slot 0 (68 prompt tokens)
2026-10-06 23:10:35.102 INFO  sched: request 'chatcmpl-cc548dce1df233ce' prefix cache miss — 3 cut(s), the cache is empty
2026-10-06 23:10:35.102 INFO  sched: request 'chatcmpl-cc548dce1df233ce' admitted to slot 0 (reserve 3 blocks; pool 3/960 blocks in use) — first token 1654
2026-10-06 23:10:43.505 INFO  stats: rank 3 | 10.0 s | decode 27.4 tok/s, 33.8 ms/tok, 64.5 ms/step (144 steps / 275 tok, 92 % of wall) | mtp 1.91 tok/step/req, accept p1 90 % | prefill 1 prompt / 68 tok, 7 tok/s, 9.63 ms/tok, 655 ms avg (7 % of wall), 0 tok cached (0/1 hit) | live 1, queued 0 | pool 3/960 blocks (0 %) | prefix cache 0/4096 entries
2026-10-06 23:10:43.839 INFO  sched: request 'chatcmpl-cc548dce1df233ce' retired (steps): 256 tok in 9.4 s — prefill 68 tok (0 cached) in 655 ms; decode 255 tok / 134 passes in 8.7 s: 29.2 tok/s, 34.3 ms/tok, 65 ms/pass, 1.90 tok/pass, accept p1 90 %
2026-10-06 23:10:43.885 INFO  sched: request 'chatcmpl-cc548dce1df233cf' starting prefill in slot 0 (61 prompt tokens)
2026-10-06 23:10:43.885 INFO  sched: request 'chatcmpl-cc548dce1df233d0' starting prefill in slot 1 (54 prompt tokens)
2026-10-06 23:10:44.876 INFO  sched: request 'chatcmpl-cc548dce1df233cf' prefix cache miss — 3 cut(s), the cache is empty
2026-10-06 23:10:44.876 INFO  sched: request 'chatcmpl-cc548dce1df233cf' admitted to slot 0 (reserve 3 blocks; pool 4/960 blocks in use) — first token 1654
2026-10-06 23:10:44.876 INFO  sched: request 'chatcmpl-cc548dce1df233d0' prefix cache miss — 3 cut(s), the cache is empty
2026-10-06 23:10:44.876 INFO  sched: request 'chatcmpl-cc548dce1df233d0' admitted to slot 1 (reserve 3 blocks; pool 6/960 blocks in use) — first token 1654
2026-10-06 23:10:44.876 INFO  sched: 2 requests admitted together in one prefill (992 ms)
2026-10-06 23:10:53.517 INFO  stats: rank 3 | 10.0 s | decode 36.7 tok/s, 24.3 ms/tok, 91.8 ms/step (97 steps / 367 tok, 89 % of wall) | mtp 1.94 tok/step/req, accept p1 93 % | prefill 2 prompts / 115 tok, 11 tok/s, 8.62 ms/tok, 496 ms avg (10 % of wall), 0 tok cached (0/2 hits) | live 2, queued 0 | pool 6/960 blocks (1 %) | prefix cache 0/4096 entries
2026-10-06 23:10:57.097 INFO  sched: request 'chatcmpl-cc548dce1df233d0' retired (steps): 256 tok in 13.2 s — prefill 54 tok (0 cached) in 992 ms; decode 255 tok / 130 passes in 12.2 s: 20.9 tok/s, 47.9 ms/tok, 94 ms/pass, 1.96 tok/pass, accept p1 97 %
2026-10-06 23:10:57.425 INFO  sched: request 'chatcmpl-cc548dce1df233cf' retired (steps): 256 tok in 13.5 s — prefill 61 tok (0 cached) in 992 ms; decode 255 tok / 135 passes in 12.5 s: 20.3 tok/s, 49.2 ms/tok, 93 ms/pass, 1.89 tok/pass, accept p1 89 %
2026-10-06 23:10:57.434 INFO  sched: request 'chatcmpl-cc548dce1df233d1' starting prefill in slot 0 (61 prompt tokens)
2026-10-06 23:10:57.434 INFO  sched: request 'chatcmpl-cc548dce1df233d2' starting prefill in slot 1 (54 prompt tokens)
2026-10-06 23:10:58.414 INFO  sched: request 'chatcmpl-cc548dce1df233d1' prefix cache miss — 3 cut(s), the cache is empty
2026-10-06 23:10:58.414 INFO  sched: request 'chatcmpl-cc548dce1df233d1' admitted to slot 0 (reserve 3 blocks; pool 4/960 blocks in use) — first token 1654
2026-10-06 23:10:58.414 INFO  sched: request 'chatcmpl-cc548dce1df233d2' prefix cache miss — 3 cut(s), the cache is empty
2026-10-06 23:10:58.414 INFO  sched: request 'chatcmpl-cc548dce1df233d2' admitted to slot 1 (reserve 3 blocks; pool 6/960 blocks in use) — first token 1654
2026-10-06 23:10:58.414 INFO  sched: 2 requests admitted together in one prefill (980 ms)
2026-10-06 23:11:03.556 INFO  stats: rank 3 | 10.0 s | decode 36.9 tok/s, 24.3 ms/tok, 91.6 ms/step (98 steps / 370 tok, 89 % of wall) | mtp 1.94 tok/step/req, accept p1 93 % | prefill 2 prompts / 115 tok, 11 tok/s, 8.52 ms/tok, 490 ms avg (10 % of wall), 0 tok cached (0/2 hits) | live 2, queued 0 | pool 6/960 blocks (1 %) | prefix cache 0/4096 entries
2026-10-06 23:11:10.647 INFO  sched: request 'chatcmpl-cc548dce1df233d2' retired (steps): 256 tok in 13.2 s — prefill 54 tok (0 cached) in 980 ms; decode 255 tok / 130 passes in 12.2 s: 20.8 tok/s, 48.0 ms/tok, 94 ms/pass, 1.96 tok/pass, accept p1 97 %
2026-10-06 23:11:10.906 INFO  sched: request 'chatcmpl-cc548dce1df233d1' retired (steps): 256 tok in 13.5 s — prefill 61 tok (0 cached) in 980 ms; decode 255 tok / 134 passes in 12.5 s: 20.4 tok/s, 49.0 ms/tok, 93 ms/pass, 1.90 tok/pass, accept p1 90 %
2026-10-06 23:11:10.915 INFO  sched: request 'chatcmpl-cc548dce1df233d3' starting prefill in slot 0 (61 prompt tokens)
2026-10-06 23:11:10.915 INFO  sched: request 'chatcmpl-cc548dce1df233d4' starting prefill in slot 1 (54 prompt tokens)
2026-10-06 23:11:11.895 INFO  sched: request 'chatcmpl-cc548dce1df233d3' prefix cache miss — 3 cut(s), the cache is empty
2026-10-06 23:11:11.895 INFO  sched: request 'chatcmpl-cc548dce1df233d3' admitted to slot 0 (reserve 3 blocks; pool 4/960 blocks in use) — first token 1654
2026-10-06 23:11:11.895 INFO  sched: request 'chatcmpl-cc548dce1df233d4' prefix cache miss — 3 cut(s), the cache is empty
2026-10-06 23:11:11.895 INFO  sched: request 'chatcmpl-cc548dce1df233d4' admitted to slot 1 (reserve 3 blocks; pool 6/960 blocks in use) — first token 1654
2026-10-06 23:11:11.895 INFO  sched: 2 requests admitted together in one prefill (980 ms)
2026-10-06 23:11:13.560 INFO  stats: rank 3 | 10.0 s | decode 36.9 tok/s, 24.2 ms/tok, 92.2 ms/step (97 steps / 369 tok, 89 % of wall) | mtp 1.94 tok/step/req, accept p1 94 % | prefill 2 prompts / 115 tok, 11 tok/s, 8.52 ms/tok, 490 ms avg (10 % of wall), 0 tok cached (0/2 hits) | live 2, queued 0 | pool 6/960 blocks (1 %) | prefix cache 0/4096 entries
2026-10-06 23:11:23.652 INFO  stats: rank 3 | 10.1 s | decode 41.1 tok/s, 24.1 ms/tok, 93.6 ms/step (107 steps / 415 tok, 99 % of wall) | mtp 1.94 tok/step/req, accept p1 94 % | prefill 0 prompts / 0 tok, 0 tok cached (0/0 hits) | live 2, queued 0 | pool 6/960 blocks (1 %) | prefix cache 0/4096 entries
2026-10-06 23:11:24.128 INFO  sched: request 'chatcmpl-cc548dce1df233d4' retired (steps): 256 tok in 13.2 s — prefill 54 tok (0 cached) in 980 ms; decode 255 tok / 130 passes in 12.2 s: 20.8 tok/s, 48.0 ms/tok, 94 ms/pass, 1.96 tok/pass, accept p1 97 %
2026-10-06 23:11:24.390 INFO  sched: request 'chatcmpl-cc548dce1df233d3' retired (steps): 256 tok in 13.5 s — prefill 61 tok (0 cached) in 980 ms; decode 255 tok / 134 passes in 12.5 s: 20.4 tok/s, 49.0 ms/tok, 93 ms/pass, 1.90 tok/pass, accept p1 90 %
2026-10-06 23:11:24.447 INFO  sched: request 'chatcmpl-cc548dce1df233d5' starting prefill in slot 0 (54 prompt tokens)
2026-10-06 23:11:24.447 INFO  sched: request 'chatcmpl-cc548dce1df233d6' starting prefill in slot 1 (39 prompt tokens)
2026-10-06 23:11:24.447 INFO  sched: request 'chatcmpl-cc548dce1df233d7' starting prefill in slot 2 (37 prompt tokens)
2026-10-06 23:11:24.447 INFO  sched: request 'chatcmpl-cc548dce1df233d8' starting prefill in slot 3 (35 prompt tokens)
2026-10-06 23:11:25.481 INFO  sched: request 'chatcmpl-cc548dce1df233d5' prefix cache miss — 3 cut(s), the cache is empty
2026-10-06 23:11:25.481 INFO  sched: request 'chatcmpl-cc548dce1df233d5' admitted to slot 0 (reserve 3 blocks; pool 6/960 blocks in use) — first token 1654
2026-10-06 23:11:25.481 INFO  sched: request 'chatcmpl-cc548dce1df233d6' prefix cache miss — 3 cut(s), the cache is empty
2026-10-06 23:11:25.481 INFO  sched: request 'chatcmpl-cc548dce1df233d6' admitted to slot 1 (reserve 3 blocks; pool 8/960 blocks in use) — first token 785
2026-10-06 23:11:25.481 INFO  sched: request 'chatcmpl-cc548dce1df233d7' prefix cache miss — 3 cut(s), the cache is empty
2026-10-06 23:11:25.481 INFO  sched: request 'chatcmpl-cc548dce1df233d7' admitted to slot 2 (reserve 3 blocks; pool 10/960 blocks in use) — first token 785
2026-10-06 23:11:25.481 INFO  sched: request 'chatcmpl-cc548dce1df233d8' prefix cache miss — 3 cut(s), the cache is empty
2026-10-06 23:11:25.481 INFO  sched: request 'chatcmpl-cc548dce1df233d8' admitted to slot 3 (reserve 3 blocks; pool 12/960 blocks in use) — first token 785
2026-10-06 23:11:25.481 INFO  sched: 4 requests admitted together in one prefill (1034 ms)
2026-10-06 23:11:33.721 INFO  stats: rank 3 | 10.1 s | decode 44.3 tok/s, 20.0 ms/tok, 139.5 ms/step (64 steps / 446 tok, 89 % of wall) | mtp 1.91 tok/step/req, accept p1 89 % | prefill 4 prompts / 165 tok, 16 tok/s, 6.27 ms/tok, 259 ms avg (10 % of wall), 0 tok cached (0/4 hits) | live 4, queued 0 | pool 12/960 blocks (1 %) | prefix cache 0/4096 entries
2026-10-06 23:11:43.770 INFO  stats: rank 3 | 10.0 s | decode 49.2 tok/s, 20.2 ms/tok, 153.9 ms/step (65 steps / 494 tok, 100 % of wall) | mtp 1.90 tok/step/req, accept p1 90 % | prefill 0 prompts / 0 tok, 0 tok cached (0/0 hits) | live 4, queued 0 | pool 12/960 blocks (1 %) | prefix cache 0/4096 entries
2026-10-06 23:11:45.487 INFO  sched: request 'chatcmpl-cc548dce1df233d5' retired (steps): 256 tok in 21.0 s — prefill 54 tok (0 cached) in 1034 ms; decode 255 tok / 131 passes in 20.0 s: 12.7 tok/s, 78.5 ms/tok, 153 ms/pass, 1.95 tok/pass, accept p1 95 %
2026-10-06 23:11:45.806 INFO  sched: request 'chatcmpl-cc548dce1df233d6' retired (steps): 256 tok in 21.4 s — prefill 39 tok (0 cached) in 1034 ms; decode 255 tok / 133 passes in 20.3 s: 12.5 tok/s, 79.7 ms/tok, 153 ms/pass, 1.92 tok/pass, accept p1 92 %
2026-10-06 23:11:46.089 INFO  sched: request 'chatcmpl-cc548dce1df233d7' retired (steps): 256 tok in 21.6 s — prefill 37 tok (0 cached) in 1034 ms; decode 255 tok / 135 passes in 20.6 s: 12.4 tok/s, 80.8 ms/tok, 153 ms/pass, 1.89 tok/pass, accept p1 90 %
2026-10-06 23:11:46.290 INFO  sched: request 'chatcmpl-cc548dce1df233d8' retired (steps): 256 tok in 21.8 s — prefill 35 tok (0 cached) in 1034 ms; decode 255 tok / 138 passes in 20.8 s: 12.3 tok/s, 81.6 ms/tok, 151 ms/pass, 1.85 tok/pass, accept p1 85 %
2026-10-06 23:11:46.321 INFO  sched: request 'chatcmpl-cc548dce1df233d9' starting prefill in slot 0 (54 prompt tokens)
2026-10-06 23:11:46.321 INFO  sched: request 'chatcmpl-cc548dce1df233da' starting prefill in slot 1 (39 prompt tokens)
2026-10-06 23:11:46.321 INFO  sched: request 'chatcmpl-cc548dce1df233db' starting prefill in slot 2 (35 prompt tokens)
2026-10-06 23:11:46.321 INFO  sched: request 'chatcmpl-cc548dce1df233dc' starting prefill in slot 3 (37 prompt tokens)
2026-10-06 23:11:47.346 INFO  sched: request 'chatcmpl-cc548dce1df233d9' prefix cache miss — 3 cut(s), the cache is empty
2026-10-06 23:11:47.346 INFO  sched: request 'chatcmpl-cc548dce1df233d9' admitted to slot 0 (reserve 3 blocks; pool 6/960 blocks in use) — first token 1654
2026-10-06 23:11:47.347 INFO  sched: request 'chatcmpl-cc548dce1df233da' prefix cache miss — 3 cut(s), the cache is empty
2026-10-06 23:11:47.347 INFO  sched: request 'chatcmpl-cc548dce1df233da' admitted to slot 1 (reserve 3 blocks; pool 8/960 blocks in use) — first token 785
2026-10-06 23:11:47.347 INFO  sched: request 'chatcmpl-cc548dce1df233db' prefix cache miss — 3 cut(s), the cache is empty
2026-10-06 23:11:47.347 INFO  sched: request 'chatcmpl-cc548dce1df233db' admitted to slot 2 (reserve 3 blocks; pool 10/960 blocks in use) — first token 785
2026-10-06 23:11:47.347 INFO  sched: request 'chatcmpl-cc548dce1df233dc' prefix cache miss — 3 cut(s), the cache is empty
2026-10-06 23:11:47.347 INFO  sched: request 'chatcmpl-cc548dce1df233dc' admitted to slot 3 (reserve 3 blocks; pool 12/960 blocks in use) — first token 785
2026-10-06 23:11:47.347 INFO  sched: 4 requests admitted together in one prefill (1025 ms)
2026-10-06 23:11:53.908 INFO  stats: rank 3 | 10.1 s | decode 44.0 tok/s, 20.2 ms/tok, 145.5 ms/step (62 steps / 446 tok, 89 % of wall) | mtp 1.91 tok/step/req, accept p1 91 % | prefill 4 prompts / 165 tok, 16 tok/s, 6.21 ms/tok, 256 ms avg (10 % of wall), 0 tok cached (0/4 hits) | live 4, queued 0 | pool 12/960 blocks (1 %) | prefix cache 0/4096 entries
2026-10-06 23:12:03.913 INFO  stats: rank 3 | 10.0 s | decode 49.0 tok/s, 20.3 ms/tok, 153.3 ms/step (65 steps / 490 tok, 100 % of wall) | mtp 1.88 tok/step/req, accept p1 88 % | prefill 0 prompts / 0 tok, 0 tok cached (0/0 hits) | live 4, queued 0 | pool 12/960 blocks (1 %) | prefix cache 0/4096 entries
2026-10-06 23:12:07.337 INFO  sched: request 'chatcmpl-cc548dce1df233d9' retired (steps): 256 tok in 21.0 s — prefill 54 tok (0 cached) in 1025 ms; decode 255 tok / 131 passes in 20.0 s: 12.8 tok/s, 78.4 ms/tok, 153 ms/pass, 1.95 tok/pass, accept p1 95 %
2026-10-06 23:12:07.645 INFO  sched: request 'chatcmpl-cc548dce1df233da' retired (steps): 256 tok in 21.3 s — prefill 39 tok (0 cached) in 1025 ms; decode 255 tok / 133 passes in 20.3 s: 12.6 tok/s, 79.6 ms/tok, 153 ms/pass, 1.92 tok/pass, accept p1 92 %
2026-10-06 23:12:07.932 INFO  sched: request 'chatcmpl-cc548dce1df233dc' retired (steps): 256 tok in 21.6 s — prefill 37 tok (0 cached) in 1025 ms; decode 255 tok / 135 passes in 20.6 s: 12.4 tok/s, 80.7 ms/tok, 152 ms/pass, 1.89 tok/pass, accept p1 90 %
2026-10-06 23:12:08.134 INFO  sched: request 'chatcmpl-cc548dce1df233db' retired (steps): 256 tok in 21.8 s — prefill 35 tok (0 cached) in 1025 ms; decode 255 tok / 138 passes in 20.8 s: 12.3 tok/s, 81.5 ms/tok, 151 ms/pass, 1.85 tok/pass, accept p1 85 %
2026-10-06 23:12:08.143 INFO  sched: request 'chatcmpl-cc548dce1df233dd' starting prefill in slot 0 (54 prompt tokens)
2026-10-06 23:12:08.143 INFO  sched: request 'chatcmpl-cc548dce1df233de' starting prefill in slot 1 (37 prompt tokens)
2026-10-06 23:12:08.143 INFO  sched: request 'chatcmpl-cc548dce1df233df' starting prefill in slot 2 (35 prompt tokens)
2026-10-06 23:12:08.143 INFO  sched: request 'chatcmpl-cc548dce1df233e0' starting prefill in slot 3 (39 prompt tokens)
2026-10-06 23:12:09.167 INFO  sched: request 'chatcmpl-cc548dce1df233dd' prefix cache miss — 3 cut(s), the cache is empty
2026-10-06 23:12:09.167 INFO  sched: request 'chatcmpl-cc548dce1df233dd' admitted to slot 0 (reserve 3 blocks; pool 6/960 blocks in use) — first token 1654
2026-10-06 23:12:09.167 INFO  sched: request 'chatcmpl-cc548dce1df233de' prefix cache miss — 3 cut(s), the cache is empty
2026-10-06 23:12:09.167 INFO  sched: request 'chatcmpl-cc548dce1df233de' admitted to slot 1 (reserve 3 blocks; pool 8/960 blocks in use) — first token 785
2026-10-06 23:12:09.167 INFO  sched: request 'chatcmpl-cc548dce1df233df' prefix cache miss — 3 cut(s), the cache is empty
2026-10-06 23:12:09.167 INFO  sched: request 'chatcmpl-cc548dce1df233df' admitted to slot 2 (reserve 3 blocks; pool 10/960 blocks in use) — first token 785
2026-10-06 23:12:09.167 INFO  sched: request 'chatcmpl-cc548dce1df233e0' prefix cache miss — 3 cut(s), the cache is empty
2026-10-06 23:12:09.167 INFO  sched: request 'chatcmpl-cc548dce1df233e0' admitted to slot 3 (reserve 3 blocks; pool 12/960 blocks in use) — first token 785
2026-10-06 23:12:09.167 INFO  sched: 4 requests admitted together in one prefill (1023 ms)
2026-10-06 23:12:14.048 INFO  stats: rank 3 | 10.1 s | decode 44.4 tok/s, 20.1 ms/tok, 145.8 ms/step (62 steps / 450 tok, 89 % of wall) | mtp 1.93 tok/step/req, accept p1 93 % | prefill 4 prompts / 165 tok, 16 tok/s, 6.20 ms/tok, 256 ms avg (10 % of wall), 0 tok cached (0/4 hits) | live 4, queued 0 | pool 12/960 blocks (1 %) | prefix cache 0/4096 entries
2026-10-06 23:12:24.063 INFO  stats: rank 3 | 10.0 s | decode 49.0 tok/s, 20.3 ms/tok, 153.4 ms/step (65 steps / 491 tok, 100 % of wall) | mtp 1.89 tok/step/req, accept p1 89 % | prefill 0 prompts / 0 tok, 0 tok cached (0/0 hits) | live 4, queued 0 | pool 12/960 blocks (1 %) | prefix cache 0/4096 entries
2026-10-06 23:12:29.175 INFO  sched: request 'chatcmpl-cc548dce1df233dd' retired (steps): 256 tok in 21.0 s — prefill 54 tok (0 cached) in 1023 ms; decode 255 tok / 131 passes in 20.0 s: 12.7 tok/s, 78.5 ms/tok, 153 ms/pass, 1.95 tok/pass, accept p1 95 %
2026-10-06 23:12:29.480 INFO  sched: request 'chatcmpl-cc548dce1df233e0' retired (steps): 256 tok in 21.3 s — prefill 39 tok (0 cached) in 1023 ms; decode 255 tok / 133 passes in 20.3 s: 12.6 tok/s, 79.7 ms/tok, 153 ms/pass, 1.92 tok/pass, accept p1 92 %
2026-10-06 23:12:29.724 INFO  sched: request 'chatcmpl-cc548dce1df233de' retired (steps): 256 tok in 21.6 s — prefill 37 tok (0 cached) in 1023 ms; decode 255 tok / 135 passes in 20.6 s: 12.4 tok/s, 80.6 ms/tok, 152 ms/pass, 1.89 tok/pass, accept p1 90 %
2026-10-06 23:12:29.933 INFO  sched: request 'chatcmpl-cc548dce1df233df' retired (steps): 256 tok in 21.8 s — prefill 35 tok (0 cached) in 1023 ms; decode 255 tok / 138 passes in 20.8 s: 12.3 tok/s, 81.4 ms/tok, 150 ms/pass, 1.85 tok/pass, accept p1 85 %
2026-10-06 23:12:30.044 INFO  sched: request 'chatcmpl-cc548dce1df233e1' starting prefill in slot 0 (39 prompt tokens)
2026-10-06 23:12:30.044 INFO  sched: request 'chatcmpl-cc548dce1df233e2' starting prefill in slot 1 (36 prompt tokens)
2026-10-06 23:12:30.044 INFO  sched: request 'chatcmpl-cc548dce1df233e3' starting prefill in slot 2 (37 prompt tokens)
2026-10-06 23:12:30.044 INFO  sched: request 'chatcmpl-cc548dce1df233e4' starting prefill in slot 3 (49 prompt tokens)
2026-10-06 23:12:30.044 INFO  sched: request 'chatcmpl-cc548dce1df233e5' starting prefill in slot 4 (42 prompt tokens)
2026-10-06 23:12:30.044 INFO  sched: request 'chatcmpl-cc548dce1df233e6' starting prefill in slot 5 (42 prompt tokens)
2026-10-06 23:12:30.044 INFO  sched: request 'chatcmpl-cc548dce1df233e7' starting prefill in slot 6 (40 prompt tokens)
2026-10-06 23:12:30.044 INFO  sched: request 'chatcmpl-cc548dce1df233e8' starting prefill in slot 7 (38 prompt tokens)
2026-10-06 23:12:31.751 INFO  sched: request 'chatcmpl-cc548dce1df233e1' prefix cache miss — 3 cut(s), the cache is empty
2026-10-06 23:12:31.751 INFO  sched: request 'chatcmpl-cc548dce1df233e1' admitted to slot 0 (reserve 3 blocks; pool 10/960 blocks in use) — first token 785
2026-10-06 23:12:31.751 INFO  sched: request 'chatcmpl-cc548dce1df233e2' prefix cache miss — 3 cut(s), the cache is empty
2026-10-06 23:12:31.751 INFO  sched: request 'chatcmpl-cc548dce1df233e2' admitted to slot 1 (reserve 3 blocks; pool 12/960 blocks in use) — first token 785
2026-10-06 23:12:31.751 INFO  sched: request 'chatcmpl-cc548dce1df233e3' prefix cache miss — 3 cut(s), the cache is empty
2026-10-06 23:12:31.751 INFO  sched: request 'chatcmpl-cc548dce1df233e3' admitted to slot 2 (reserve 3 blocks; pool 14/960 blocks in use) — first token 785
2026-10-06 23:12:31.751 INFO  sched: request 'chatcmpl-cc548dce1df233e4' prefix cache miss — 3 cut(s), the cache is empty
2026-10-06 23:12:31.751 INFO  sched: request 'chatcmpl-cc548dce1df233e4' admitted to slot 3 (reserve 3 blocks; pool 16/960 blocks in use) — first token 785
2026-10-06 23:12:31.751 INFO  sched: request 'chatcmpl-cc548dce1df233e5' prefix cache miss — 3 cut(s), the cache is empty
2026-10-06 23:12:31.751 INFO  sched: request 'chatcmpl-cc548dce1df233e5' admitted to slot 4 (reserve 3 blocks; pool 18/960 blocks in use) — first token 785
2026-10-06 23:12:31.751 INFO  sched: request 'chatcmpl-cc548dce1df233e6' prefix cache miss — 3 cut(s), the cache is empty
2026-10-06 23:12:31.751 INFO  sched: request 'chatcmpl-cc548dce1df233e6' admitted to slot 5 (reserve 3 blocks; pool 20/960 blocks in use) — first token 785
2026-10-06 23:12:31.751 INFO  sched: request 'chatcmpl-cc548dce1df233e7' prefix cache miss — 3 cut(s), the cache is empty
2026-10-06 23:12:31.751 INFO  sched: request 'chatcmpl-cc548dce1df233e7' admitted to slot 6 (reserve 3 blocks; pool 22/960 blocks in use) — first token 785
2026-10-06 23:12:31.751 INFO  sched: request 'chatcmpl-cc548dce1df233e8' prefix cache miss — 3 cut(s), the cache is empty
2026-10-06 23:12:31.751 INFO  sched: request 'chatcmpl-cc548dce1df233e8' admitted to slot 7 (reserve 3 blocks; pool 24/960 blocks in use) — first token 785
2026-10-06 23:12:31.751 INFO  sched: 8 requests admitted together in one prefill (1707 ms)
2026-10-06 23:12:34.113 INFO  stats: rank 3 | 10.0 s | decode 44.1 tok/s, 18.5 ms/tok, 163.6 ms/step (50 steps / 443 tok, 81 % of wall) | mtp 1.97 tok/step/req, accept p1 95 % | prefill 8 prompts / 323 tok, 32 tok/s, 5.28 ms/tok, 213 ms avg (17 % of wall), 0 tok cached (0/8 hits) | live 8, queued 0 | pool 24/960 blocks (2 %) | prefix cache 0/4096 entries
2026-10-06 23:12:44.187 INFO  stats: rank 3 | 10.1 s | decode 58.1 tok/s, 17.2 ms/tok, 257.7 ms/step (39 steps / 585 tok, 100 % of wall) | mtp 1.88 tok/step/req, accept p1 88 % | prefill 0 prompts / 0 tok, 0 tok cached (0/0 hits) | live 8, queued 0 | pool 24/960 blocks (2 %) | prefix cache 0/4096 entries
2026-10-06 23:12:54.440 INFO  stats: rank 3 | 10.3 s | decode 56.1 tok/s, 17.8 ms/tok, 269.1 ms/step (38 steps / 575 tok, 100 % of wall) | mtp 1.89 tok/step/req, accept p1 89 % | prefill 0 prompts / 0 tok, 0 tok cached (0/0 hits) | live 8, queued 0 | pool 24/960 blocks (2 %) | prefix cache 0/4096 entries
2026-10-06 23:13:04.457 INFO  stats: rank 3 | 10.0 s | decode 56.4 tok/s, 17.7 ms/tok, 269.9 ms/step (37 steps / 565 tok, 100 % of wall) | mtp 1.91 tok/step/req, accept p1 91 % | prefill 0 prompts / 0 tok, 0 tok cached (0/0 hits) | live 8, queued 0 | pool 24/960 blocks (2 %) | prefix cache 0/4096 entries
2026-10-06 23:13:06.098 INFO  sched: request 'chatcmpl-cc548dce1df233e4' retired (steps): 256 tok in 36.1 s — prefill 49 tok (0 cached) in 1707 ms; decode 255 tok / 130 passes in 34.3 s: 7.4 tok/s, 134.7 ms/tok, 264 ms/pass, 1.96 tok/pass, accept p1 97 %
2026-10-06 23:13:06.898 INFO  sched: request 'chatcmpl-cc548dce1df233e1' retired (steps): 256 tok in 36.9 s — prefill 39 tok (0 cached) in 1707 ms; decode 255 tok / 133 passes in 35.1 s: 7.3 tok/s, 137.8 ms/tok, 264 ms/pass, 1.92 tok/pass, accept p1 92 %
2026-10-06 23:13:06.898 INFO  sched: request 'chatcmpl-cc548dce1df233e2' retired (steps): 256 tok in 36.9 s — prefill 36 tok (0 cached) in 1707 ms; decode 255 tok / 133 passes in 35.1 s: 7.3 tok/s, 137.8 ms/tok, 264 ms/pass, 1.92 tok/pass, accept p1 92 %
2026-10-06 23:13:06.898 INFO  sched: request 'chatcmpl-cc548dce1df233e5' retired (steps): 256 tok in 36.9 s — prefill 42 tok (0 cached) in 1707 ms; decode 255 tok / 133 passes in 35.1 s: 7.3 tok/s, 137.8 ms/tok, 264 ms/pass, 1.92 tok/pass, accept p1 92 %
2026-10-06 23:13:07.387 INFO  sched: request 'chatcmpl-cc548dce1df233e3' retired (steps): 256 tok in 37.3 s — prefill 37 tok (0 cached) in 1707 ms; decode 255 tok / 135 passes in 35.6 s: 7.2 tok/s, 139.7 ms/tok, 264 ms/pass, 1.89 tok/pass, accept p1 90 %
2026-10-06 23:13:07.387 INFO  sched: request 'chatcmpl-cc548dce1df233e7' retired (steps): 256 tok in 37.3 s — prefill 40 tok (0 cached) in 1707 ms; decode 255 tok / 135 passes in 35.6 s: 7.2 tok/s, 139.7 ms/tok, 264 ms/pass, 1.89 tok/pass, accept p1 89 %
2026-10-06 23:13:07.614 INFO  sched: request 'chatcmpl-cc548dce1df233e6' retired (steps): 256 tok in 37.6 s — prefill 42 tok (0 cached) in 1707 ms; decode 255 tok / 136 passes in 35.9 s: 7.1 tok/s, 140.6 ms/tok, 264 ms/pass, 1.88 tok/pass, accept p1 88 %
2026-10-06 23:13:07.943 INFO  sched: request 'chatcmpl-cc548dce1df233e8' retired (steps): 256 tok in 37.9 s — prefill 38 tok (0 cached) in 1707 ms; decode 255 tok / 141 passes in 36.2 s: 7.0 tok/s, 141.9 ms/tok, 257 ms/pass, 1.81 tok/pass, accept p1 81 %
2026-10-06 23:13:07.958 INFO  sched: request 'chatcmpl-cc548dce1df233e9' starting prefill in slot 0 (39 prompt tokens)
2026-10-06 23:13:07.958 INFO  sched: request 'chatcmpl-cc548dce1df233ea' starting prefill in slot 1 (36 prompt tokens)
2026-10-06 23:13:07.958 INFO  sched: request 'chatcmpl-cc548dce1df233eb' starting prefill in slot 2 (49 prompt tokens)
2026-10-06 23:13:07.958 INFO  sched: request 'chatcmpl-cc548dce1df233ec' starting prefill in slot 3 (40 prompt tokens)
2026-10-06 23:13:07.958 INFO  sched: request 'chatcmpl-cc548dce1df233ed' starting prefill in slot 4 (42 prompt tokens)
2026-10-06 23:13:07.958 INFO  sched: request 'chatcmpl-cc548dce1df233ee' starting prefill in slot 5 (37 prompt tokens)
2026-10-06 23:13:07.958 INFO  sched: request 'chatcmpl-cc548dce1df233ef' starting prefill in slot 6 (42 prompt tokens)
2026-10-06 23:13:07.958 INFO  sched: request 'chatcmpl-cc548dce1df233f0' starting prefill in slot 7 (38 prompt tokens)
2026-10-06 23:13:09.663 INFO  sched: request 'chatcmpl-cc548dce1df233e9' prefix cache miss — 3 cut(s), the cache is empty
2026-10-06 23:13:09.663 INFO  sched: request 'chatcmpl-cc548dce1df233e9' admitted to slot 0 (reserve 3 blocks; pool 10/960 blocks in use) — first token 785
2026-10-06 23:13:09.663 INFO  sched: request 'chatcmpl-cc548dce1df233ea' prefix cache miss — 3 cut(s), the cache is empty
2026-10-06 23:13:09.663 INFO  sched: request 'chatcmpl-cc548dce1df233ea' admitted to slot 1 (reserve 3 blocks; pool 12/960 blocks in use) — first token 785
2026-10-06 23:13:09.663 INFO  sched: request 'chatcmpl-cc548dce1df233eb' prefix cache miss — 3 cut(s), the cache is empty
2026-10-06 23:13:09.663 INFO  sched: request 'chatcmpl-cc548dce1df233eb' admitted to slot 2 (reserve 3 blocks; pool 14/960 blocks in use) — first token 785
2026-10-06 23:13:09.663 INFO  sched: request 'chatcmpl-cc548dce1df233ec' prefix cache miss — 3 cut(s), the cache is empty
2026-10-06 23:13:09.663 INFO  sched: request 'chatcmpl-cc548dce1df233ec' admitted to slot 3 (reserve 3 blocks; pool 16/960 blocks in use) — first token 785
2026-10-06 23:13:09.663 INFO  sched: request 'chatcmpl-cc548dce1df233ed' prefix cache miss — 3 cut(s), the cache is empty
2026-10-06 23:13:09.663 INFO  sched: request 'chatcmpl-cc548dce1df233ed' admitted to slot 4 (reserve 3 blocks; pool 18/960 blocks in use) — first token 785
2026-10-06 23:13:09.663 INFO  sched: request 'chatcmpl-cc548dce1df233ee' prefix cache miss — 3 cut(s), the cache is empty
2026-10-06 23:13:09.663 INFO  sched: request 'chatcmpl-cc548dce1df233ee' admitted to slot 5 (reserve 3 blocks; pool 20/960 blocks in use) — first token 785
2026-10-06 23:13:09.663 INFO  sched: request 'chatcmpl-cc548dce1df233ef' prefix cache miss — 3 cut(s), the cache is empty
2026-10-06 23:13:09.663 INFO  sched: request 'chatcmpl-cc548dce1df233ef' admitted to slot 6 (reserve 3 blocks; pool 22/960 blocks in use) — first token 785
2026-10-06 23:13:09.663 INFO  sched: request 'chatcmpl-cc548dce1df233f0' prefix cache miss — 3 cut(s), the cache is empty
2026-10-06 23:13:09.663 INFO  sched: request 'chatcmpl-cc548dce1df233f0' admitted to slot 7 (reserve 3 blocks; pool 24/960 blocks in use) — first token 785
2026-10-06 23:13:09.663 INFO  sched: 8 requests admitted together in one prefill (1705 ms)
2026-10-06 23:13:14.478 INFO  stats: rank 3 | 10.0 s | decode 47.4 tok/s, 17.3 ms/tok, 222.7 ms/step (37 steps / 475 tok, 82 % of wall) | mtp 1.95 tok/step/req, accept p1 93 % | prefill 8 prompts / 323 tok, 32 tok/s, 5.28 ms/tok, 213 ms avg (17 % of wall), 0 tok cached (0/8 hits) | live 8, queued 0 | pool 24/960 blocks (2 %) | prefix cache 0/4096 entries
2026-10-06 23:13:24.534 INFO  stats: rank 3 | 10.1 s | decode 56.1 tok/s, 17.8 ms/tok, 263.9 ms/step (38 steps / 564 tok, 100 % of wall) | mtp 1.86 tok/step/req, accept p1 86 % | prefill 0 prompts / 0 tok, 0 tok cached (0/0 hits) | live 8, queued 0 | pool 24/960 blocks (2 %) | prefix cache 0/4096 entries
2026-10-06 23:13:34.801 INFO  stats: rank 3 | 10.3 s | decode 55.7 tok/s, 17.9 ms/tok, 269.4 ms/step (38 steps / 572 tok, 100 % of wall) | mtp 1.88 tok/step/req, accept p1 88 % | prefill 0 prompts / 0 tok, 0 tok cached (0/0 hits) | live 8, queued 0 | pool 24/960 blocks (2 %) | prefix cache 0/4096 entries
2026-10-06 23:13:44.300 INFO  sched: request 'chatcmpl-cc548dce1df233eb' retired (steps): 256 tok in 36.3 s — prefill 49 tok (0 cached) in 1705 ms; decode 255 tok / 131 passes in 34.6 s: 7.4 tok/s, 135.8 ms/tok, 264 ms/pass, 1.95 tok/pass, accept p1 95 %
2026-10-06 23:13:44.834 INFO  sched: request 'chatcmpl-cc548dce1df233e9' retired (steps): 256 tok in 36.9 s — prefill 39 tok (0 cached) in 1705 ms; decode 255 tok / 133 passes in 35.2 s: 7.3 tok/s, 137.9 ms/tok, 264 ms/pass, 1.92 tok/pass, accept p1 92 %
2026-10-06 23:13:44.834 INFO  sched: request 'chatcmpl-cc548dce1df233ea' retired (steps): 256 tok in 36.9 s — prefill 36 tok (0 cached) in 1705 ms; decode 255 tok / 133 passes in 35.2 s: 7.3 tok/s, 137.9 ms/tok, 264 ms/pass, 1.92 tok/pass, accept p1 92 %
2026-10-06 23:13:44.834 INFO  sched: request 'chatcmpl-cc548dce1df233ef' retired (steps): 256 tok in 36.9 s — prefill 42 tok (0 cached) in 1705 ms; decode 255 tok / 133 passes in 35.2 s: 7.3 tok/s, 137.9 ms/tok, 264 ms/pass, 1.92 tok/pass, accept p1 92 %
2026-10-06 23:13:44.834 INFO  stats: rank 3 | 10.0 s | decode 56.3 tok/s, 17.7 ms/tok, 269.9 ms/step (37 steps / 565 tok, 100 % of wall) | mtp 1.92 tok/step/req, accept p1 93 % | prefill 0 prompts / 0 tok, 0 tok cached (0/0 hits) | live 4, queued 0 | pool 12/960 blocks (1 %) | prefix cache 0/4096 entries
2026-10-06 23:13:45.553 INFO  sched: request 'chatcmpl-cc548dce1df233ec' retired (steps): 256 tok in 37.6 s — prefill 40 tok (0 cached) in 1705 ms; decode 255 tok / 136 passes in 35.9 s: 7.1 tok/s, 140.7 ms/tok, 264 ms/pass, 1.88 tok/pass, accept p1 88 %
2026-10-06 23:13:45.553 INFO  sched: request 'chatcmpl-cc548dce1df233ed' retired (steps): 256 tok in 37.6 s — prefill 42 tok (0 cached) in 1705 ms; decode 255 tok / 136 passes in 35.9 s: 7.1 tok/s, 140.7 ms/tok, 264 ms/pass, 1.88 tok/pass, accept p1 88 %
2026-10-06 23:13:45.553 INFO  sched: request 'chatcmpl-cc548dce1df233ee' retired (steps): 256 tok in 37.6 s — prefill 37 tok (0 cached) in 1705 ms; decode 255 tok / 136 passes in 35.9 s: 7.1 tok/s, 140.7 ms/tok, 264 ms/pass, 1.88 tok/pass, accept p1 88 %
2026-10-06 23:13:45.890 INFO  sched: request 'chatcmpl-cc548dce1df233f0' retired (steps): 256 tok in 37.9 s — prefill 38 tok (0 cached) in 1705 ms; decode 255 tok / 141 passes in 36.2 s: 7.0 tok/s, 142.1 ms/tok, 257 ms/pass, 1.81 tok/pass, accept p1 81 %
2026-10-06 23:13:45.911 INFO  sched: request 'chatcmpl-cc548dce1df233f1' starting prefill in slot 0 (39 prompt tokens)
2026-10-06 23:13:45.911 INFO  sched: request 'chatcmpl-cc548dce1df233f2' starting prefill in slot 1 (49 prompt tokens)
2026-10-06 23:13:45.911 INFO  sched: request 'chatcmpl-cc548dce1df233f3' starting prefill in slot 2 (37 prompt tokens)
2026-10-06 23:13:45.911 INFO  sched: request 'chatcmpl-cc548dce1df233f4' starting prefill in slot 3 (36 prompt tokens)
2026-10-06 23:13:45.911 INFO  sched: request 'chatcmpl-cc548dce1df233f5' starting prefill in slot 4 (42 prompt tokens)
2026-10-06 23:13:45.911 INFO  sched: request 'chatcmpl-cc548dce1df233f6' starting prefill in slot 5 (42 prompt tokens)
2026-10-06 23:13:45.911 INFO  sched: request 'chatcmpl-cc548dce1df233f7' starting prefill in slot 6 (40 prompt tokens)
2026-10-06 23:13:45.911 INFO  sched: request 'chatcmpl-cc548dce1df233f8' starting prefill in slot 7 (38 prompt tokens)
2026-10-06 23:13:47.613 INFO  sched: request 'chatcmpl-cc548dce1df233f1' prefix cache miss — 3 cut(s), the cache is empty
2026-10-06 23:13:47.613 INFO  sched: request 'chatcmpl-cc548dce1df233f1' admitted to slot 0 (reserve 3 blocks; pool 10/960 blocks in use) — first token 785
2026-10-06 23:13:47.613 INFO  sched: request 'chatcmpl-cc548dce1df233f2' prefix cache miss — 3 cut(s), the cache is empty
2026-10-06 23:13:47.613 INFO  sched: request 'chatcmpl-cc548dce1df233f2' admitted to slot 1 (reserve 3 blocks; pool 12/960 blocks in use) — first token 785
2026-10-06 23:13:47.613 INFO  sched: request 'chatcmpl-cc548dce1df233f3' prefix cache miss — 3 cut(s), the cache is empty
2026-10-06 23:13:47.613 INFO  sched: request 'chatcmpl-cc548dce1df233f3' admitted to slot 2 (reserve 3 blocks; pool 14/960 blocks in use) — first token 785
2026-10-06 23:13:47.613 INFO  sched: request 'chatcmpl-cc548dce1df233f4' prefix cache miss — 3 cut(s), the cache is empty
2026-10-06 23:13:47.613 INFO  sched: request 'chatcmpl-cc548dce1df233f4' admitted to slot 3 (reserve 3 blocks; pool 16/960 blocks in use) — first token 785
2026-10-06 23:13:47.613 INFO  sched: request 'chatcmpl-cc548dce1df233f5' prefix cache miss — 3 cut(s), the cache is empty
2026-10-06 23:13:47.613 INFO  sched: request 'chatcmpl-cc548dce1df233f5' admitted to slot 4 (reserve 3 blocks; pool 18/960 blocks in use) — first token 785
2026-10-06 23:13:47.613 INFO  sched: request 'chatcmpl-cc548dce1df233f6' prefix cache miss — 3 cut(s), the cache is empty
2026-10-06 23:13:47.613 INFO  sched: request 'chatcmpl-cc548dce1df233f6' admitted to slot 5 (reserve 3 blocks; pool 20/960 blocks in use) — first token 785
2026-10-06 23:13:47.613 INFO  sched: request 'chatcmpl-cc548dce1df233f7' prefix cache miss — 3 cut(s), the cache is empty
2026-10-06 23:13:47.613 INFO  sched: request 'chatcmpl-cc548dce1df233f7' admitted to slot 6 (reserve 3 blocks; pool 22/960 blocks in use) — first token 785
2026-10-06 23:13:47.613 INFO  sched: request 'chatcmpl-cc548dce1df233f8' prefix cache miss — 3 cut(s), the cache is empty
2026-10-06 23:13:47.613 INFO  sched: request 'chatcmpl-cc548dce1df233f8' admitted to slot 7 (reserve 3 blocks; pool 24/960 blocks in use) — first token 785
2026-10-06 23:13:47.614 INFO  sched: 8 requests admitted together in one prefill (1702 ms)
2026-10-06 23:13:55.004 INFO  stats: rank 3 | 10.2 s | decode 49.0 tok/s, 16.9 ms/tok, 221.4 ms/step (38 steps / 498 tok, 83 % of wall) | mtp 1.94 tok/step/req, accept p1 91 % | prefill 8 prompts / 323 tok, 32 tok/s, 5.27 ms/tok, 213 ms avg (17 % of wall), 0 tok cached (0/8 hits) | live 8, queued 0 | pool 24/960 blocks (2 %) | prefix cache 0/4096 entries
2026-10-06 23:14:05.131 INFO  stats: rank 3 | 10.1 s | decode 56.1 tok/s, 17.8 ms/tok, 265.9 ms/step (38 steps / 568 tok, 100 % of wall) | mtp 1.87 tok/step/req, accept p1 87 % | prefill 0 prompts / 0 tok, 0 tok cached (0/0 hits) | live 8, queued 0 | pool 24/960 blocks (2 %) | prefix cache 0/4096 entries
2026-10-06 23:14:15.391 INFO  stats: rank 3 | 10.3 s | decode 56.0 tok/s, 17.8 ms/tok, 269.3 ms/step (38 steps / 575 tok, 100 % of wall) | mtp 1.89 tok/step/req, accept p1 89 % | prefill 0 prompts / 0 tok, 0 tok cached (0/0 hits) | live 8, queued 0 | pool 24/960 blocks (2 %) | prefix cache 0/4096 entries
2026-10-06 23:14:22.282 INFO  sched: request 'chatcmpl-cc548dce1df233f2' retired (steps): 256 tok in 36.4 s — prefill 49 tok (0 cached) in 1702 ms; decode 255 tok / 131 passes in 34.7 s: 7.4 tok/s, 136.0 ms/tok, 265 ms/pass, 1.95 tok/pass, accept p1 95 %
2026-10-06 23:14:22.860 INFO  sched: request 'chatcmpl-cc548dce1df233f1' retired (steps): 256 tok in 36.9 s — prefill 39 tok (0 cached) in 1702 ms; decode 255 tok / 133 passes in 35.2 s: 7.2 tok/s, 138.2 ms/tok, 265 ms/pass, 1.92 tok/pass, accept p1 92 %
2026-10-06 23:14:22.860 INFO  sched: request 'chatcmpl-cc548dce1df233f4' retired (steps): 256 tok in 36.9 s — prefill 36 tok (0 cached) in 1702 ms; decode 255 tok / 133 passes in 35.2 s: 7.2 tok/s, 138.2 ms/tok, 265 ms/pass, 1.92 tok/pass, accept p1 92 %
2026-10-06 23:14:22.860 INFO  sched: request 'chatcmpl-cc548dce1df233f5' retired (steps): 256 tok in 36.9 s — prefill 42 tok (0 cached) in 1702 ms; decode 255 tok / 133 passes in 35.2 s: 7.2 tok/s, 138.2 ms/tok, 265 ms/pass, 1.92 tok/pass, accept p1 92 %
2026-10-06 23:14:23.346 INFO  sched: request 'chatcmpl-cc548dce1df233f7' retired (steps): 256 tok in 37.4 s — prefill 40 tok (0 cached) in 1702 ms; decode 255 tok / 135 passes in 35.7 s: 7.1 tok/s, 140.1 ms/tok, 265 ms/pass, 1.89 tok/pass, accept p1 89 %
2026-10-06 23:14:23.581 INFO  sched: request 'chatcmpl-cc548dce1df233f3' retired (steps): 256 tok in 37.7 s — prefill 37 tok (0 cached) in 1702 ms; decode 255 tok / 136 passes in 36.0 s: 7.1 tok/s, 141.1 ms/tok, 264 ms/pass, 1.88 tok/pass, accept p1 88 %
2026-10-06 23:14:23.582 INFO  sched: request 'chatcmpl-cc548dce1df233f6' retired (steps): 256 tok in 37.7 s — prefill 42 tok (0 cached) in 1702 ms; decode 255 tok / 136 passes in 36.0 s: 7.1 tok/s, 141.1 ms/tok, 264 ms/pass, 1.88 tok/pass, accept p1 88 %
2026-10-06 23:14:23.930 INFO  sched: request 'chatcmpl-cc548dce1df233f8' retired (steps): 256 tok in 38.0 s — prefill 38 tok (0 cached) in 1702 ms; decode 255 tok / 141 passes in 36.3 s: 7.0 tok/s, 142.4 ms/tok, 258 ms/pass, 1.81 tok/pass, accept p1 81 %
2026-10-06 23:14:24.012 INFO  sched: request 'chatcmpl-cc548dce1df233f9' starting prefill in slot 0 (40 prompt tokens)
2026-10-06 23:14:24.490 INFO  sched: request 'chatcmpl-cc548dce1df233f9' prefix cache miss — 3 cut(s), the cache is empty
2026-10-06 23:14:24.490 INFO  sched: request 'chatcmpl-cc548dce1df233f9' admitted to slot 0 (reserve 3 blocks; pool 3/960 blocks in use) — first token 785
2026-10-06 23:14:25.410 INFO  stats: rank 3 | 10.0 s | decode 46.5 tok/s, 20.1 ms/tok, 191.6 ms/step (49 steps / 466 tok, 94 % of wall) | mtp 1.91 tok/step/req, accept p1 92 % | prefill 1 prompt / 40 tok, 4 tok/s, 11.95 ms/tok, 478 ms avg (5 % of wall), 0 tok cached (0/1 hit) | live 1, queued 0 | pool 3/960 blocks (0 %) | prefix cache 0/4096 entries
2026-10-06 23:14:33.792 INFO  sched: request 'chatcmpl-cc548dce1df233f9' retired (steps): 256 tok in 9.8 s — prefill 40 tok (0 cached) in 478 ms; decode 255 tok / 144 passes in 9.3 s: 27.4 tok/s, 36.5 ms/tok, 65 ms/pass, 1.77 tok/pass, accept p1 77 %
2026-10-06 23:14:33.812 INFO  sched: request 'chatcmpl-cc548dce1df233fa' starting prefill in slot 0 (40 prompt tokens)
2026-10-06 23:14:34.283 INFO  sched: request 'chatcmpl-cc548dce1df233fa' prefix cache miss — 3 cut(s), the cache is empty
2026-10-06 23:14:34.284 INFO  sched: request 'chatcmpl-cc548dce1df233fa' admitted to slot 0 (reserve 3 blocks; pool 3/960 blocks in use) — first token 785
2026-10-06 23:14:35.463 INFO  stats: rank 3 | 10.1 s | decode 26.0 tok/s, 36.2 ms/tok, 63.9 ms/step (148 steps / 261 tok, 94 % of wall) | mtp 1.76 tok/step/req, accept p1 76 % | prefill 1 prompt / 40 tok, 4 tok/s, 11.79 ms/tok, 472 ms avg (5 % of wall), 0 tok cached (0/1 hit) | live 1, queued 0 | pool 3/960 blocks (0 %) | prefix cache 0/4096 entries
2026-10-06 23:14:43.675 INFO  sched: request 'chatcmpl-cc548dce1df233fa' retired (steps): 256 tok in 9.9 s — prefill 40 tok (0 cached) in 472 ms; decode 255 tok / 144 passes in 9.4 s: 27.2 tok/s, 36.8 ms/tok, 65 ms/pass, 1.77 tok/pass, accept p1 77 %
2026-10-06 23:14:43.700 INFO  sched: request 'chatcmpl-cc548dce1df233fb' starting prefill in slot 0 (40 prompt tokens)
2026-10-06 23:14:44.180 INFO  sched: request 'chatcmpl-cc548dce1df233fb' prefix cache miss — 3 cut(s), the cache is empty
2026-10-06 23:14:44.180 INFO  sched: request 'chatcmpl-cc548dce1df233fb' admitted to slot 0 (reserve 3 blocks; pool 3/960 blocks in use) — first token 785
2026-10-06 23:14:45.497 INFO  stats: rank 3 | 10.0 s | decode 25.8 tok/s, 36.4 ms/tok, 64.6 ms/step (146 steps / 259 tok, 94 % of wall) | mtp 1.77 tok/step/req, accept p1 77 % | prefill 1 prompt / 40 tok, 4 tok/s, 12.01 ms/tok, 480 ms avg (5 % of wall), 0 tok cached (0/1 hit) | live 1, queued 0 | pool 3/960 blocks (0 %) | prefix cache 0/4096 entries
2026-10-06 23:14:53.491 INFO  sched: request 'chatcmpl-cc548dce1df233fb' retired (steps): 256 tok in 9.8 s — prefill 40 tok (0 cached) in 480 ms; decode 255 tok / 144 passes in 9.3 s: 27.4 tok/s, 36.5 ms/tok, 65 ms/pass, 1.77 tok/pass, accept p1 77 %
2026-10-06 23:14:53.532 INFO  sched: request 'chatcmpl-cc548dce1df233fc' starting prefill in slot 0 (40 prompt tokens)
2026-10-06 23:14:53.532 INFO  sched: request 'chatcmpl-cc548dce1df233fd' starting prefill in slot 1 (41 prompt tokens)
2026-10-06 23:14:54.304 INFO  sched: request 'chatcmpl-cc548dce1df233fc' prefix cache miss — 3 cut(s), the cache is empty
2026-10-06 23:14:54.304 INFO  sched: request 'chatcmpl-cc548dce1df233fc' admitted to slot 0 (reserve 3 blocks; pool 4/960 blocks in use) — first token 785
2026-10-06 23:14:54.304 INFO  sched: request 'chatcmpl-cc548dce1df233fd' prefix cache miss — 3 cut(s), the cache is empty
2026-10-06 23:14:54.304 INFO  sched: request 'chatcmpl-cc548dce1df233fd' admitted to slot 1 (reserve 3 blocks; pool 6/960 blocks in use) — first token 785
2026-10-06 23:14:54.304 INFO  sched: 2 requests admitted together in one prefill (773 ms)
2026-10-06 23:14:55.519 INFO  stats: rank 3 | 10.0 s | decode 26.8 tok/s, 33.9 ms/tok, 66.5 ms/step (137 steps / 269 tok, 91 % of wall) | mtp 1.79 tok/step/req, accept p1 78 % | prefill 2 prompts / 81 tok, 8 tok/s, 9.54 ms/tok, 386 ms avg (8 % of wall), 0 tok cached (0/2 hits) | live 2, queued 0 | pool 6/960 blocks (1 %) | prefix cache 0/4096 entries
2026-10-06 23:15:05.604 INFO  stats: rank 3 | 10.1 s | decode 37.8 tok/s, 26.3 ms/tok, 92.7 ms/step (108 steps / 381 tok, 99 % of wall) | mtp 1.76 tok/step/req, accept p1 76 % | prefill 0 prompts / 0 tok, 0 tok cached (0/0 hits) | live 2, queued 0 | pool 6/960 blocks (1 %) | prefix cache 0/4096 entries
2026-10-06 23:15:07.756 INFO  sched: request 'chatcmpl-cc548dce1df233fc' retired (steps): 256 tok in 14.2 s — prefill 40 tok (0 cached) in 773 ms; decode 255 tok / 144 passes in 13.5 s: 19.0 tok/s, 52.7 ms/tok, 93 ms/pass, 1.77 tok/pass, accept p1 77 %
2026-10-06 23:15:07.886 INFO  sched: request 'chatcmpl-cc548dce1df233fd' retired (steps): 256 tok in 14.4 s — prefill 41 tok (0 cached) in 773 ms; decode 255 tok / 146 passes in 13.6 s: 18.8 tok/s, 53.3 ms/tok, 93 ms/pass, 1.75 tok/pass, accept p1 75 %
2026-10-06 23:15:07.906 INFO  sched: request 'chatcmpl-cc548dce1df233fe' starting prefill in slot 0 (40 prompt tokens)
2026-10-06 23:15:07.906 INFO  sched: request 'chatcmpl-cc548dce1df233ff' starting prefill in slot 1 (41 prompt tokens)
2026-10-06 23:15:08.675 INFO  sched: request 'chatcmpl-cc548dce1df233fe' prefix cache miss — 3 cut(s), the cache is empty
2026-10-06 23:15:08.675 INFO  sched: request 'chatcmpl-cc548dce1df233fe' admitted to slot 0 (reserve 3 blocks; pool 4/960 blocks in use) — first token 785
2026-10-06 23:15:08.675 INFO  sched: request 'chatcmpl-cc548dce1df233ff' prefix cache miss — 3 cut(s), the cache is empty
2026-10-06 23:15:08.675 INFO  sched: request 'chatcmpl-cc548dce1df233ff' admitted to slot 1 (reserve 3 blocks; pool 6/960 blocks in use) — first token 785
2026-10-06 23:15:08.675 INFO  sched: 2 requests admitted together in one prefill (769 ms)
2026-10-06 23:15:15.646 INFO  stats: rank 3 | 10.0 s | decode 35.0 tok/s, 26.1 ms/tok, 91.8 ms/step (100 steps / 351 tok, 91 % of wall) | mtp 1.77 tok/step/req, accept p1 76 % | prefill 2 prompts / 81 tok, 8 tok/s, 9.50 ms/tok, 385 ms avg (8 % of wall), 0 tok cached (0/2 hits) | live 2, queued 0 | pool 6/960 blocks (1 %) | prefix cache 0/4096 entries
2026-10-06 23:15:22.042 INFO  sched: request 'chatcmpl-cc548dce1df233fe' retired (steps): 256 tok in 14.1 s — prefill 40 tok (0 cached) in 769 ms; decode 255 tok / 143 passes in 13.4 s: 19.1 tok/s, 52.4 ms/tok, 93 ms/pass, 1.78 tok/pass, accept p1 78 %
2026-10-06 23:15:22.236 INFO  sched: request 'chatcmpl-cc548dce1df233ff' retired (steps): 256 tok in 14.3 s — prefill 41 tok (0 cached) in 769 ms; decode 255 tok / 146 passes in 13.6 s: 18.8 tok/s, 53.2 ms/tok, 93 ms/pass, 1.75 tok/pass, accept p1 75 %
2026-10-06 23:15:22.251 INFO  sched: request 'chatcmpl-cc548dce1df23400' starting prefill in slot 0 (40 prompt tokens)
2026-10-06 23:15:22.251 INFO  sched: request 'chatcmpl-cc548dce1df23401' starting prefill in slot 1 (41 prompt tokens)
2026-10-06 23:15:23.023 INFO  sched: request 'chatcmpl-cc548dce1df23400' prefix cache miss — 3 cut(s), the cache is empty
2026-10-06 23:15:23.023 INFO  sched: request 'chatcmpl-cc548dce1df23400' admitted to slot 0 (reserve 3 blocks; pool 4/960 blocks in use) — first token 785
2026-10-06 23:15:23.023 INFO  sched: request 'chatcmpl-cc548dce1df23401' prefix cache miss — 3 cut(s), the cache is empty
2026-10-06 23:15:23.023 INFO  sched: request 'chatcmpl-cc548dce1df23401' admitted to slot 1 (reserve 3 blocks; pool 6/960 blocks in use) — first token 785
2026-10-06 23:15:23.023 INFO  sched: 2 requests admitted together in one prefill (772 ms)
2026-10-06 23:15:25.689 INFO  stats: rank 3 | 10.0 s | decode 35.0 tok/s, 26.1 ms/tok, 91.9 ms/step (100 steps / 352 tok, 91 % of wall) | mtp 1.79 tok/step/req, accept p1 78 % | prefill 2 prompts / 81 tok, 8 tok/s, 9.54 ms/tok, 386 ms avg (8 % of wall), 0 tok cached (0/2 hits) | live 2, queued 0 | pool 6/960 blocks (1 %) | prefix cache 0/4096 entries
2026-10-06 23:15:35.764 INFO  stats: rank 3 | 10.1 s | decode 37.5 tok/s, 26.5 ms/tok, 91.8 ms/step (109 steps / 378 tok, 99 % of wall) | mtp 1.73 tok/step/req, accept p1 73 % | prefill 0 prompts / 0 tok, 0 tok cached (0/0 hits) | live 2, queued 0 | pool 6/960 blocks (1 %) | prefix cache 0/4096 entries
2026-10-06 23:15:36.234 INFO  sched: request 'chatcmpl-cc548dce1df23400' retired (steps): 256 tok in 14.0 s — prefill 40 tok (0 cached) in 772 ms; decode 255 tok / 143 passes in 13.2 s: 19.3 tok/s, 51.8 ms/tok, 92 ms/pass, 1.78 tok/pass, accept p1 78 %
2026-10-06 23:15:36.427 INFO  sched: request 'chatcmpl-cc548dce1df23401' retired (steps): 256 tok in 14.2 s — prefill 41 tok (0 cached) in 772 ms; decode 255 tok / 146 passes in 13.4 s: 19.0 tok/s, 52.6 ms/tok, 92 ms/pass, 1.75 tok/pass, accept p1 75 %
2026-10-06 23:15:36.479 INFO  sched: request 'chatcmpl-cc548dce1df23402' starting prefill in slot 0 (40 prompt tokens)
2026-10-06 23:15:36.479 INFO  sched: request 'chatcmpl-cc548dce1df23403' starting prefill in slot 1 (31 prompt tokens)
2026-10-06 23:15:36.479 INFO  sched: request 'chatcmpl-cc548dce1df23404' starting prefill in slot 2 (31 prompt tokens)
2026-10-06 23:15:36.479 INFO  sched: request 'chatcmpl-cc548dce1df23405' starting prefill in slot 3 (31 prompt tokens)
2026-10-06 23:15:37.359 INFO  sched: request 'chatcmpl-cc548dce1df23402' prefix cache miss — 3 cut(s), the cache is empty
2026-10-06 23:15:37.359 INFO  sched: request 'chatcmpl-cc548dce1df23402' admitted to slot 0 (reserve 3 blocks; pool 6/960 blocks in use) — first token 785
2026-10-06 23:15:37.359 INFO  sched: request 'chatcmpl-cc548dce1df23403' prefix cache miss — 3 cut(s), the cache is empty
2026-10-06 23:15:37.359 INFO  sched: request 'chatcmpl-cc548dce1df23403' admitted to slot 1 (reserve 3 blocks; pool 8/960 blocks in use) — first token 785
2026-10-06 23:15:37.359 INFO  sched: request 'chatcmpl-cc548dce1df23404' prefix cache miss — 3 cut(s), the cache is empty
2026-10-06 23:15:37.359 INFO  sched: request 'chatcmpl-cc548dce1df23404' admitted to slot 2 (reserve 3 blocks; pool 10/960 blocks in use) — first token 785
2026-10-06 23:15:37.359 INFO  sched: request 'chatcmpl-cc548dce1df23405' prefix cache miss — 3 cut(s), the cache is empty
2026-10-06 23:15:37.359 INFO  sched: request 'chatcmpl-cc548dce1df23405' admitted to slot 3 (reserve 3 blocks; pool 12/960 blocks in use) — first token 785
2026-10-06 23:15:37.359 INFO  sched: 4 requests admitted together in one prefill (880 ms)
2026-10-06 23:15:45.905 INFO  stats: rank 3 | 10.1 s | decode 45.7 tok/s, 19.8 ms/tok, 138.8 ms/step (66 steps / 463 tok, 90 % of wall) | mtp 1.89 tok/step/req, accept p1 87 % | prefill 4 prompts / 133 tok, 13 tok/s, 6.62 ms/tok, 220 ms avg (9 % of wall), 0 tok cached (0/4 hits) | live 4, queued 0 | pool 12/960 blocks (1 %) | prefix cache 0/4096 entries
2026-10-06 23:15:56.052 INFO  stats: rank 3 | 10.1 s | decode 46.2 tok/s, 21.5 ms/tok, 150.7 ms/step (67 steps / 469 tok, 100 % of wall) | mtp 1.75 tok/step/req, accept p1 75 % | prefill 0 prompts / 0 tok, 0 tok cached (0/0 hits) | live 4, queued 0 | pool 12/960 blocks (1 %) | prefix cache 0/4096 entries
2026-10-06 23:15:58.160 INFO  sched: request 'chatcmpl-cc548dce1df23404' retired (steps): 256 tok in 21.7 s — prefill 31 tok (0 cached) in 880 ms; decode 255 tok / 139 passes in 20.8 s: 12.3 tok/s, 81.6 ms/tok, 150 ms/pass, 1.83 tok/pass, accept p1 84 %
2026-10-06 23:15:58.605 INFO  sched: request 'chatcmpl-cc548dce1df23405' retired (steps): 256 tok in 22.1 s — prefill 31 tok (0 cached) in 880 ms; decode 255 tok / 142 passes in 21.2 s: 12.0 tok/s, 83.3 ms/tok, 150 ms/pass, 1.80 tok/pass, accept p1 80 %
2026-10-06 23:15:58.697 INFO  sched: request 'chatcmpl-cc548dce1df23402' retired (steps): 256 tok in 22.2 s — prefill 40 tok (0 cached) in 880 ms; decode 255 tok / 143 passes in 21.3 s: 12.0 tok/s, 83.7 ms/tok, 149 ms/pass, 1.78 tok/pass, accept p1 79 %
2026-10-06 23:15:58.764 INFO  sched: request 'chatcmpl-cc548dce1df23403' retired (steps): 256 tok in 22.3 s — prefill 31 tok (0 cached) in 880 ms; decode 255 tok / 144 passes in 21.4 s: 11.9 tok/s, 83.9 ms/tok, 149 ms/pass, 1.77 tok/pass, accept p1 77 %
2026-10-06 23:15:58.784 INFO  sched: request 'chatcmpl-cc548dce1df23406' starting prefill in slot 0 (40 prompt tokens)
2026-10-06 23:15:58.784 INFO  sched: request 'chatcmpl-cc548dce1df23407' starting prefill in slot 1 (31 prompt tokens)
2026-10-06 23:15:58.784 INFO  sched: request 'chatcmpl-cc548dce1df23408' starting prefill in slot 2 (31 prompt tokens)
2026-10-06 23:15:58.784 INFO  sched: request 'chatcmpl-cc548dce1df23409' starting prefill in slot 3 (31 prompt tokens)
2026-10-06 23:15:59.685 INFO  sched: request 'chatcmpl-cc548dce1df23406' prefix cache miss — 3 cut(s), the cache is empty
2026-10-06 23:15:59.685 INFO  sched: request 'chatcmpl-cc548dce1df23406' admitted to slot 0 (reserve 3 blocks; pool 6/960 blocks in use) — first token 785
2026-10-06 23:15:59.685 INFO  sched: request 'chatcmpl-cc548dce1df23407' prefix cache miss — 3 cut(s), the cache is empty
2026-10-06 23:15:59.685 INFO  sched: request 'chatcmpl-cc548dce1df23407' admitted to slot 1 (reserve 3 blocks; pool 8/960 blocks in use) — first token 785
2026-10-06 23:15:59.685 INFO  sched: request 'chatcmpl-cc548dce1df23408' prefix cache miss — 3 cut(s), the cache is empty
2026-10-06 23:15:59.685 INFO  sched: request 'chatcmpl-cc548dce1df23408' admitted to slot 2 (reserve 3 blocks; pool 10/960 blocks in use) — first token 785
2026-10-06 23:15:59.685 INFO  sched: request 'chatcmpl-cc548dce1df23409' prefix cache miss — 3 cut(s), the cache is empty
2026-10-06 23:15:59.685 INFO  sched: request 'chatcmpl-cc548dce1df23409' admitted to slot 3 (reserve 3 blocks; pool 12/960 blocks in use) — first token 785
2026-10-06 23:15:59.685 INFO  sched: 4 requests admitted together in one prefill (901 ms)
2026-10-06 23:16:06.103 INFO  stats: rank 3 | 10.1 s | decode 44.6 tok/s, 20.3 ms/tok, 144.0 ms/step (63 steps / 448 tok, 90 % of wall) | mtp 1.84 tok/step/req, accept p1 83 % | prefill 4 prompts / 133 tok, 13 tok/s, 6.77 ms/tok, 225 ms avg (9 % of wall), 0 tok cached (0/4 hits) | live 4, queued 0 | pool 12/960 blocks (1 %) | prefix cache 0/4096 entries
2026-10-06 23:16:16.178 INFO  stats: rank 3 | 10.1 s | decode 47.4 tok/s, 21.0 ms/tok, 149.6 ms/step (67 steps / 478 tok, 99 % of wall) | mtp 1.78 tok/step/req, accept p1 78 % | prefill 0 prompts / 0 tok, 0 tok cached (0/0 hits) | live 4, queued 0 | pool 12/960 blocks (1 %) | prefix cache 0/4096 entries
2026-10-06 23:16:20.581 INFO  sched: request 'chatcmpl-cc548dce1df23409' retired (steps): 256 tok in 21.8 s — prefill 31 tok (0 cached) in 901 ms; decode 255 tok / 140 passes in 20.9 s: 12.2 tok/s, 81.9 ms/tok, 149 ms/pass, 1.82 tok/pass, accept p1 83 %
2026-10-06 23:16:20.833 INFO  sched: request 'chatcmpl-cc548dce1df23406' retired (steps): 256 tok in 22.0 s — prefill 40 tok (0 cached) in 901 ms; decode 255 tok / 142 passes in 21.1 s: 12.1 tok/s, 82.9 ms/tok, 149 ms/pass, 1.80 tok/pass, accept p1 80 %
2026-10-06 23:16:20.834 INFO  sched: request 'chatcmpl-cc548dce1df23408' retired (steps): 256 tok in 22.0 s — prefill 31 tok (0 cached) in 901 ms; decode 255 tok / 142 passes in 21.1 s: 12.1 tok/s, 82.9 ms/tok, 149 ms/pass, 1.80 tok/pass, accept p1 80 %
2026-10-06 23:16:20.967 INFO  sched: request 'chatcmpl-cc548dce1df23407' retired (steps): 256 tok in 22.2 s — prefill 31 tok (0 cached) in 901 ms; decode 255 tok / 144 passes in 21.3 s: 12.0 tok/s, 83.5 ms/tok, 148 ms/pass, 1.77 tok/pass, accept p1 77 %
2026-10-06 23:16:20.981 INFO  sched: request 'chatcmpl-cc548dce1df2340a' starting prefill in slot 0 (40 prompt tokens)
2026-10-06 23:16:20.981 INFO  sched: request 'chatcmpl-cc548dce1df2340b' starting prefill in slot 1 (31 prompt tokens)
2026-10-06 23:16:20.981 INFO  sched: request 'chatcmpl-cc548dce1df2340c' starting prefill in slot 2 (31 prompt tokens)
2026-10-06 23:16:20.981 INFO  sched: request 'chatcmpl-cc548dce1df2340d' starting prefill in slot 3 (31 prompt tokens)
2026-10-06 23:16:21.862 INFO  sched: request 'chatcmpl-cc548dce1df2340a' prefix cache miss — 3 cut(s), the cache is empty
2026-10-06 23:16:21.862 INFO  sched: request 'chatcmpl-cc548dce1df2340a' admitted to slot 0 (reserve 3 blocks; pool 6/960 blocks in use) — first token 785
2026-10-06 23:16:21.862 INFO  sched: request 'chatcmpl-cc548dce1df2340b' prefix cache miss — 3 cut(s), the cache is empty
2026-10-06 23:16:21.862 INFO  sched: request 'chatcmpl-cc548dce1df2340b' admitted to slot 1 (reserve 3 blocks; pool 8/960 blocks in use) — first token 785
2026-10-06 23:16:21.862 INFO  sched: request 'chatcmpl-cc548dce1df2340c' prefix cache miss — 3 cut(s), the cache is empty
2026-10-06 23:16:21.862 INFO  sched: request 'chatcmpl-cc548dce1df2340c' admitted to slot 2 (reserve 3 blocks; pool 10/960 blocks in use) — first token 785
2026-10-06 23:16:21.862 INFO  sched: request 'chatcmpl-cc548dce1df2340d' prefix cache miss — 3 cut(s), the cache is empty
2026-10-06 23:16:21.862 INFO  sched: request 'chatcmpl-cc548dce1df2340d' admitted to slot 3 (reserve 3 blocks; pool 12/960 blocks in use) — first token 785
2026-10-06 23:16:21.862 INFO  sched: 4 requests admitted together in one prefill (880 ms)
2026-10-06 23:16:26.203 INFO  stats: rank 3 | 10.0 s | decode 44.2 tok/s, 20.5 ms/tok, 144.1 ms/step (63 steps / 443 tok, 91 % of wall) | mtp 1.82 tok/step/req, accept p1 81 % | prefill 4 prompts / 133 tok, 13 tok/s, 6.62 ms/tok, 220 ms avg (9 % of wall), 0 tok cached (0/4 hits) | live 4, queued 0 | pool 12/960 blocks (1 %) | prefix cache 0/4096 entries
2026-10-06 23:16:36.286 INFO  stats: rank 3 | 10.1 s | decode 48.0 tok/s, 20.7 ms/tok, 149.8 ms/step (67 steps / 484 tok, 100 % of wall) | mtp 1.81 tok/step/req, accept p1 81 % | prefill 0 prompts / 0 tok, 0 tok cached (0/0 hits) | live 4, queued 0 | pool 12/960 blocks (1 %) | prefix cache 0/4096 entries
2026-10-06 23:16:42.787 INFO  sched: request 'chatcmpl-cc548dce1df2340d' retired (steps): 256 tok in 21.8 s — prefill 31 tok (0 cached) in 880 ms; decode 255 tok / 140 passes in 20.9 s: 12.2 tok/s, 82.1 ms/tok, 149 ms/pass, 1.82 tok/pass, accept p1 83 %
2026-10-06 23:16:43.049 INFO  sched: request 'chatcmpl-cc548dce1df2340a' retired (steps): 256 tok in 22.1 s — prefill 40 tok (0 cached) in 880 ms; decode 255 tok / 142 passes in 21.2 s: 12.0 tok/s, 83.1 ms/tok, 149 ms/pass, 1.80 tok/pass, accept p1 80 %
2026-10-06 23:16:43.049 INFO  sched: request 'chatcmpl-cc548dce1df2340c' retired (steps): 256 tok in 22.1 s — prefill 31 tok (0 cached) in 880 ms; decode 255 tok / 142 passes in 21.2 s: 12.0 tok/s, 83.1 ms/tok, 149 ms/pass, 1.80 tok/pass, accept p1 80 %
2026-10-06 23:16:43.180 INFO  sched: request 'chatcmpl-cc548dce1df2340b' retired (steps): 256 tok in 22.2 s — prefill 31 tok (0 cached) in 880 ms; decode 255 tok / 144 passes in 21.3 s: 12.0 tok/s, 83.6 ms/tok, 148 ms/pass, 1.77 tok/pass, accept p1 77 %
2026-10-06 23:16:43.304 INFO  sched: request 'chatcmpl-cc548dce1df2340e' starting prefill in slot 0 (31 prompt tokens)
2026-10-06 23:16:43.304 INFO  sched: request 'chatcmpl-cc548dce1df2340f' starting prefill in slot 1 (30 prompt tokens)
2026-10-06 23:16:43.304 INFO  sched: request 'chatcmpl-cc548dce1df23410' starting prefill in slot 2 (31 prompt tokens)
2026-10-06 23:16:43.304 INFO  sched: request 'chatcmpl-cc548dce1df23411' starting prefill in slot 3 (32 prompt tokens)
2026-10-06 23:16:43.304 INFO  sched: request 'chatcmpl-cc548dce1df23412' starting prefill in slot 4 (31 prompt tokens)
2026-10-06 23:16:43.304 INFO  sched: request 'chatcmpl-cc548dce1df23413' starting prefill in slot 5 (30 prompt tokens)
2026-10-06 23:16:43.304 INFO  sched: request 'chatcmpl-cc548dce1df23414' starting prefill in slot 6 (31 prompt tokens)
2026-10-06 23:16:43.304 INFO  sched: request 'chatcmpl-cc548dce1df23415' starting prefill in slot 7 (30 prompt tokens)
2026-10-06 23:16:44.693 INFO  sched: request 'chatcmpl-cc548dce1df2340e' prefix cache miss — 3 cut(s), the cache is empty
2026-10-06 23:16:44.693 INFO  sched: request 'chatcmpl-cc548dce1df2340e' admitted to slot 0 (reserve 3 blocks; pool 10/960 blocks in use) — first token 785
2026-10-06 23:16:44.693 INFO  sched: request 'chatcmpl-cc548dce1df2340f' prefix cache miss — 3 cut(s), the cache is empty
2026-10-06 23:16:44.693 INFO  sched: request 'chatcmpl-cc548dce1df2340f' admitted to slot 1 (reserve 3 blocks; pool 12/960 blocks in use) — first token 785
2026-10-06 23:16:44.693 INFO  sched: request 'chatcmpl-cc548dce1df23410' prefix cache miss — 3 cut(s), the cache is empty
2026-10-06 23:16:44.693 INFO  sched: request 'chatcmpl-cc548dce1df23410' admitted to slot 2 (reserve 3 blocks; pool 14/960 blocks in use) — first token 785
2026-10-06 23:16:44.693 INFO  sched: request 'chatcmpl-cc548dce1df23411' prefix cache miss — 3 cut(s), the cache is empty
2026-10-06 23:16:44.693 INFO  sched: request 'chatcmpl-cc548dce1df23411' admitted to slot 3 (reserve 3 blocks; pool 16/960 blocks in use) — first token 785
2026-10-06 23:16:44.693 INFO  sched: request 'chatcmpl-cc548dce1df23412' prefix cache miss — 3 cut(s), the cache is empty
2026-10-06 23:16:44.693 INFO  sched: request 'chatcmpl-cc548dce1df23412' admitted to slot 4 (reserve 3 blocks; pool 18/960 blocks in use) — first token 785
2026-10-06 23:16:44.693 INFO  sched: request 'chatcmpl-cc548dce1df23413' prefix cache miss — 3 cut(s), the cache is empty
2026-10-06 23:16:44.693 INFO  sched: request 'chatcmpl-cc548dce1df23413' admitted to slot 5 (reserve 3 blocks; pool 20/960 blocks in use) — first token 785
2026-10-06 23:16:44.693 INFO  sched: request 'chatcmpl-cc548dce1df23414' prefix cache miss — 3 cut(s), the cache is empty
2026-10-06 23:16:44.693 INFO  sched: request 'chatcmpl-cc548dce1df23414' admitted to slot 6 (reserve 3 blocks; pool 22/960 blocks in use) — first token 785
2026-10-06 23:16:44.693 INFO  sched: request 'chatcmpl-cc548dce1df23415' prefix cache miss — 3 cut(s), the cache is empty
2026-10-06 23:16:44.693 INFO  sched: request 'chatcmpl-cc548dce1df23415' admitted to slot 7 (reserve 3 blocks; pool 24/960 blocks in use) — first token 785
2026-10-06 23:16:44.693 INFO  sched: 8 requests admitted together in one prefill (1389 ms)
2026-10-06 23:16:46.435 INFO  stats: rank 3 | 10.1 s | decode 43.3 tok/s, 19.6 ms/tok, 156.1 ms/step (55 steps / 439 tok, 85 % of wall) | mtp 1.80 tok/step/req, accept p1 77 % | prefill 8 prompts / 246 tok, 24 tok/s, 5.65 ms/tok, 174 ms avg (14 % of wall), 0 tok cached (0/8 hits) | live 8, queued 0 | pool 24/960 blocks (2 %) | prefix cache 0/4096 entries
2026-10-06 23:16:56.538 INFO  stats: rank 3 | 10.1 s | decode 59.2 tok/s, 16.9 ms/tok, 251.9 ms/step (40 steps / 598 tok, 100 % of wall) | mtp 1.87 tok/step/req, accept p1 87 % | prefill 0 prompts / 0 tok, 0 tok cached (0/0 hits) | live 8, queued 0 | pool 24/960 blocks (2 %) | prefix cache 0/4096 entries
2026-10-06 23:17:06.562 INFO  stats: rank 3 | 10.0 s | decode 56.0 tok/s, 17.8 ms/tok, 263.0 ms/step (38 steps / 561 tok, 100 % of wall) | mtp 1.85 tok/step/req, accept p1 85 % | prefill 0 prompts / 0 tok, 0 tok cached (0/0 hits) | live 8, queued 0 | pool 24/960 blocks (2 %) | prefix cache 0/4096 entries
2026-10-06 23:17:16.645 INFO  stats: rank 3 | 10.1 s | decode 54.6 tok/s, 18.2 ms/tok, 264.5 ms/step (38 steps / 551 tok, 100 % of wall) | mtp 1.81 tok/step/req, accept p1 81 % | prefill 0 prompts / 0 tok, 0 tok cached (0/0 hits) | live 8, queued 0 | pool 24/960 blocks (2 %) | prefix cache 0/4096 entries
2026-10-06 23:17:19.580 INFO  sched: request 'chatcmpl-cc548dce1df23411' retired (steps): 256 tok in 36.3 s — prefill 32 tok (0 cached) in 1389 ms; decode 255 tok / 135 passes in 34.9 s: 7.3 tok/s, 136.8 ms/tok, 258 ms/pass, 1.89 tok/pass, accept p1 89 %
2026-10-06 23:17:19.851 INFO  sched: request 'chatcmpl-cc548dce1df23412' retired (steps): 256 tok in 36.5 s — prefill 31 tok (0 cached) in 1389 ms; decode 255 tok / 136 passes in 35.2 s: 7.3 tok/s, 137.9 ms/tok, 259 ms/pass, 1.88 tok/pass, accept p1 88 %
2026-10-06 23:17:20.374 INFO  sched: request 'chatcmpl-cc548dce1df2340f' retired (steps): 256 tok in 37.1 s — prefill 30 tok (0 cached) in 1389 ms; decode 255 tok / 138 passes in 35.7 s: 7.1 tok/s, 139.9 ms/tok, 259 ms/pass, 1.85 tok/pass, accept p1 86 %
2026-10-06 23:17:20.633 INFO  sched: request 'chatcmpl-cc548dce1df23410' retired (steps): 256 tok in 37.3 s — prefill 31 tok (0 cached) in 1389 ms; decode 255 tok / 139 passes in 35.9 s: 7.1 tok/s, 140.9 ms/tok, 259 ms/pass, 1.83 tok/pass, accept p1 83 %
2026-10-06 23:17:20.633 INFO  sched: request 'chatcmpl-cc548dce1df23415' retired (steps): 256 tok in 37.3 s — prefill 30 tok (0 cached) in 1389 ms; decode 255 tok / 139 passes in 35.9 s: 7.1 tok/s, 140.9 ms/tok, 259 ms/pass, 1.83 tok/pass, accept p1 83 %
2026-10-06 23:17:20.882 INFO  sched: request 'chatcmpl-cc548dce1df23413' retired (steps): 256 tok in 37.6 s — prefill 30 tok (0 cached) in 1389 ms; decode 255 tok / 140 passes in 36.2 s: 7.0 tok/s, 141.9 ms/tok, 258 ms/pass, 1.82 tok/pass, accept p1 83 %
2026-10-06 23:17:21.316 INFO  sched: request 'chatcmpl-cc548dce1df2340e' retired (steps): 256 tok in 38.0 s — prefill 31 tok (0 cached) in 1389 ms; decode 255 tok / 142 passes in 36.6 s: 7.0 tok/s, 143.6 ms/tok, 258 ms/pass, 1.80 tok/pass, accept p1 80 %
2026-10-06 23:17:21.519 INFO  sched: request 'chatcmpl-cc548dce1df23414' retired (steps): 256 tok in 38.2 s — prefill 31 tok (0 cached) in 1389 ms; decode 255 tok / 145 passes in 36.8 s: 6.9 tok/s, 144.4 ms/tok, 254 ms/pass, 1.76 tok/pass, accept p1 77 %
2026-10-06 23:17:21.538 INFO  sched: request 'chatcmpl-cc548dce1df23416' starting prefill in slot 0 (31 prompt tokens)
2026-10-06 23:17:21.538 INFO  sched: request 'chatcmpl-cc548dce1df23417' starting prefill in slot 1 (32 prompt tokens)
2026-10-06 23:17:21.538 INFO  sched: request 'chatcmpl-cc548dce1df23418' starting prefill in slot 2 (31 prompt tokens)
2026-10-06 23:17:21.538 INFO  sched: request 'chatcmpl-cc548dce1df23419' starting prefill in slot 3 (30 prompt tokens)
2026-10-06 23:17:21.539 INFO  sched: request 'chatcmpl-cc548dce1df2341a' starting prefill in slot 4 (31 prompt tokens)
2026-10-06 23:17:21.539 INFO  sched: request 'chatcmpl-cc548dce1df2341b' starting prefill in slot 5 (30 prompt tokens)
2026-10-06 23:17:21.539 INFO  sched: request 'chatcmpl-cc548dce1df2341c' starting prefill in slot 6 (30 prompt tokens)
2026-10-06 23:17:21.539 INFO  sched: request 'chatcmpl-cc548dce1df2341d' starting prefill in slot 7 (31 prompt tokens)
2026-10-06 23:17:22.931 INFO  sched: request 'chatcmpl-cc548dce1df23416' prefix cache miss — 3 cut(s), the cache is empty
2026-10-06 23:17:22.931 INFO  sched: request 'chatcmpl-cc548dce1df23416' admitted to slot 0 (reserve 3 blocks; pool 10/960 blocks in use) — first token 785
2026-10-06 23:17:22.931 INFO  sched: request 'chatcmpl-cc548dce1df23417' prefix cache miss — 3 cut(s), the cache is empty
2026-10-06 23:17:22.931 INFO  sched: request 'chatcmpl-cc548dce1df23417' admitted to slot 1 (reserve 3 blocks; pool 12/960 blocks in use) — first token 785
2026-10-06 23:17:22.931 INFO  sched: request 'chatcmpl-cc548dce1df23418' prefix cache miss — 3 cut(s), the cache is empty
2026-10-06 23:17:22.931 INFO  sched: request 'chatcmpl-cc548dce1df23418' admitted to slot 2 (reserve 3 blocks; pool 14/960 blocks in use) — first token 785
2026-10-06 23:17:22.931 INFO  sched: request 'chatcmpl-cc548dce1df23419' prefix cache miss — 3 cut(s), the cache is empty
2026-10-06 23:17:22.931 INFO  sched: request 'chatcmpl-cc548dce1df23419' admitted to slot 3 (reserve 3 blocks; pool 16/960 blocks in use) — first token 785
2026-10-06 23:17:22.931 INFO  sched: request 'chatcmpl-cc548dce1df2341a' prefix cache miss — 3 cut(s), the cache is empty
2026-10-06 23:17:22.931 INFO  sched: request 'chatcmpl-cc548dce1df2341a' admitted to slot 4 (reserve 3 blocks; pool 18/960 blocks in use) — first token 785
2026-10-06 23:17:22.931 INFO  sched: request 'chatcmpl-cc548dce1df2341b' prefix cache miss — 3 cut(s), the cache is empty
2026-10-06 23:17:22.931 INFO  sched: request 'chatcmpl-cc548dce1df2341b' admitted to slot 5 (reserve 3 blocks; pool 20/960 blocks in use) — first token 785
2026-10-06 23:17:22.931 INFO  sched: request 'chatcmpl-cc548dce1df2341c' prefix cache miss — 3 cut(s), the cache is empty
2026-10-06 23:17:22.931 INFO  sched: request 'chatcmpl-cc548dce1df2341c' admitted to slot 6 (reserve 3 blocks; pool 22/960 blocks in use) — first token 785
2026-10-06 23:17:22.931 INFO  sched: request 'chatcmpl-cc548dce1df2341d' prefix cache miss — 3 cut(s), the cache is empty
2026-10-06 23:17:22.931 INFO  sched: request 'chatcmpl-cc548dce1df2341d' admitted to slot 7 (reserve 3 blocks; pool 24/960 blocks in use) — first token 785
2026-10-06 23:17:22.931 INFO  sched: 8 requests admitted together in one prefill (1392 ms)
2026-10-06 23:17:26.814 INFO  stats: rank 3 | 10.2 s | decode 46.5 tok/s, 18.4 ms/tok, 228.4 ms/step (38 steps / 473 tok, 85 % of wall) | mtp 1.83 tok/step/req, accept p1 81 % | prefill 8 prompts / 246 tok, 24 tok/s, 5.66 ms/tok, 174 ms avg (14 % of wall), 0 tok cached (0/8 hits) | live 8, queued 0 | pool 24/960 blocks (2 %) | prefix cache 0/4096 entries
2026-10-06 23:17:36.919 INFO  stats: rank 3 | 10.1 s | decode 57.5 tok/s, 17.3 ms/tok, 258.4 ms/step (39 steps / 581 tok, 100 % of wall) | mtp 1.86 tok/step/req, accept p1 86 % | prefill 0 prompts / 0 tok, 0 tok cached (0/0 hits) | live 8, queued 0 | pool 24/960 blocks (2 %) | prefix cache 0/4096 entries
2026-10-06 23:17:47.175 INFO  stats: rank 3 | 10.3 s | decode 56.0 tok/s, 17.8 ms/tok, 262.2 ms/step (39 steps / 574 tok, 100 % of wall) | mtp 1.84 tok/step/req, accept p1 84 % | prefill 0 prompts / 0 tok, 0 tok cached (0/0 hits) | live 8, queued 0 | pool 24/960 blocks (2 %) | prefix cache 0/4096 entries
2026-10-06 23:17:57.257 INFO  stats: rank 3 | 10.1 s | decode 54.7 tok/s, 18.2 ms/tok, 264.5 ms/step (38 steps / 551 tok, 100 % of wall) | mtp 1.81 tok/step/req, accept p1 81 % | prefill 0 prompts / 0 tok, 0 tok cached (0/0 hits) | live 8, queued 0 | pool 24/960 blocks (2 %) | prefix cache 0/4096 entries
2026-10-06 23:17:57.803 INFO  sched: request 'chatcmpl-cc548dce1df23417' retired (steps): 256 tok in 36.3 s — prefill 32 tok (0 cached) in 1392 ms; decode 255 tok / 135 passes in 34.9 s: 7.3 tok/s, 136.8 ms/tok, 258 ms/pass, 1.89 tok/pass, accept p1 89 %
2026-10-06 23:17:58.076 INFO  sched: request 'chatcmpl-cc548dce1df2341d' retired (steps): 256 tok in 36.5 s — prefill 31 tok (0 cached) in 1392 ms; decode 255 tok / 136 passes in 35.1 s: 7.3 tok/s, 137.8 ms/tok, 258 ms/pass, 1.88 tok/pass, accept p1 88 %
2026-10-06 23:17:58.594 INFO  sched: request 'chatcmpl-cc548dce1df2341a' retired (steps): 256 tok in 37.1 s — prefill 31 tok (0 cached) in 1392 ms; decode 255 tok / 138 passes in 35.7 s: 7.2 tok/s, 139.9 ms/tok, 258 ms/pass, 1.85 tok/pass, accept p1 85 %
2026-10-06 23:17:58.594 INFO  sched: request 'chatcmpl-cc548dce1df2341c' retired (steps): 256 tok in 37.1 s — prefill 30 tok (0 cached) in 1392 ms; decode 255 tok / 138 passes in 35.7 s: 7.2 tok/s, 139.9 ms/tok, 258 ms/pass, 1.85 tok/pass, accept p1 86 %
2026-10-06 23:17:58.811 INFO  sched: request 'chatcmpl-cc548dce1df2341b' retired (steps): 256 tok in 37.3 s — prefill 30 tok (0 cached) in 1392 ms; decode 255 tok / 139 passes in 35.9 s: 7.1 tok/s, 140.7 ms/tok, 258 ms/pass, 1.83 tok/pass, accept p1 83 %
2026-10-06 23:17:58.958 INFO  sched: request 'chatcmpl-cc548dce1df23419' retired (steps): 256 tok in 37.4 s — prefill 30 tok (0 cached) in 1392 ms; decode 255 tok / 140 passes in 36.0 s: 7.1 tok/s, 141.3 ms/tok, 257 ms/pass, 1.82 tok/pass, accept p1 83 %
2026-10-06 23:17:59.200 INFO  sched: request 'chatcmpl-cc548dce1df23416' retired (steps): 256 tok in 37.7 s — prefill 31 tok (0 cached) in 1392 ms; decode 255 tok / 142 passes in 36.3 s: 7.0 tok/s, 142.2 ms/tok, 255 ms/pass, 1.80 tok/pass, accept p1 80 %
2026-10-06 23:17:59.398 INFO  sched: request 'chatcmpl-cc548dce1df23418' retired (steps): 256 tok in 37.9 s — prefill 31 tok (0 cached) in 1392 ms; decode 255 tok / 145 passes in 36.5 s: 7.0 tok/s, 143.0 ms/tok, 251 ms/pass, 1.76 tok/pass, accept p1 77 %
2026-10-06 23:17:59.407 INFO  sched: request 'chatcmpl-cc548dce1df2341e' starting prefill in slot 0 (30 prompt tokens)
2026-10-06 23:17:59.407 INFO  sched: request 'chatcmpl-cc548dce1df2341f' starting prefill in slot 1 (31 prompt tokens)
2026-10-06 23:17:59.407 INFO  sched: request 'chatcmpl-cc548dce1df23420' starting prefill in slot 2 (31 prompt tokens)
2026-10-06 23:17:59.407 INFO  sched: request 'chatcmpl-cc548dce1df23421' starting prefill in slot 3 (32 prompt tokens)
2026-10-06 23:17:59.408 INFO  sched: request 'chatcmpl-cc548dce1df23422' starting prefill in slot 4 (30 prompt tokens)
2026-10-06 23:17:59.408 INFO  sched: request 'chatcmpl-cc548dce1df23423' starting prefill in slot 5 (30 prompt tokens)
2026-10-06 23:17:59.408 INFO  sched: request 'chatcmpl-cc548dce1df23424' starting prefill in slot 6 (31 prompt tokens)
2026-10-06 23:17:59.408 INFO  sched: request 'chatcmpl-cc548dce1df23425' starting prefill in slot 7 (31 prompt tokens)
2026-10-06 23:18:00.796 INFO  sched: request 'chatcmpl-cc548dce1df2341e' prefix cache miss — 3 cut(s), the cache is empty
2026-10-06 23:18:00.796 INFO  sched: request 'chatcmpl-cc548dce1df2341e' admitted to slot 0 (reserve 3 blocks; pool 10/960 blocks in use) — first token 785
2026-10-06 23:18:00.796 INFO  sched: request 'chatcmpl-cc548dce1df2341f' prefix cache miss — 3 cut(s), the cache is empty
2026-10-06 23:18:00.796 INFO  sched: request 'chatcmpl-cc548dce1df2341f' admitted to slot 1 (reserve 3 blocks; pool 12/960 blocks in use) — first token 785
2026-10-06 23:18:00.796 INFO  sched: request 'chatcmpl-cc548dce1df23420' prefix cache miss — 3 cut(s), the cache is empty
2026-10-06 23:18:00.796 INFO  sched: request 'chatcmpl-cc548dce1df23420' admitted to slot 2 (reserve 3 blocks; pool 14/960 blocks in use) — first token 785
2026-10-06 23:18:00.796 INFO  sched: request 'chatcmpl-cc548dce1df23421' prefix cache miss — 3 cut(s), the cache is empty
2026-10-06 23:18:00.796 INFO  sched: request 'chatcmpl-cc548dce1df23421' admitted to slot 3 (reserve 3 blocks; pool 16/960 blocks in use) — first token 785
2026-10-06 23:18:00.796 INFO  sched: request 'chatcmpl-cc548dce1df23422' prefix cache miss — 3 cut(s), the cache is empty
2026-10-06 23:18:00.796 INFO  sched: request 'chatcmpl-cc548dce1df23422' admitted to slot 4 (reserve 3 blocks; pool 18/960 blocks in use) — first token 785
2026-10-06 23:18:00.796 INFO  sched: request 'chatcmpl-cc548dce1df23423' prefix cache miss — 3 cut(s), the cache is empty
2026-10-06 23:18:00.796 INFO  sched: request 'chatcmpl-cc548dce1df23423' admitted to slot 5 (reserve 3 blocks; pool 20/960 blocks in use) — first token 785
2026-10-06 23:18:00.796 INFO  sched: request 'chatcmpl-cc548dce1df23424' prefix cache miss — 3 cut(s), the cache is empty
2026-10-06 23:18:00.796 INFO  sched: request 'chatcmpl-cc548dce1df23424' admitted to slot 6 (reserve 3 blocks; pool 22/960 blocks in use) — first token 785
2026-10-06 23:18:00.796 INFO  sched: request 'chatcmpl-cc548dce1df23425' prefix cache miss — 3 cut(s), the cache is empty
2026-10-06 23:18:00.796 INFO  sched: request 'chatcmpl-cc548dce1df23425' admitted to slot 7 (reserve 3 blocks; pool 24/960 blocks in use) — first token 785
2026-10-06 23:18:00.796 INFO  sched: 8 requests admitted together in one prefill (1388 ms)
2026-10-06 23:18:07.322 INFO  stats: rank 3 | 10.1 s | decode 48.7 tok/s, 17.5 ms/tok, 220.5 ms/step (39 steps / 490 tok, 85 % of wall) | mtp 1.85 tok/step/req, accept p1 83 % | prefill 8 prompts / 246 tok, 24 tok/s, 5.64 ms/tok, 173 ms avg (14 % of wall), 0 tok cached (0/8 hits) | live 8, queued 0 | pool 24/960 blocks (2 %) | prefix cache 0/4096 entries
2026-10-06 23:18:17.564 INFO  stats: rank 3 | 10.2 s | decode 56.5 tok/s, 17.6 ms/tok, 261.9 ms/step (39 steps / 579 tok, 100 % of wall) | mtp 1.86 tok/step/req, accept p1 86 % | prefill 0 prompts / 0 tok, 0 tok cached (0/0 hits) | live 8, queued 0 | pool 24/960 blocks (2 %) | prefix cache 0/4096 entries
2026-10-06 23:18:27.583 INFO  stats: rank 3 | 10.0 s | decode 55.7 tok/s, 17.9 ms/tok, 262.9 ms/step (38 steps / 558 tok, 100 % of wall) | mtp 1.84 tok/step/req, accept p1 84 % | prefill 0 prompts / 0 tok, 0 tok cached (0/0 hits) | live 8, queued 0 | pool 24/960 blocks (2 %) | prefix cache 0/4096 entries
2026-10-06 23:18:36.099 INFO  sched: request 'chatcmpl-cc548dce1df23421' retired (steps): 256 tok in 36.7 s — prefill 32 tok (0 cached) in 1388 ms; decode 255 tok / 136 passes in 35.3 s: 7.2 tok/s, 138.4 ms/tok, 260 ms/pass, 1.88 tok/pass, accept p1 88 %
2026-10-06 23:18:36.099 INFO  sched: request 'chatcmpl-cc548dce1df23424' retired (steps): 256 tok in 36.7 s — prefill 31 tok (0 cached) in 1388 ms; decode 255 tok / 136 passes in 35.3 s: 7.2 tok/s, 138.4 ms/tok, 260 ms/pass, 1.88 tok/pass, accept p1 88 %
2026-10-06 23:18:36.629 INFO  sched: request 'chatcmpl-cc548dce1df23422' retired (steps): 256 tok in 37.2 s — prefill 30 tok (0 cached) in 1388 ms; decode 255 tok / 138 passes in 35.8 s: 7.1 tok/s, 140.5 ms/tok, 260 ms/pass, 1.85 tok/pass, accept p1 86 %
2026-10-06 23:18:36.901 INFO  sched: request 'chatcmpl-cc548dce1df2341e' retired (steps): 256 tok in 37.5 s — prefill 30 tok (0 cached) in 1388 ms; decode 255 tok / 139 passes in 36.1 s: 7.1 tok/s, 141.6 ms/tok, 260 ms/pass, 1.83 tok/pass, accept p1 84 %
2026-10-06 23:18:36.901 INFO  sched: request 'chatcmpl-cc548dce1df23423' retired (steps): 256 tok in 37.5 s — prefill 30 tok (0 cached) in 1388 ms; decode 255 tok / 139 passes in 36.1 s: 7.1 tok/s, 141.6 ms/tok, 260 ms/pass, 1.83 tok/pass, accept p1 83 %
2026-10-06 23:18:36.901 INFO  sched: request 'chatcmpl-cc548dce1df23425' retired (steps): 256 tok in 37.5 s — prefill 31 tok (0 cached) in 1388 ms; decode 255 tok / 139 passes in 36.1 s: 7.1 tok/s, 141.6 ms/tok, 260 ms/pass, 1.83 tok/pass, accept p1 83 %
2026-10-06 23:18:37.273 INFO  sched: request 'chatcmpl-cc548dce1df23420' retired (steps): 256 tok in 37.9 s — prefill 31 tok (0 cached) in 1388 ms; decode 255 tok / 142 passes in 36.5 s: 7.0 tok/s, 143.0 ms/tok, 257 ms/pass, 1.80 tok/pass, accept p1 80 %
2026-10-06 23:18:37.472 INFO  sched: request 'chatcmpl-cc548dce1df2341f' retired (steps): 256 tok in 38.1 s — prefill 31 tok (0 cached) in 1388 ms; decode 255 tok / 145 passes in 36.7 s: 7.0 tok/s, 143.8 ms/tok, 253 ms/pass, 1.76 tok/pass, accept p1 77 %
2026-10-06 23:18:37.588 INFO  stats: rank 3 | 10.0 s | decode 50.2 tok/s, 19.6 ms/tok, 239.6 ms/step (41 steps / 502 tok, 98 % of wall) | mtp 1.78 tok/step/req, accept p1 79 % | prefill 0 prompts / 0 tok, 0 tok cached (0/0 hits) | live 0, queued 0 | pool 0/960 blocks (0 %) | prefix cache 0/4096 entries
2026-10-06 23:18:37.621 INFO  sched: request 'chatcmpl-cc548dce1df23426' starting prefill in slot 0 (541 prompt tokens)
2026-10-06 23:18:38.751 INFO  sched: request 'chatcmpl-cc548dce1df23426' prefix cache miss — 3 cut(s), the cache is empty
2026-10-06 23:18:38.751 INFO  sched: request 'chatcmpl-cc548dce1df23426' admitted to slot 0 (reserve 5 blocks; pool 5/960 blocks in use) — first token 785
2026-10-06 23:18:38.751 INFO  sched: request 'chatcmpl-cc548dce1df23426' retired (steps): 1 tok in 1.1 s — prefill 541 tok (0 cached) in 1130 ms; decode 0 tok / 0 passes in 0.0 s
2026-10-06 23:18:38.766 INFO  sched: request 'chatcmpl-cc548dce1df23427' starting prefill in slot 0 (2021 prompt tokens)
2026-10-06 23:18:42.297 INFO  sched: request 'chatcmpl-cc548dce1df23427' prefix cache miss — 3 cut(s), the cache is empty
2026-10-06 23:18:42.297 INFO  sched: request 'chatcmpl-cc548dce1df23427' admitted to slot 0 (reserve 16 blocks; pool 17/960 blocks in use) — first token 785
2026-10-06 23:18:42.298 INFO  sched: request 'chatcmpl-cc548dce1df23427' retired (steps): 1 tok in 3.5 s — prefill 2021 tok (0 cached) in 3531 ms; decode 0 tok / 0 passes in 0.0 s
2026-10-06 23:18:42.318 INFO  sched: request 'chatcmpl-cc548dce1df23428' starting prefill in slot 0 (2054 prompt tokens)
2026-10-06 23:18:45.997 INFO  sched: request 'chatcmpl-cc548dce1df23428' prefix cache miss — 4 cut(s) probed against 2 entries; the nearest entry (position 2021) shares the first 37 of the prompt's 2054 tokens (the prompt differs from it from that token on)
2026-10-06 23:18:45.997 INFO  sched: request 'chatcmpl-cc548dce1df23428' admitted to slot 0 (reserve 17 blocks; pool 35/960 blocks in use) — first token 785
2026-10-06 23:18:45.997 INFO  sched: request 'chatcmpl-cc548dce1df23428' retired (steps): 1 tok in 3.7 s — prefill 2054 tok (0 cached) in 3678 ms; decode 0 tok / 0 passes in 0.0 s
2026-10-06 23:18:46.027 INFO  sched: request 'chatcmpl-cc548dce1df23429' starting prefill in slot 0 (2029 prompt tokens)
2026-10-06 23:18:49.549 INFO  sched: request 'chatcmpl-cc548dce1df23429' prefix cache miss — 3 cut(s) probed against 4 entries; the nearest entry (position 2054) shares the first 37 of the prompt's 2029 tokens (the prompt differs from it from that token on)
2026-10-06 23:18:49.549 INFO  sched: request 'chatcmpl-cc548dce1df23429' admitted to slot 0 (reserve 16 blocks; pool 52/960 blocks in use) — first token 785
2026-10-06 23:18:49.550 INFO  sched: request 'chatcmpl-cc548dce1df23429' retired (steps): 1 tok in 3.5 s — prefill 2029 tok (0 cached) in 3522 ms; decode 0 tok / 0 passes in 0.0 s
2026-10-06 23:18:49.550 INFO  stats: rank 3 | 12.0 s | decode 0.3 tok/s, 0.0 ms/tok, 0.0 ms/step (0 steps / 4 tok, 0 % of wall) | prefill 4 prompts / 6645 tok, 555 tok/s, 1.78 ms/tok, 2965 ms avg (99 % of wall), 0 tok cached (0/4 hits) | live 0, queued 0 | pool 52/960 blocks (5 %) | prefix cache 6/4096 entries
2026-10-06 23:18:49.565 INFO  sched: request 'chatcmpl-cc548dce1df2342a' starting prefill in slot 0 (8002 prompt tokens)
2026-10-06 23:19:06.832 INFO  sched: request 'chatcmpl-cc548dce1df2342a' prefix cache miss — 6 cut(s) probed against 6 entries; the nearest entry (position 2054) shares the first 34 of the prompt's 8002 tokens (the prompt differs from it from that token on)
2026-10-06 23:19:06.832 INFO  sched: request 'chatcmpl-cc548dce1df2342a' admitted to slot 0 (reserve 63 blocks; pool 116/960 blocks in use) — first token 785
2026-10-06 23:19:06.832 INFO  sched: request 'chatcmpl-cc548dce1df2342a' retired (steps): 1 tok in 17.3 s — prefill 8002 tok (0 cached) in 17266 ms; decode 0 tok / 0 passes in 0.0 s
2026-10-06 23:19:06.832 INFO  stats: rank 3 | 17.3 s | decode 0.1 tok/s, 0.0 ms/tok, 0.0 ms/step (0 steps / 1 tok, 0 % of wall) | prefill 1 prompt / 8002 tok, 463 tok/s, 2.16 ms/tok, 17266 ms avg (100 % of wall), 0 tok cached (0/1 hit) | live 0, queued 0 | pool 116/960 blocks (12 %) | prefix cache 8/4096 entries
2026-10-06 23:19:06.864 INFO  sched: request 'chatcmpl-cc548dce1df2342b' starting prefill in slot 0 (8052 prompt tokens)
2026-10-06 23:19:24.345 INFO  sched: request 'chatcmpl-cc548dce1df2342b' prefix cache miss — 6 cut(s) probed against 8 entries; the nearest entry (position 8002) shares the first 38 of the prompt's 8052 tokens (the prompt differs from it from that token on)
2026-10-06 23:19:24.346 INFO  sched: request 'chatcmpl-cc548dce1df2342b' admitted to slot 0 (reserve 63 blocks; pool 180/960 blocks in use) — first token 785
2026-10-06 23:19:24.346 INFO  sched: request 'chatcmpl-cc548dce1df2342b' retired (steps): 1 tok in 17.5 s — prefill 8052 tok (0 cached) in 17482 ms; decode 0 tok / 0 passes in 0.0 s
2026-10-06 23:19:24.346 INFO  stats: rank 3 | 17.5 s | decode 0.1 tok/s, 0.0 ms/tok, 0.0 ms/step (0 steps / 1 tok, 0 % of wall) | prefill 1 prompt / 8052 tok, 460 tok/s, 2.17 ms/tok, 17482 ms avg (100 % of wall), 0 tok cached (0/1 hit) | live 0, queued 0 | pool 180/960 blocks (19 %) | prefix cache 10/4096 entries
2026-10-06 23:19:24.356 INFO  sched: request 'chatcmpl-cc548dce1df2342c' starting prefill in slot 0 (8191 prompt tokens)
2026-10-06 23:19:42.085 INFO  sched: request 'chatcmpl-cc548dce1df2342c' prefix cache miss — 6 cut(s) probed against 10 entries; the nearest entry (position 8052) shares the first 38 of the prompt's 8191 tokens (the prompt differs from it from that token on)
2026-10-06 23:19:42.085 INFO  sched: request 'chatcmpl-cc548dce1df2342c' admitted to slot 0 (reserve 64 blocks; pool 245/960 blocks in use) — first token 785
2026-10-06 23:19:42.086 INFO  sched: request 'chatcmpl-cc548dce1df2342c' retired (steps): 1 tok in 17.7 s — prefill 8191 tok (0 cached) in 17729 ms; decode 0 tok / 0 passes in 0.0 s
2026-10-06 23:19:42.086 INFO  stats: rank 3 | 17.7 s | decode 0.1 tok/s, 0.0 ms/tok, 0.0 ms/step (0 steps / 1 tok, 0 % of wall) | prefill 1 prompt / 8191 tok, 462 tok/s, 2.16 ms/tok, 17729 ms avg (100 % of wall), 0 tok cached (0/1 hit) | live 0, queued 0 | pool 245/960 blocks (26 %) | prefix cache 12/4096 entries
2026-10-06 23:19:42.126 INFO  sched: request 'chatcmpl-cc548dce1df2342d' starting prefill in slot 0 (32214 prompt tokens)
2026-10-06 23:21:10.254 INFO  sched: request 'chatcmpl-cc548dce1df2342d' prefix cache miss — 18 cut(s) probed against 12 entries; the nearest entry (position 8191) shares the first 34 of the prompt's 32214 tokens (the prompt differs from it from that token on)
2026-10-06 23:21:10.254 INFO  sched: request 'chatcmpl-cc548dce1df2342d' admitted to slot 0 (reserve 252 blocks; pool 498/960 blocks in use) — first token 785
2026-10-06 23:21:10.255 INFO  sched: request 'chatcmpl-cc548dce1df2342d' retired (steps): 1 tok in 88.1 s — prefill 32214 tok (0 cached) in 88128 ms; decode 0 tok / 0 passes in 0.0 s
2026-10-06 23:21:10.255 INFO  stats: rank 3 | 88.2 s | decode 0.0 tok/s, 0.0 ms/tok, 0.0 ms/step (0 steps / 1 tok, 0 % of wall) | prefill 1 prompt / 32214 tok, 365 tok/s, 2.74 ms/tok, 88128 ms avg (100 % of wall), 0 tok cached (0/1 hit) | live 0, queued 0 | pool 498/960 blocks (52 %) | prefix cache 15/4096 entries
2026-10-06 23:21:10.298 INFO  sched: request 'chatcmpl-cc548dce1df2342e' starting prefill in slot 0 (32248 prompt tokens)
2026-10-06 23:22:38.362 INFO  sched: request 'chatcmpl-cc548dce1df2342e' prefix cache miss — 18 cut(s) probed against 15 entries; the nearest entry (position 32214) shares the first 38 of the prompt's 32248 tokens (the prompt differs from it from that token on)
2026-10-06 23:22:38.362 INFO  sched: request 'chatcmpl-cc548dce1df2342e' admitted to slot 0 (reserve 252 blocks; pool 751/960 blocks in use) — first token 785
2026-10-06 23:22:38.363 INFO  sched: request 'chatcmpl-cc548dce1df2342e' retired (steps): 1 tok in 88.1 s — prefill 32248 tok (0 cached) in 88064 ms; decode 0 tok / 0 passes in 0.0 s
2026-10-06 23:22:38.363 INFO  stats: rank 3 | 88.1 s | decode 0.0 tok/s, 0.0 ms/tok, 0.0 ms/step (0 steps / 1 tok, 0 % of wall) | prefill 1 prompt / 32248 tok, 366 tok/s, 2.73 ms/tok, 88064 ms avg (100 % of wall), 0 tok cached (0/1 hit) | live 0, queued 0 | pool 751/960 blocks (78 %) | prefix cache 18/4096 entries
2026-10-06 23:22:38.386 INFO  sched: request 'chatcmpl-cc548dce1df2342f' starting prefill in slot 0 (32208 prompt tokens)
2026-10-06 23:24:06.236 INFO  sched: request 'chatcmpl-cc548dce1df2342f' prefix cache miss — 18 cut(s) probed against 12 entries; the nearest entry (position 32248) shares the first 38 of the prompt's 32208 tokens (the prompt differs from it from that token on)
2026-10-06 23:24:06.237 INFO  sched: request 'chatcmpl-cc548dce1df2342f' admitted to slot 0 (reserve 252 blocks; pool 952/960 blocks in use) — first token 785
2026-10-06 23:24:06.238 INFO  sched: request 'chatcmpl-cc548dce1df2342f' retired (steps): 1 tok in 87.9 s — prefill 32208 tok (0 cached) in 87851 ms; decode 0 tok / 0 passes in 0.0 s
2026-10-06 23:24:06.238 INFO  stats: rank 3 | 87.9 s | decode 0.0 tok/s, 0.0 ms/tok, 0.0 ms/step (0 steps / 1 tok, 0 % of wall) | prefill 1 prompt / 32208 tok, 367 tok/s, 2.73 ms/tok, 87851 ms avg (100 % of wall), 0 tok cached (0/1 hit) | live 0, queued 0 | pool 952/960 blocks (99 %) | prefix cache 15/4096 entries
2026-10-06 23:24:06.676 INFO  sched: request 'chatcmpl-cc548dce1df23430' starting prefill in slot 0 (94 prompt tokens)
2026-10-06 23:24:07.496 INFO  sched: request 'chatcmpl-cc548dce1df23430' prefix cache miss — 3 cut(s) probed against 15 entries; the nearest entry (position 32248) shares the first 10 of the prompt's 94 tokens (the prompt differs from it from that token on)
2026-10-06 23:24:07.496 INFO  sched: request 'chatcmpl-cc548dce1df23430' admitted to slot 0 (reserve 3 blocks; pool 955/960 blocks in use) — first token 785
2026-10-06 23:24:16.256 INFO  sched: request 'chatcmpl-cc548dce1df23430' retired (steps): 256 tok in 9.6 s — prefill 94 tok (0 cached) in 820 ms; decode 255 tok / 136 passes in 8.8 s: 29.1 tok/s, 34.4 ms/tok, 64 ms/pass, 1.88 tok/pass, accept p1 88 %
2026-10-06 23:24:16.256 INFO  stats: rank 3 | 10.0 s | decode 25.6 tok/s, 33.9 ms/tok, 63.7 ms/step (136 steps / 256 tok, 87 % of wall) | mtp 1.88 tok/step/req, accept p1 88 % | prefill 1 prompt / 94 tok, 9 tok/s, 8.73 ms/tok, 820 ms avg (8 % of wall), 0 tok cached (0/1 hit) | live 0, queued 0 | pool 952/960 blocks (99 %) | prefix cache 15/4096 entries
2026-10-06 23:24:16.307 INFO  sched: request 'chatcmpl-cc548dce1df23431' starting prefill in slot 0 (94 prompt tokens)
2026-10-06 23:24:17.120 INFO  sched: request 'chatcmpl-cc548dce1df23431' prefix cache miss — 3 cut(s) probed against 15 entries; the nearest entry (position 32248) shares the first 10 of the prompt's 94 tokens (the prompt differs from it from that token on)
2026-10-06 23:24:17.120 INFO  sched: request 'chatcmpl-cc548dce1df23431' admitted to slot 0 (reserve 3 blocks; pool 955/960 blocks in use) — first token 785
2026-10-06 23:24:25.848 INFO  sched: request 'chatcmpl-cc548dce1df23431' retired (steps): 256 tok in 9.5 s — prefill 94 tok (0 cached) in 813 ms; decode 255 tok / 136 passes in 8.7 s: 29.2 tok/s, 34.2 ms/tok, 64 ms/pass, 1.88 tok/pass, accept p1 88 %
2026-10-06 23:24:25.879 INFO  sched: request 'chatcmpl-cc548dce1df23432' starting prefill in slot 0 (94 prompt tokens)
2026-10-06 23:24:26.691 INFO  sched: request 'chatcmpl-cc548dce1df23432' prefix cache miss — 3 cut(s) probed against 15 entries; the nearest entry (position 32248) shares the first 10 of the prompt's 94 tokens (the prompt differs from it from that token on)
2026-10-06 23:24:26.691 INFO  sched: request 'chatcmpl-cc548dce1df23432' admitted to slot 0 (reserve 3 blocks; pool 955/960 blocks in use) — first token 785
2026-10-06 23:24:26.754 INFO  stats: rank 3 | 10.5 s | decode 24.7 tok/s, 33.6 ms/tok, 63.5 ms/step (137 steps / 259 tok, 83 % of wall) | mtp 1.89 tok/step/req, accept p1 88 % | prefill 2 prompts / 188 tok, 18 tok/s, 8.65 ms/tok, 813 ms avg (15 % of wall), 0 tok cached (0/2 hits) | live 1, queued 0 | pool 955/960 blocks (99 %) | prefix cache 15/4096 entries
2026-10-06 23:24:35.486 INFO  sched: request 'chatcmpl-cc548dce1df23432' retired (steps): 256 tok in 9.6 s — prefill 94 tok (0 cached) in 812 ms; decode 255 tok / 136 passes in 8.8 s: 29.0 tok/s, 34.5 ms/tok, 65 ms/pass, 1.88 tok/pass, accept p1 88 %
2026-10-06 23:24:36.301 INFO  sched: request 'chatcmpl-cc548dce1df23433' starting prefill in slot 0 (32237 prompt tokens)
2026-10-06 23:26:04.282 INFO  sched: request 'chatcmpl-cc548dce1df23433' prefix cache miss — 18 cut(s) probed against 6 entries; the nearest entry (position 32248) shares the first 10 of the prompt's 32237 tokens (the prompt differs from it from that token on)
2026-10-06 23:26:04.283 INFO  sched: request 'chatcmpl-cc548dce1df23433' admitted to slot 0 (reserve 254 blocks; pool 761/960 blocks in use) — first token 785
2026-10-06 23:26:04.357 INFO  stats: rank 3 | 97.6 s | decode 2.6 tok/s, 34.0 ms/tok, 64.0 ms/step (136 steps / 256 tok, 9 % of wall) | mtp 1.88 tok/step/req, accept p1 88 % | prefill 1 prompt / 32237 tok, 330 tok/s, 2.73 ms/tok, 87982 ms avg (90 % of wall), 0 tok cached (0/1 hit) | live 1, queued 0 | pool 762/960 blocks (79 %) | prefix cache 8/4096 entries
2026-10-06 23:26:14.415 INFO  sched: request 'chatcmpl-cc548dce1df23433' retired (steps): 256 tok in 98.1 s — prefill 32237 tok (0 cached) in 87982 ms; decode 255 tok / 130 passes in 10.1 s: 25.2 tok/s, 39.7 ms/tok, 78 ms/pass, 1.96 tok/pass, accept p1 96 %
2026-10-06 23:26:14.415 INFO  stats: rank 3 | 10.1 s | decode 25.2 tok/s, 39.2 ms/tok, 76.8 ms/step (129 steps / 253 tok, 99 % of wall) | mtp 1.96 tok/step/req, accept p1 96 % | prefill 0 prompts / 0 tok, 0 tok cached (0/0 hits) | live 0, queued 0 | pool 761/960 blocks (79 %) | prefix cache 9/4096 entries
2026-10-06 23:26:14.432 INFO  sched: request 'chatcmpl-cc548dce1df23434' starting prefill in slot 0 (32237 prompt tokens)
2026-10-06 23:26:14.562 INFO  sched: request 'chatcmpl-cc548dce1df23434' admitted to slot 0 (reserve 254 blocks; pool 764/960 blocks in use) — first token 785
2026-10-06 23:26:24.415 INFO  stats: rank 3 | 10.0 s | decode 25.0 tok/s, 38.9 ms/tok, 76.5 ms/step (127 steps / 250 tok, 97 % of wall) | mtp 1.97 tok/step/req, accept p1 96 % | prefill 1 prompt / 2 tok, 0 tok/s, 65.09 ms/tok, 130 ms avg (1 % of wall), 32235 tok cached (1/1 hit) | live 1, queued 0 | pool 765/960 blocks (80 %) | prefix cache 9/4096 entries
2026-10-06 23:26:24.653 INFO  sched: request 'chatcmpl-cc548dce1df23434' retired (steps): 256 tok in 10.2 s — prefill 32237 tok (32235 cached) in 130 ms; decode 255 tok / 130 passes in 10.1 s: 25.3 tok/s, 39.6 ms/tok, 78 ms/pass, 1.96 tok/pass, accept p1 96 %
2026-10-06 23:26:24.686 INFO  sched: request 'chatcmpl-cc548dce1df23435' starting prefill in slot 0 (32237 prompt tokens)
2026-10-06 23:26:24.816 INFO  sched: request 'chatcmpl-cc548dce1df23435' admitted to slot 0 (reserve 254 blocks; pool 764/960 blocks in use) — first token 785
2026-10-06 23:26:34.432 INFO  stats: rank 3 | 10.0 s | decode 25.0 tok/s, 38.9 ms/tok, 76.5 ms/step (127 steps / 250 tok, 97 % of wall) | mtp 1.97 tok/step/req, accept p1 96 % | prefill 1 prompt / 2 tok, 0 tok/s, 65.29 ms/tok, 131 ms avg (1 % of wall), 32235 tok cached (1/1 hit) | live 1, queued 0 | pool 765/960 blocks (80 %) | prefix cache 9/4096 entries
2026-10-06 23:26:34.907 INFO  sched: request 'chatcmpl-cc548dce1df23435' retired (steps): 256 tok in 10.2 s — prefill 32237 tok (32235 cached) in 131 ms; decode 255 tok / 130 passes in 10.1 s: 25.3 tok/s, 39.6 ms/tok, 78 ms/pass, 1.96 tok/pass, accept p1 96 %
2026-10-06 23:26:36.145 INFO  sched: request 'chatcmpl-cc548dce1df23436' starting prefill in slot 0 (65010 prompt tokens)
2026-10-06 23:30:19.421 INFO  sched: request 'chatcmpl-cc548dce1df23436' prefix cache miss — 34 cut(s) probed against 3 entries; the nearest entry (position 32492) shares the first 12 of the prompt's 65010 tokens (the prompt differs from it from that token on)
2026-10-06 23:30:19.422 INFO  sched: request 'chatcmpl-cc548dce1df23436' admitted to slot 0 (reserve 510 blocks; pool 766/960 blocks in use) — first token 785
2026-10-06 23:30:19.501 INFO  stats: rank 3 | 225.1 s | decode 0.1 tok/s, 36.1 ms/tok, 77.4 ms/step (7 steps / 15 tok, 0 % of wall) | mtp 2.14 tok/step/req, accept p1 100 % | prefill 1 prompt / 65010 tok, 289 tok/s, 3.43 ms/tok, 223277 ms avg (99 % of wall), 0 tok cached (0/1 hit) | live 1, queued 0 | pool 767/960 blocks (80 %) | prefix cache 5/4096 entries
2026-10-06 23:30:29.565 INFO  stats: rank 3 | 10.1 s | decode 23.9 tok/s, 41.3 ms/tok, 82.2 ms/step (121 steps / 241 tok, 99 % of wall) | mtp 1.99 tok/step/req, accept p1 99 % | prefill 0 prompts / 0 tok, 0 tok cached (0/0 hits) | live 1, queued 0 | pool 767/960 blocks (80 %) | prefix cache 5/4096 entries
2026-10-06 23:30:30.075 INFO  sched: request 'chatcmpl-cc548dce1df23436' retired (steps): 256 tok in 233.9 s — prefill 65010 tok (0 cached) in 223277 ms; decode 255 tok / 128 passes in 10.7 s: 23.9 tok/s, 41.8 ms/tok, 83 ms/pass, 1.99 tok/pass, accept p1 99 %
2026-10-06 23:30:30.100 INFO  sched: request 'chatcmpl-cc548dce1df23437' starting prefill in slot 0 (65010 prompt tokens)
2026-10-06 23:30:30.238 INFO  sched: request 'chatcmpl-cc548dce1df23437' admitted to slot 0 (reserve 510 blocks; pool 769/960 blocks in use) — first token 785
2026-10-06 23:30:39.593 INFO  stats: rank 3 | 10.0 s | decode 23.7 tok/s, 40.9 ms/tok, 81.8 ms/step (119 steps / 238 tok, 97 % of wall) | mtp 2.00 tok/step/req, accept p1 99 % | prefill 1 prompt / 2 tok, 0 tok/s, 69.08 ms/tok, 138 ms avg (1 % of wall), 65008 tok cached (1/1 hit) | live 1, queued 0 | pool 770/960 blocks (80 %) | prefix cache 6/4096 entries
2026-10-06 23:30:40.846 INFO  sched: request 'chatcmpl-cc548dce1df23437' retired (steps): 256 tok in 10.7 s — prefill 65010 tok (65008 cached) in 138 ms; decode 255 tok / 128 passes in 10.6 s: 24.0 tok/s, 41.6 ms/tok, 83 ms/pass, 1.99 tok/pass, accept p1 99 %
2026-10-06 23:30:40.880 INFO  sched: request 'chatcmpl-cc548dce1df23438' starting prefill in slot 0 (65010 prompt tokens)
2026-10-06 23:30:41.018 INFO  sched: request 'chatcmpl-cc548dce1df23438' admitted to slot 0 (reserve 510 blocks; pool 769/960 blocks in use) — first token 785
2026-10-06 23:30:49.630 INFO  stats: rank 3 | 10.0 s | decode 23.7 tok/s, 40.9 ms/tok, 81.9 ms/step (119 steps / 238 tok, 97 % of wall) | mtp 2.00 tok/step/req, accept p1 99 % | prefill 1 prompt / 2 tok, 0 tok/s, 69.04 ms/tok, 138 ms avg (1 % of wall), 65008 tok cached (1/1 hit) | live 1, queued 0 | pool 770/960 blocks (80 %) | prefix cache 6/4096 entries
2026-10-06 23:30:51.631 INFO  sched: request 'chatcmpl-cc548dce1df23438' retired (steps): 256 tok in 10.8 s — prefill 65010 tok (65008 cached) in 138 ms; decode 255 tok / 128 passes in 10.6 s: 24.0 tok/s, 41.6 ms/tok, 83 ms/pass, 1.99 tok/pass, accept p1 99 %
2026-10-06 23:30:54.180 INFO  journal: stop record — exiting
2026-10-06 23:30:54.278 INFO  rank 3: graph engine sampling summary — 0 sampled decode steps, 0 served by the exact gather fallback (0.0%), 128 candidates per rank
2026-10-06 23:30:55.498 INFO  rank 3: exited cleanly
2026-10-07 03:03:11.006 INFO  dgpp-serve 0.1.0+ga3ebc21a7c24.dirty (git a3ebc21a7c24)
2026-10-07 03:03:11.007 INFO  config /tmp/bus4/deployments/153299c236f012d8/cluster.json: model HawkBearPig/GLM-5.3-Int4-Int8Mix-RTN-g64, world 4, rank 3, http :18080, fabric :29970, journal :29971
2026-10-07 03:03:11.008 INFO  model HawkBearPig/GLM-5.3-Int4-Int8Mix-RTN-g64 -> /home/stephen/.cache/huggingface/hub/models--HawkBearPig--GLM-5.3-Int4-Int8Mix-RTN-g64/snapshots/147684fbad20c1e283ddff46fd07cb9d4ccbb3da
2026-10-07 03:03:11.008 INFO  journal: connected to rank 0 at 192.168.88.11:29971 (120000 attempt window)
2026-10-07 03:03:11.009 INFO  rank 3: settings from rank 0: model=HawkBearPig/GLM-5.3-Int4-Int8Mix-RTN-g64 world=4 fabric=29970 journal=29971 conc=8 kv=122880 kvdt=bf16 ngt=resident dw=checkpoint mtpef=fp8 bfw=bf12 fp8head=gemv pf=bounded emsh=vocab maxtok=32768 queue=8 eos=1 graph=1 compact=0 mtp=1 mtpd=1 mss=0 msrow=8 msbase=28 mslam=0 msmin=1 msad=1 msss=0.93 mdr=auto mdt=1 mvf=token dbr=0 batchmin=2 cand=128 pcgib=1 adm=full win=256 pfbudget=-1 pfidle=0 pmin=1024 phead=1 pace=-1 inflight=-1 reasoning_in_content=0 rs=off dflash=off dfw=checkpoint
2026-10-07 03:03:11.009 INFO  config: model=HawkBearPig/GLM-5.3-Int4-Int8Mix-RTN-g64 world=4 fabric=29970 journal=29971 conc=8 kv=122880 kvdt=bf16 ngt=resident dw=checkpoint mtpef=fp8 bfw=bf12 fp8head=gemv pf=bounded emsh=vocab maxtok=32768 queue=8 eos=1 graph=1 compact=0 mtp=1 mtpd=1 mss=0 msrow=8 msbase=28 mslam=0 msmin=1 msad=1 msss=0.93 mdr=auto mdt=1 mvf=token dbr=0 batchmin=2 cand=128 pcgib=1 adm=full win=256 pfbudget=-1 pfidle=0 pmin=1024 phead=1 pace=-1 inflight=-1 reasoning_in_content=0 rs=off dflash=off dfw=checkpoint (digest dcec5e3abf2dad11)
2026-10-07 03:03:11.141 INFO  serve: model family glm_moe_dsa (/home/stephen/.cache/huggingface/hub/models--HawkBearPig--GLM-5.3-Int4-Int8Mix-RTN-g64/snapshots/147684fbad20c1e283ddff46fd07cb9d4ccbb3da)
2026-10-07 03:03:11.141 INFO  serve: decode rows 16 (8 slot(s) x 2 row(s) per request, floor 8, the glm_moe_dsa family's cap 16)
2026-10-07 03:03:11.141 WARN  generation config /home/stephen/.cache/huggingface/hub/models--HawkBearPig--GLM-5.3-Int4-Int8Mix-RTN-g64/snapshots/147684fbad20c1e283ddff46fd07cb9d4ccbb3da/generation_config.json omits top_k, min_p, repetition_penalty; using greedy-safe/neutral fallbacks for those fields
2026-10-07 03:03:11.141 INFO  generation defaults: temperature=1 top_p=0.95 top_k=0 min_p=0 repetition_penalty=1
2026-10-07 03:03:11.141 INFO  serve: sampling defaults temperature 1 top_p 0.95 top_k 0 min_p 0 repetition_penalty 1 (from generation_config.json; overrides: none)
2026-10-07 03:03:11.141 INFO  serve: request context limit 122880 tokens (the 122880-token K/V pool from engine.kv_capacity 122880; this family states no positional ceiling of its own)
2026-10-07 03:03:11.141 INFO  rank 3: prefix cache plan — 1 GiB budget, 4096 slots of 0.012 MiB, 0.047 GiB allocated; cached K/V blocks share the 122880-token pool
2026-10-07 03:03:11.299 INFO  tokenizer: loaded vocab 154820 merges 321649 added 36 (revision 0x700b4469fc43f23b; glm pattern, no normalizer, ignore_merges true)
2026-10-07 03:03:11.308 INFO  serve: grammar vocabulary built (154880 ids, tool markers present, call-turn EOS 154829)
2026-10-07 03:03:11.412 INFO  serve: JSON grammar tables built in 0.10 s
2026-10-07 03:03:11.644 INFO  bus: globaltimer offset 20897790630 ns (+-2 us)
2026-10-07 03:03:11.650 INFO  verbs: device roceP2p1s0f0 port 1 gid_index 3
2026-10-07 03:03:11.654 INFO  verbs: device rocep1s0f0 port 1 gid_index 3
2026-10-07 03:03:12.787 INFO  bus: rank 3 up — 3 peer(s) x 2 lane(s), lat 8x196608B, bulk 8x262144B, bulk pace 28.3 Gb/s per QP, window 4 per lane
2026-10-07 03:03:12.787 INFO  rank 3: boundary reducer host-driven
2026-10-07 03:03:12.933 INFO  rank 3: process memory locked (mlockall MCL_CURRENT, 14547 MiB)
2026-10-07 03:03:12.933 INFO  rank 3: resident image cache at /home/stephen/.cache/dgpp/resident
2026-10-07 03:03:12.934 INFO  bus engine: rank 3 pinned to cpu 19
2026-10-07 03:03:13.067 INFO  rank 3: memory plan for a 122880-token context — model weights (resident, packed bf16 matrices released) 96.32 GiB; bf16 decode packing (12-bit companions) 1.27 GiB; bf16 prefill expansion scratch 0.05 GiB; gemm workspace (at least) 0.06 GiB; dsa cache pool (latent bf16 + rope keys on every layer, fp8 index caches on the indexed layers) 10.75 GiB; dsa scratch (projections, selection, attention, the prefill dot tiles) 0.22 GiB; rotary table (bf16 cos/sin per position) 0.01 GiB; activations (session core, residual, block io, dense scratch, route staging) 0.14 GiB (0.01 GiB pinned); moe scratch (routed slots, shared expert, graph tables) 0.75 GiB (0.01 GiB pinned); draft block (gathered hidden, the fused input, its residual, the sharded embedding's rows) 0.12 GiB; prefix cache 0.05 GiB; engine 0.07 GiB
2026-10-07 03:03:13.067 INFO  rank 3: memory plan total 109.81 GiB (109.67 GiB device + 0.14 GiB pinned) + 4.00 GiB headroom against 116.07 GiB free (device free 114.47 GiB of 121.69 GiB, host available 116.07 GiB)
2026-10-07 03:03:13.067 INFO  memory ledger: rank 3 after the plan check — rss 1.19 GiB (anon 0.42, shmem 0.11, file 0.67; locked 14.21); device free 114.47 GiB, node available 116.07 GiB
2026-10-07 03:03:13.067 INFO  memory ledger: rank 3 after the bus — rss 1.19 GiB (anon 0.42, shmem 0.11, file 0.67; locked 14.21); device free 114.47 GiB, node available 116.07 GiB
2026-10-07 03:03:13.584 INFO  glm_dsa loader: rank 3 resident footprint 98.0 GiB; device free 114.4 of 121.7 GiB, host available 116.0 GiB
2026-10-07 03:03:14.331 INFO  glm_dsa loader: rank 3 resident image /home/stephen/.cache/dgpp/resident/4e19ad9a970d9938.img — 79/79 layers present, direct I/O
2026-10-07 03:03:14.344 INFO  l2 prefetch: on, window budget 12 MiB, boundary rate light, layer rate light
2026-10-07 03:03:14.345 INFO  memory ledger: glm_dsa: loader opened — rss 2.76 GiB (anon 0.49, shmem 1.57, file 0.69; locked 14.21); device free 112.44 GiB, node available 114.04 GiB
2026-10-07 03:03:15.807 INFO  memory ledger: glm_dsa: globals resident — rss 3.65 GiB (anon 0.49, shmem 1.57, file 1.58; locked 14.21); device free 111.10 GiB, node available 113.59 GiB
2026-10-07 03:03:30.811 INFO  rank 3 bf12: 89 decode matrices packed (1.65 GiB of bf16 -> 1.24 GiB, 166058 escapes, widest row 12, 0 rows kept raw; 0 matrices kept bf16) in 1.0 s
2026-10-07 03:03:30.811 INFO  rank 3 bf12: 89 of them released their bf16 bytes (1.71 GiB returned; prefill expands through a 48 MiB scratch)
2026-10-07 03:03:31.155 INFO  glm_dsa loader: rank 3 resident load complete — released 79 shard mappings (398.1 GiB) and evicted their page cache, freed the 1.46 GiB pinned staging mirror; image: 79 layers restored, 0 captured
2026-10-07 03:03:31.198 INFO  memory ledger: glm_dsa: layers resident, sources released — rss 1.26 GiB (anon 0.48, shmem 0.11, file 0.67; locked 14.19); device free 14.50 GiB, node available 16.06 GiB
2026-10-07 03:03:31.540 INFO  memory ledger: glm_dsa: arena, pool and scratch — rss 1.26 GiB (anon 0.48, shmem 0.11, file 0.67; locked 14.19); device free 3.29 GiB, node available 4.86 GiB
2026-10-07 03:03:31.592 INFO  memory ledger: rank 3 after the model — rss 1.27 GiB (anon 0.48, shmem 0.12, file 0.67; locked 14.19); device free 3.05 GiB, node available 4.62 GiB
2026-10-07 03:03:31.592 INFO  rank 3: model constructed in 18.5s (resident, 8 request slots, 122880-token pool in bf16, 2048-row forwards)
2026-10-07 03:03:31.592 INFO  rank 3: prefix cache on — 4096 snapshot slot(s) of 0.0 MiB (1.00 GiB asked)
2026-10-07 03:03:31.595 INFO  rank 3: graph engine samples on the device — 128 candidates per rank (16 rows x 4 ranks in a 196608-byte latency slot; the planned width is 128); constrained decoding available
2026-10-07 03:03:31.595 INFO  rank 3: prefill budget 0 tokens/tick (0 = full prompt), 0 with nothing decoding
2026-10-07 03:03:31.595 INFO  rank 3: sampled requests draft a draw from the draft's distribution under the ratio verify (engine.mtp_draft auto)
2026-10-07 03:03:40.759 INFO  memory ledger: rank 3 after the graph engine — rss 1.27 GiB (anon 0.48, shmem 0.12, file 0.67; locked 14.19); device free 3.15 GiB, node available 4.71 GiB
2026-10-07 03:03:40.762 INFO  allreduce: device clock rate 2418000 kHz (stamps conversion)
2026-10-07 03:03:40.762 INFO  allreduce: rank 3 seq 1 launched (3 peers)
2026-10-07 03:03:40.762 INFO  allreduce: rank 3 seq 1 ready after 45.8us
2026-10-07 03:03:40.769 INFO  allreduce: rank 3 seq 1 done status=0 after 6462.2us
2026-10-07 03:03:41.023 INFO  allreduce: rank 3 seq 2 launched (3 peers)
2026-10-07 03:03:41.023 INFO  allreduce: rank 3 seq 2 ready after 25.0us
2026-10-07 03:03:41.147 INFO  allreduce: rank 3 seq 2 done status=0 after 124100.5us
2026-10-07 03:03:41.148 INFO  allreduce: rank 3 seq 3 launched (3 peers)
2026-10-07 03:03:41.148 INFO  allreduce: rank 3 seq 3 ready after 21.2us
2026-10-07 03:03:41.148 INFO  allreduce: rank 3 seq 3 done status=0 after 364.4us
2026-10-07 03:03:41.149 INFO  allreduce: rank 3 seq 4 launched (3 peers)
2026-10-07 03:03:41.149 INFO  allreduce: rank 3 seq 4 ready after 19.5us
2026-10-07 03:03:41.149 INFO  allreduce: rank 3 seq 4 done status=0 after 129.2us
2026-10-07 03:03:41.150 INFO  allreduce: rank 3 seq 5 launched (3 peers)
2026-10-07 03:03:41.150 INFO  allreduce: rank 3 seq 5 ready after 20.1us
2026-10-07 03:03:41.150 INFO  allreduce: rank 3 seq 5 done status=0 after 65.6us
2026-10-07 03:03:41.151 INFO  allreduce: rank 3 seq 6 launched (3 peers)
2026-10-07 03:03:41.151 INFO  allreduce: rank 3 seq 6 ready after 19.8us
2026-10-07 03:03:41.151 INFO  allreduce: rank 3 seq 6 done status=0 after 129.8us
2026-10-07 03:03:41.151 INFO  allreduce: rank 3 seq 7 launched (3 peers)
2026-10-07 03:03:41.151 INFO  allreduce: rank 3 seq 7 ready after 21.1us
2026-10-07 03:03:41.151 INFO  allreduce: rank 3 seq 7 done status=0 after 92.2us
2026-10-07 03:03:41.195 INFO  allreduce: rank 3 seq 8 launched (3 peers)
2026-10-07 03:03:41.195 INFO  allreduce: rank 3 seq 8 ready after 26.0us
2026-10-07 03:03:41.261 INFO  allreduce: rank 3 seq 8 done status=0 after 65324.0us
2026-10-07 03:03:41.305 INFO  allreduce: rank 3 seq 9 launched (3 peers)
2026-10-07 03:03:41.305 INFO  allreduce: rank 3 seq 9 ready after 22.6us
2026-10-07 03:03:41.306 INFO  allreduce: rank 3 seq 9 done status=0 after 1450.2us
2026-10-07 03:03:41.307 INFO  allreduce: rank 3 seq 10 launched (3 peers)
2026-10-07 03:03:41.307 INFO  allreduce: rank 3 seq 10 ready after 20.8us
2026-10-07 03:03:41.307 INFO  allreduce: rank 3 seq 10 done status=0 after 91.9us
2026-10-07 03:03:41.307 INFO  allreduce: rank 3 seq 11 launched (3 peers)
2026-10-07 03:03:41.307 INFO  allreduce: rank 3 seq 11 ready after 21.8us
2026-10-07 03:03:41.307 INFO  allreduce: rank 3 seq 11 done status=0 after 77.3us
2026-10-07 03:03:41.308 INFO  allreduce: rank 3 seq 12 launched (3 peers)
2026-10-07 03:03:41.308 INFO  allreduce: rank 3 seq 12 ready after 19.5us
2026-10-07 03:03:41.308 INFO  allreduce: rank 3 seq 12 done status=0 after 106.5us
2026-10-07 03:03:41.309 INFO  allreduce: rank 3 seq 13 launched (3 peers)
2026-10-07 03:03:41.309 INFO  allreduce: rank 3 seq 13 ready after 21.1us
2026-10-07 03:03:41.309 INFO  allreduce: rank 3 seq 13 done status=0 after 91.0us
2026-10-07 03:03:41.309 INFO  allreduce: rank 3 seq 14 launched (3 peers)
2026-10-07 03:03:41.309 INFO  allreduce: rank 3 seq 14 ready after 19.7us
2026-10-07 03:03:41.309 INFO  allreduce: rank 3 seq 14 done status=0 after 80.9us
2026-10-07 03:03:41.310 INFO  allreduce: rank 3 seq 15 launched (3 peers)
2026-10-07 03:03:41.310 INFO  allreduce: rank 3 seq 15 ready after 21.6us
2026-10-07 03:03:41.310 INFO  allreduce: rank 3 seq 15 done status=0 after 82.5us
2026-10-07 03:03:41.310 INFO  allreduce: rank 3 seq 16 launched (3 peers)
2026-10-07 03:03:41.310 INFO  allreduce: rank 3 seq 16 ready after 20.1us
2026-10-07 03:03:41.311 INFO  allreduce: rank 3 seq 16 done status=0 after 113.9us
2026-10-07 03:03:41.433 INFO  bus graph era: variant 0 recorded with 162 collective node(s)
2026-10-07 03:03:41.433 INFO  rank 3: graph variant 0 shape: 2492 nodes, 2729 edges: kernel 2492 empty 0 memcpy 0 memset 0 host 0 event 0 other 0; max in-degree 2
2026-10-07 03:03:41.438 INFO  rank 3: graph variant 0 instantiated — 15.1 MiB of device memory (2.2 GiB free)
2026-10-07 03:03:41.440 INFO  bus graph era: variant 1 recorded with 162 collective node(s)
2026-10-07 03:03:41.440 INFO  rank 3: graph variant 1 shape: 2492 nodes, 2729 edges: kernel 2492 empty 0 memcpy 0 memset 0 host 0 event 0 other 0; max in-degree 2
2026-10-07 03:03:41.445 INFO  rank 3: graph variant 1 instantiated — 15.1 MiB of device memory (2.2 GiB free)
2026-10-07 03:03:41.445 INFO  rank 3: serving scalar graph variants 0/1 captured for request slot 0 (2 rows, MTP)
2026-10-07 03:03:41.447 INFO  bus graph era: variant 16 recorded with 162 collective node(s)
2026-10-07 03:03:41.447 INFO  rank 3: graph variant 16 shape: 2493 nodes, 2730 edges: kernel 2493 empty 0 memcpy 0 memset 0 host 0 event 0 other 0; max in-degree 2
2026-10-07 03:03:41.454 INFO  rank 3: graph variant 16 instantiated — 13.6 MiB of device memory (2.2 GiB free)
2026-10-07 03:03:41.456 INFO  bus graph era: variant 17 recorded with 162 collective node(s)
2026-10-07 03:03:41.456 INFO  rank 3: graph variant 17 shape: 2493 nodes, 2730 edges: kernel 2493 empty 0 memcpy 0 memset 0 host 0 event 0 other 0; max in-degree 2
2026-10-07 03:03:41.464 INFO  rank 3: graph variant 17 instantiated — 14.9 MiB of device memory (2.2 GiB free)
2026-10-07 03:03:41.464 INFO  rank 3: serving row-batched graph variants 16/17 captured for 2 slots x 2 rows = 4 fixed rows, MTP (a batch is selected at 2+ live requests, the smallest that covers the live slots)
2026-10-07 03:03:41.466 INFO  bus graph era: variant 18 recorded with 162 collective node(s)
2026-10-07 03:03:41.466 INFO  rank 3: graph variant 18 shape: 2719 nodes, 2956 edges: kernel 2719 empty 0 memcpy 0 memset 0 host 0 event 0 other 0; max in-degree 2
2026-10-07 03:03:41.475 INFO  rank 3: graph variant 18 instantiated — 17.4 MiB of device memory (2.2 GiB free)
2026-10-07 03:03:41.477 INFO  bus graph era: variant 19 recorded with 162 collective node(s)
2026-10-07 03:03:41.477 INFO  rank 3: graph variant 19 shape: 2719 nodes, 2956 edges: kernel 2719 empty 0 memcpy 0 memset 0 host 0 event 0 other 0; max in-degree 2
2026-10-07 03:03:41.485 INFO  rank 3: graph variant 19 instantiated — 13.8 MiB of device memory (2.2 GiB free)
2026-10-07 03:03:41.485 INFO  rank 3: serving row-batched graph variants 18/19 captured for 3 slots x 2 rows = 6 fixed rows, MTP (a batch is selected at 2+ live requests, the smallest that covers the live slots)
2026-10-07 03:03:41.487 INFO  bus graph era: variant 20 recorded with 162 collective node(s)
2026-10-07 03:03:41.487 INFO  rank 3: graph variant 20 shape: 2720 nodes, 2957 edges: kernel 2720 empty 0 memcpy 0 memset 0 host 0 event 0 other 0; max in-degree 2
2026-10-07 03:03:41.495 INFO  rank 3: graph variant 20 instantiated — 17.6 MiB of device memory (2.2 GiB free)
2026-10-07 03:03:41.497 INFO  bus graph era: variant 21 recorded with 162 collective node(s)
2026-10-07 03:03:41.497 INFO  rank 3: graph variant 21 shape: 2720 nodes, 2957 edges: kernel 2720 empty 0 memcpy 0 memset 0 host 0 event 0 other 0; max in-degree 2
2026-10-07 03:03:41.505 INFO  rank 3: graph variant 21 instantiated — 15.8 MiB of device memory (2.1 GiB free)
2026-10-07 03:03:41.506 INFO  rank 3: serving row-batched graph variants 20/21 captured for 4 slots x 2 rows = 8 fixed rows, MTP (a batch is selected at 2+ live requests, the smallest that covers the live slots)
2026-10-07 03:03:41.508 INFO  bus graph era: variant 22 recorded with 162 collective node(s)
2026-10-07 03:03:41.508 INFO  rank 3: graph variant 22 shape: 3081 nodes, 3318 edges: kernel 3081 empty 0 memcpy 0 memset 0 host 0 event 0 other 0; max in-degree 2
2026-10-07 03:03:41.517 INFO  rank 3: graph variant 22 instantiated — 16.9 MiB of device memory (2.1 GiB free)
2026-10-07 03:03:41.519 INFO  bus graph era: variant 23 recorded with 162 collective node(s)
2026-10-07 03:03:41.519 INFO  rank 3: graph variant 23 shape: 3081 nodes, 3318 edges: kernel 3081 empty 0 memcpy 0 memset 0 host 0 event 0 other 0; max in-degree 2
2026-10-07 03:03:41.529 INFO  rank 3: graph variant 23 instantiated — 16.0 MiB of device memory (2.1 GiB free)
2026-10-07 03:03:41.529 INFO  rank 3: serving row-batched graph variants 22/23 captured for 6 slots x 2 rows = 12 fixed rows, MTP (a batch is selected at 2+ live requests, the smallest that covers the live slots)
2026-10-07 03:03:41.532 INFO  bus graph era: variant 24 recorded with 162 collective node(s)
2026-10-07 03:03:41.532 INFO  rank 3: graph variant 24 shape: 3308 nodes, 3545 edges: kernel 3308 empty 0 memcpy 0 memset 0 host 0 event 0 other 0; max in-degree 2
2026-10-07 03:03:41.542 INFO  rank 3: graph variant 24 instantiated — 16.9 MiB of device memory (2.1 GiB free)
2026-10-07 03:03:41.544 INFO  bus graph era: variant 25 recorded with 162 collective node(s)
2026-10-07 03:03:41.544 INFO  rank 3: graph variant 25 shape: 3308 nodes, 3545 edges: kernel 3308 empty 0 memcpy 0 memset 0 host 0 event 0 other 0; max in-degree 2
2026-10-07 03:03:41.555 INFO  rank 3: graph variant 25 instantiated — 17.1 MiB of device memory (2.1 GiB free)
2026-10-07 03:03:41.555 INFO  rank 3: serving row-batched graph variants 24/25 captured for 8 slots x 2 rows = 16 fixed rows, MTP (a batch is selected at 2+ live requests, the smallest that covers the live slots)
2026-10-07 03:03:41.903 INFO  bus graph era: variant 2 recorded with 162 collective node(s)
2026-10-07 03:03:41.903 INFO  rank 3: graph variant 2 shape: 2492 nodes, 2729 edges: kernel 2492 empty 0 memcpy 0 memset 0 host 0 event 0 other 0; max in-degree 2
2026-10-07 03:03:41.910 INFO  rank 3: graph variant 2 instantiated — 15.3 MiB of device memory (2.1 GiB free)
2026-10-07 03:03:41.912 INFO  bus graph era: variant 3 recorded with 162 collective node(s)
2026-10-07 03:03:41.912 INFO  rank 3: graph variant 3 shape: 2492 nodes, 2729 edges: kernel 2492 empty 0 memcpy 0 memset 0 host 0 event 0 other 0; max in-degree 2
2026-10-07 03:03:41.920 INFO  rank 3: graph variant 3 instantiated — 15.2 MiB of device memory (2.0 GiB free)
2026-10-07 03:03:41.920 INFO  rank 3: serving scalar graph variants 2/3 captured for request slot 1 (2 rows, MTP)
2026-10-07 03:03:42.071 INFO  bus graph era: variant 4 recorded with 162 collective node(s)
2026-10-07 03:03:42.071 INFO  rank 3: graph variant 4 shape: 2492 nodes, 2729 edges: kernel 2492 empty 0 memcpy 0 memset 0 host 0 event 0 other 0; max in-degree 2
2026-10-07 03:03:42.080 INFO  rank 3: graph variant 4 instantiated — 19.9 MiB of device memory (2.0 GiB free)
2026-10-07 03:03:42.081 INFO  bus graph era: variant 5 recorded with 162 collective node(s)
2026-10-07 03:03:42.081 INFO  rank 3: graph variant 5 shape: 2492 nodes, 2729 edges: kernel 2492 empty 0 memcpy 0 memset 0 host 0 event 0 other 0; max in-degree 2
2026-10-07 03:03:42.089 INFO  rank 3: graph variant 5 instantiated — 28.8 MiB of device memory (2.0 GiB free)
2026-10-07 03:03:42.089 INFO  rank 3: serving scalar graph variants 4/5 captured for request slot 2 (2 rows, MTP)
2026-10-07 03:03:42.240 INFO  bus graph era: variant 6 recorded with 162 collective node(s)
2026-10-07 03:03:42.240 INFO  rank 3: graph variant 6 shape: 2492 nodes, 2729 edges: kernel 2492 empty 0 memcpy 0 memset 0 host 0 event 0 other 0; max in-degree 2
2026-10-07 03:03:42.249 INFO  rank 3: graph variant 6 instantiated — 42.7 MiB of device memory (2.0 GiB free)
2026-10-07 03:03:42.251 INFO  bus graph era: variant 7 recorded with 162 collective node(s)
2026-10-07 03:03:42.251 INFO  rank 3: graph variant 7 shape: 2492 nodes, 2729 edges: kernel 2492 empty 0 memcpy 0 memset 0 host 0 event 0 other 0; max in-degree 2
2026-10-07 03:03:42.258 INFO  rank 3: graph variant 7 instantiated — 28.5 MiB of device memory (1.9 GiB free)
2026-10-07 03:03:42.258 INFO  rank 3: serving scalar graph variants 6/7 captured for request slot 3 (2 rows, MTP)
2026-10-07 03:03:42.373 INFO  bus graph era: variant 8 recorded with 162 collective node(s)
2026-10-07 03:03:42.373 INFO  rank 3: graph variant 8 shape: 2492 nodes, 2729 edges: kernel 2492 empty 0 memcpy 0 memset 0 host 0 event 0 other 0; max in-degree 2
2026-10-07 03:03:42.381 INFO  rank 3: graph variant 8 instantiated — 31.0 MiB of device memory (1.9 GiB free)
2026-10-07 03:03:42.383 INFO  bus graph era: variant 9 recorded with 162 collective node(s)
2026-10-07 03:03:42.383 INFO  rank 3: graph variant 9 shape: 2492 nodes, 2729 edges: kernel 2492 empty 0 memcpy 0 memset 0 host 0 event 0 other 0; max in-degree 2
2026-10-07 03:03:42.392 INFO  rank 3: graph variant 9 instantiated — 32.3 MiB of device memory (1.9 GiB free)
2026-10-07 03:03:42.392 INFO  rank 3: serving scalar graph variants 8/9 captured for request slot 4 (2 rows, MTP)
2026-10-07 03:03:42.503 INFO  bus graph era: variant 10 recorded with 162 collective node(s)
2026-10-07 03:03:42.503 INFO  rank 3: graph variant 10 shape: 2492 nodes, 2729 edges: kernel 2492 empty 0 memcpy 0 memset 0 host 0 event 0 other 0; max in-degree 2
2026-10-07 03:03:42.510 INFO  rank 3: graph variant 10 instantiated — 30.8 MiB of device memory (1.8 GiB free)
2026-10-07 03:03:42.512 INFO  bus graph era: variant 11 recorded with 162 collective node(s)
2026-10-07 03:03:42.512 INFO  rank 3: graph variant 11 shape: 2492 nodes, 2729 edges: kernel 2492 empty 0 memcpy 0 memset 0 host 0 event 0 other 0; max in-degree 2
2026-10-07 03:03:42.521 INFO  rank 3: graph variant 11 instantiated — 32.1 MiB of device memory (1.8 GiB free)
2026-10-07 03:03:42.521 INFO  rank 3: serving scalar graph variants 10/11 captured for request slot 5 (2 rows, MTP)
2026-10-07 03:03:42.631 INFO  bus graph era: variant 12 recorded with 162 collective node(s)
2026-10-07 03:03:42.631 INFO  rank 3: graph variant 12 shape: 2492 nodes, 2729 edges: kernel 2492 empty 0 memcpy 0 memset 0 host 0 event 0 other 0; max in-degree 2
2026-10-07 03:03:42.639 INFO  rank 3: graph variant 12 instantiated — 30.6 MiB of device memory (1.8 GiB free)
2026-10-07 03:03:42.641 INFO  bus graph era: variant 13 recorded with 162 collective node(s)
2026-10-07 03:03:42.641 INFO  rank 3: graph variant 13 shape: 2492 nodes, 2729 edges: kernel 2492 empty 0 memcpy 0 memset 0 host 0 event 0 other 0; max in-degree 2
2026-10-07 03:03:42.649 INFO  rank 3: graph variant 13 instantiated — 31.7 MiB of device memory (1.7 GiB free)
2026-10-07 03:03:42.649 INFO  rank 3: serving scalar graph variants 12/13 captured for request slot 6 (2 rows, MTP)
2026-10-07 03:03:42.766 INFO  bus graph era: variant 14 recorded with 162 collective node(s)
2026-10-07 03:03:42.766 INFO  rank 3: graph variant 14 shape: 2492 nodes, 2729 edges: kernel 2492 empty 0 memcpy 0 memset 0 host 0 event 0 other 0; max in-degree 2
2026-10-07 03:03:42.774 INFO  rank 3: graph variant 14 instantiated — 33.3 MiB of device memory (1.7 GiB free)
2026-10-07 03:03:42.776 INFO  bus graph era: variant 15 recorded with 162 collective node(s)
2026-10-07 03:03:42.776 INFO  rank 3: graph variant 15 shape: 2492 nodes, 2729 edges: kernel 2492 empty 0 memcpy 0 memset 0 host 0 event 0 other 0; max in-degree 2
2026-10-07 03:03:42.786 INFO  rank 3: graph variant 15 instantiated — 29.2 MiB of device memory (1.7 GiB free)
2026-10-07 03:03:42.786 INFO  rank 3: serving scalar graph variants 14/15 captured for request slot 7 (2 rows, MTP)
2026-10-07 03:03:42.786 INFO  rank 3: warm capture complete — 8 scalar variants and the row batches for 2 slots, 3 slots, 4 slots, 6 slots, 8 slots recorded before the first request
2026-10-07 03:03:42.786 INFO  memory ledger: rank 3 after the warm capture — rss 2.03 GiB (anon 1.22, shmem 0.13, file 0.68; locked 14.19); device free 1.68 GiB, node available 3.24 GiB
2026-10-07 03:03:42.786 INFO  rank 3: graph variants warm-captured in 2.03s
2026-10-07 03:03:42.786 INFO  rank 3: following rank 0's journal (admission full, window 256)
2026-10-07 03:03:44.086 INFO  sched: request 'chatcmpl-f58839217832d0b9' starting prefill in slot 0 (542 prompt tokens)
2026-10-07 03:03:45.209 INFO  sched: request 'chatcmpl-f58839217832d0b9' prefix cache miss — 3 cut(s), the cache is empty
2026-10-07 03:03:45.209 INFO  sched: request 'chatcmpl-f58839217832d0b9' admitted to slot 0 (reserve 5 blocks; pool 5/960 blocks in use) — first token 785
2026-10-07 03:03:45.209 INFO  sched: request 'chatcmpl-f58839217832d0b9' retired (steps): 1 tok in 1.1 s — prefill 542 tok (0 cached) in 1123 ms; decode 0 tok / 0 passes in 0.0 s
2026-10-07 03:03:45.224 INFO  sched: request 'chatcmpl-f58839217832d0ba' starting prefill in slot 0 (2019 prompt tokens)
2026-10-07 03:03:48.687 INFO  sched: request 'chatcmpl-f58839217832d0ba' prefix cache miss — 3 cut(s), the cache is empty
2026-10-07 03:03:48.687 INFO  sched: request 'chatcmpl-f58839217832d0ba' admitted to slot 0 (reserve 16 blocks; pool 17/960 blocks in use) — first token 785
2026-10-07 03:03:48.688 INFO  sched: request 'chatcmpl-f58839217832d0ba' retired (steps): 1 tok in 3.5 s — prefill 2019 tok (0 cached) in 3464 ms; decode 0 tok / 0 passes in 0.0 s
2026-10-07 03:03:48.697 INFO  sched: request 'chatcmpl-f58839217832d0bb' starting prefill in slot 0 (2050 prompt tokens)
2026-10-07 03:03:52.212 INFO  sched: request 'chatcmpl-f58839217832d0bb' prefix cache miss — 3 cut(s) probed against 2 entries; the nearest entry (position 2019) shares the first 38 of the prompt's 2050 tokens (the prompt differs from it from that token on)
2026-10-07 03:03:52.212 INFO  sched: request 'chatcmpl-f58839217832d0bb' admitted to slot 0 (reserve 17 blocks; pool 34/960 blocks in use) — first token 785
2026-10-07 03:03:52.212 INFO  sched: request 'chatcmpl-f58839217832d0bb' retired (steps): 1 tok in 3.5 s — prefill 2050 tok (0 cached) in 3514 ms; decode 0 tok / 0 passes in 0.0 s
2026-10-07 03:03:52.226 INFO  sched: request 'chatcmpl-f58839217832d0bc' starting prefill in slot 0 (2026 prompt tokens)
2026-10-07 03:03:55.708 INFO  sched: request 'chatcmpl-f58839217832d0bc' prefix cache miss — 3 cut(s) probed against 4 entries; the nearest entry (position 2050) shares the first 38 of the prompt's 2026 tokens (the prompt differs from it from that token on)
2026-10-07 03:03:55.708 INFO  sched: request 'chatcmpl-f58839217832d0bc' admitted to slot 0 (reserve 16 blocks; pool 51/960 blocks in use) — first token 785
2026-10-07 03:03:55.709 INFO  sched: request 'chatcmpl-f58839217832d0bc' retired (steps): 1 tok in 3.5 s — prefill 2026 tok (0 cached) in 3482 ms; decode 0 tok / 0 passes in 0.0 s
2026-10-07 03:03:55.709 INFO  stats: rank 3 | 12.7 s | decode 0.3 tok/s, 0.0 ms/tok, 0.0 ms/step (0 steps / 4 tok, 0 % of wall) | prefill 4 prompts / 6637 tok, 521 tok/s, 1.75 ms/tok, 2896 ms avg (91 % of wall), 0 tok cached (0/4 hits) | live 0, queued 0 | pool 51/960 blocks (5 %) | prefix cache 6/4096 entries
2026-10-07 03:03:55.729 INFO  sched: request 'chatcmpl-f58839217832d0bd' starting prefill in slot 0 (7986 prompt tokens)
2026-10-07 03:04:11.942 INFO  sched: request 'chatcmpl-f58839217832d0bd' prefix cache miss — 6 cut(s) probed against 6 entries; the nearest entry (position 2050) shares the first 35 of the prompt's 7986 tokens (the prompt differs from it from that token on)
2026-10-07 03:04:11.942 INFO  sched: request 'chatcmpl-f58839217832d0bd' admitted to slot 0 (reserve 63 blocks; pool 115/960 blocks in use) — first token 785
2026-10-07 03:04:11.943 INFO  sched: request 'chatcmpl-f58839217832d0bd' retired (steps): 1 tok in 16.2 s — prefill 7986 tok (0 cached) in 16214 ms; decode 0 tok / 0 passes in 0.0 s
2026-10-07 03:04:11.943 INFO  stats: rank 3 | 16.2 s | decode 0.1 tok/s, 0.0 ms/tok, 0.0 ms/step (0 steps / 1 tok, 0 % of wall) | prefill 1 prompt / 7986 tok, 492 tok/s, 2.03 ms/tok, 16214 ms avg (100 % of wall), 0 tok cached (0/1 hit) | live 0, queued 0 | pool 115/960 blocks (12 %) | prefix cache 8/4096 entries
2026-10-07 03:04:11.970 INFO  sched: request 'chatcmpl-f58839217832d0be' starting prefill in slot 0 (8038 prompt tokens)
2026-10-07 03:04:28.315 INFO  sched: request 'chatcmpl-f58839217832d0be' prefix cache miss — 6 cut(s) probed against 8 entries; the nearest entry (position 7986) shares the first 39 of the prompt's 8038 tokens (the prompt differs from it from that token on)
2026-10-07 03:04:28.315 INFO  sched: request 'chatcmpl-f58839217832d0be' admitted to slot 0 (reserve 63 blocks; pool 179/960 blocks in use) — first token 785
2026-10-07 03:04:28.326 INFO  sched: request 'chatcmpl-f58839217832d0be' retired (steps): 1 tok in 16.4 s — prefill 8038 tok (0 cached) in 16346 ms; decode 0 tok / 0 passes in 0.0 s
2026-10-07 03:04:28.326 INFO  stats: rank 3 | 16.4 s | decode 0.1 tok/s, 0.0 ms/tok, 0.0 ms/step (0 steps / 1 tok, 0 % of wall) | prefill 1 prompt / 8038 tok, 491 tok/s, 2.03 ms/tok, 16346 ms avg (100 % of wall), 0 tok cached (0/1 hit) | live 0, queued 0 | pool 179/960 blocks (19 %) | prefix cache 10/4096 entries
2026-10-07 03:04:28.332 INFO  sched: request 'chatcmpl-f58839217832d0bf' starting prefill in slot 0 (8174 prompt tokens)
2026-10-07 03:04:44.964 INFO  sched: request 'chatcmpl-f58839217832d0bf' prefix cache miss — 6 cut(s) probed against 10 entries; the nearest entry (position 8038) shares the first 39 of the prompt's 8174 tokens (the prompt differs from it from that token on)
2026-10-07 03:04:44.964 INFO  sched: request 'chatcmpl-f58839217832d0bf' admitted to slot 0 (reserve 64 blocks; pool 244/960 blocks in use) — first token 785
2026-10-07 03:04:44.965 INFO  sched: request 'chatcmpl-f58839217832d0bf' retired (steps): 1 tok in 16.6 s — prefill 8174 tok (0 cached) in 16633 ms; decode 0 tok / 0 passes in 0.0 s
2026-10-07 03:04:44.965 INFO  stats: rank 3 | 16.6 s | decode 0.1 tok/s, 0.0 ms/tok, 0.0 ms/step (0 steps / 1 tok, 0 % of wall) | prefill 1 prompt / 8174 tok, 491 tok/s, 2.03 ms/tok, 16633 ms avg (100 % of wall), 0 tok cached (0/1 hit) | live 0, queued 0 | pool 244/960 blocks (25 %) | prefix cache 12/4096 entries
2026-10-07 03:04:44.989 INFO  sched: request 'chatcmpl-f58839217832d0c0' starting prefill in slot 0 (32153 prompt tokens)
2026-10-07 03:05:55.735 INFO  sched: request 'chatcmpl-f58839217832d0c0' prefix cache miss — 18 cut(s) probed against 12 entries; the nearest entry (position 8174) shares the first 35 of the prompt's 32153 tokens (the prompt differs from it from that token on)
2026-10-07 03:05:55.735 INFO  sched: request 'chatcmpl-f58839217832d0c0' admitted to slot 0 (reserve 252 blocks; pool 497/960 blocks in use) — first token 785
2026-10-07 03:05:55.736 INFO  sched: request 'chatcmpl-f58839217832d0c0' retired (steps): 1 tok in 70.7 s — prefill 32153 tok (0 cached) in 70747 ms; decode 0 tok / 0 passes in 0.0 s
2026-10-07 03:05:55.736 INFO  stats: rank 3 | 70.8 s | decode 0.0 tok/s, 0.0 ms/tok, 0.0 ms/step (0 steps / 1 tok, 0 % of wall) | prefill 1 prompt / 32153 tok, 454 tok/s, 2.20 ms/tok, 70747 ms avg (100 % of wall), 0 tok cached (0/1 hit) | live 0, queued 0 | pool 497/960 blocks (52 %) | prefix cache 15/4096 entries
2026-10-07 03:05:55.761 INFO  sched: request 'chatcmpl-f58839217832d0c1' starting prefill in slot 0 (32185 prompt tokens)
2026-10-07 03:07:06.751 INFO  sched: request 'chatcmpl-f58839217832d0c1' prefix cache miss — 18 cut(s) probed against 15 entries; the nearest entry (position 32153) shares the first 39 of the prompt's 32185 tokens (the prompt differs from it from that token on)
2026-10-07 03:07:06.751 INFO  sched: request 'chatcmpl-f58839217832d0c1' admitted to slot 0 (reserve 252 blocks; pool 750/960 blocks in use) — first token 785
2026-10-07 03:07:06.752 INFO  sched: request 'chatcmpl-f58839217832d0c1' retired (steps): 1 tok in 71.0 s — prefill 32185 tok (0 cached) in 70990 ms; decode 0 tok / 0 passes in 0.0 s
2026-10-07 03:07:06.752 INFO  stats: rank 3 | 71.0 s | decode 0.0 tok/s, 0.0 ms/tok, 0.0 ms/step (0 steps / 1 tok, 0 % of wall) | prefill 1 prompt / 32185 tok, 453 tok/s, 2.21 ms/tok, 70990 ms avg (100 % of wall), 0 tok cached (0/1 hit) | live 0, queued 0 | pool 750/960 blocks (78 %) | prefix cache 18/4096 entries
2026-10-07 03:07:06.790 INFO  sched: request 'chatcmpl-f58839217832d0c2' starting prefill in slot 0 (32149 prompt tokens)
2026-10-07 03:08:17.762 INFO  sched: request 'chatcmpl-f58839217832d0c2' prefix cache miss — 18 cut(s) probed against 12 entries; the nearest entry (position 32185) shares the first 39 of the prompt's 32149 tokens (the prompt differs from it from that token on)
2026-10-07 03:08:17.762 INFO  sched: request 'chatcmpl-f58839217832d0c2' admitted to slot 0 (reserve 252 blocks; pool 952/960 blocks in use) — first token 785
2026-10-07 03:08:17.763 INFO  sched: request 'chatcmpl-f58839217832d0c2' retired (steps): 1 tok in 71.0 s — prefill 32149 tok (0 cached) in 70972 ms; decode 0 tok / 0 passes in 0.0 s
2026-10-07 03:08:17.763 INFO  stats: rank 3 | 71.0 s | decode 0.0 tok/s, 0.0 ms/tok, 0.0 ms/step (0 steps / 1 tok, 0 % of wall) | prefill 1 prompt / 32149 tok, 453 tok/s, 2.21 ms/tok, 70972 ms avg (100 % of wall), 0 tok cached (0/1 hit) | live 0, queued 0 | pool 952/960 blocks (99 %) | prefix cache 15/4096 entries
2026-10-07 03:08:18.539 INFO  sched: request 'chatcmpl-f58839217832d0c3' starting prefill in slot 0 (32238 prompt tokens)
2026-10-07 03:09:29.560 INFO  sched: request 'chatcmpl-f58839217832d0c3' prefix cache miss — 18 cut(s) probed against 6 entries; the nearest entry (position 32185) shares the first 10 of the prompt's 32238 tokens (the prompt differs from it from that token on)
2026-10-07 03:09:29.560 INFO  sched: request 'chatcmpl-f58839217832d0c3' admitted to slot 0 (reserve 254 blocks; pool 761/960 blocks in use) — first token 785
2026-10-07 03:09:29.634 INFO  stats: rank 3 | 71.9 s | decode 0.0 tok/s, 24.5 ms/tok, 73.4 ms/step (1 step / 3 tok, 0 % of wall) | mtp 3.00 tok/step/req, accept p1 100 % | prefill 1 prompt / 32238 tok, 449 tok/s, 2.20 ms/tok, 71022 ms avg (99 % of wall), 0 tok cached (0/1 hit) | live 1, queued 0 | pool 762/960 blocks (79 %) | prefix cache 8/4096 entries
2026-10-07 03:09:39.511 INFO  sched: request 'chatcmpl-f58839217832d0c3' retired (steps): 256 tok in 81.0 s — prefill 32238 tok (0 cached) in 71022 ms; decode 255 tok / 130 passes in 10.0 s: 25.6 tok/s, 39.0 ms/tok, 77 ms/pass, 1.96 tok/pass, accept p1 97 %
2026-10-07 03:09:39.546 INFO  sched: request 'chatcmpl-f58839217832d0c4' starting prefill in slot 0 (32238 prompt tokens)
2026-10-07 03:09:39.671 INFO  sched: request 'chatcmpl-f58839217832d0c4' admitted to slot 0 (reserve 254 blocks; pool 764/960 blocks in use) — first token 785
2026-10-07 03:09:39.746 INFO  stats: rank 3 | 10.1 s | decode 25.3 tok/s, 38.7 ms/tok, 76.1 ms/step (130 steps / 256 tok, 98 % of wall) | mtp 1.97 tok/step/req, accept p1 97 % | prefill 1 prompt / 2 tok, 0 tok/s, 62.69 ms/tok, 125 ms avg (1 % of wall), 32236 tok cached (1/1 hit) | live 1, queued 0 | pool 765/960 blocks (80 %) | prefix cache 9/4096 entries
2026-10-07 03:09:49.617 INFO  sched: request 'chatcmpl-f58839217832d0c4' retired (steps): 256 tok in 10.1 s — prefill 32238 tok (32236 cached) in 125 ms; decode 255 tok / 130 passes in 9.9 s: 25.6 tok/s, 39.0 ms/tok, 77 ms/pass, 1.96 tok/pass, accept p1 97 %
2026-10-07 03:09:49.635 INFO  sched: request 'chatcmpl-f58839217832d0c5' starting prefill in slot 0 (32238 prompt tokens)
2026-10-07 03:09:49.760 INFO  sched: request 'chatcmpl-f58839217832d0c5' admitted to slot 0 (reserve 254 blocks; pool 764/960 blocks in use) — first token 785
2026-10-07 03:09:49.836 INFO  stats: rank 3 | 10.1 s | decode 25.4 tok/s, 38.6 ms/tok, 76.1 ms/step (130 steps / 256 tok, 98 % of wall) | mtp 1.97 tok/step/req, accept p1 97 % | prefill 1 prompt / 2 tok, 0 tok/s, 62.73 ms/tok, 125 ms avg (1 % of wall), 32236 tok cached (1/1 hit) | live 1, queued 0 | pool 765/960 blocks (80 %) | prefix cache 9/4096 entries
2026-10-07 03:09:59.704 INFO  sched: request 'chatcmpl-f58839217832d0c5' retired (steps): 256 tok in 10.1 s — prefill 32238 tok (32236 cached) in 125 ms; decode 255 tok / 130 passes in 9.9 s: 25.6 tok/s, 39.0 ms/tok, 76 ms/pass, 1.96 tok/pass, accept p1 97 %
2026-10-07 03:09:59.836 INFO  stats: rank 3 | 10.0 s | decode 25.3 tok/s, 38.8 ms/tok, 76.1 ms/step (129 steps / 253 tok, 98 % of wall) | mtp 1.96 tok/step/req, accept p1 97 % | prefill 0 prompts / 0 tok, 0 tok cached (0/0 hits) | live 0, queued 0 | pool 761/960 blocks (79 %) | prefix cache 9/4096 entries
2026-10-07 03:10:00.926 INFO  sched: request 'chatcmpl-f58839217832d0c6' starting prefill in slot 0 (65013 prompt tokens)
2026-10-07 03:12:34.892 INFO  sched: request 'chatcmpl-f58839217832d0c6' prefix cache miss — 34 cut(s) probed against 3 entries; the nearest entry (position 32492) shares the first 14 of the prompt's 65013 tokens (the prompt differs from it from that token on)
2026-10-07 03:12:34.893 INFO  sched: request 'chatcmpl-f58839217832d0c6' admitted to slot 0 (reserve 510 blocks; pool 766/960 blocks in use) — first token 785
2026-10-07 03:12:34.970 INFO  stats: rank 3 | 155.1 s | decode 0.0 tok/s, 25.9 ms/tok, 77.6 ms/step (1 step / 3 tok, 0 % of wall) | mtp 3.00 tok/step/req, accept p1 100 % | prefill 1 prompt / 65013 tok, 419 tok/s, 2.37 ms/tok, 153967 ms avg (99 % of wall), 0 tok cached (0/1 hit) | live 1, queued 0 | pool 767/960 blocks (80 %) | prefix cache 5/4096 entries
2026-10-07 03:12:44.979 INFO  stats: rank 3 | 10.0 s | decode 24.1 tok/s, 41.3 ms/tok, 80.9 ms/step (123 steps / 241 tok, 99 % of wall) | mtp 1.96 tok/step/req, accept p1 96 % | prefill 0 prompts / 0 tok, 0 tok cached (0/0 hits) | live 1, queued 0 | pool 767/960 blocks (80 %) | prefix cache 5/4096 entries
2026-10-07 03:12:45.477 INFO  sched: request 'chatcmpl-f58839217832d0c6' retired (steps): 256 tok in 164.6 s — prefill 65013 tok (0 cached) in 153967 ms; decode 255 tok / 130 passes in 10.6 s: 24.1 tok/s, 41.5 ms/tok, 81 ms/pass, 1.96 tok/pass, accept p1 96 %
2026-10-07 03:12:45.513 INFO  sched: request 'chatcmpl-f58839217832d0c7' starting prefill in slot 0 (65013 prompt tokens)
2026-10-07 03:12:45.643 INFO  sched: request 'chatcmpl-f58839217832d0c7' admitted to slot 0 (reserve 510 blocks; pool 769/960 blocks in use) — first token 785
2026-10-07 03:12:54.988 INFO  stats: rank 3 | 10.0 s | decode 23.8 tok/s, 41.1 ms/tok, 80.9 ms/step (121 steps / 238 tok, 98 % of wall) | mtp 1.97 tok/step/req, accept p1 96 % | prefill 1 prompt / 2 tok, 0 tok/s, 64.95 ms/tok, 130 ms avg (1 % of wall), 65011 tok cached (1/1 hit) | live 1, queued 0 | pool 770/960 blocks (80 %) | prefix cache 6/4096 entries
2026-10-07 03:12:56.224 INFO  sched: request 'chatcmpl-f58839217832d0c7' retired (steps): 256 tok in 10.7 s — prefill 65013 tok (65011 cached) in 130 ms; decode 255 tok / 130 passes in 10.6 s: 24.1 tok/s, 41.5 ms/tok, 81 ms/pass, 1.96 tok/pass, accept p1 96 %
2026-10-07 03:12:56.259 INFO  sched: request 'chatcmpl-f58839217832d0c8' starting prefill in slot 0 (65013 prompt tokens)
2026-10-07 03:12:56.390 INFO  sched: request 'chatcmpl-f58839217832d0c8' admitted to slot 0 (reserve 510 blocks; pool 769/960 blocks in use) — first token 785
2026-10-07 03:13:05.065 INFO  stats: rank 3 | 10.1 s | decode 23.8 tok/s, 41.1 ms/tok, 80.8 ms/step (122 steps / 240 tok, 98 % of wall) | mtp 1.97 tok/step/req, accept p1 96 % | prefill 1 prompt / 2 tok, 0 tok/s, 65.43 ms/tok, 131 ms avg (1 % of wall), 65011 tok cached (1/1 hit) | live 1, queued 0 | pool 770/960 blocks (80 %) | prefix cache 6/4096 entries
2026-10-07 03:13:06.957 INFO  sched: request 'chatcmpl-f58839217832d0c8' retired (steps): 256 tok in 10.7 s — prefill 65013 tok (65011 cached) in 131 ms; decode 255 tok / 130 passes in 10.6 s: 24.1 tok/s, 41.4 ms/tok, 81 ms/pass, 1.96 tok/pass, accept p1 96 %
2026-10-07 03:13:08.247 INFO  journal: stop record — exiting
2026-10-07 03:13:08.326 INFO  rank 3: graph engine sampling summary — 0 sampled decode steps, 0 served by the exact gather fallback (0.0%), 128 candidates per rank
2026-10-07 03:13:09.534 INFO  rank 3: exited cleanly
2026-10-07 03:47:33.421 INFO  dgpp-serve 0.1.0+g21b91a39f999.dirty (git 21b91a39f999)
2026-10-07 03:47:33.421 INFO  config /tmp/bus4/deployments/153299c236f012d8/cluster.json: model HawkBearPig/GLM-5.3-Int4-Int8Mix-RTN-g64, world 4, rank 3, http :18080, fabric :29970, journal :29971
2026-10-07 03:47:33.422 INFO  model HawkBearPig/GLM-5.3-Int4-Int8Mix-RTN-g64 -> /home/stephen/.cache/huggingface/hub/models--HawkBearPig--GLM-5.3-Int4-Int8Mix-RTN-g64/snapshots/147684fbad20c1e283ddff46fd07cb9d4ccbb3da
2026-10-07 03:47:33.422 INFO  journal: connected to rank 0 at 192.168.88.11:29971 (120000 attempt window)
2026-10-07 03:47:33.432 INFO  rank 3: settings from rank 0: model=HawkBearPig/GLM-5.3-Int4-Int8Mix-RTN-g64 world=4 fabric=29970 journal=29971 conc=8 kv=122880 kvdt=bf16 ngt=resident dw=checkpoint mtpef=fp8 bfw=bf12 fp8head=gemv pf=bounded emsh=vocab maxtok=32768 queue=8 eos=1 graph=1 compact=0 mtp=1 mtpd=1 mss=0 msrow=8 msbase=28 mslam=0 msmin=1 msad=1 msss=0.93 mdr=auto mdt=1 mvf=token dbr=0 batchmin=2 cand=128 pcgib=1 adm=full win=256 pfbudget=-1 pfidle=0 pmin=1024 phead=1 pace=-1 inflight=-1 reasoning_in_content=0 rs=off dflash=off dfw=checkpoint
2026-10-07 03:47:33.433 INFO  config: model=HawkBearPig/GLM-5.3-Int4-Int8Mix-RTN-g64 world=4 fabric=29970 journal=29971 conc=8 kv=122880 kvdt=bf16 ngt=resident dw=checkpoint mtpef=fp8 bfw=bf12 fp8head=gemv pf=bounded emsh=vocab maxtok=32768 queue=8 eos=1 graph=1 compact=0 mtp=1 mtpd=1 mss=0 msrow=8 msbase=28 mslam=0 msmin=1 msad=1 msss=0.93 mdr=auto mdt=1 mvf=token dbr=0 batchmin=2 cand=128 pcgib=1 adm=full win=256 pfbudget=-1 pfidle=0 pmin=1024 phead=1 pace=-1 inflight=-1 reasoning_in_content=0 rs=off dflash=off dfw=checkpoint (digest dcec5e3abf2dad11)
2026-10-07 03:47:33.561 INFO  serve: model family glm_moe_dsa (/home/stephen/.cache/huggingface/hub/models--HawkBearPig--GLM-5.3-Int4-Int8Mix-RTN-g64/snapshots/147684fbad20c1e283ddff46fd07cb9d4ccbb3da)
2026-10-07 03:47:33.561 INFO  serve: decode rows 16 (8 slot(s) x 2 row(s) per request, floor 8, the glm_moe_dsa family's cap 16)
2026-10-07 03:47:33.561 WARN  generation config /home/stephen/.cache/huggingface/hub/models--HawkBearPig--GLM-5.3-Int4-Int8Mix-RTN-g64/snapshots/147684fbad20c1e283ddff46fd07cb9d4ccbb3da/generation_config.json omits top_k, min_p, repetition_penalty; using greedy-safe/neutral fallbacks for those fields
2026-10-07 03:47:33.561 INFO  generation defaults: temperature=1 top_p=0.95 top_k=0 min_p=0 repetition_penalty=1
2026-10-07 03:47:33.561 INFO  serve: sampling defaults temperature 1 top_p 0.95 top_k 0 min_p 0 repetition_penalty 1 (from generation_config.json; overrides: none)
2026-10-07 03:47:33.561 INFO  serve: request context limit 122880 tokens (the 122880-token K/V pool from engine.kv_capacity 122880; this family states no positional ceiling of its own)
2026-10-07 03:47:33.561 INFO  rank 3: prefix cache plan — 1 GiB budget, 4096 slots of 0.012 MiB, 0.047 GiB allocated; cached K/V blocks share the 122880-token pool
2026-10-07 03:47:33.723 INFO  tokenizer: loaded vocab 154820 merges 321649 added 36 (revision 0x700b4469fc43f23b; glm pattern, no normalizer, ignore_merges true)
2026-10-07 03:47:33.732 INFO  serve: grammar vocabulary built (154880 ids, tool markers present, call-turn EOS 154829)
2026-10-07 03:47:33.832 INFO  serve: JSON grammar tables built in 0.10 s
2026-10-07 03:47:34.056 INFO  bus: globaltimer offset 20908367084 ns (+-2 us)
2026-10-07 03:47:34.064 INFO  verbs: device roceP2p1s0f0 port 1 gid_index 3
2026-10-07 03:47:34.071 INFO  verbs: device rocep1s0f0 port 1 gid_index 3
2026-10-07 03:47:35.213 INFO  bus: rank 3 up — 3 peer(s) x 2 lane(s), lat 8x196608B, bulk 8x262144B, bulk pace 28.3 Gb/s per QP, window 4 per lane
2026-10-07 03:47:35.213 INFO  rank 3: boundary reducer host-driven
2026-10-07 03:47:35.373 INFO  rank 3: process memory locked (mlockall MCL_CURRENT, 14547 MiB)
2026-10-07 03:47:35.373 INFO  rank 3: resident image cache at /home/stephen/.cache/dgpp/resident
2026-10-07 03:47:35.374 INFO  bus engine: rank 3 pinned to cpu 19
2026-10-07 03:47:35.506 INFO  rank 3: memory plan for a 122880-token context — model weights (resident, packed bf16 matrices released) 96.32 GiB; bf16 decode packing (12-bit companions) 1.27 GiB; bf16 prefill expansion scratch 0.05 GiB; gemm workspace (at least) 0.06 GiB; dsa cache pool (latent bf16 + rope keys on every layer, fp8 index caches on the indexed layers) 10.75 GiB; dsa scratch (projections, selection, attention, the prefill dot tiles) 0.22 GiB; rotary table (bf16 cos/sin per position) 0.01 GiB; activations (session core, residual, block io, dense scratch, route staging) 0.14 GiB (0.01 GiB pinned); moe scratch (routed slots, shared expert, graph tables) 0.75 GiB (0.01 GiB pinned); draft block (gathered hidden, the fused input, its residual, the sharded embedding's rows) 0.12 GiB; prefix cache 0.05 GiB; engine 0.07 GiB
2026-10-07 03:47:35.506 INFO  rank 3: memory plan total 109.81 GiB (109.67 GiB device + 0.14 GiB pinned) + 4.00 GiB headroom against 116.10 GiB free (device free 114.50 GiB of 121.69 GiB, host available 116.10 GiB)
2026-10-07 03:47:35.506 INFO  memory ledger: rank 3 after the plan check — rss 1.19 GiB (anon 0.42, shmem 0.11, file 0.67; locked 14.21); device free 114.50 GiB, node available 116.10 GiB
2026-10-07 03:47:35.506 INFO  memory ledger: rank 3 after the bus — rss 1.19 GiB (anon 0.42, shmem 0.11, file 0.67; locked 14.21); device free 114.50 GiB, node available 116.10 GiB
2026-10-07 03:47:35.986 INFO  glm_dsa loader: rank 3 resident footprint 98.0 GiB; device free 114.4 of 121.7 GiB, host available 116.0 GiB
2026-10-07 03:47:36.651 INFO  glm_dsa loader: rank 3 resident image /home/stephen/.cache/dgpp/resident/4e19ad9a970d9938.img — 79/79 layers present, direct I/O
2026-10-07 03:47:36.661 INFO  l2 prefetch: on, window budget 12 MiB, boundary rate light, layer rate light
2026-10-07 03:47:36.661 INFO  memory ledger: glm_dsa: loader opened — rss 2.76 GiB (anon 0.49, shmem 1.57, file 0.69; locked 14.21); device free 112.47 GiB, node available 114.07 GiB
2026-10-07 03:47:37.435 INFO  memory ledger: glm_dsa: globals resident — rss 3.65 GiB (anon 0.49, shmem 1.57, file 1.58; locked 14.21); device free 111.12 GiB, node available 113.61 GiB
2026-10-07 03:47:52.606 INFO  rank 3 bf12: 89 decode matrices packed (1.65 GiB of bf16 -> 1.24 GiB, 166058 escapes, widest row 12, 0 rows kept raw; 0 matrices kept bf16) in 0.9 s
2026-10-07 03:47:52.606 INFO  rank 3 bf12: 89 of them released their bf16 bytes (1.71 GiB returned; prefill expands through a 48 MiB scratch)
2026-10-07 03:47:52.937 INFO  glm_dsa loader: rank 3 resident load complete — released 79 shard mappings (398.1 GiB) and evicted their page cache, freed the 1.46 GiB pinned staging mirror; image: 79 layers restored, 0 captured
2026-10-07 03:47:52.983 INFO  memory ledger: glm_dsa: layers resident, sources released — rss 1.26 GiB (anon 0.48, shmem 0.11, file 0.67; locked 14.19); device free 15.01 GiB, node available 16.57 GiB
2026-10-07 03:47:53.361 INFO  memory ledger: glm_dsa: arena, pool and scratch — rss 1.26 GiB (anon 0.48, shmem 0.11, file 0.67; locked 14.19); device free 3.80 GiB, node available 5.37 GiB
2026-10-07 03:47:53.414 INFO  memory ledger: rank 3 after the model — rss 1.27 GiB (anon 0.48, shmem 0.12, file 0.67; locked 14.19); device free 3.56 GiB, node available 5.12 GiB
2026-10-07 03:47:53.414 INFO  rank 3: model constructed in 17.9s (resident, 8 request slots, 122880-token pool in bf16, 2048-row forwards)
2026-10-07 03:47:53.414 INFO  rank 3: prefix cache on — 4096 snapshot slot(s) of 0.0 MiB (1.00 GiB asked)
2026-10-07 03:47:53.418 INFO  rank 3: graph engine samples on the device — 128 candidates per rank (16 rows x 4 ranks in a 196608-byte latency slot; the planned width is 128); constrained decoding available
2026-10-07 03:47:53.418 INFO  rank 3: prefill budget 0 tokens/tick (0 = full prompt), 0 with nothing decoding
2026-10-07 03:47:53.418 INFO  rank 3: sampled requests draft a draw from the draft's distribution under the ratio verify (engine.mtp_draft auto)
2026-10-07 03:48:03.060 INFO  memory ledger: rank 3 after the graph engine — rss 1.27 GiB (anon 0.48, shmem 0.12, file 0.67; locked 14.19); device free 3.57 GiB, node available 5.14 GiB
2026-10-07 03:48:03.063 INFO  allreduce: device clock rate 2418000 kHz (stamps conversion)
2026-10-07 03:48:03.063 INFO  allreduce: rank 3 seq 1 launched (3 peers)
2026-10-07 03:48:03.063 INFO  allreduce: rank 3 seq 1 ready after 49.4us
2026-10-07 03:48:03.064 INFO  allreduce: rank 3 seq 1 done status=0 after 146.7us
2026-10-07 03:48:03.325 INFO  allreduce: rank 3 seq 2 launched (3 peers)
2026-10-07 03:48:03.325 INFO  allreduce: rank 3 seq 2 ready after 25.3us
2026-10-07 03:48:03.458 INFO  allreduce: rank 3 seq 2 done status=0 after 133454.5us
2026-10-07 03:48:03.459 INFO  allreduce: rank 3 seq 3 launched (3 peers)
2026-10-07 03:48:03.459 INFO  allreduce: rank 3 seq 3 ready after 21.6us
2026-10-07 03:48:03.459 INFO  allreduce: rank 3 seq 3 done status=0 after 158.3us
2026-10-07 03:48:03.460 INFO  allreduce: rank 3 seq 4 launched (3 peers)
2026-10-07 03:48:03.460 INFO  allreduce: rank 3 seq 4 ready after 19.4us
2026-10-07 03:48:03.460 INFO  allreduce: rank 3 seq 4 done status=0 after 202.3us
2026-10-07 03:48:03.461 INFO  allreduce: rank 3 seq 5 launched (3 peers)
2026-10-07 03:48:03.461 INFO  allreduce: rank 3 seq 5 ready after 21.1us
2026-10-07 03:48:03.461 INFO  allreduce: rank 3 seq 5 done status=0 after 66.1us
2026-10-07 03:48:03.462 INFO  allreduce: rank 3 seq 6 launched (3 peers)
2026-10-07 03:48:03.462 INFO  allreduce: rank 3 seq 6 ready after 19.9us
2026-10-07 03:48:03.462 INFO  allreduce: rank 3 seq 6 done status=0 after 175.4us
2026-10-07 03:48:03.462 INFO  allreduce: rank 3 seq 7 launched (3 peers)
2026-10-07 03:48:03.462 INFO  allreduce: rank 3 seq 7 ready after 19.1us
2026-10-07 03:48:03.462 INFO  allreduce: rank 3 seq 7 done status=0 after 82.2us
2026-10-07 03:48:03.510 INFO  allreduce: rank 3 seq 8 launched (3 peers)
2026-10-07 03:48:03.510 INFO  allreduce: rank 3 seq 8 ready after 25.1us
2026-10-07 03:48:03.579 INFO  allreduce: rank 3 seq 8 done status=0 after 69026.7us
2026-10-07 03:48:03.625 INFO  allreduce: rank 3 seq 9 launched (3 peers)
2026-10-07 03:48:03.625 INFO  allreduce: rank 3 seq 9 ready after 22.0us
2026-10-07 03:48:03.625 INFO  allreduce: rank 3 seq 9 done status=0 after 68.2us
2026-10-07 03:48:03.625 INFO  allreduce: rank 3 seq 10 launched (3 peers)
2026-10-07 03:48:03.625 INFO  allreduce: rank 3 seq 10 ready after 20.6us
2026-10-07 03:48:03.626 INFO  allreduce: rank 3 seq 10 done status=0 after 90.5us
2026-10-07 03:48:03.626 INFO  allreduce: rank 3 seq 11 launched (3 peers)
2026-10-07 03:48:03.626 INFO  allreduce: rank 3 seq 11 ready after 20.9us
2026-10-07 03:48:03.626 INFO  allreduce: rank 3 seq 11 done status=0 after 90.5us
2026-10-07 03:48:03.627 INFO  allreduce: rank 3 seq 12 launched (3 peers)
2026-10-07 03:48:03.627 INFO  allreduce: rank 3 seq 12 ready after 21.7us
2026-10-07 03:48:03.627 INFO  allreduce: rank 3 seq 12 done status=0 after 81.6us
2026-10-07 03:48:03.627 INFO  allreduce: rank 3 seq 13 launched (3 peers)
2026-10-07 03:48:03.627 INFO  allreduce: rank 3 seq 13 ready after 22.6us
2026-10-07 03:48:03.627 INFO  allreduce: rank 3 seq 13 done status=0 after 84.4us
2026-10-07 03:48:03.628 INFO  allreduce: rank 3 seq 14 launched (3 peers)
2026-10-07 03:48:03.628 INFO  allreduce: rank 3 seq 14 ready after 19.4us
2026-10-07 03:48:03.628 INFO  allreduce: rank 3 seq 14 done status=0 after 78.7us
2026-10-07 03:48:03.629 INFO  allreduce: rank 3 seq 15 launched (3 peers)
2026-10-07 03:48:03.629 INFO  allreduce: rank 3 seq 15 ready after 20.2us
2026-10-07 03:48:03.629 INFO  allreduce: rank 3 seq 15 done status=0 after 87.5us
2026-10-07 03:48:03.629 INFO  allreduce: rank 3 seq 16 launched (3 peers)
2026-10-07 03:48:03.629 INFO  allreduce: rank 3 seq 16 ready after 17.4us
2026-10-07 03:48:03.629 INFO  allreduce: rank 3 seq 16 done status=0 after 101.8us
2026-10-07 03:48:03.752 INFO  bus graph era: variant 0 recorded with 162 collective node(s)
2026-10-07 03:48:03.752 INFO  rank 3: graph variant 0 shape: 2492 nodes, 2729 edges: kernel 2492 empty 0 memcpy 0 memset 0 host 0 event 0 other 0; max in-degree 2
2026-10-07 03:48:03.758 INFO  rank 3: graph variant 0 instantiated — 15.1 MiB of device memory (2.4 GiB free)
2026-10-07 03:48:03.760 INFO  bus graph era: variant 1 recorded with 162 collective node(s)
2026-10-07 03:48:03.760 INFO  rank 3: graph variant 1 shape: 2492 nodes, 2729 edges: kernel 2492 empty 0 memcpy 0 memset 0 host 0 event 0 other 0; max in-degree 2
2026-10-07 03:48:03.766 INFO  rank 3: graph variant 1 instantiated — 15.8 MiB of device memory (2.4 GiB free)
2026-10-07 03:48:03.766 INFO  rank 3: serving scalar graph variants 0/1 captured for request slot 0 (2 rows, MTP)
2026-10-07 03:48:03.768 INFO  bus graph era: variant 16 recorded with 162 collective node(s)
2026-10-07 03:48:03.768 INFO  rank 3: graph variant 16 shape: 2493 nodes, 2730 edges: kernel 2493 empty 0 memcpy 0 memset 0 host 0 event 0 other 0; max in-degree 2
2026-10-07 03:48:03.775 INFO  rank 3: graph variant 16 instantiated — 24.1 MiB of device memory (2.4 GiB free)
2026-10-07 03:48:03.777 INFO  bus graph era: variant 17 recorded with 162 collective node(s)
2026-10-07 03:48:03.777 INFO  rank 3: graph variant 17 shape: 2493 nodes, 2730 edges: kernel 2493 empty 0 memcpy 0 memset 0 host 0 event 0 other 0; max in-degree 2
2026-10-07 03:48:03.785 INFO  rank 3: graph variant 17 instantiated — 32.2 MiB of device memory (2.3 GiB free)
2026-10-07 03:48:03.785 INFO  rank 3: serving row-batched graph variants 16/17 captured for 2 slots x 2 rows = 4 fixed rows, MTP (a batch is selected at 2+ live requests, the smallest that covers the live slots)
2026-10-07 03:48:03.788 INFO  bus graph era: variant 18 recorded with 162 collective node(s)
2026-10-07 03:48:03.788 INFO  rank 3: graph variant 18 shape: 2719 nodes, 2956 edges: kernel 2719 empty 0 memcpy 0 memset 0 host 0 event 0 other 0; max in-degree 2
2026-10-07 03:48:03.797 INFO  rank 3: graph variant 18 instantiated — 34.3 MiB of device memory (2.3 GiB free)
2026-10-07 03:48:03.799 INFO  bus graph era: variant 19 recorded with 162 collective node(s)
2026-10-07 03:48:03.799 INFO  rank 3: graph variant 19 shape: 2719 nodes, 2956 edges: kernel 2719 empty 0 memcpy 0 memset 0 host 0 event 0 other 0; max in-degree 2
2026-10-07 03:48:03.808 INFO  rank 3: graph variant 19 instantiated — 30.4 MiB of device memory (2.3 GiB free)
2026-10-07 03:48:03.808 INFO  rank 3: serving row-batched graph variants 18/19 captured for 3 slots x 2 rows = 6 fixed rows, MTP (a batch is selected at 2+ live requests, the smallest that covers the live slots)
2026-10-07 03:48:03.810 INFO  bus graph era: variant 20 recorded with 162 collective node(s)
2026-10-07 03:48:03.810 INFO  rank 3: graph variant 20 shape: 2720 nodes, 2957 edges: kernel 2720 empty 0 memcpy 0 memset 0 host 0 event 0 other 0; max in-degree 2
2026-10-07 03:48:03.820 INFO  rank 3: graph variant 20 instantiated — 35.7 MiB of device memory (2.2 GiB free)
2026-10-07 03:48:03.822 INFO  bus graph era: variant 21 recorded with 162 collective node(s)
2026-10-07 03:48:03.822 INFO  rank 3: graph variant 21 shape: 2720 nodes, 2957 edges: kernel 2720 empty 0 memcpy 0 memset 0 host 0 event 0 other 0; max in-degree 2
2026-10-07 03:48:03.832 INFO  rank 3: graph variant 21 instantiated — 33.4 MiB of device memory (2.2 GiB free)
2026-10-07 03:48:03.832 INFO  rank 3: serving row-batched graph variants 20/21 captured for 4 slots x 2 rows = 8 fixed rows, MTP (a batch is selected at 2+ live requests, the smallest that covers the live slots)
2026-10-07 03:48:03.834 INFO  bus graph era: variant 22 recorded with 162 collective node(s)
2026-10-07 03:48:03.834 INFO  rank 3: graph variant 22 shape: 3081 nodes, 3318 edges: kernel 3081 empty 0 memcpy 0 memset 0 host 0 event 0 other 0; max in-degree 2
2026-10-07 03:48:03.844 INFO  rank 3: graph variant 22 instantiated — 35.5 MiB of device memory (2.2 GiB free)
2026-10-07 03:48:03.846 INFO  bus graph era: variant 23 recorded with 162 collective node(s)
2026-10-07 03:48:03.847 INFO  rank 3: graph variant 23 shape: 3081 nodes, 3318 edges: kernel 3081 empty 0 memcpy 0 memset 0 host 0 event 0 other 0; max in-degree 2
2026-10-07 03:48:03.857 INFO  rank 3: graph variant 23 instantiated — 37.9 MiB of device memory (2.1 GiB free)
2026-10-07 03:48:03.857 INFO  rank 3: serving row-batched graph variants 22/23 captured for 6 slots x 2 rows = 12 fixed rows, MTP (a batch is selected at 2+ live requests, the smallest that covers the live slots)
2026-10-07 03:48:03.860 INFO  bus graph era: variant 24 recorded with 162 collective node(s)
2026-10-07 03:48:03.860 INFO  rank 3: graph variant 24 shape: 3308 nodes, 3545 edges: kernel 3308 empty 0 memcpy 0 memset 0 host 0 event 0 other 0; max in-degree 2
2026-10-07 03:48:03.871 INFO  rank 3: graph variant 24 instantiated — 37.6 MiB of device memory (2.1 GiB free)
2026-10-07 03:48:03.873 INFO  bus graph era: variant 25 recorded with 162 collective node(s)
2026-10-07 03:48:03.873 INFO  rank 3: graph variant 25 shape: 3308 nodes, 3545 edges: kernel 3308 empty 0 memcpy 0 memset 0 host 0 event 0 other 0; max in-degree 2
2026-10-07 03:48:03.884 INFO  rank 3: graph variant 25 instantiated — 39.2 MiB of device memory (2.1 GiB free)
2026-10-07 03:48:03.884 INFO  rank 3: serving row-batched graph variants 24/25 captured for 8 slots x 2 rows = 16 fixed rows, MTP (a batch is selected at 2+ live requests, the smallest that covers the live slots)
2026-10-07 03:48:03.999 INFO  bus graph era: variant 2 recorded with 162 collective node(s)
2026-10-07 03:48:04.000 INFO  rank 3: graph variant 2 shape: 2492 nodes, 2729 edges: kernel 2492 empty 0 memcpy 0 memset 0 host 0 event 0 other 0; max in-degree 2
2026-10-07 03:48:04.007 INFO  rank 3: graph variant 2 instantiated — 29.0 MiB of device memory (2.0 GiB free)
2026-10-07 03:48:04.009 INFO  bus graph era: variant 3 recorded with 162 collective node(s)
2026-10-07 03:48:04.010 INFO  rank 3: graph variant 3 shape: 2492 nodes, 2729 edges: kernel 2492 empty 0 memcpy 0 memset 0 host 0 event 0 other 0; max in-degree 2
2026-10-07 03:48:04.018 INFO  rank 3: graph variant 3 instantiated — 27.5 MiB of device memory (2.0 GiB free)
2026-10-07 03:48:04.018 INFO  rank 3: serving scalar graph variants 2/3 captured for request slot 1 (2 rows, MTP)
2026-10-07 03:48:04.165 INFO  bus graph era: variant 4 recorded with 162 collective node(s)
2026-10-07 03:48:04.166 INFO  rank 3: graph variant 4 shape: 2492 nodes, 2729 edges: kernel 2492 empty 0 memcpy 0 memset 0 host 0 event 0 other 0; max in-degree 2
2026-10-07 03:48:04.175 INFO  rank 3: graph variant 4 instantiated — 32.6 MiB of device memory (2.0 GiB free)
2026-10-07 03:48:04.177 INFO  bus graph era: variant 5 recorded with 162 collective node(s)
2026-10-07 03:48:04.177 INFO  rank 3: graph variant 5 shape: 2492 nodes, 2729 edges: kernel 2492 empty 0 memcpy 0 memset 0 host 0 event 0 other 0; max in-degree 2
2026-10-07 03:48:04.185 INFO  rank 3: graph variant 5 instantiated — 28.8 MiB of device memory (1.9 GiB free)
2026-10-07 03:48:04.185 INFO  rank 3: serving scalar graph variants 4/5 captured for request slot 2 (2 rows, MTP)
2026-10-07 03:48:04.294 INFO  bus graph era: variant 6 recorded with 162 collective node(s)
2026-10-07 03:48:04.295 INFO  rank 3: graph variant 6 shape: 2492 nodes, 2729 edges: kernel 2492 empty 0 memcpy 0 memset 0 host 0 event 0 other 0; max in-degree 2
2026-10-07 03:48:04.304 INFO  rank 3: graph variant 6 instantiated — 35.9 MiB of device memory (1.9 GiB free)
2026-10-07 03:48:04.306 INFO  bus graph era: variant 7 recorded with 162 collective node(s)
2026-10-07 03:48:04.306 INFO  rank 3: graph variant 7 shape: 2492 nodes, 2729 edges: kernel 2492 empty 0 memcpy 0 memset 0 host 0 event 0 other 0; max in-degree 2
2026-10-07 03:48:04.314 INFO  rank 3: graph variant 7 instantiated — 28.7 MiB of device memory (1.9 GiB free)
2026-10-07 03:48:04.314 INFO  rank 3: serving scalar graph variants 6/7 captured for request slot 3 (2 rows, MTP)
2026-10-07 03:48:04.424 INFO  bus graph era: variant 8 recorded with 162 collective node(s)
2026-10-07 03:48:04.424 INFO  rank 3: graph variant 8 shape: 2492 nodes, 2729 edges: kernel 2492 empty 0 memcpy 0 memset 0 host 0 event 0 other 0; max in-degree 2
2026-10-07 03:48:04.432 INFO  rank 3: graph variant 8 instantiated — 32.0 MiB of device memory (1.8 GiB free)
2026-10-07 03:48:04.434 INFO  bus graph era: variant 9 recorded with 162 collective node(s)
2026-10-07 03:48:04.434 INFO  rank 3: graph variant 9 shape: 2492 nodes, 2729 edges: kernel 2492 empty 0 memcpy 0 memset 0 host 0 event 0 other 0; max in-degree 2
2026-10-07 03:48:04.443 INFO  rank 3: graph variant 9 instantiated — 32.0 MiB of device memory (1.8 GiB free)
2026-10-07 03:48:04.443 INFO  rank 3: serving scalar graph variants 8/9 captured for request slot 4 (2 rows, MTP)
2026-10-07 03:48:04.552 INFO  bus graph era: variant 10 recorded with 162 collective node(s)
2026-10-07 03:48:04.552 INFO  rank 3: graph variant 10 shape: 2492 nodes, 2729 edges: kernel 2492 empty 0 memcpy 0 memset 0 host 0 event 0 other 0; max in-degree 2
2026-10-07 03:48:04.561 INFO  rank 3: graph variant 10 instantiated — 30.3 MiB of device memory (1.8 GiB free)
2026-10-07 03:48:04.563 INFO  bus graph era: variant 11 recorded with 162 collective node(s)
2026-10-07 03:48:04.563 INFO  rank 3: graph variant 11 shape: 2492 nodes, 2729 edges: kernel 2492 empty 0 memcpy 0 memset 0 host 0 event 0 other 0; max in-degree 2
2026-10-07 03:48:04.572 INFO  rank 3: graph variant 11 instantiated — 32.5 MiB of device memory (1.8 GiB free)
2026-10-07 03:48:04.572 INFO  rank 3: serving scalar graph variants 10/11 captured for request slot 5 (2 rows, MTP)
2026-10-07 03:48:04.682 INFO  bus graph era: variant 12 recorded with 162 collective node(s)
2026-10-07 03:48:04.682 INFO  rank 3: graph variant 12 shape: 2492 nodes, 2729 edges: kernel 2492 empty 0 memcpy 0 memset 0 host 0 event 0 other 0; max in-degree 2
2026-10-07 03:48:04.690 INFO  rank 3: graph variant 12 instantiated — 30.3 MiB of device memory (1.7 GiB free)
2026-10-07 03:48:04.692 INFO  bus graph era: variant 13 recorded with 162 collective node(s)
2026-10-07 03:48:04.692 INFO  rank 3: graph variant 13 shape: 2492 nodes, 2729 edges: kernel 2492 empty 0 memcpy 0 memset 0 host 0 event 0 other 0; max in-degree 2
2026-10-07 03:48:04.701 INFO  rank 3: graph variant 13 instantiated — 31.9 MiB of device memory (1.7 GiB free)
2026-10-07 03:48:04.701 INFO  rank 3: serving scalar graph variants 12/13 captured for request slot 6 (2 rows, MTP)
2026-10-07 03:48:04.810 INFO  bus graph era: variant 14 recorded with 162 collective node(s)
2026-10-07 03:48:04.810 INFO  rank 3: graph variant 14 shape: 2492 nodes, 2729 edges: kernel 2492 empty 0 memcpy 0 memset 0 host 0 event 0 other 0; max in-degree 2
2026-10-07 03:48:04.819 INFO  rank 3: graph variant 14 instantiated — 33.7 MiB of device memory (1.7 GiB free)
2026-10-07 03:48:04.821 INFO  bus graph era: variant 15 recorded with 162 collective node(s)
2026-10-07 03:48:04.821 INFO  rank 3: graph variant 15 shape: 2492 nodes, 2729 edges: kernel 2492 empty 0 memcpy 0 memset 0 host 0 event 0 other 0; max in-degree 2
2026-10-07 03:48:04.832 INFO  rank 3: graph variant 15 instantiated — 30.8 MiB of device memory (1.6 GiB free)
2026-10-07 03:48:04.832 INFO  rank 3: serving scalar graph variants 14/15 captured for request slot 7 (2 rows, MTP)
2026-10-07 03:48:04.832 INFO  rank 3: warm capture complete — 8 scalar variants and the row batches for 2 slots, 3 slots, 4 slots, 6 slots, 8 slots recorded before the first request
2026-10-07 03:48:04.832 INFO  memory ledger: rank 3 after the warm capture — rss 2.03 GiB (anon 1.22, shmem 0.13, file 0.68; locked 14.19); device free 1.63 GiB, node available 3.20 GiB
2026-10-07 03:48:04.832 INFO  rank 3: graph variants warm-captured in 1.77s
2026-10-07 03:48:04.832 INFO  rank 3: following rank 0's journal (admission full, window 256)
2026-10-07 03:48:06.594 INFO  sched: request 'chatcmpl-c76f52e3a2d8ed81' starting prefill in slot 0 (546 prompt tokens)
2026-10-07 03:48:07.754 INFO  sched: request 'chatcmpl-c76f52e3a2d8ed81' prefix cache miss — 3 cut(s), the cache is empty
2026-10-07 03:48:07.754 INFO  sched: request 'chatcmpl-c76f52e3a2d8ed81' admitted to slot 0 (reserve 5 blocks; pool 5/960 blocks in use) — first token 785
2026-10-07 03:48:07.754 INFO  sched: request 'chatcmpl-c76f52e3a2d8ed81' retired (steps): 1 tok in 1.2 s — prefill 546 tok (0 cached) in 1159 ms; decode 0 tok / 0 passes in 0.0 s
2026-10-07 03:48:07.779 INFO  sched: request 'chatcmpl-c76f52e3a2d8ed82' starting prefill in slot 0 (2009 prompt tokens)
2026-10-07 03:48:11.308 INFO  sched: request 'chatcmpl-c76f52e3a2d8ed82' prefix cache miss — 3 cut(s), the cache is empty
2026-10-07 03:48:11.308 INFO  sched: request 'chatcmpl-c76f52e3a2d8ed82' admitted to slot 0 (reserve 16 blocks; pool 17/960 blocks in use) — first token 785
2026-10-07 03:48:11.309 INFO  sched: request 'chatcmpl-c76f52e3a2d8ed82' retired (steps): 1 tok in 3.5 s — prefill 2009 tok (0 cached) in 3528 ms; decode 0 tok / 0 passes in 0.0 s
2026-10-07 03:48:11.334 INFO  sched: request 'chatcmpl-c76f52e3a2d8ed83' starting prefill in slot 0 (2037 prompt tokens)
2026-10-07 03:48:14.826 INFO  sched: request 'chatcmpl-c76f52e3a2d8ed83' prefix cache miss — 3 cut(s) probed against 2 entries; the nearest entry (position 2009) shares the first 42 of the prompt's 2037 tokens (the prompt differs from it from that token on)
2026-10-07 03:48:14.826 INFO  sched: request 'chatcmpl-c76f52e3a2d8ed83' admitted to slot 0 (reserve 16 blocks; pool 34/960 blocks in use) — first token 785
2026-10-07 03:48:14.827 INFO  sched: request 'chatcmpl-c76f52e3a2d8ed83' retired (steps): 1 tok in 3.5 s — prefill 2037 tok (0 cached) in 3492 ms; decode 0 tok / 0 passes in 0.0 s
2026-10-07 03:48:14.858 INFO  sched: request 'chatcmpl-c76f52e3a2d8ed84' starting prefill in slot 0 (2015 prompt tokens)
2026-10-07 03:48:18.315 INFO  sched: request 'chatcmpl-c76f52e3a2d8ed84' prefix cache miss — 3 cut(s) probed against 4 entries; the nearest entry (position 2037) shares the first 42 of the prompt's 2015 tokens (the prompt differs from it from that token on)
2026-10-07 03:48:18.315 INFO  sched: request 'chatcmpl-c76f52e3a2d8ed84' admitted to slot 0 (reserve 16 blocks; pool 51/960 blocks in use) — first token 785
2026-10-07 03:48:18.316 INFO  sched: request 'chatcmpl-c76f52e3a2d8ed84' retired (steps): 1 tok in 3.5 s — prefill 2015 tok (0 cached) in 3457 ms; decode 0 tok / 0 passes in 0.0 s
2026-10-07 03:48:18.316 INFO  stats: rank 3 | 13.3 s | decode 0.3 tok/s, 0.0 ms/tok, 0.0 ms/step (0 steps / 4 tok, 0 % of wall) | prefill 4 prompts / 6607 tok, 496 tok/s, 1.76 ms/tok, 2909 ms avg (87 % of wall), 0 tok cached (0/4 hits) | live 0, queued 0 | pool 51/960 blocks (5 %) | prefix cache 6/4096 entries
2026-10-07 03:48:18.342 INFO  sched: request 'chatcmpl-c76f52e3a2d8ed85' starting prefill in slot 0 (7931 prompt tokens)
2026-10-07 03:48:34.428 INFO  sched: request 'chatcmpl-c76f52e3a2d8ed85' prefix cache miss — 6 cut(s) probed against 6 entries; the nearest entry (position 2037) shares the first 39 of the prompt's 7931 tokens (the prompt differs from it from that token on)
2026-10-07 03:48:34.428 INFO  sched: request 'chatcmpl-c76f52e3a2d8ed85' admitted to slot 0 (reserve 62 blocks; pool 114/960 blocks in use) — first token 785
2026-10-07 03:48:34.429 INFO  sched: request 'chatcmpl-c76f52e3a2d8ed85' retired (steps): 1 tok in 16.1 s — prefill 7931 tok (0 cached) in 16087 ms; decode 0 tok / 0 passes in 0.0 s
2026-10-07 03:48:34.429 INFO  stats: rank 3 | 16.1 s | decode 0.1 tok/s, 0.0 ms/tok, 0.0 ms/step (0 steps / 1 tok, 0 % of wall) | prefill 1 prompt / 7931 tok, 492 tok/s, 2.03 ms/tok, 16087 ms avg (100 % of wall), 0 tok cached (0/1 hit) | live 0, queued 0 | pool 114/960 blocks (12 %) | prefix cache 8/4096 entries
2026-10-07 03:48:34.455 INFO  sched: request 'chatcmpl-c76f52e3a2d8ed86' starting prefill in slot 0 (7979 prompt tokens)
2026-10-07 03:48:50.673 INFO  sched: request 'chatcmpl-c76f52e3a2d8ed86' prefix cache miss — 6 cut(s) probed against 8 entries; the nearest entry (position 7931) shares the first 43 of the prompt's 7979 tokens (the prompt differs from it from that token on)
2026-10-07 03:48:50.673 INFO  sched: request 'chatcmpl-c76f52e3a2d8ed86' admitted to slot 0 (reserve 63 blocks; pool 178/960 blocks in use) — first token 785
2026-10-07 03:48:50.674 INFO  sched: request 'chatcmpl-c76f52e3a2d8ed86' retired (steps): 1 tok in 16.2 s — prefill 7979 tok (0 cached) in 16218 ms; decode 0 tok / 0 passes in 0.0 s
2026-10-07 03:48:50.674 INFO  stats: rank 3 | 16.2 s | decode 0.1 tok/s, 0.0 ms/tok, 0.0 ms/step (0 steps / 1 tok, 0 % of wall) | prefill 1 prompt / 7979 tok, 491 tok/s, 2.03 ms/tok, 16218 ms avg (100 % of wall), 0 tok cached (0/1 hit) | live 0, queued 0 | pool 178/960 blocks (19 %) | prefix cache 10/4096 entries
2026-10-07 03:48:50.705 INFO  sched: request 'chatcmpl-c76f52e3a2d8ed87' starting prefill in slot 0 (8118 prompt tokens)
2026-10-07 03:49:07.208 INFO  sched: request 'chatcmpl-c76f52e3a2d8ed87' prefix cache miss — 6 cut(s) probed against 10 entries; the nearest entry (position 7979) shares the first 43 of the prompt's 8118 tokens (the prompt differs from it from that token on)
2026-10-07 03:49:07.208 INFO  sched: request 'chatcmpl-c76f52e3a2d8ed87' admitted to slot 0 (reserve 64 blocks; pool 243/960 blocks in use) — first token 785
2026-10-07 03:49:07.208 INFO  sched: request 'chatcmpl-c76f52e3a2d8ed87' retired (steps): 1 tok in 16.5 s — prefill 8118 tok (0 cached) in 16502 ms; decode 0 tok / 0 passes in 0.0 s
2026-10-07 03:49:07.208 INFO  stats: rank 3 | 16.5 s | decode 0.1 tok/s, 0.0 ms/tok, 0.0 ms/step (0 steps / 1 tok, 0 % of wall) | prefill 1 prompt / 8118 tok, 491 tok/s, 2.03 ms/tok, 16502 ms avg (100 % of wall), 0 tok cached (0/1 hit) | live 0, queued 0 | pool 243/960 blocks (25 %) | prefix cache 12/4096 entries
2026-10-07 03:49:07.243 INFO  sched: request 'chatcmpl-c76f52e3a2d8ed88' starting prefill in slot 0 (31902 prompt tokens)
2026-10-07 03:50:17.360 INFO  sched: request 'chatcmpl-c76f52e3a2d8ed88' prefix cache miss — 18 cut(s) probed against 12 entries; the nearest entry (position 8118) shares the first 39 of the prompt's 31902 tokens (the prompt differs from it from that token on)
2026-10-07 03:50:17.360 INFO  sched: request 'chatcmpl-c76f52e3a2d8ed88' admitted to slot 0 (reserve 250 blocks; pool 494/960 blocks in use) — first token 785
2026-10-07 03:50:17.361 INFO  sched: request 'chatcmpl-c76f52e3a2d8ed88' retired (steps): 1 tok in 70.1 s — prefill 31902 tok (0 cached) in 70117 ms; decode 0 tok / 0 passes in 0.0 s
2026-10-07 03:50:17.361 INFO  stats: rank 3 | 70.2 s | decode 0.0 tok/s, 0.0 ms/tok, 0.0 ms/step (0 steps / 1 tok, 0 % of wall) | prefill 1 prompt / 31902 tok, 455 tok/s, 2.20 ms/tok, 70117 ms avg (100 % of wall), 0 tok cached (0/1 hit) | live 0, queued 0 | pool 494/960 blocks (51 %) | prefix cache 15/4096 entries
2026-10-07 03:50:17.400 INFO  sched: request 'chatcmpl-c76f52e3a2d8ed89' starting prefill in slot 0 (31930 prompt tokens)
2026-10-07 03:51:27.659 INFO  sched: request 'chatcmpl-c76f52e3a2d8ed89' prefix cache miss — 18 cut(s) probed against 15 entries; the nearest entry (position 31902) shares the first 43 of the prompt's 31930 tokens (the prompt differs from it from that token on)
2026-10-07 03:51:27.659 INFO  sched: request 'chatcmpl-c76f52e3a2d8ed89' admitted to slot 0 (reserve 250 blocks; pool 745/960 blocks in use) — first token 785
2026-10-07 03:51:27.660 INFO  sched: request 'chatcmpl-c76f52e3a2d8ed89' retired (steps): 1 tok in 70.3 s — prefill 31930 tok (0 cached) in 70260 ms; decode 0 tok / 0 passes in 0.0 s
2026-10-07 03:51:27.660 INFO  stats: rank 3 | 70.3 s | decode 0.0 tok/s, 0.0 ms/tok, 0.0 ms/step (0 steps / 1 tok, 0 % of wall) | prefill 1 prompt / 31930 tok, 454 tok/s, 2.20 ms/tok, 70260 ms avg (100 % of wall), 0 tok cached (0/1 hit) | live 0, queued 0 | pool 745/960 blocks (78 %) | prefix cache 18/4096 entries
2026-10-07 03:51:27.689 INFO  sched: request 'chatcmpl-c76f52e3a2d8ed8a' starting prefill in slot 0 (31907 prompt tokens)
2026-10-07 03:52:37.935 INFO  sched: request 'chatcmpl-c76f52e3a2d8ed8a' prefix cache miss — 18 cut(s) probed against 12 entries; the nearest entry (position 31930) shares the first 43 of the prompt's 31907 tokens (the prompt differs from it from that token on)
2026-10-07 03:52:37.935 INFO  sched: request 'chatcmpl-c76f52e3a2d8ed8a' admitted to slot 0 (reserve 250 blocks; pool 945/960 blocks in use) — first token 785
2026-10-07 03:52:37.936 INFO  sched: request 'chatcmpl-c76f52e3a2d8ed8a' retired (steps): 1 tok in 70.2 s — prefill 31907 tok (0 cached) in 70246 ms; decode 0 tok / 0 passes in 0.0 s
2026-10-07 03:52:37.936 INFO  stats: rank 3 | 70.3 s | decode 0.0 tok/s, 0.0 ms/tok, 0.0 ms/step (0 steps / 1 tok, 0 % of wall) | prefill 1 prompt / 31907 tok, 454 tok/s, 2.20 ms/tok, 70246 ms avg (100 % of wall), 0 tok cached (0/1 hit) | live 0, queued 0 | pool 945/960 blocks (98 %) | prefix cache 15/4096 entries
2026-10-07 03:52:38.710 INFO  sched: request 'chatcmpl-c76f52e3a2d8ed8b' starting prefill in slot 0 (32237 prompt tokens)
2026-10-07 03:53:49.665 INFO  sched: request 'chatcmpl-c76f52e3a2d8ed8b' prefix cache miss — 18 cut(s) probed against 6 entries; the nearest entry (position 31930) shares the first 10 of the prompt's 32237 tokens (the prompt differs from it from that token on)
2026-10-07 03:53:49.666 INFO  sched: request 'chatcmpl-c76f52e3a2d8ed8b' admitted to slot 0 (reserve 254 blocks; pool 757/960 blocks in use) — first token 785
2026-10-07 03:53:49.740 INFO  stats: rank 3 | 71.8 s | decode 0.0 tok/s, 24.7 ms/tok, 74.0 ms/step (1 step / 3 tok, 0 % of wall) | mtp 3.00 tok/step/req, accept p1 100 % | prefill 1 prompt / 32237 tok, 449 tok/s, 2.20 ms/tok, 70956 ms avg (99 % of wall), 0 tok cached (0/1 hit) | live 1, queued 0 | pool 758/960 blocks (79 %) | prefix cache 8/4096 entries
2026-10-07 03:53:59.621 INFO  sched: request 'chatcmpl-c76f52e3a2d8ed8b' retired (steps): 256 tok in 80.9 s — prefill 32237 tok (0 cached) in 70956 ms; decode 255 tok / 130 passes in 10.0 s: 25.6 tok/s, 39.0 ms/tok, 77 ms/pass, 1.96 tok/pass, accept p1 97 %
2026-10-07 03:53:59.638 INFO  sched: request 'chatcmpl-c76f52e3a2d8ed8c' starting prefill in slot 0 (32237 prompt tokens)
2026-10-07 03:53:59.764 INFO  sched: request 'chatcmpl-c76f52e3a2d8ed8c' admitted to slot 0 (reserve 254 blocks; pool 760/960 blocks in use) — first token 785
2026-10-07 03:53:59.838 INFO  stats: rank 3 | 10.1 s | decode 25.4 tok/s, 38.7 ms/tok, 76.2 ms/step (130 steps / 256 tok, 98 % of wall) | mtp 1.97 tok/step/req, accept p1 97 % | prefill 1 prompt / 2 tok, 0 tok/s, 63.11 ms/tok, 126 ms avg (1 % of wall), 32235 tok cached (1/1 hit) | live 1, queued 0 | pool 761/960 blocks (79 %) | prefix cache 9/4096 entries
2026-10-07 03:54:09.733 INFO  sched: request 'chatcmpl-c76f52e3a2d8ed8c' retired (steps): 256 tok in 10.1 s — prefill 32237 tok (32235 cached) in 126 ms; decode 255 tok / 130 passes in 10.0 s: 25.6 tok/s, 39.1 ms/tok, 77 ms/pass, 1.96 tok/pass, accept p1 97 %
2026-10-07 03:54:09.772 INFO  sched: request 'chatcmpl-c76f52e3a2d8ed8d' starting prefill in slot 0 (32237 prompt tokens)
2026-10-07 03:54:09.898 INFO  sched: request 'chatcmpl-c76f52e3a2d8ed8d' admitted to slot 0 (reserve 254 blocks; pool 760/960 blocks in use) — first token 785
2026-10-07 03:54:09.973 INFO  stats: rank 3 | 10.1 s | decode 25.3 tok/s, 38.7 ms/tok, 76.3 ms/step (130 steps / 256 tok, 98 % of wall) | mtp 1.97 tok/step/req, accept p1 97 % | prefill 1 prompt / 2 tok, 0 tok/s, 63.18 ms/tok, 126 ms avg (1 % of wall), 32235 tok cached (1/1 hit) | live 1, queued 0 | pool 761/960 blocks (79 %) | prefix cache 9/4096 entries
2026-10-07 03:54:19.858 INFO  sched: request 'chatcmpl-c76f52e3a2d8ed8d' retired (steps): 256 tok in 10.1 s — prefill 32237 tok (32235 cached) in 126 ms; decode 255 tok / 130 passes in 10.0 s: 25.6 tok/s, 39.1 ms/tok, 77 ms/pass, 1.96 tok/pass, accept p1 97 %
2026-10-07 03:54:19.975 INFO  stats: rank 3 | 10.0 s | decode 25.3 tok/s, 38.9 ms/tok, 76.2 ms/step (129 steps / 253 tok, 98 % of wall) | mtp 1.96 tok/step/req, accept p1 97 % | prefill 0 prompts / 0 tok, 0 tok cached (0/0 hits) | live 0, queued 0 | pool 757/960 blocks (79 %) | prefix cache 9/4096 entries
2026-10-07 03:54:21.083 INFO  sched: request 'chatcmpl-c76f52e3a2d8ed8e' starting prefill in slot 0 (65009 prompt tokens)
2026-10-07 03:56:54.690 INFO  sched: request 'chatcmpl-c76f52e3a2d8ed8e' prefix cache miss — 34 cut(s) probed against 3 entries; the nearest entry (position 32491) shares the first 12 of the prompt's 65009 tokens (the prompt differs from it from that token on)
2026-10-07 03:56:54.691 INFO  sched: request 'chatcmpl-c76f52e3a2d8ed8e' admitted to slot 0 (reserve 510 blocks; pool 766/960 blocks in use) — first token 785
2026-10-07 03:56:54.771 INFO  stats: rank 3 | 154.8 s | decode 0.0 tok/s, 26.7 ms/tok, 80.2 ms/step (1 step / 3 tok, 0 % of wall) | mtp 3.00 tok/step/req, accept p1 100 % | prefill 1 prompt / 65009 tok, 420 tok/s, 2.36 ms/tok, 153608 ms avg (99 % of wall), 0 tok cached (0/1 hit) | live 1, queued 0 | pool 767/960 blocks (80 %) | prefix cache 5/4096 entries
2026-10-07 03:57:04.843 INFO  stats: rank 3 | 10.1 s | decode 24.4 tok/s, 40.5 ms/tok, 80.3 ms/step (124 steps / 246 tok, 99 % of wall) | mtp 1.98 tok/step/req, accept p1 98 % | prefill 0 prompts / 0 tok, 0 tok cached (0/0 hits) | live 1, queued 0 | pool 767/960 blocks (80 %) | prefix cache 5/4096 entries
2026-10-07 03:57:05.172 INFO  sched: request 'chatcmpl-c76f52e3a2d8ed8e' retired (steps): 256 tok in 164.1 s — prefill 65009 tok (0 cached) in 153608 ms; decode 255 tok / 129 passes in 10.5 s: 24.3 tok/s, 41.1 ms/tok, 81 ms/pass, 1.98 tok/pass, accept p1 98 %
2026-10-07 03:57:05.219 INFO  sched: request 'chatcmpl-c76f52e3a2d8ed8f' starting prefill in slot 0 (65009 prompt tokens)
2026-10-07 03:57:05.348 INFO  sched: request 'chatcmpl-c76f52e3a2d8ed8f' admitted to slot 0 (reserve 510 blocks; pool 769/960 blocks in use) — first token 785
2026-10-07 03:57:14.852 INFO  stats: rank 3 | 10.0 s | decode 24.0 tok/s, 40.4 ms/tok, 80.2 ms/step (121 steps / 240 tok, 97 % of wall) | mtp 1.98 tok/step/req, accept p1 98 % | prefill 1 prompt / 2 tok, 0 tok/s, 64.39 ms/tok, 129 ms avg (1 % of wall), 65007 tok cached (1/1 hit) | live 1, queued 0 | pool 770/960 blocks (80 %) | prefix cache 6/4096 entries
2026-10-07 03:57:15.833 INFO  sched: request 'chatcmpl-c76f52e3a2d8ed8f' retired (steps): 256 tok in 10.6 s — prefill 65009 tok (65007 cached) in 129 ms; decode 255 tok / 129 passes in 10.5 s: 24.3 tok/s, 41.1 ms/tok, 81 ms/pass, 1.98 tok/pass, accept p1 98 %
2026-10-07 03:57:15.877 INFO  sched: request 'chatcmpl-c76f52e3a2d8ed90' starting prefill in slot 0 (65009 prompt tokens)
2026-10-07 03:57:16.006 INFO  sched: request 'chatcmpl-c76f52e3a2d8ed90' admitted to slot 0 (reserve 510 blocks; pool 769/960 blocks in use) — first token 785
2026-10-07 03:57:24.888 INFO  stats: rank 3 | 10.0 s | decode 23.9 tok/s, 40.6 ms/tok, 80.5 ms/step (121 steps / 240 tok, 97 % of wall) | mtp 1.98 tok/step/req, accept p1 98 % | prefill 1 prompt / 2 tok, 0 tok/s, 64.32 ms/tok, 129 ms avg (1 % of wall), 65007 tok cached (1/1 hit) | live 1, queued 0 | pool 770/960 blocks (80 %) | prefix cache 6/4096 entries
2026-10-07 03:57:26.517 INFO  sched: request 'chatcmpl-c76f52e3a2d8ed90' retired (steps): 256 tok in 10.6 s — prefill 65009 tok (65007 cached) in 129 ms; decode 255 tok / 129 passes in 10.5 s: 24.3 tok/s, 41.2 ms/tok, 81 ms/pass, 1.98 tok/pass, accept p1 98 %
2026-10-07 03:57:27.725 INFO  journal: stop record — exiting
2026-10-07 03:57:27.775 INFO  rank 3: graph engine sampling summary — 0 sampled decode steps, 0 served by the exact gather fallback (0.0%), 128 candidates per rank
2026-10-07 03:57:28.971 INFO  rank 3: exited cleanly
