2026-10-06 22:58:48.835 INFO  dgpp-serve 0.1.0+g8f1c4cbcc1e9.dirty (git 8f1c4cbcc1e9)
2026-10-06 22:58:48.835 INFO  config /tmp/bus4/deployments/153299c236f012d8/cluster.json: model HawkBearPig/GLM-5.3-Int4-Int8Mix-RTN-g64, world 4, rank 1, http :18080, fabric :29970, journal :29971
2026-10-06 22:58:48.836 INFO  model HawkBearPig/GLM-5.3-Int4-Int8Mix-RTN-g64 -> /home/stephen/.cache/huggingface/hub/models--HawkBearPig--GLM-5.3-Int4-Int8Mix-RTN-g64/snapshots/147684fbad20c1e283ddff46fd07cb9d4ccbb3da
2026-10-06 22:58:48.836 INFO  journal: connected to rank 0 at 192.168.88.11:29971 (120000 attempt window)
2026-10-06 22:58:48.855 INFO  rank 1: settings from rank 0: model=HawkBearPig/GLM-5.3-Int4-Int8Mix-RTN-g64 world=4 fabric=29970 journal=29971 conc=8 kv=122880 kvdt=bf16 ngt=resident dw=checkpoint mtpef=fp8 bfw=bf12 fp8head=gemv pf=bounded emsh=vocab maxtok=32768 queue=8 eos=1 graph=1 compact=0 mtp=1 mtpd=1 mss=0 msrow=8 msbase=28 mslam=0 msmin=1 msad=1 msss=0.93 mdr=auto mdt=1 mvf=token dbr=0 batchmin=2 cand=128 pcgib=1 adm=full win=256 pfbudget=-1 pfidle=0 pmin=1024 phead=1 pace=-1 inflight=-1 reasoning_in_content=0 rs=off dflash=off dfw=checkpoint
2026-10-06 22:58:48.856 INFO  config: model=HawkBearPig/GLM-5.3-Int4-Int8Mix-RTN-g64 world=4 fabric=29970 journal=29971 conc=8 kv=122880 kvdt=bf16 ngt=resident dw=checkpoint mtpef=fp8 bfw=bf12 fp8head=gemv pf=bounded emsh=vocab maxtok=32768 queue=8 eos=1 graph=1 compact=0 mtp=1 mtpd=1 mss=0 msrow=8 msbase=28 mslam=0 msmin=1 msad=1 msss=0.93 mdr=auto mdt=1 mvf=token dbr=0 batchmin=2 cand=128 pcgib=1 adm=full win=256 pfbudget=-1 pfidle=0 pmin=1024 phead=1 pace=-1 inflight=-1 reasoning_in_content=0 rs=off dflash=off dfw=checkpoint (digest dcec5e3abf2dad11)
2026-10-06 22:58:48.983 INFO  serve: model family glm_moe_dsa (/home/stephen/.cache/huggingface/hub/models--HawkBearPig--GLM-5.3-Int4-Int8Mix-RTN-g64/snapshots/147684fbad20c1e283ddff46fd07cb9d4ccbb3da)
2026-10-06 22:58:48.983 INFO  serve: decode rows 16 (8 slot(s) x 2 row(s) per request, floor 8, the glm_moe_dsa family's cap 16)
2026-10-06 22:58:48.993 WARN  generation config /home/stephen/.cache/huggingface/hub/models--HawkBearPig--GLM-5.3-Int4-Int8Mix-RTN-g64/snapshots/147684fbad20c1e283ddff46fd07cb9d4ccbb3da/generation_config.json omits top_k, min_p, repetition_penalty; using greedy-safe/neutral fallbacks for those fields
2026-10-06 22:58:48.993 INFO  generation defaults: temperature=1 top_p=0.95 top_k=0 min_p=0 repetition_penalty=1
2026-10-06 22:58:48.993 INFO  serve: sampling defaults temperature 1 top_p 0.95 top_k 0 min_p 0 repetition_penalty 1 (from generation_config.json; overrides: none)
2026-10-06 22:58:48.993 INFO  serve: request context limit 122880 tokens (the 122880-token K/V pool from engine.kv_capacity 122880; this family states no positional ceiling of its own)
2026-10-06 22:58:48.993 INFO  rank 1: prefix cache plan — 1 GiB budget, 4096 slots of 0.012 MiB, 0.047 GiB allocated; cached K/V blocks share the 122880-token pool
2026-10-06 22:58:49.156 INFO  tokenizer: loaded vocab 154820 merges 321649 added 36 (revision 0x700b4469fc43f23b; glm pattern, no normalizer, ignore_merges true)
2026-10-06 22:58:49.165 INFO  serve: grammar vocabulary built (154880 ids, tool markers present, call-turn EOS 154829)
2026-10-06 22:58:49.265 INFO  serve: JSON grammar tables built in 0.10 s
2026-10-06 22:58:49.494 INFO  bus: globaltimer offset -63320713234 ns (+-2 us)
2026-10-06 22:58:49.500 INFO  verbs: device roceP2p1s0f0 port 1 gid_index 3
2026-10-06 22:58:49.503 INFO  verbs: device rocep1s0f0 port 1 gid_index 3
2026-10-06 22:58:50.606 INFO  bus: rank 1 up — 3 peer(s) x 2 lane(s), lat 8x196608B, bulk 8x262144B, bulk pace 28.3 Gb/s per QP, window 4 per lane
2026-10-06 22:58:50.606 INFO  rank 1: boundary reducer host-driven
2026-10-06 22:58:50.752 INFO  rank 1: process memory locked (mlockall MCL_CURRENT, 14546 MiB)
2026-10-06 22:58:50.752 INFO  rank 1: resident image cache at /home/stephen/.cache/dgpp/resident
2026-10-06 22:58:50.753 INFO  bus engine: rank 1 pinned to cpu 19
2026-10-06 22:58:50.885 INFO  rank 1: memory plan for a 122880-token context — model weights (resident, packed bf16 matrices released) 96.32 GiB; bf16 decode packing (12-bit companions) 1.27 GiB; bf16 prefill expansion scratch 0.05 GiB; gemm workspace (at least) 0.06 GiB; dsa cache pool (latent bf16 + rope keys on every layer, fp8 index caches on the indexed layers) 10.75 GiB; dsa scratch (projections, selection, attention, the prefill dot tiles) 0.22 GiB; rotary table (bf16 cos/sin per position) 0.01 GiB; activations (session core, residual, block io, dense scratch, route staging) 0.14 GiB (0.01 GiB pinned); moe scratch (routed slots, shared expert, graph tables) 0.75 GiB (0.01 GiB pinned); draft block (gathered hidden, the fused input, its residual, the sharded embedding's rows) 0.12 GiB; prefix cache 0.05 GiB; engine 0.07 GiB
2026-10-06 22:58:50.885 INFO  rank 1: memory plan total 109.81 GiB (109.67 GiB device + 0.14 GiB pinned) + 4.00 GiB headroom against 116.66 GiB free (device free 111.09 GiB of 121.69 GiB, host available 116.66 GiB)
2026-10-06 22:58:50.885 INFO  memory ledger: rank 1 after the plan check — rss 1.19 GiB (anon 0.42, shmem 0.11, file 0.67; locked 14.21); device free 111.09 GiB, node available 116.66 GiB
2026-10-06 22:58:50.885 INFO  memory ledger: rank 1 after the bus — rss 1.19 GiB (anon 0.42, shmem 0.11, file 0.67; locked 14.21); device free 111.09 GiB, node available 116.66 GiB
2026-10-06 22:58:51.404 INFO  glm_dsa loader: rank 1 resident footprint 98.0 GiB; device free 111.0 of 121.7 GiB, host available 116.6 GiB
2026-10-06 22:58:52.067 INFO  glm_dsa loader: rank 1 resident image /home/stephen/.cache/dgpp/resident/6ee138872b1f659a.img — 79/79 layers present, direct I/O
2026-10-06 22:58:52.081 INFO  l2 prefetch: on, window budget 12 MiB, boundary rate light, layer rate light
2026-10-06 22:58:52.081 INFO  memory ledger: glm_dsa: loader opened — rss 2.76 GiB (anon 0.49, shmem 1.57, file 0.69; locked 14.21); device free 109.08 GiB, node available 114.65 GiB
2026-10-06 22:58:53.341 INFO  memory ledger: glm_dsa: globals resident — rss 3.65 GiB (anon 0.49, shmem 1.57, file 1.58; locked 14.21); device free 107.72 GiB, node available 114.17 GiB
2026-10-06 22:59:08.203 INFO  rank 1 bf12: 89 decode matrices packed (1.65 GiB of bf16 -> 1.24 GiB, 163739 escapes, widest row 12, 0 rows kept raw; 0 matrices kept bf16) in 1.0 s
2026-10-06 22:59:08.203 INFO  rank 1 bf12: 89 of them released their bf16 bytes (1.71 GiB returned; prefill expands through a 48 MiB scratch)
2026-10-06 22:59:08.606 INFO  glm_dsa loader: rank 1 resident load complete — released 79 shard mappings (398.1 GiB) and evicted their page cache, freed the 1.46 GiB pinned staging mirror; image: 79 layers restored, 0 captured
2026-10-06 22:59:08.651 INFO  memory ledger: glm_dsa: layers resident, sources released — rss 1.26 GiB (anon 0.48, shmem 0.11, file 0.67; locked 14.19); device free 11.84 GiB, node available 17.37 GiB
2026-10-06 22:59:09.122 INFO  memory ledger: glm_dsa: arena, pool and scratch — rss 1.26 GiB (anon 0.48, shmem 0.11, file 0.67; locked 14.19); device free 1.35 GiB, node available 6.37 GiB
2026-10-06 22:59:09.185 INFO  memory ledger: rank 1 after the model — rss 1.27 GiB (anon 0.48, shmem 0.12, file 0.67; locked 14.19); device free 1.42 GiB, node available 5.70 GiB
2026-10-06 22:59:09.185 INFO  rank 1: model constructed in 18.3s (resident, 8 request slots, 122880-token pool in bf16, 2048-row forwards)
2026-10-06 22:59:09.185 INFO  rank 1: prefix cache on — 4096 snapshot slot(s) of 0.0 MiB (1.00 GiB asked)
2026-10-06 22:59:09.191 INFO  rank 1: graph engine samples on the device — 128 candidates per rank (16 rows x 4 ranks in a 196608-byte latency slot; the planned width is 128); constrained decoding available
2026-10-06 22:59:09.191 INFO  rank 1: prefill budget 0 tokens/tick (0 = full prompt), 0 with nothing decoding
2026-10-06 22:59:09.191 INFO  rank 1: sampled requests draft a draw from the draft's distribution under the ratio verify (engine.mtp_draft auto)
2026-10-06 22:59:20.002 INFO  memory ledger: rank 1 after the graph engine — rss 1.27 GiB (anon 0.48, shmem 0.12, file 0.67; locked 14.19); device free 1.29 GiB, node available 5.57 GiB
2026-10-06 22:59:20.005 INFO  allreduce: device clock rate 2418000 kHz (stamps conversion)
2026-10-06 22:59:20.012 INFO  allreduce: rank 1 seq 1 launched (3 peers)
2026-10-06 22:59:20.012 INFO  allreduce: rank 1 seq 1 ready after 23.7us
2026-10-06 22:59:20.012 INFO  allreduce: rank 1 seq 1 done status=0 after 90.1us
2026-10-06 22:59:20.673 INFO  allreduce: rank 1 seq 2 launched (3 peers)
2026-10-06 22:59:20.673 INFO  allreduce: rank 1 seq 2 ready after 23.4us
2026-10-06 22:59:20.673 INFO  allreduce: rank 1 seq 2 done status=0 after 69.7us
2026-10-06 22:59:20.674 INFO  allreduce: rank 1 seq 3 launched (3 peers)
2026-10-06 22:59:20.674 INFO  allreduce: rank 1 seq 3 ready after 21.1us
2026-10-06 22:59:20.675 INFO  allreduce: rank 1 seq 3 done status=0 after 600.0us
2026-10-06 22:59:20.675 INFO  allreduce: rank 1 seq 4 launched (3 peers)
2026-10-06 22:59:20.675 INFO  allreduce: rank 1 seq 4 ready after 19.4us
2026-10-06 22:59:20.675 INFO  allreduce: rank 1 seq 4 done status=0 after 68.6us
2026-10-06 22:59:20.676 INFO  allreduce: rank 1 seq 5 launched (3 peers)
2026-10-06 22:59:20.676 INFO  allreduce: rank 1 seq 5 ready after 21.8us
2026-10-06 22:59:20.676 INFO  allreduce: rank 1 seq 5 done status=0 after 69.1us
2026-10-06 22:59:20.677 INFO  allreduce: rank 1 seq 6 launched (3 peers)
2026-10-06 22:59:20.677 INFO  allreduce: rank 1 seq 6 ready after 19.5us
2026-10-06 22:59:20.677 INFO  allreduce: rank 1 seq 6 done status=0 after 69.9us
2026-10-06 22:59:20.678 INFO  allreduce: rank 1 seq 7 launched (3 peers)
2026-10-06 22:59:20.678 INFO  allreduce: rank 1 seq 7 ready after 22.0us
2026-10-06 22:59:20.678 INFO  allreduce: rank 1 seq 7 done status=0 after 92.0us
2026-10-06 22:59:20.774 INFO  allreduce: rank 1 seq 8 launched (3 peers)
2026-10-06 22:59:20.775 INFO  allreduce: rank 1 seq 8 ready after 27.8us
2026-10-06 22:59:20.783 INFO  allreduce: rank 1 seq 8 done status=0 after 8729.1us
2026-10-06 22:59:20.829 INFO  allreduce: rank 1 seq 9 launched (3 peers)
2026-10-06 22:59:20.829 INFO  allreduce: rank 1 seq 9 ready after 21.3us
2026-10-06 22:59:20.833 INFO  allreduce: rank 1 seq 9 done status=0 after 3684.2us
2026-10-06 22:59:20.834 INFO  allreduce: rank 1 seq 10 launched (3 peers)
2026-10-06 22:59:20.834 INFO  allreduce: rank 1 seq 10 ready after 19.4us
2026-10-06 22:59:20.834 INFO  allreduce: rank 1 seq 10 done status=0 after 68.5us
2026-10-06 22:59:20.834 INFO  allreduce: rank 1 seq 11 launched (3 peers)
2026-10-06 22:59:20.834 INFO  allreduce: rank 1 seq 11 ready after 21.4us
2026-10-06 22:59:20.834 INFO  allreduce: rank 1 seq 11 done status=0 after 79.5us
2026-10-06 22:59:20.835 INFO  allreduce: rank 1 seq 12 launched (3 peers)
2026-10-06 22:59:20.835 INFO  allreduce: rank 1 seq 12 ready after 21.2us
2026-10-06 22:59:20.835 INFO  allreduce: rank 1 seq 12 done status=0 after 66.1us
2026-10-06 22:59:20.835 INFO  allreduce: rank 1 seq 13 launched (3 peers)
2026-10-06 22:59:20.835 INFO  allreduce: rank 1 seq 13 ready after 18.8us
2026-10-06 22:59:20.835 INFO  allreduce: rank 1 seq 13 done status=0 after 75.4us
2026-10-06 22:59:20.836 INFO  allreduce: rank 1 seq 14 launched (3 peers)
2026-10-06 22:59:20.836 INFO  allreduce: rank 1 seq 14 ready after 19.2us
2026-10-06 22:59:20.836 INFO  allreduce: rank 1 seq 14 done status=0 after 75.6us
2026-10-06 22:59:20.837 INFO  allreduce: rank 1 seq 15 launched (3 peers)
2026-10-06 22:59:20.837 INFO  allreduce: rank 1 seq 15 ready after 21.5us
2026-10-06 22:59:20.837 INFO  allreduce: rank 1 seq 15 done status=0 after 70.8us
2026-10-06 22:59:20.837 INFO  allreduce: rank 1 seq 16 launched (3 peers)
2026-10-06 22:59:20.837 INFO  allreduce: rank 1 seq 16 ready after 19.8us
2026-10-06 22:59:20.837 INFO  allreduce: rank 1 seq 16 done status=0 after 78.3us
2026-10-06 22:59:20.963 INFO  bus graph era: variant 0 recorded with 162 collective node(s)
2026-10-06 22:59:20.963 INFO  rank 1: graph variant 0 shape: 2492 nodes, 2729 edges: kernel 2492 empty 0 memcpy 0 memset 0 host 0 event 0 other 0; max in-degree 2
2026-10-06 22:59:20.969 INFO  rank 1: graph variant 0 instantiated — 16.2 MiB of device memory (1.8 GiB free)
2026-10-06 22:59:20.971 INFO  bus graph era: variant 1 recorded with 162 collective node(s)
2026-10-06 22:59:20.971 INFO  rank 1: graph variant 1 shape: 2492 nodes, 2729 edges: kernel 2492 empty 0 memcpy 0 memset 0 host 0 event 0 other 0; max in-degree 2
2026-10-06 22:59:20.977 INFO  rank 1: graph variant 1 instantiated — 18.0 MiB of device memory (1.8 GiB free)
2026-10-06 22:59:20.977 INFO  rank 1: serving scalar graph variants 0/1 captured for request slot 0 (2 rows, MTP)
2026-10-06 22:59:20.979 INFO  bus graph era: variant 16 recorded with 162 collective node(s)
2026-10-06 22:59:20.979 INFO  rank 1: graph variant 16 shape: 2493 nodes, 2730 edges: kernel 2493 empty 0 memcpy 0 memset 0 host 0 event 0 other 0; max in-degree 2
2026-10-06 22:59:20.986 INFO  rank 1: graph variant 16 instantiated — 24.5 MiB of device memory (1.8 GiB free)
2026-10-06 22:59:20.988 INFO  bus graph era: variant 17 recorded with 162 collective node(s)
2026-10-06 22:59:20.988 INFO  rank 1: graph variant 17 shape: 2493 nodes, 2730 edges: kernel 2493 empty 0 memcpy 0 memset 0 host 0 event 0 other 0; max in-degree 2
2026-10-06 22:59:20.997 INFO  rank 1: graph variant 17 instantiated — 32.3 MiB of device memory (1.7 GiB free)
2026-10-06 22:59:20.997 INFO  rank 1: serving row-batched graph variants 16/17 captured for 2 slots x 2 rows = 4 fixed rows, MTP (a batch is selected at 2+ live requests, the smallest that covers the live slots)
2026-10-06 22:59:20.999 INFO  bus graph era: variant 18 recorded with 162 collective node(s)
2026-10-06 22:59:20.999 INFO  rank 1: graph variant 18 shape: 2719 nodes, 2956 edges: kernel 2719 empty 0 memcpy 0 memset 0 host 0 event 0 other 0; max in-degree 2
2026-10-06 22:59:21.009 INFO  rank 1: graph variant 18 instantiated — 34.6 MiB of device memory (1.7 GiB free)
2026-10-06 22:59:21.011 INFO  bus graph era: variant 19 recorded with 162 collective node(s)
2026-10-06 22:59:21.011 INFO  rank 1: graph variant 19 shape: 2719 nodes, 2956 edges: kernel 2719 empty 0 memcpy 0 memset 0 host 0 event 0 other 0; max in-degree 2
2026-10-06 22:59:21.020 INFO  rank 1: graph variant 19 instantiated — 30.5 MiB of device memory (1.7 GiB free)
2026-10-06 22:59:21.020 INFO  rank 1: serving row-batched graph variants 18/19 captured for 3 slots x 2 rows = 6 fixed rows, MTP (a batch is selected at 2+ live requests, the smallest that covers the live slots)
2026-10-06 22:59:21.022 INFO  bus graph era: variant 20 recorded with 162 collective node(s)
2026-10-06 22:59:21.022 INFO  rank 1: graph variant 20 shape: 2720 nodes, 2957 edges: kernel 2720 empty 0 memcpy 0 memset 0 host 0 event 0 other 0; max in-degree 2
2026-10-06 22:59:21.032 INFO  rank 1: graph variant 20 instantiated — 43.2 MiB of device memory (1.6 GiB free)
2026-10-06 22:59:21.034 INFO  bus graph era: variant 21 recorded with 162 collective node(s)
2026-10-06 22:59:21.034 INFO  rank 1: graph variant 21 shape: 2720 nodes, 2957 edges: kernel 2720 empty 0 memcpy 0 memset 0 host 0 event 0 other 0; max in-degree 2
2026-10-06 22:59:21.043 INFO  rank 1: graph variant 21 instantiated — 33.6 MiB of device memory (1.6 GiB free)
2026-10-06 22:59:21.043 INFO  rank 1: serving row-batched graph variants 20/21 captured for 4 slots x 2 rows = 8 fixed rows, MTP (a batch is selected at 2+ live requests, the smallest that covers the live slots)
2026-10-06 22:59:21.046 INFO  bus graph era: variant 22 recorded with 162 collective node(s)
2026-10-06 22:59:21.046 INFO  rank 1: graph variant 22 shape: 3081 nodes, 3318 edges: kernel 3081 empty 0 memcpy 0 memset 0 host 0 event 0 other 0; max in-degree 2
2026-10-06 22:59:21.056 INFO  rank 1: graph variant 22 instantiated — 35.3 MiB of device memory (1.6 GiB free)
2026-10-06 22:59:21.058 INFO  bus graph era: variant 23 recorded with 162 collective node(s)
2026-10-06 22:59:21.058 INFO  rank 1: graph variant 23 shape: 3081 nodes, 3318 edges: kernel 3081 empty 0 memcpy 0 memset 0 host 0 event 0 other 0; max in-degree 2
2026-10-06 22:59:21.069 INFO  rank 1: graph variant 23 instantiated — 36.2 MiB of device memory (1.5 GiB free)
2026-10-06 22:59:21.069 INFO  rank 1: serving row-batched graph variants 22/23 captured for 6 slots x 2 rows = 12 fixed rows, MTP (a batch is selected at 2+ live requests, the smallest that covers the live slots)
2026-10-06 22:59:21.071 INFO  bus graph era: variant 24 recorded with 162 collective node(s)
2026-10-06 22:59:21.071 INFO  rank 1: graph variant 24 shape: 3308 nodes, 3545 edges: kernel 3308 empty 0 memcpy 0 memset 0 host 0 event 0 other 0; max in-degree 2
2026-10-06 22:59:21.082 INFO  rank 1: graph variant 24 instantiated — 36.8 MiB of device memory (1.5 GiB free)
2026-10-06 22:59:21.084 INFO  bus graph era: variant 25 recorded with 162 collective node(s)
2026-10-06 22:59:21.085 INFO  rank 1: graph variant 25 shape: 3308 nodes, 3545 edges: kernel 3308 empty 0 memcpy 0 memset 0 host 0 event 0 other 0; max in-degree 2
2026-10-06 22:59:21.096 INFO  rank 1: graph variant 25 instantiated — 39.3 MiB of device memory (1.4 GiB free)
2026-10-06 22:59:21.096 INFO  rank 1: serving row-batched graph variants 24/25 captured for 8 slots x 2 rows = 16 fixed rows, MTP (a batch is selected at 2+ live requests, the smallest that covers the live slots)
2026-10-06 22:59:21.215 INFO  bus graph era: variant 2 recorded with 162 collective node(s)
2026-10-06 22:59:21.215 INFO  rank 1: graph variant 2 shape: 2492 nodes, 2729 edges: kernel 2492 empty 0 memcpy 0 memset 0 host 0 event 0 other 0; max in-degree 2
2026-10-06 22:59:21.223 INFO  rank 1: graph variant 2 instantiated — 28.8 MiB of device memory (1.4 GiB free)
2026-10-06 22:59:21.225 INFO  bus graph era: variant 3 recorded with 162 collective node(s)
2026-10-06 22:59:21.225 INFO  rank 1: graph variant 3 shape: 2492 nodes, 2729 edges: kernel 2492 empty 0 memcpy 0 memset 0 host 0 event 0 other 0; max in-degree 2
2026-10-06 22:59:21.234 INFO  rank 1: graph variant 3 instantiated — 31.4 MiB of device memory (1.4 GiB free)
2026-10-06 22:59:21.234 INFO  rank 1: serving scalar graph variants 2/3 captured for request slot 1 (2 rows, MTP)
2026-10-06 22:59:21.343 INFO  bus graph era: variant 4 recorded with 162 collective node(s)
2026-10-06 22:59:21.343 INFO  rank 1: graph variant 4 shape: 2492 nodes, 2729 edges: kernel 2492 empty 0 memcpy 0 memset 0 host 0 event 0 other 0; max in-degree 2
2026-10-06 22:59:21.352 INFO  rank 1: graph variant 4 instantiated — 33.2 MiB of device memory (1.4 GiB free)
2026-10-06 22:59:21.354 INFO  bus graph era: variant 5 recorded with 162 collective node(s)
2026-10-06 22:59:21.354 INFO  rank 1: graph variant 5 shape: 2492 nodes, 2729 edges: kernel 2492 empty 0 memcpy 0 memset 0 host 0 event 0 other 0; max in-degree 2
2026-10-06 22:59:21.362 INFO  rank 1: graph variant 5 instantiated — 28.8 MiB of device memory (1.3 GiB free)
2026-10-06 22:59:21.362 INFO  rank 1: serving scalar graph variants 4/5 captured for request slot 2 (2 rows, MTP)
2026-10-06 22:59:21.473 INFO  bus graph era: variant 6 recorded with 162 collective node(s)
2026-10-06 22:59:21.473 INFO  rank 1: graph variant 6 shape: 2492 nodes, 2729 edges: kernel 2492 empty 0 memcpy 0 memset 0 host 0 event 0 other 0; max in-degree 2
2026-10-06 22:59:21.484 INFO  rank 1: graph variant 6 instantiated — 37.7 MiB of device memory (1.3 GiB free)
2026-10-06 22:59:21.486 INFO  bus graph era: variant 7 recorded with 162 collective node(s)
2026-10-06 22:59:21.486 INFO  rank 1: graph variant 7 shape: 2492 nodes, 2729 edges: kernel 2492 empty 0 memcpy 0 memset 0 host 0 event 0 other 0; max in-degree 2
2026-10-06 22:59:21.495 INFO  rank 1: graph variant 7 instantiated — 24.5 MiB of device memory (1.3 GiB free)
2026-10-06 22:59:21.495 INFO  rank 1: serving scalar graph variants 6/7 captured for request slot 3 (2 rows, MTP)
2026-10-06 22:59:21.639 INFO  bus graph era: variant 8 recorded with 162 collective node(s)
2026-10-06 22:59:21.639 INFO  rank 1: graph variant 8 shape: 2492 nodes, 2729 edges: kernel 2492 empty 0 memcpy 0 memset 0 host 0 event 0 other 0; max in-degree 2
2026-10-06 22:59:21.647 INFO  rank 1: graph variant 8 instantiated — 31.8 MiB of device memory (1.2 GiB free)
2026-10-06 22:59:21.649 INFO  bus graph era: variant 9 recorded with 162 collective node(s)
2026-10-06 22:59:21.650 INFO  rank 1: graph variant 9 shape: 2492 nodes, 2729 edges: kernel 2492 empty 0 memcpy 0 memset 0 host 0 event 0 other 0; max in-degree 2
2026-10-06 22:59:21.659 INFO  rank 1: graph variant 9 instantiated — 32.3 MiB of device memory (1.2 GiB free)
2026-10-06 22:59:21.659 INFO  rank 1: serving scalar graph variants 8/9 captured for request slot 4 (2 rows, MTP)
2026-10-06 22:59:21.777 INFO  bus graph era: variant 10 recorded with 162 collective node(s)
2026-10-06 22:59:21.777 INFO  rank 1: graph variant 10 shape: 2492 nodes, 2729 edges: kernel 2492 empty 0 memcpy 0 memset 0 host 0 event 0 other 0; max in-degree 2
2026-10-06 22:59:21.785 INFO  rank 1: graph variant 10 instantiated — 30.6 MiB of device memory (1.2 GiB free)
2026-10-06 22:59:21.787 INFO  bus graph era: variant 11 recorded with 162 collective node(s)
2026-10-06 22:59:21.787 INFO  rank 1: graph variant 11 shape: 2492 nodes, 2729 edges: kernel 2492 empty 0 memcpy 0 memset 0 host 0 event 0 other 0; max in-degree 2
2026-10-06 22:59:21.796 INFO  rank 1: graph variant 11 instantiated — 32.3 MiB of device memory (1.1 GiB free)
2026-10-06 22:59:21.796 INFO  rank 1: serving scalar graph variants 10/11 captured for request slot 5 (2 rows, MTP)
2026-10-06 22:59:21.910 INFO  bus graph era: variant 12 recorded with 162 collective node(s)
2026-10-06 22:59:21.910 INFO  rank 1: graph variant 12 shape: 2492 nodes, 2729 edges: kernel 2492 empty 0 memcpy 0 memset 0 host 0 event 0 other 0; max in-degree 2
2026-10-06 22:59:21.918 INFO  rank 1: graph variant 12 instantiated — 30.0 MiB of device memory (1.1 GiB free)
2026-10-06 22:59:21.920 INFO  bus graph era: variant 13 recorded with 162 collective node(s)
2026-10-06 22:59:21.920 INFO  rank 1: graph variant 13 shape: 2492 nodes, 2729 edges: kernel 2492 empty 0 memcpy 0 memset 0 host 0 event 0 other 0; max in-degree 2
2026-10-06 22:59:21.930 INFO  rank 1: graph variant 13 instantiated — 31.6 MiB of device memory (1.1 GiB free)
2026-10-06 22:59:21.930 INFO  rank 1: serving scalar graph variants 12/13 captured for request slot 6 (2 rows, MTP)
2026-10-06 22:59:22.036 INFO  bus graph era: variant 14 recorded with 162 collective node(s)
2026-10-06 22:59:22.036 INFO  rank 1: graph variant 14 shape: 2492 nodes, 2729 edges: kernel 2492 empty 0 memcpy 0 memset 0 host 0 event 0 other 0; max in-degree 2
2026-10-06 22:59:22.046 INFO  rank 1: graph variant 14 instantiated — 33.9 MiB of device memory (1.0 GiB free)
2026-10-06 22:59:22.048 INFO  bus graph era: variant 15 recorded with 162 collective node(s)
2026-10-06 22:59:22.048 INFO  rank 1: graph variant 15 shape: 2492 nodes, 2729 edges: kernel 2492 empty 0 memcpy 0 memset 0 host 0 event 0 other 0; max in-degree 2
2026-10-06 22:59:22.059 INFO  rank 1: graph variant 15 instantiated — 29.2 MiB of device memory (1.0 GiB free)
2026-10-06 22:59:22.059 INFO  rank 1: serving scalar graph variants 14/15 captured for request slot 7 (2 rows, MTP)
2026-10-06 22:59:22.059 INFO  rank 1: warm capture complete — 8 scalar variants and the row batches for 2 slots, 3 slots, 4 slots, 6 slots, 8 slots recorded before the first request
2026-10-06 22:59:22.059 INFO  memory ledger: rank 1 after the warm capture — rss 2.02 GiB (anon 1.22, shmem 0.13, file 0.67; locked 14.19); device free 1.01 GiB, node available 4.01 GiB
2026-10-06 22:59:22.059 INFO  rank 1: graph variants warm-captured in 2.06s
2026-10-06 22:59:22.070 INFO  rank 1: following rank 0's journal (admission full, window 256)
2026-10-06 22:59:23.912 INFO  sched: request 'chatcmpl-cc548dce1df23344' starting prefill in slot 0 (62 prompt tokens)
2026-10-06 22:59:24.537 INFO  sched: request 'chatcmpl-cc548dce1df23344' prefix cache miss — 3 cut(s), the cache is empty
2026-10-06 22:59:24.537 INFO  sched: request 'chatcmpl-cc548dce1df23344' admitted to slot 0 (reserve 1 blocks; pool 1/960 blocks in use) — first token 785
2026-10-06 22:59:26.586 INFO  sched: request 'chatcmpl-cc548dce1df23344' retired (steps): 64 tok in 2.7 s — prefill 62 tok (0 cached) in 625 ms; decode 63 tok / 32 passes in 2.0 s: 30.7 tok/s, 32.5 ms/tok, 64 ms/pass, 1.97 tok/pass, accept p1 100 %
2026-10-06 22:59:26.612 INFO  sched: request 'chatcmpl-cc548dce1df23345' starting prefill in slot 0 (37 prompt tokens)
2026-10-06 22:59:27.052 INFO  sched: request 'chatcmpl-cc548dce1df23345' prefix cache miss — 3 cut(s), the cache is empty
2026-10-06 22:59:27.052 INFO  sched: request 'chatcmpl-cc548dce1df23345' admitted to slot 0 (reserve 3 blocks; pool 3/960 blocks in use) — first token 785
2026-10-06 22:59:32.300 INFO  stats: rank 1 | 10.1 s | decode 22.1 tok/s, 32.6 ms/tok, 62.9 ms/step (115 steps / 222 tok, 72 % of wall) | mtp 1.93 tok/step/req, accept p1 92 % | prefill 2 prompts / 99 tok, 10 tok/s, 10.77 ms/tok, 533 ms avg (11 % of wall), 0 tok cached (0/2 hits) | live 1, queued 0 | pool 3/960 blocks (0 %) | prefix cache 0/4096 entries
2026-10-06 22:59:35.690 INFO  sched: request 'chatcmpl-cc548dce1df23345' retired (steps): 256 tok in 9.1 s — prefill 37 tok (0 cached) in 441 ms; decode 255 tok / 137 passes in 8.6 s: 29.5 tok/s, 33.9 ms/tok, 63 ms/pass, 1.86 tok/pass, accept p1 86 %
2026-10-06 22:59:35.715 INFO  sched: request 'chatcmpl-cc548dce1df23346' starting prefill in slot 0 (37 prompt tokens)
2026-10-06 22:59:36.150 INFO  sched: request 'chatcmpl-cc548dce1df23346' prefix cache miss — 3 cut(s), the cache is empty
2026-10-06 22:59:36.150 INFO  sched: request 'chatcmpl-cc548dce1df23346' admitted to slot 0 (reserve 3 blocks; pool 3/960 blocks in use) — first token 785
2026-10-06 22:59:42.353 INFO  stats: rank 1 | 10.1 s | decode 27.6 tok/s, 34.3 ms/tok, 63.8 ms/step (149 steps / 277 tok, 95 % of wall) | mtp 1.86 tok/step/req, accept p1 85 % | prefill 1 prompt / 37 tok, 4 tok/s, 11.77 ms/tok, 436 ms avg (4 % of wall), 0 tok cached (0/1 hit) | live 1, queued 0 | pool 3/960 blocks (0 %) | prefix cache 0/4096 entries
2026-10-06 22:59:44.988 INFO  sched: request 'chatcmpl-cc548dce1df23346' retired (steps): 256 tok in 9.3 s — prefill 37 tok (0 cached) in 436 ms; decode 255 tok / 137 passes in 8.8 s: 28.9 tok/s, 34.7 ms/tok, 65 ms/pass, 1.86 tok/pass, accept p1 86 %
2026-10-06 22:59:44.997 INFO  sched: request 'chatcmpl-cc548dce1df23347' starting prefill in slot 0 (37 prompt tokens)
2026-10-06 22:59:45.432 INFO  sched: request 'chatcmpl-cc548dce1df23347' prefix cache miss — 3 cut(s), the cache is empty
2026-10-06 22:59:45.432 INFO  sched: request 'chatcmpl-cc548dce1df23347' admitted to slot 0 (reserve 3 blocks; pool 3/960 blocks in use) — first token 785
2026-10-06 22:59:52.375 INFO  stats: rank 1 | 10.0 s | decode 28.4 tok/s, 33.3 ms/tok, 62.5 ms/step (152 steps / 285 tok, 95 % of wall) | mtp 1.88 tok/step/req, accept p1 87 % | prefill 1 prompt / 37 tok, 4 tok/s, 11.72 ms/tok, 434 ms avg (4 % of wall), 0 tok cached (0/1 hit) | live 1, queued 0 | pool 3/960 blocks (0 %) | prefix cache 0/4096 entries
2026-10-06 22:59:54.080 INFO  sched: request 'chatcmpl-cc548dce1df23347' retired (steps): 256 tok in 9.1 s — prefill 37 tok (0 cached) in 434 ms; decode 255 tok / 137 passes in 8.6 s: 29.5 tok/s, 33.9 ms/tok, 63 ms/pass, 1.86 tok/pass, accept p1 86 %
2026-10-06 22:59:54.111 INFO  sched: request 'chatcmpl-cc548dce1df23348' starting prefill in slot 0 (36 prompt tokens)
2026-10-06 22:59:54.111 INFO  sched: request 'chatcmpl-cc548dce1df23349' starting prefill in slot 1 (36 prompt tokens)
2026-10-06 22:59:54.787 INFO  sched: request 'chatcmpl-cc548dce1df23348' prefix cache miss — 3 cut(s), the cache is empty
2026-10-06 22:59:54.787 INFO  sched: request 'chatcmpl-cc548dce1df23348' admitted to slot 0 (reserve 3 blocks; pool 4/960 blocks in use) — first token 785
2026-10-06 22:59:54.787 INFO  sched: request 'chatcmpl-cc548dce1df23349' prefix cache miss — 3 cut(s), the cache is empty
2026-10-06 22:59:54.787 INFO  sched: request 'chatcmpl-cc548dce1df23349' admitted to slot 1 (reserve 3 blocks; pool 6/960 blocks in use) — first token 785
2026-10-06 22:59:54.787 INFO  sched: 2 requests admitted together in one prefill (676 ms)
2026-10-06 23:00:02.394 INFO  stats: rank 1 | 10.0 s | decode 35.2 tok/s, 26.2 ms/tok, 82.6 ms/step (112 steps / 353 tok, 92 % of wall) | mtp 1.79 tok/step/req, accept p1 78 % | prefill 2 prompts / 72 tok, 7 tok/s, 9.39 ms/tok, 338 ms avg (7 % of wall), 0 tok cached (0/2 hits) | live 2, queued 0 | pool 6/960 blocks (1 %) | prefix cache 0/4096 entries
2026-10-06 23:00:07.448 INFO  sched: request 'chatcmpl-cc548dce1df23348' retired (steps): 256 tok in 13.3 s — prefill 36 tok (0 cached) in 676 ms; decode 255 tok / 141 passes in 12.7 s: 20.1 tok/s, 49.7 ms/tok, 90 ms/pass, 1.81 tok/pass, accept p1 81 %
2026-10-06 23:00:08.299 INFO  sched: request 'chatcmpl-cc548dce1df23349' retired (steps): 256 tok in 14.2 s — prefill 36 tok (0 cached) in 676 ms; decode 255 tok / 154 passes in 13.5 s: 18.9 tok/s, 53.0 ms/tok, 88 ms/pass, 1.66 tok/pass, accept p1 66 %
2026-10-06 23:00:08.324 INFO  sched: request 'chatcmpl-cc548dce1df2334a' starting prefill in slot 0 (36 prompt tokens)
2026-10-06 23:00:08.324 INFO  sched: request 'chatcmpl-cc548dce1df2334b' starting prefill in slot 1 (36 prompt tokens)
2026-10-06 23:00:09.007 INFO  sched: request 'chatcmpl-cc548dce1df2334a' prefix cache miss — 3 cut(s), the cache is empty
2026-10-06 23:00:09.007 INFO  sched: request 'chatcmpl-cc548dce1df2334a' admitted to slot 0 (reserve 3 blocks; pool 4/960 blocks in use) — first token 785
2026-10-06 23:00:09.007 INFO  sched: request 'chatcmpl-cc548dce1df2334b' prefix cache miss — 3 cut(s), the cache is empty
2026-10-06 23:00:09.007 INFO  sched: request 'chatcmpl-cc548dce1df2334b' admitted to slot 1 (reserve 3 blocks; pool 6/960 blocks in use) — first token 785
2026-10-06 23:00:09.007 INFO  sched: 2 requests admitted together in one prefill (683 ms)
2026-10-06 23:00:12.410 INFO  stats: rank 1 | 10.0 s | decode 34.9 tok/s, 26.4 ms/tok, 86.4 ms/step (107 steps / 350 tok, 92 % of wall) | mtp 1.74 tok/step/req, accept p1 73 % | prefill 2 prompts / 72 tok, 7 tok/s, 9.49 ms/tok, 342 ms avg (7 % of wall), 0 tok cached (0/2 hits) | live 2, queued 0 | pool 6/960 blocks (1 %) | prefix cache 0/4096 entries
2026-10-06 23:00:21.697 INFO  sched: request 'chatcmpl-cc548dce1df2334a' retired (steps): 256 tok in 13.4 s — prefill 36 tok (0 cached) in 683 ms; decode 255 tok / 141 passes in 12.7 s: 20.1 tok/s, 49.8 ms/tok, 90 ms/pass, 1.81 tok/pass, accept p1 81 %
2026-10-06 23:00:22.467 INFO  sched: request 'chatcmpl-cc548dce1df2334b' retired (steps): 256 tok in 14.1 s — prefill 36 tok (0 cached) in 683 ms; decode 255 tok / 153 passes in 13.5 s: 18.9 tok/s, 52.8 ms/tok, 88 ms/pass, 1.67 tok/pass, accept p1 67 %
2026-10-06 23:00:22.467 INFO  stats: rank 1 | 10.1 s | decode 36.7 tok/s, 27.1 ms/tok, 86.8 ms/step (115 steps / 369 tok, 99 % of wall) | mtp 1.69 tok/step/req, accept p1 69 % | prefill 0 prompts / 0 tok, 0 tok cached (0/0 hits) | live 0, queued 0 | pool 0/960 blocks (0 %) | prefix cache 0/4096 entries
2026-10-06 23:00:22.486 INFO  sched: request 'chatcmpl-cc548dce1df2334c' starting prefill in slot 0 (36 prompt tokens)
2026-10-06 23:00:22.486 INFO  sched: request 'chatcmpl-cc548dce1df2334d' starting prefill in slot 1 (36 prompt tokens)
2026-10-06 23:00:23.180 INFO  sched: request 'chatcmpl-cc548dce1df2334c' prefix cache miss — 3 cut(s), the cache is empty
2026-10-06 23:00:23.180 INFO  sched: request 'chatcmpl-cc548dce1df2334c' admitted to slot 0 (reserve 3 blocks; pool 4/960 blocks in use) — first token 785
2026-10-06 23:00:23.180 INFO  sched: request 'chatcmpl-cc548dce1df2334d' prefix cache miss — 3 cut(s), the cache is empty
2026-10-06 23:00:23.180 INFO  sched: request 'chatcmpl-cc548dce1df2334d' admitted to slot 1 (reserve 3 blocks; pool 6/960 blocks in use) — first token 785
2026-10-06 23:00:23.180 INFO  sched: 2 requests admitted together in one prefill (694 ms)
2026-10-06 23:00:32.493 INFO  stats: rank 1 | 10.0 s | decode 36.9 tok/s, 25.0 ms/tok, 89.0 ms/step (104 steps / 370 tok, 92 % of wall) | mtp 1.78 tok/step/req, accept p1 77 % | prefill 2 prompts / 72 tok, 7 tok/s, 9.64 ms/tok, 347 ms avg (7 % of wall), 0 tok cached (0/2 hits) | live 2, queued 0 | pool 6/960 blocks (1 %) | prefix cache 0/4096 entries
2026-10-06 23:00:35.839 INFO  sched: request 'chatcmpl-cc548dce1df2334c' retired (steps): 256 tok in 13.4 s — prefill 36 tok (0 cached) in 694 ms; decode 255 tok / 141 passes in 12.7 s: 20.1 tok/s, 49.6 ms/tok, 90 ms/pass, 1.81 tok/pass, accept p1 81 %
2026-10-06 23:00:36.656 INFO  sched: request 'chatcmpl-cc548dce1df2334d' retired (steps): 256 tok in 14.2 s — prefill 36 tok (0 cached) in 694 ms; decode 255 tok / 154 passes in 13.5 s: 18.9 tok/s, 52.8 ms/tok, 88 ms/pass, 1.66 tok/pass, accept p1 66 %
2026-10-06 23:00:36.669 INFO  sched: request 'chatcmpl-cc548dce1df2334e' starting prefill in slot 0 (35 prompt tokens)
2026-10-06 23:00:36.669 INFO  sched: request 'chatcmpl-cc548dce1df2334f' starting prefill in slot 1 (31 prompt tokens)
2026-10-06 23:00:36.669 INFO  sched: request 'chatcmpl-cc548dce1df23350' starting prefill in slot 2 (32 prompt tokens)
2026-10-06 23:00:36.669 INFO  sched: request 'chatcmpl-cc548dce1df23351' starting prefill in slot 3 (32 prompt tokens)
2026-10-06 23:00:37.533 INFO  sched: request 'chatcmpl-cc548dce1df2334e' prefix cache miss — 3 cut(s), the cache is empty
2026-10-06 23:00:37.533 INFO  sched: request 'chatcmpl-cc548dce1df2334e' admitted to slot 0 (reserve 3 blocks; pool 6/960 blocks in use) — first token 785
2026-10-06 23:00:37.533 INFO  sched: request 'chatcmpl-cc548dce1df2334f' prefix cache miss — 3 cut(s), the cache is empty
2026-10-06 23:00:37.533 INFO  sched: request 'chatcmpl-cc548dce1df2334f' admitted to slot 1 (reserve 3 blocks; pool 8/960 blocks in use) — first token 785
2026-10-06 23:00:37.533 INFO  sched: request 'chatcmpl-cc548dce1df23350' prefix cache miss — 3 cut(s), the cache is empty
2026-10-06 23:00:37.533 INFO  sched: request 'chatcmpl-cc548dce1df23350' admitted to slot 2 (reserve 3 blocks; pool 10/960 blocks in use) — first token 785
2026-10-06 23:00:37.533 INFO  sched: request 'chatcmpl-cc548dce1df23351' prefix cache miss — 3 cut(s), the cache is empty
2026-10-06 23:00:37.533 INFO  sched: request 'chatcmpl-cc548dce1df23351' admitted to slot 3 (reserve 3 blocks; pool 12/960 blocks in use) — first token 785
2026-10-06 23:00:37.533 INFO  sched: 4 requests admitted together in one prefill (864 ms)
2026-10-06 23:00:42.528 INFO  stats: rank 1 | 10.0 s | decode 42.2 tok/s, 21.5 ms/tok, 105.8 ms/step (86 steps / 423 tok, 91 % of wall) | mtp 1.83 tok/step/req, accept p1 81 % | prefill 4 prompts / 130 tok, 13 tok/s, 6.64 ms/tok, 216 ms avg (9 % of wall), 0 tok cached (0/4 hits) | live 4, queued 0 | pool 12/960 blocks (1 %) | prefix cache 0/4096 entries
2026-10-06 23:00:52.654 INFO  stats: rank 1 | 10.1 s | decode 48.4 tok/s, 20.6 ms/tok, 146.1 ms/step (69 steps / 490 tok, 100 % of wall) | mtp 1.78 tok/step/req, accept p1 78 % | prefill 0 prompts / 0 tok, 0 tok cached (0/0 hits) | live 4, queued 0 | pool 12/960 blocks (1 %) | prefix cache 0/4096 entries
2026-10-06 23:00:57.529 INFO  sched: request 'chatcmpl-cc548dce1df2334f' retired (steps): 256 tok in 20.9 s — prefill 31 tok (0 cached) in 864 ms; decode 255 tok / 138 passes in 20.0 s: 12.8 tok/s, 78.4 ms/tok, 145 ms/pass, 1.85 tok/pass, accept p1 86 %
2026-10-06 23:00:57.824 INFO  sched: request 'chatcmpl-cc548dce1df23351' retired (steps): 256 tok in 21.2 s — prefill 32 tok (0 cached) in 864 ms; decode 255 tok / 140 passes in 20.3 s: 12.6 tok/s, 79.6 ms/tok, 145 ms/pass, 1.82 tok/pass, accept p1 83 %
2026-10-06 23:00:58.185 INFO  sched: request 'chatcmpl-cc548dce1df23350' retired (steps): 256 tok in 21.5 s — prefill 32 tok (0 cached) in 864 ms; decode 255 tok / 143 passes in 20.7 s: 12.3 tok/s, 81.0 ms/tok, 144 ms/pass, 1.78 tok/pass, accept p1 79 %
2026-10-06 23:00:58.708 INFO  sched: request 'chatcmpl-cc548dce1df2334e' retired (steps): 256 tok in 22.0 s — prefill 35 tok (0 cached) in 864 ms; decode 255 tok / 151 passes in 21.2 s: 12.0 tok/s, 83.0 ms/tok, 140 ms/pass, 1.69 tok/pass, accept p1 70 %
2026-10-06 23:00:58.717 INFO  sched: request 'chatcmpl-cc548dce1df23352' starting prefill in slot 0 (35 prompt tokens)
2026-10-06 23:00:58.717 INFO  sched: request 'chatcmpl-cc548dce1df23353' starting prefill in slot 1 (32 prompt tokens)
2026-10-06 23:00:58.717 INFO  sched: request 'chatcmpl-cc548dce1df23354' starting prefill in slot 2 (32 prompt tokens)
2026-10-06 23:00:58.717 INFO  sched: request 'chatcmpl-cc548dce1df23355' starting prefill in slot 3 (31 prompt tokens)
2026-10-06 23:00:59.569 INFO  sched: request 'chatcmpl-cc548dce1df23352' prefix cache miss — 3 cut(s), the cache is empty
2026-10-06 23:00:59.569 INFO  sched: request 'chatcmpl-cc548dce1df23352' admitted to slot 0 (reserve 3 blocks; pool 6/960 blocks in use) — first token 785
2026-10-06 23:00:59.569 INFO  sched: request 'chatcmpl-cc548dce1df23353' prefix cache miss — 3 cut(s), the cache is empty
2026-10-06 23:00:59.569 INFO  sched: request 'chatcmpl-cc548dce1df23353' admitted to slot 1 (reserve 3 blocks; pool 8/960 blocks in use) — first token 785
2026-10-06 23:00:59.569 INFO  sched: request 'chatcmpl-cc548dce1df23354' prefix cache miss — 3 cut(s), the cache is empty
2026-10-06 23:00:59.569 INFO  sched: request 'chatcmpl-cc548dce1df23354' admitted to slot 2 (reserve 3 blocks; pool 10/960 blocks in use) — first token 785
2026-10-06 23:00:59.569 INFO  sched: request 'chatcmpl-cc548dce1df23355' prefix cache miss — 3 cut(s), the cache is empty
2026-10-06 23:00:59.569 INFO  sched: request 'chatcmpl-cc548dce1df23355' admitted to slot 3 (reserve 3 blocks; pool 12/960 blocks in use) — first token 785
2026-10-06 23:00:59.569 INFO  sched: 4 requests admitted together in one prefill (852 ms)
2026-10-06 23:01:02.713 INFO  stats: rank 1 | 10.1 s | decode 42.8 tok/s, 21.2 ms/tok, 132.5 ms/step (69 steps / 431 tok, 91 % of wall) | mtp 1.77 tok/step/req, accept p1 77 % | prefill 4 prompts / 130 tok, 13 tok/s, 6.55 ms/tok, 213 ms avg (8 % of wall), 0 tok cached (0/4 hits) | live 4, queued 0 | pool 12/960 blocks (1 %) | prefix cache 0/4096 entries
2026-10-06 23:01:12.809 INFO  stats: rank 1 | 10.1 s | decode 48.8 tok/s, 20.4 ms/tok, 145.7 ms/step (69 steps / 493 tok, 100 % of wall) | mtp 1.79 tok/step/req, accept p1 79 % | prefill 0 prompts / 0 tok, 0 tok cached (0/0 hits) | live 4, queued 0 | pool 12/960 blocks (1 %) | prefix cache 0/4096 entries
2026-10-06 23:01:19.731 INFO  sched: request 'chatcmpl-cc548dce1df23355' retired (steps): 256 tok in 21.0 s — prefill 31 tok (0 cached) in 852 ms; decode 255 tok / 138 passes in 20.2 s: 12.6 tok/s, 79.1 ms/tok, 146 ms/pass, 1.85 tok/pass, accept p1 86 %
2026-10-06 23:01:19.981 INFO  sched: request 'chatcmpl-cc548dce1df23354' retired (steps): 256 tok in 21.3 s — prefill 32 tok (0 cached) in 852 ms; decode 255 tok / 140 passes in 20.4 s: 12.5 tok/s, 80.0 ms/tok, 146 ms/pass, 1.82 tok/pass, accept p1 83 %
2026-10-06 23:01:20.357 INFO  sched: request 'chatcmpl-cc548dce1df23353' retired (steps): 256 tok in 21.6 s — prefill 32 tok (0 cached) in 852 ms; decode 255 tok / 144 passes in 20.8 s: 12.3 tok/s, 81.5 ms/tok, 144 ms/pass, 1.77 tok/pass, accept p1 78 %
2026-10-06 23:01:20.861 INFO  sched: request 'chatcmpl-cc548dce1df23352' retired (steps): 256 tok in 22.1 s — prefill 35 tok (0 cached) in 852 ms; decode 255 tok / 152 passes in 21.3 s: 12.0 tok/s, 83.5 ms/tok, 140 ms/pass, 1.68 tok/pass, accept p1 68 %
2026-10-06 23:01:20.881 INFO  sched: request 'chatcmpl-cc548dce1df23356' starting prefill in slot 0 (35 prompt tokens)
2026-10-06 23:01:20.881 INFO  sched: request 'chatcmpl-cc548dce1df23357' starting prefill in slot 1 (32 prompt tokens)
2026-10-06 23:01:20.881 INFO  sched: request 'chatcmpl-cc548dce1df23358' starting prefill in slot 2 (31 prompt tokens)
2026-10-06 23:01:20.881 INFO  sched: request 'chatcmpl-cc548dce1df23359' starting prefill in slot 3 (32 prompt tokens)
2026-10-06 23:01:21.748 INFO  sched: request 'chatcmpl-cc548dce1df23356' prefix cache miss — 3 cut(s), the cache is empty
2026-10-06 23:01:21.748 INFO  sched: request 'chatcmpl-cc548dce1df23356' admitted to slot 0 (reserve 3 blocks; pool 6/960 blocks in use) — first token 785
2026-10-06 23:01:21.748 INFO  sched: request 'chatcmpl-cc548dce1df23357' prefix cache miss — 3 cut(s), the cache is empty
2026-10-06 23:01:21.748 INFO  sched: request 'chatcmpl-cc548dce1df23357' admitted to slot 1 (reserve 3 blocks; pool 8/960 blocks in use) — first token 785
2026-10-06 23:01:21.748 INFO  sched: request 'chatcmpl-cc548dce1df23358' prefix cache miss — 3 cut(s), the cache is empty
2026-10-06 23:01:21.748 INFO  sched: request 'chatcmpl-cc548dce1df23358' admitted to slot 2 (reserve 3 blocks; pool 10/960 blocks in use) — first token 785
2026-10-06 23:01:21.748 INFO  sched: request 'chatcmpl-cc548dce1df23359' prefix cache miss — 3 cut(s), the cache is empty
2026-10-06 23:01:21.748 INFO  sched: request 'chatcmpl-cc548dce1df23359' admitted to slot 3 (reserve 3 blocks; pool 12/960 blocks in use) — first token 785
2026-10-06 23:01:21.748 INFO  sched: 4 requests admitted together in one prefill (867 ms)
2026-10-06 23:01:22.811 INFO  stats: rank 1 | 10.0 s | decode 41.8 tok/s, 21.7 ms/tok, 133.2 ms/step (68 steps / 418 tok, 91 % of wall) | mtp 1.76 tok/step/req, accept p1 76 % | prefill 4 prompts / 130 tok, 13 tok/s, 6.67 ms/tok, 217 ms avg (9 % of wall), 0 tok cached (0/4 hits) | live 4, queued 0 | pool 12/960 blocks (1 %) | prefix cache 0/4096 entries
2026-10-06 23:01:32.908 INFO  stats: rank 1 | 10.1 s | decode 49.3 tok/s, 20.2 ms/tok, 145.8 ms/step (69 steps / 498 tok, 100 % of wall) | mtp 1.80 tok/step/req, accept p1 80 % | prefill 0 prompts / 0 tok, 0 tok cached (0/0 hits) | live 4, queued 0 | pool 12/960 blocks (1 %) | prefix cache 0/4096 entries
2026-10-06 23:01:41.994 INFO  sched: request 'chatcmpl-cc548dce1df23358' retired (steps): 256 tok in 21.1 s — prefill 31 tok (0 cached) in 867 ms; decode 255 tok / 138 passes in 20.2 s: 12.6 tok/s, 79.4 ms/tok, 147 ms/pass, 1.85 tok/pass, accept p1 86 %
2026-10-06 23:01:42.286 INFO  sched: request 'chatcmpl-cc548dce1df23359' retired (steps): 256 tok in 21.4 s — prefill 32 tok (0 cached) in 867 ms; decode 255 tok / 140 passes in 20.5 s: 12.4 tok/s, 80.5 ms/tok, 147 ms/pass, 1.82 tok/pass, accept p1 83 %
2026-10-06 23:01:42.648 INFO  sched: request 'chatcmpl-cc548dce1df23357' retired (steps): 256 tok in 21.8 s — prefill 32 tok (0 cached) in 867 ms; decode 255 tok / 144 passes in 20.9 s: 12.2 tok/s, 82.0 ms/tok, 145 ms/pass, 1.77 tok/pass, accept p1 78 %
2026-10-06 23:01:42.973 INFO  stats: rank 1 | 10.1 s | decode 45.5 tok/s, 21.9 ms/tok, 139.0 ms/step (72 steps / 458 tok, 99 % of wall) | mtp 1.74 tok/step/req, accept p1 75 % | prefill 0 prompts / 0 tok, 0 tok cached (0/0 hits) | live 1, queued 0 | pool 3/960 blocks (0 %) | prefix cache 0/4096 entries
2026-10-06 23:01:43.169 INFO  sched: request 'chatcmpl-cc548dce1df23356' retired (steps): 256 tok in 22.3 s — prefill 35 tok (0 cached) in 867 ms; decode 255 tok / 152 passes in 21.4 s: 11.9 tok/s, 84.0 ms/tok, 141 ms/pass, 1.68 tok/pass, accept p1 68 %
2026-10-06 23:01:43.199 INFO  sched: request 'chatcmpl-cc548dce1df2335a' starting prefill in slot 0 (31 prompt tokens)
2026-10-06 23:01:43.199 INFO  sched: request 'chatcmpl-cc548dce1df2335b' starting prefill in slot 1 (32 prompt tokens)
2026-10-06 23:01:43.199 INFO  sched: request 'chatcmpl-cc548dce1df2335c' starting prefill in slot 2 (31 prompt tokens)
2026-10-06 23:01:43.199 INFO  sched: request 'chatcmpl-cc548dce1df2335d' starting prefill in slot 3 (32 prompt tokens)
2026-10-06 23:01:43.199 INFO  sched: request 'chatcmpl-cc548dce1df2335e' starting prefill in slot 4 (31 prompt tokens)
2026-10-06 23:01:43.199 INFO  sched: request 'chatcmpl-cc548dce1df2335f' starting prefill in slot 5 (32 prompt tokens)
2026-10-06 23:01:43.199 INFO  sched: request 'chatcmpl-cc548dce1df23360' starting prefill in slot 6 (31 prompt tokens)
2026-10-06 23:01:43.199 INFO  sched: request 'chatcmpl-cc548dce1df23361' starting prefill in slot 7 (31 prompt tokens)
2026-10-06 23:01:44.614 INFO  sched: request 'chatcmpl-cc548dce1df2335a' prefix cache miss — 3 cut(s), the cache is empty
2026-10-06 23:01:44.614 INFO  sched: request 'chatcmpl-cc548dce1df2335a' admitted to slot 0 (reserve 3 blocks; pool 10/960 blocks in use) — first token 785
2026-10-06 23:01:44.614 INFO  sched: request 'chatcmpl-cc548dce1df2335b' prefix cache miss — 3 cut(s), the cache is empty
2026-10-06 23:01:44.614 INFO  sched: request 'chatcmpl-cc548dce1df2335b' admitted to slot 1 (reserve 3 blocks; pool 12/960 blocks in use) — first token 785
2026-10-06 23:01:44.614 INFO  sched: request 'chatcmpl-cc548dce1df2335c' prefix cache miss — 3 cut(s), the cache is empty
2026-10-06 23:01:44.614 INFO  sched: request 'chatcmpl-cc548dce1df2335c' admitted to slot 2 (reserve 3 blocks; pool 14/960 blocks in use) — first token 785
2026-10-06 23:01:44.614 INFO  sched: request 'chatcmpl-cc548dce1df2335d' prefix cache miss — 3 cut(s), the cache is empty
2026-10-06 23:01:44.614 INFO  sched: request 'chatcmpl-cc548dce1df2335d' admitted to slot 3 (reserve 3 blocks; pool 16/960 blocks in use) — first token 785
2026-10-06 23:01:44.614 INFO  sched: request 'chatcmpl-cc548dce1df2335e' prefix cache miss — 3 cut(s), the cache is empty
2026-10-06 23:01:44.614 INFO  sched: request 'chatcmpl-cc548dce1df2335e' admitted to slot 4 (reserve 3 blocks; pool 18/960 blocks in use) — first token 785
2026-10-06 23:01:44.614 INFO  sched: request 'chatcmpl-cc548dce1df2335f' prefix cache miss — 3 cut(s), the cache is empty
2026-10-06 23:01:44.614 INFO  sched: request 'chatcmpl-cc548dce1df2335f' admitted to slot 5 (reserve 3 blocks; pool 20/960 blocks in use) — first token 785
2026-10-06 23:01:44.614 INFO  sched: request 'chatcmpl-cc548dce1df23360' prefix cache miss — 3 cut(s), the cache is empty
2026-10-06 23:01:44.614 INFO  sched: request 'chatcmpl-cc548dce1df23360' admitted to slot 6 (reserve 3 blocks; pool 22/960 blocks in use) — first token 785
2026-10-06 23:01:44.614 INFO  sched: request 'chatcmpl-cc548dce1df23361' prefix cache miss — 3 cut(s), the cache is empty
2026-10-06 23:01:44.614 INFO  sched: request 'chatcmpl-cc548dce1df23361' admitted to slot 7 (reserve 3 blocks; pool 24/960 blocks in use) — first token 785
2026-10-06 23:01:44.614 INFO  sched: 8 requests admitted together in one prefill (1415 ms)
2026-10-06 23:01:53.191 INFO  stats: rank 1 | 10.2 s | decode 54.7 tok/s, 15.7 ms/tok, 218.7 ms/step (40 steps / 559 tok, 86 % of wall) | mtp 1.87 tok/step/req, accept p1 85 % | prefill 8 prompts / 251 tok, 25 tok/s, 5.64 ms/tok, 177 ms avg (14 % of wall), 0 tok cached (0/8 hits) | live 8, queued 0 | pool 24/960 blocks (2 %) | prefix cache 0/4096 entries
2026-10-06 23:02:03.231 INFO  stats: rank 1 | 10.0 s | decode 57.6 tok/s, 17.3 ms/tok, 250.4 ms/step (40 steps / 578 tok, 100 % of wall) | mtp 1.81 tok/step/req, accept p1 81 % | prefill 0 prompts / 0 tok, 0 tok cached (0/0 hits) | live 8, queued 0 | pool 24/960 blocks (2 %) | prefix cache 0/4096 entries
2026-10-06 23:02:13.421 INFO  stats: rank 1 | 10.2 s | decode 56.9 tok/s, 17.5 ms/tok, 254.1 ms/step (40 steps / 580 tok, 100 % of wall) | mtp 1.81 tok/step/req, accept p1 81 % | prefill 0 prompts / 0 tok, 0 tok cached (0/0 hits) | live 8, queued 0 | pool 24/960 blocks (2 %) | prefix cache 0/4096 entries
2026-10-06 23:02:18.889 INFO  sched: request 'chatcmpl-cc548dce1df2335e' retired (steps): 256 tok in 35.7 s — prefill 31 tok (0 cached) in 1415 ms; decode 255 tok / 138 passes in 34.3 s: 7.4 tok/s, 134.4 ms/tok, 248 ms/pass, 1.85 tok/pass, accept p1 85 %
2026-10-06 23:02:18.889 INFO  sched: request 'chatcmpl-cc548dce1df23361' retired (steps): 256 tok in 35.7 s — prefill 31 tok (0 cached) in 1415 ms; decode 255 tok / 138 passes in 34.3 s: 7.4 tok/s, 134.4 ms/tok, 248 ms/pass, 1.85 tok/pass, accept p1 86 %
2026-10-06 23:02:19.150 INFO  sched: request 'chatcmpl-cc548dce1df2335a' retired (steps): 256 tok in 36.0 s — prefill 31 tok (0 cached) in 1415 ms; decode 255 tok / 139 passes in 34.5 s: 7.4 tok/s, 135.4 ms/tok, 248 ms/pass, 1.83 tok/pass, accept p1 84 %
2026-10-06 23:02:19.150 INFO  sched: request 'chatcmpl-cc548dce1df2335c' retired (steps): 256 tok in 36.0 s — prefill 31 tok (0 cached) in 1415 ms; decode 255 tok / 139 passes in 34.5 s: 7.4 tok/s, 135.4 ms/tok, 248 ms/pass, 1.83 tok/pass, accept p1 83 %
2026-10-06 23:02:19.399 INFO  sched: request 'chatcmpl-cc548dce1df23360' retired (steps): 256 tok in 36.2 s — prefill 31 tok (0 cached) in 1415 ms; decode 255 tok / 140 passes in 34.8 s: 7.3 tok/s, 136.4 ms/tok, 248 ms/pass, 1.82 tok/pass, accept p1 82 %
2026-10-06 23:02:19.962 INFO  sched: request 'chatcmpl-cc548dce1df2335d' retired (steps): 256 tok in 36.8 s — prefill 32 tok (0 cached) in 1415 ms; decode 255 tok / 143 passes in 35.3 s: 7.2 tok/s, 138.6 ms/tok, 247 ms/pass, 1.78 tok/pass, accept p1 78 %
2026-10-06 23:02:20.149 INFO  sched: request 'chatcmpl-cc548dce1df2335f' retired (steps): 256 tok in 36.9 s — prefill 32 tok (0 cached) in 1415 ms; decode 255 tok / 144 passes in 35.5 s: 7.2 tok/s, 139.4 ms/tok, 247 ms/pass, 1.77 tok/pass, accept p1 78 %
2026-10-06 23:02:20.282 INFO  sched: request 'chatcmpl-cc548dce1df2335b' retired (steps): 256 tok in 37.1 s — prefill 32 tok (0 cached) in 1415 ms; decode 255 tok / 146 passes in 35.7 s: 7.1 tok/s, 139.9 ms/tok, 244 ms/pass, 1.75 tok/pass, accept p1 75 %
2026-10-06 23:02:20.307 INFO  sched: request 'chatcmpl-cc548dce1df23362' starting prefill in slot 0 (31 prompt tokens)
2026-10-06 23:02:20.307 INFO  sched: request 'chatcmpl-cc548dce1df23363' starting prefill in slot 1 (31 prompt tokens)
2026-10-06 23:02:20.307 INFO  sched: request 'chatcmpl-cc548dce1df23364' starting prefill in slot 2 (31 prompt tokens)
2026-10-06 23:02:20.307 INFO  sched: request 'chatcmpl-cc548dce1df23365' starting prefill in slot 3 (31 prompt tokens)
2026-10-06 23:02:20.307 INFO  sched: request 'chatcmpl-cc548dce1df23366' starting prefill in slot 4 (31 prompt tokens)
2026-10-06 23:02:20.307 INFO  sched: request 'chatcmpl-cc548dce1df23367' starting prefill in slot 5 (32 prompt tokens)
2026-10-06 23:02:20.307 INFO  sched: request 'chatcmpl-cc548dce1df23368' starting prefill in slot 6 (32 prompt tokens)
2026-10-06 23:02:20.307 INFO  sched: request 'chatcmpl-cc548dce1df23369' starting prefill in slot 7 (32 prompt tokens)
2026-10-06 23:02:21.717 INFO  sched: request 'chatcmpl-cc548dce1df23362' prefix cache miss — 3 cut(s), the cache is empty
2026-10-06 23:02:21.717 INFO  sched: request 'chatcmpl-cc548dce1df23362' admitted to slot 0 (reserve 3 blocks; pool 10/960 blocks in use) — first token 785
2026-10-06 23:02:21.717 INFO  sched: request 'chatcmpl-cc548dce1df23363' prefix cache miss — 3 cut(s), the cache is empty
2026-10-06 23:02:21.717 INFO  sched: request 'chatcmpl-cc548dce1df23363' admitted to slot 1 (reserve 3 blocks; pool 12/960 blocks in use) — first token 785
2026-10-06 23:02:21.717 INFO  sched: request 'chatcmpl-cc548dce1df23364' prefix cache miss — 3 cut(s), the cache is empty
2026-10-06 23:02:21.717 INFO  sched: request 'chatcmpl-cc548dce1df23364' admitted to slot 2 (reserve 3 blocks; pool 14/960 blocks in use) — first token 785
2026-10-06 23:02:21.717 INFO  sched: request 'chatcmpl-cc548dce1df23365' prefix cache miss — 3 cut(s), the cache is empty
2026-10-06 23:02:21.717 INFO  sched: request 'chatcmpl-cc548dce1df23365' admitted to slot 3 (reserve 3 blocks; pool 16/960 blocks in use) — first token 785
2026-10-06 23:02:21.717 INFO  sched: request 'chatcmpl-cc548dce1df23366' prefix cache miss — 3 cut(s), the cache is empty
2026-10-06 23:02:21.717 INFO  sched: request 'chatcmpl-cc548dce1df23366' admitted to slot 4 (reserve 3 blocks; pool 18/960 blocks in use) — first token 785
2026-10-06 23:02:21.717 INFO  sched: request 'chatcmpl-cc548dce1df23367' prefix cache miss — 3 cut(s), the cache is empty
2026-10-06 23:02:21.717 INFO  sched: request 'chatcmpl-cc548dce1df23367' admitted to slot 5 (reserve 3 blocks; pool 20/960 blocks in use) — first token 785
2026-10-06 23:02:21.717 INFO  sched: request 'chatcmpl-cc548dce1df23368' prefix cache miss — 3 cut(s), the cache is empty
2026-10-06 23:02:21.717 INFO  sched: request 'chatcmpl-cc548dce1df23368' admitted to slot 6 (reserve 3 blocks; pool 22/960 blocks in use) — first token 785
2026-10-06 23:02:21.717 INFO  sched: request 'chatcmpl-cc548dce1df23369' prefix cache miss — 3 cut(s), the cache is empty
2026-10-06 23:02:21.717 INFO  sched: request 'chatcmpl-cc548dce1df23369' admitted to slot 7 (reserve 3 blocks; pool 24/960 blocks in use) — first token 785
2026-10-06 23:02:21.717 INFO  sched: 8 requests admitted together in one prefill (1411 ms)
2026-10-06 23:02:23.645 INFO  stats: rank 1 | 10.2 s | decode 46.9 tok/s, 18.2 ms/tok, 229.6 ms/step (38 steps / 480 tok, 85 % of wall) | mtp 1.83 tok/step/req, accept p1 81 % | prefill 8 prompts / 251 tok, 25 tok/s, 5.62 ms/tok, 176 ms avg (14 % of wall), 0 tok cached (0/8 hits) | live 8, queued 0 | pool 24/960 blocks (2 %) | prefix cache 0/4096 entries
2026-10-06 23:02:33.841 INFO  stats: rank 1 | 10.2 s | decode 61.8 tok/s, 16.1 ms/tok, 236.5 ms/step (43 steps / 630 tok, 100 % of wall) | mtp 1.83 tok/step/req, accept p1 83 % | prefill 0 prompts / 0 tok, 0 tok cached (0/0 hits) | live 8, queued 0 | pool 24/960 blocks (2 %) | prefix cache 0/4096 entries
2026-10-06 23:02:43.935 INFO  stats: rank 1 | 10.1 s | decode 56.8 tok/s, 17.6 ms/tok, 251.7 ms/step (40 steps / 573 tok, 100 % of wall) | mtp 1.79 tok/step/req, accept p1 79 % | prefill 0 prompts / 0 tok, 0 tok cached (0/0 hits) | live 8, queued 0 | pool 24/960 blocks (2 %) | prefix cache 0/4096 entries
2026-10-06 23:02:53.944 INFO  stats: rank 1 | 10.0 s | decode 56.2 tok/s, 17.7 ms/tok, 256.0 ms/step (39 steps / 563 tok, 100 % of wall) | mtp 1.80 tok/step/req, accept p1 80 % | prefill 0 prompts / 0 tok, 0 tok cached (0/0 hits) | live 8, queued 0 | pool 24/960 blocks (2 %) | prefix cache 0/4096 entries
2026-10-06 23:02:55.519 INFO  sched: request 'chatcmpl-cc548dce1df23364' retired (steps): 256 tok in 35.2 s — prefill 31 tok (0 cached) in 1411 ms; decode 255 tok / 137 passes in 33.8 s: 7.5 tok/s, 132.6 ms/tok, 247 ms/pass, 1.86 tok/pass, accept p1 87 %
2026-10-06 23:02:55.797 INFO  sched: request 'chatcmpl-cc548dce1df23365' retired (steps): 256 tok in 35.5 s — prefill 31 tok (0 cached) in 1411 ms; decode 255 tok / 138 passes in 34.1 s: 7.5 tok/s, 133.6 ms/tok, 247 ms/pass, 1.85 tok/pass, accept p1 85 %
2026-10-06 23:02:56.056 INFO  sched: request 'chatcmpl-cc548dce1df23362' retired (steps): 256 tok in 35.7 s — prefill 31 tok (0 cached) in 1411 ms; decode 255 tok / 139 passes in 34.3 s: 7.4 tok/s, 134.7 ms/tok, 247 ms/pass, 1.83 tok/pass, accept p1 84 %
2026-10-06 23:02:56.298 INFO  sched: request 'chatcmpl-cc548dce1df23363' retired (steps): 256 tok in 36.0 s — prefill 31 tok (0 cached) in 1411 ms; decode 255 tok / 140 passes in 34.6 s: 7.4 tok/s, 135.6 ms/tok, 247 ms/pass, 1.82 tok/pass, accept p1 82 %
2026-10-06 23:02:56.299 INFO  sched: request 'chatcmpl-cc548dce1df23366' retired (steps): 256 tok in 36.0 s — prefill 31 tok (0 cached) in 1411 ms; decode 255 tok / 140 passes in 34.6 s: 7.4 tok/s, 135.6 ms/tok, 247 ms/pass, 1.82 tok/pass, accept p1 82 %
2026-10-06 23:02:56.972 INFO  sched: request 'chatcmpl-cc548dce1df23368' retired (steps): 256 tok in 36.7 s — prefill 32 tok (0 cached) in 1411 ms; decode 255 tok / 143 passes in 35.3 s: 7.2 tok/s, 138.3 ms/tok, 247 ms/pass, 1.78 tok/pass, accept p1 78 %
2026-10-06 23:02:57.193 INFO  sched: request 'chatcmpl-cc548dce1df23369' retired (steps): 256 tok in 36.9 s — prefill 32 tok (0 cached) in 1411 ms; decode 255 tok / 144 passes in 35.5 s: 7.2 tok/s, 139.1 ms/tok, 246 ms/pass, 1.77 tok/pass, accept p1 78 %
2026-10-06 23:02:57.325 INFO  sched: request 'chatcmpl-cc548dce1df23367' retired (steps): 256 tok in 37.0 s — prefill 32 tok (0 cached) in 1411 ms; decode 255 tok / 146 passes in 35.6 s: 7.2 tok/s, 139.6 ms/tok, 244 ms/pass, 1.75 tok/pass, accept p1 75 %
2026-10-06 23:02:57.355 INFO  sched: request 'chatcmpl-cc548dce1df2336a' starting prefill in slot 0 (31 prompt tokens)
2026-10-06 23:02:57.356 INFO  sched: request 'chatcmpl-cc548dce1df2336b' starting prefill in slot 1 (31 prompt tokens)
2026-10-06 23:02:57.356 INFO  sched: request 'chatcmpl-cc548dce1df2336c' starting prefill in slot 2 (32 prompt tokens)
2026-10-06 23:02:57.356 INFO  sched: request 'chatcmpl-cc548dce1df2336d' starting prefill in slot 3 (31 prompt tokens)
2026-10-06 23:02:57.356 INFO  sched: request 'chatcmpl-cc548dce1df2336e' starting prefill in slot 4 (31 prompt tokens)
2026-10-06 23:02:57.356 INFO  sched: request 'chatcmpl-cc548dce1df2336f' starting prefill in slot 5 (32 prompt tokens)
2026-10-06 23:02:57.356 INFO  sched: request 'chatcmpl-cc548dce1df23370' starting prefill in slot 6 (32 prompt tokens)
2026-10-06 23:02:57.356 INFO  sched: request 'chatcmpl-cc548dce1df23371' starting prefill in slot 7 (31 prompt tokens)
2026-10-06 23:02:58.759 INFO  sched: request 'chatcmpl-cc548dce1df2336a' prefix cache miss — 3 cut(s), the cache is empty
2026-10-06 23:02:58.759 INFO  sched: request 'chatcmpl-cc548dce1df2336a' admitted to slot 0 (reserve 3 blocks; pool 10/960 blocks in use) — first token 785
2026-10-06 23:02:58.759 INFO  sched: request 'chatcmpl-cc548dce1df2336b' prefix cache miss — 3 cut(s), the cache is empty
2026-10-06 23:02:58.759 INFO  sched: request 'chatcmpl-cc548dce1df2336b' admitted to slot 1 (reserve 3 blocks; pool 12/960 blocks in use) — first token 785
2026-10-06 23:02:58.759 INFO  sched: request 'chatcmpl-cc548dce1df2336c' prefix cache miss — 3 cut(s), the cache is empty
2026-10-06 23:02:58.759 INFO  sched: request 'chatcmpl-cc548dce1df2336c' admitted to slot 2 (reserve 3 blocks; pool 14/960 blocks in use) — first token 785
2026-10-06 23:02:58.759 INFO  sched: request 'chatcmpl-cc548dce1df2336d' prefix cache miss — 3 cut(s), the cache is empty
2026-10-06 23:02:58.759 INFO  sched: request 'chatcmpl-cc548dce1df2336d' admitted to slot 3 (reserve 3 blocks; pool 16/960 blocks in use) — first token 785
2026-10-06 23:02:58.759 INFO  sched: request 'chatcmpl-cc548dce1df2336e' prefix cache miss — 3 cut(s), the cache is empty
2026-10-06 23:02:58.759 INFO  sched: request 'chatcmpl-cc548dce1df2336e' admitted to slot 4 (reserve 3 blocks; pool 18/960 blocks in use) — first token 785
2026-10-06 23:02:58.759 INFO  sched: request 'chatcmpl-cc548dce1df2336f' prefix cache miss — 3 cut(s), the cache is empty
2026-10-06 23:02:58.759 INFO  sched: request 'chatcmpl-cc548dce1df2336f' admitted to slot 5 (reserve 3 blocks; pool 20/960 blocks in use) — first token 785
2026-10-06 23:02:58.759 INFO  sched: request 'chatcmpl-cc548dce1df23370' prefix cache miss — 3 cut(s), the cache is empty
2026-10-06 23:02:58.759 INFO  sched: request 'chatcmpl-cc548dce1df23370' admitted to slot 6 (reserve 3 blocks; pool 22/960 blocks in use) — first token 785
2026-10-06 23:02:58.759 INFO  sched: request 'chatcmpl-cc548dce1df23371' prefix cache miss — 3 cut(s), the cache is empty
2026-10-06 23:02:58.759 INFO  sched: request 'chatcmpl-cc548dce1df23371' admitted to slot 7 (reserve 3 blocks; pool 24/960 blocks in use) — first token 785
2026-10-06 23:02:58.759 INFO  sched: 8 requests admitted together in one prefill (1403 ms)
2026-10-06 23:03:04.019 INFO  stats: rank 1 | 10.1 s | decode 50.7 tok/s, 16.8 ms/tok, 219.6 ms/step (39 steps / 511 tok, 85 % of wall) | mtp 1.89 tok/step/req, accept p1 87 % | prefill 8 prompts / 251 tok, 25 tok/s, 5.59 ms/tok, 175 ms avg (14 % of wall), 0 tok cached (0/8 hits) | live 8, queued 0 | pool 24/960 blocks (2 %) | prefix cache 0/4096 entries
2026-10-06 23:03:14.130 INFO  stats: rank 1 | 10.1 s | decode 57.9 tok/s, 17.2 ms/tok, 246.0 ms/step (41 steps / 585 tok, 100 % of wall) | mtp 1.78 tok/step/req, accept p1 78 % | prefill 0 prompts / 0 tok, 0 tok cached (0/0 hits) | live 8, queued 0 | pool 24/960 blocks (2 %) | prefix cache 0/4096 entries
2026-10-06 23:03:24.298 INFO  stats: rank 1 | 10.2 s | decode 57.1 tok/s, 17.5 ms/tok, 253.6 ms/step (40 steps / 581 tok, 100 % of wall) | mtp 1.82 tok/step/req, accept p1 82 % | prefill 0 prompts / 0 tok, 0 tok cached (0/0 hits) | live 8, queued 0 | pool 24/960 blocks (2 %) | prefix cache 0/4096 entries
2026-10-06 23:03:32.805 INFO  sched: request 'chatcmpl-cc548dce1df2336e' retired (steps): 256 tok in 35.4 s — prefill 31 tok (0 cached) in 1403 ms; decode 255 tok / 138 passes in 34.0 s: 7.5 tok/s, 133.5 ms/tok, 247 ms/pass, 1.85 tok/pass, accept p1 85 %
2026-10-06 23:03:32.805 INFO  sched: request 'chatcmpl-cc548dce1df23371' retired (steps): 256 tok in 35.4 s — prefill 31 tok (0 cached) in 1403 ms; decode 255 tok / 138 passes in 34.0 s: 7.5 tok/s, 133.5 ms/tok, 247 ms/pass, 1.85 tok/pass, accept p1 86 %
2026-10-06 23:03:33.069 INFO  sched: request 'chatcmpl-cc548dce1df2336a' retired (steps): 256 tok in 35.7 s — prefill 31 tok (0 cached) in 1403 ms; decode 255 tok / 139 passes in 34.3 s: 7.4 tok/s, 134.5 ms/tok, 247 ms/pass, 1.83 tok/pass, accept p1 84 %
2026-10-06 23:03:33.069 INFO  sched: request 'chatcmpl-cc548dce1df2336b' retired (steps): 256 tok in 35.7 s — prefill 31 tok (0 cached) in 1403 ms; decode 255 tok / 139 passes in 34.3 s: 7.4 tok/s, 134.5 ms/tok, 247 ms/pass, 1.83 tok/pass, accept p1 83 %
2026-10-06 23:03:33.069 INFO  sched: request 'chatcmpl-cc548dce1df2336d' retired (steps): 256 tok in 35.7 s — prefill 31 tok (0 cached) in 1403 ms; decode 255 tok / 139 passes in 34.3 s: 7.4 tok/s, 134.5 ms/tok, 247 ms/pass, 1.83 tok/pass, accept p1 83 %
2026-10-06 23:03:33.966 INFO  sched: request 'chatcmpl-cc548dce1df23370' retired (steps): 256 tok in 36.6 s — prefill 32 tok (0 cached) in 1403 ms; decode 255 tok / 143 passes in 35.2 s: 7.2 tok/s, 138.1 ms/tok, 246 ms/pass, 1.78 tok/pass, accept p1 78 %
2026-10-06 23:03:34.147 INFO  sched: request 'chatcmpl-cc548dce1df2336f' retired (steps): 256 tok in 36.8 s — prefill 32 tok (0 cached) in 1403 ms; decode 255 tok / 144 passes in 35.4 s: 7.2 tok/s, 138.8 ms/tok, 246 ms/pass, 1.77 tok/pass, accept p1 78 %
2026-10-06 23:03:34.278 INFO  sched: request 'chatcmpl-cc548dce1df2336c' retired (steps): 256 tok in 36.9 s — prefill 32 tok (0 cached) in 1403 ms; decode 255 tok / 146 passes in 35.5 s: 7.2 tok/s, 139.3 ms/tok, 243 ms/pass, 1.75 tok/pass, accept p1 75 %
2026-10-06 23:03:34.300 INFO  stats: rank 1 | 10.0 s | decode 50.7 tok/s, 19.6 ms/tok, 241.9 ms/step (41 steps / 507 tok, 99 % of wall) | mtp 1.77 tok/step/req, accept p1 78 % | prefill 0 prompts / 0 tok, 0 tok cached (0/0 hits) | live 0, queued 0 | pool 0/960 blocks (0 %) | prefix cache 0/4096 entries
2026-10-06 23:03:34.308 INFO  sched: request 'chatcmpl-cc548dce1df23372' starting prefill in slot 0 (51 prompt tokens)
2026-10-06 23:03:34.851 INFO  sched: request 'chatcmpl-cc548dce1df23372' prefix cache miss — 3 cut(s), the cache is empty
2026-10-06 23:03:34.851 INFO  sched: request 'chatcmpl-cc548dce1df23372' admitted to slot 0 (reserve 3 blocks; pool 3/960 blocks in use) — first token 785
2026-10-06 23:03:43.179 INFO  sched: request 'chatcmpl-cc548dce1df23372' retired (steps): 256 tok in 8.9 s — prefill 51 tok (0 cached) in 542 ms; decode 255 tok / 129 passes in 8.3 s: 30.6 tok/s, 32.7 ms/tok, 65 ms/pass, 1.98 tok/pass, accept p1 98 %
2026-10-06 23:03:43.198 INFO  sched: request 'chatcmpl-cc548dce1df23373' starting prefill in slot 0 (51 prompt tokens)
2026-10-06 23:03:43.732 INFO  sched: request 'chatcmpl-cc548dce1df23373' prefix cache miss — 3 cut(s), the cache is empty
2026-10-06 23:03:43.732 INFO  sched: request 'chatcmpl-cc548dce1df23373' admitted to slot 0 (reserve 3 blocks; pool 3/960 blocks in use) — first token 785
2026-10-06 23:03:44.321 INFO  stats: rank 1 | 10.0 s | decode 27.4 tok/s, 32.1 ms/tok, 64.0 ms/step (138 steps / 275 tok, 88 % of wall) | mtp 1.99 tok/step/req, accept p1 98 % | prefill 2 prompts / 102 tok, 10 tok/s, 10.55 ms/tok, 538 ms avg (11 % of wall), 0 tok cached (0/2 hits) | live 1, queued 0 | pool 3/960 blocks (0 %) | prefix cache 0/4096 entries
2026-10-06 23:03:52.093 INFO  sched: request 'chatcmpl-cc548dce1df23373' retired (steps): 256 tok in 8.9 s — prefill 51 tok (0 cached) in 534 ms; decode 255 tok / 129 passes in 8.4 s: 30.5 tok/s, 32.8 ms/tok, 65 ms/pass, 1.98 tok/pass, accept p1 98 %
2026-10-06 23:03:52.124 INFO  sched: request 'chatcmpl-cc548dce1df23374' starting prefill in slot 0 (51 prompt tokens)
2026-10-06 23:03:52.662 INFO  sched: request 'chatcmpl-cc548dce1df23374' prefix cache miss — 3 cut(s), the cache is empty
2026-10-06 23:03:52.662 INFO  sched: request 'chatcmpl-cc548dce1df23374' admitted to slot 0 (reserve 3 blocks; pool 3/960 blocks in use) — first token 785
2026-10-06 23:03:54.346 INFO  stats: rank 1 | 10.0 s | decode 28.9 tok/s, 32.3 ms/tok, 64.2 ms/step (146 steps / 290 tok, 93 % of wall) | mtp 1.99 tok/step/req, accept p1 98 % | prefill 1 prompt / 51 tok, 5 tok/s, 10.55 ms/tok, 538 ms avg (5 % of wall), 0 tok cached (0/1 hit) | live 1, queued 0 | pool 3/960 blocks (0 %) | prefix cache 0/4096 entries
2026-10-06 23:04:01.023 INFO  sched: request 'chatcmpl-cc548dce1df23374' retired (steps): 256 tok in 8.9 s — prefill 51 tok (0 cached) in 538 ms; decode 255 tok / 129 passes in 8.4 s: 30.5 tok/s, 32.8 ms/tok, 65 ms/pass, 1.98 tok/pass, accept p1 98 %
2026-10-06 23:04:01.069 INFO  sched: request 'chatcmpl-cc548dce1df23375' starting prefill in slot 0 (47 prompt tokens)
2026-10-06 23:04:01.069 INFO  sched: request 'chatcmpl-cc548dce1df23376' starting prefill in slot 1 (51 prompt tokens)
2026-10-06 23:04:01.926 INFO  sched: request 'chatcmpl-cc548dce1df23375' prefix cache miss — 3 cut(s), the cache is empty
2026-10-06 23:04:01.926 INFO  sched: request 'chatcmpl-cc548dce1df23375' admitted to slot 0 (reserve 3 blocks; pool 4/960 blocks in use) — first token 785
2026-10-06 23:04:01.926 INFO  sched: request 'chatcmpl-cc548dce1df23376' prefix cache miss — 3 cut(s), the cache is empty
2026-10-06 23:04:01.926 INFO  sched: request 'chatcmpl-cc548dce1df23376' admitted to slot 1 (reserve 3 blocks; pool 6/960 blocks in use) — first token 785
2026-10-06 23:04:01.926 INFO  sched: 2 requests admitted together in one prefill (856 ms)
2026-10-06 23:04:04.394 INFO  stats: rank 1 | 10.0 s | decode 30.9 tok/s, 29.3 ms/tok, 69.8 ms/step (130 steps / 310 tok, 90 % of wall) | mtp 1.97 tok/step/req, accept p1 96 % | prefill 2 prompts / 98 tok, 10 tok/s, 8.74 ms/tok, 428 ms avg (9 % of wall), 0 tok cached (0/2 hits) | live 2, queued 0 | pool 6/960 blocks (1 %) | prefix cache 0/4096 entries
2026-10-06 23:04:14.457 INFO  stats: rank 1 | 10.1 s | decode 39.2 tok/s, 25.4 ms/tok, 92.6 ms/step (108 steps / 394 tok, 99 % of wall) | mtp 1.82 tok/step/req, accept p1 82 % | prefill 0 prompts / 0 tok, 0 tok cached (0/0 hits) | live 2, queued 0 | pool 6/960 blocks (1 %) | prefix cache 0/4096 entries
2026-10-06 23:04:14.652 INFO  sched: request 'chatcmpl-cc548dce1df23376' retired (steps): 256 tok in 13.6 s — prefill 51 tok (0 cached) in 856 ms; decode 255 tok / 137 passes in 12.7 s: 20.0 tok/s, 49.9 ms/tok, 93 ms/pass, 1.86 tok/pass, accept p1 86 %
2026-10-06 23:04:14.782 INFO  sched: request 'chatcmpl-cc548dce1df23375' retired (steps): 256 tok in 13.7 s — prefill 47 tok (0 cached) in 856 ms; decode 255 tok / 139 passes in 12.9 s: 19.8 tok/s, 50.4 ms/tok, 92 ms/pass, 1.83 tok/pass, accept p1 84 %
2026-10-06 23:04:14.796 INFO  sched: request 'chatcmpl-cc548dce1df23377' starting prefill in slot 0 (47 prompt tokens)
2026-10-06 23:04:14.796 INFO  sched: request 'chatcmpl-cc548dce1df23378' starting prefill in slot 1 (51 prompt tokens)
2026-10-06 23:04:15.652 INFO  sched: request 'chatcmpl-cc548dce1df23377' prefix cache miss — 3 cut(s), the cache is empty
2026-10-06 23:04:15.652 INFO  sched: request 'chatcmpl-cc548dce1df23377' admitted to slot 0 (reserve 3 blocks; pool 4/960 blocks in use) — first token 785
2026-10-06 23:04:15.652 INFO  sched: request 'chatcmpl-cc548dce1df23378' prefix cache miss — 3 cut(s), the cache is empty
2026-10-06 23:04:15.652 INFO  sched: request 'chatcmpl-cc548dce1df23378' admitted to slot 1 (reserve 3 blocks; pool 6/960 blocks in use) — first token 785
2026-10-06 23:04:15.652 INFO  sched: 2 requests admitted together in one prefill (856 ms)
2026-10-06 23:04:24.538 INFO  stats: rank 1 | 10.1 s | decode 37.2 tok/s, 24.4 ms/tok, 91.5 ms/step (100 steps / 375 tok, 91 % of wall) | mtp 1.89 tok/step/req, accept p1 89 % | prefill 2 prompts / 98 tok, 10 tok/s, 8.73 ms/tok, 428 ms avg (8 % of wall), 0 tok cached (0/2 hits) | live 2, queued 0 | pool 6/960 blocks (1 %) | prefix cache 0/4096 entries
2026-10-06 23:04:28.287 INFO  sched: request 'chatcmpl-cc548dce1df23378' retired (steps): 256 tok in 13.5 s — prefill 51 tok (0 cached) in 856 ms; decode 255 tok / 136 passes in 12.6 s: 20.2 tok/s, 49.5 ms/tok, 93 ms/pass, 1.88 tok/pass, accept p1 88 %
2026-10-06 23:04:28.482 INFO  sched: request 'chatcmpl-cc548dce1df23377' retired (steps): 256 tok in 13.7 s — prefill 47 tok (0 cached) in 856 ms; decode 255 tok / 139 passes in 12.8 s: 19.9 tok/s, 50.3 ms/tok, 92 ms/pass, 1.83 tok/pass, accept p1 84 %
2026-10-06 23:04:28.501 INFO  sched: request 'chatcmpl-cc548dce1df23379' starting prefill in slot 0 (47 prompt tokens)
2026-10-06 23:04:28.501 INFO  sched: request 'chatcmpl-cc548dce1df2337a' starting prefill in slot 1 (51 prompt tokens)
2026-10-06 23:04:29.356 INFO  sched: request 'chatcmpl-cc548dce1df23379' prefix cache miss — 3 cut(s), the cache is empty
2026-10-06 23:04:29.356 INFO  sched: request 'chatcmpl-cc548dce1df23379' admitted to slot 0 (reserve 3 blocks; pool 4/960 blocks in use) — first token 785
2026-10-06 23:04:29.356 INFO  sched: request 'chatcmpl-cc548dce1df2337a' prefix cache miss — 3 cut(s), the cache is empty
2026-10-06 23:04:29.356 INFO  sched: request 'chatcmpl-cc548dce1df2337a' admitted to slot 1 (reserve 3 blocks; pool 6/960 blocks in use) — first token 785
2026-10-06 23:04:29.356 INFO  sched: 2 requests admitted together in one prefill (854 ms)
2026-10-06 23:04:34.608 INFO  stats: rank 1 | 10.1 s | decode 36.1 tok/s, 25.1 ms/tok, 91.3 ms/step (100 steps / 364 tok, 91 % of wall) | mtp 1.85 tok/step/req, accept p1 84 % | prefill 2 prompts / 98 tok, 10 tok/s, 8.71 ms/tok, 427 ms avg (8 % of wall), 0 tok cached (0/2 hits) | live 2, queued 0 | pool 6/960 blocks (1 %) | prefix cache 0/4096 entries
2026-10-06 23:04:42.020 INFO  sched: request 'chatcmpl-cc548dce1df2337a' retired (steps): 256 tok in 13.5 s — prefill 51 tok (0 cached) in 854 ms; decode 255 tok / 136 passes in 12.7 s: 20.1 tok/s, 49.7 ms/tok, 93 ms/pass, 1.88 tok/pass, accept p1 88 %
2026-10-06 23:04:42.212 INFO  sched: request 'chatcmpl-cc548dce1df23379' retired (steps): 256 tok in 13.7 s — prefill 47 tok (0 cached) in 854 ms; decode 255 tok / 139 passes in 12.9 s: 19.8 tok/s, 50.4 ms/tok, 92 ms/pass, 1.83 tok/pass, accept p1 84 %
2026-10-06 23:04:42.242 INFO  sched: request 'chatcmpl-cc548dce1df2337b' starting prefill in slot 0 (45 prompt tokens)
2026-10-06 23:04:42.242 INFO  sched: request 'chatcmpl-cc548dce1df2337c' starting prefill in slot 1 (33 prompt tokens)
2026-10-06 23:04:42.242 INFO  sched: request 'chatcmpl-cc548dce1df2337d' starting prefill in slot 2 (34 prompt tokens)
2026-10-06 23:04:42.242 INFO  sched: request 'chatcmpl-cc548dce1df2337e' starting prefill in slot 3 (33 prompt tokens)
2026-10-06 23:04:43.168 INFO  sched: request 'chatcmpl-cc548dce1df2337b' prefix cache miss — 3 cut(s), the cache is empty
2026-10-06 23:04:43.168 INFO  sched: request 'chatcmpl-cc548dce1df2337b' admitted to slot 0 (reserve 3 blocks; pool 6/960 blocks in use) — first token 785
2026-10-06 23:04:43.168 INFO  sched: request 'chatcmpl-cc548dce1df2337c' prefix cache miss — 3 cut(s), the cache is empty
2026-10-06 23:04:43.168 INFO  sched: request 'chatcmpl-cc548dce1df2337c' admitted to slot 1 (reserve 3 blocks; pool 8/960 blocks in use) — first token 785
2026-10-06 23:04:43.168 INFO  sched: request 'chatcmpl-cc548dce1df2337d' prefix cache miss — 3 cut(s), the cache is empty
2026-10-06 23:04:43.168 INFO  sched: request 'chatcmpl-cc548dce1df2337d' admitted to slot 2 (reserve 3 blocks; pool 10/960 blocks in use) — first token 785
2026-10-06 23:04:43.168 INFO  sched: request 'chatcmpl-cc548dce1df2337e' prefix cache miss — 3 cut(s), the cache is empty
2026-10-06 23:04:43.168 INFO  sched: request 'chatcmpl-cc548dce1df2337e' admitted to slot 3 (reserve 3 blocks; pool 12/960 blocks in use) — first token 785
2026-10-06 23:04:43.168 INFO  sched: 4 requests admitted together in one prefill (926 ms)
2026-10-06 23:04:44.706 INFO  stats: rank 1 | 10.1 s | decode 37.6 tok/s, 23.9 ms/tok, 97.7 ms/step (93 steps / 380 tok, 90 % of wall) | mtp 1.85 tok/step/req, accept p1 84 % | prefill 4 prompts / 145 tok, 14 tok/s, 6.39 ms/tok, 232 ms avg (9 % of wall), 0 tok cached (0/4 hits) | live 4, queued 0 | pool 12/960 blocks (1 %) | prefix cache 0/4096 entries
2026-10-06 23:04:54.865 INFO  stats: rank 1 | 10.2 s | decode 49.7 tok/s, 20.0 ms/tok, 151.0 ms/step (67 steps / 505 tok, 100 % of wall) | mtp 1.88 tok/step/req, accept p1 88 % | prefill 0 prompts / 0 tok, 0 tok cached (0/0 hits) | live 4, queued 0 | pool 12/960 blocks (1 %) | prefix cache 0/4096 entries
2026-10-06 23:05:03.397 INFO  sched: request 'chatcmpl-cc548dce1df2337e' retired (steps): 256 tok in 21.2 s — prefill 33 tok (0 cached) in 926 ms; decode 255 tok / 134 passes in 20.2 s: 12.6 tok/s, 79.3 ms/tok, 151 ms/pass, 1.90 tok/pass, accept p1 90 %
2026-10-06 23:05:03.777 INFO  sched: request 'chatcmpl-cc548dce1df2337b' retired (steps): 256 tok in 21.5 s — prefill 45 tok (0 cached) in 926 ms; decode 255 tok / 137 passes in 20.6 s: 12.4 tok/s, 80.8 ms/tok, 150 ms/pass, 1.86 tok/pass, accept p1 87 %
2026-10-06 23:05:04.026 INFO  sched: request 'chatcmpl-cc548dce1df2337c' retired (steps): 256 tok in 21.8 s — prefill 33 tok (0 cached) in 926 ms; decode 255 tok / 139 passes in 20.9 s: 12.2 tok/s, 81.8 ms/tok, 150 ms/pass, 1.83 tok/pass, accept p1 83 %
2026-10-06 23:05:04.026 INFO  sched: request 'chatcmpl-cc548dce1df2337d' retired (steps): 256 tok in 21.8 s — prefill 34 tok (0 cached) in 926 ms; decode 255 tok / 139 passes in 20.9 s: 12.2 tok/s, 81.8 ms/tok, 150 ms/pass, 1.83 tok/pass, accept p1 84 %
2026-10-06 23:05:04.057 INFO  sched: request 'chatcmpl-cc548dce1df2337f' starting prefill in slot 0 (34 prompt tokens)
2026-10-06 23:05:04.057 INFO  sched: request 'chatcmpl-cc548dce1df23380' starting prefill in slot 1 (45 prompt tokens)
2026-10-06 23:05:04.057 INFO  sched: request 'chatcmpl-cc548dce1df23381' starting prefill in slot 2 (33 prompt tokens)
2026-10-06 23:05:04.057 INFO  sched: request 'chatcmpl-cc548dce1df23382' starting prefill in slot 3 (33 prompt tokens)
2026-10-06 23:05:05.017 INFO  sched: request 'chatcmpl-cc548dce1df2337f' prefix cache miss — 3 cut(s), the cache is empty
2026-10-06 23:05:05.017 INFO  sched: request 'chatcmpl-cc548dce1df2337f' admitted to slot 0 (reserve 3 blocks; pool 6/960 blocks in use) — first token 785
2026-10-06 23:05:05.017 INFO  sched: request 'chatcmpl-cc548dce1df23380' prefix cache miss — 3 cut(s), the cache is empty
2026-10-06 23:05:05.017 INFO  sched: request 'chatcmpl-cc548dce1df23380' admitted to slot 1 (reserve 3 blocks; pool 8/960 blocks in use) — first token 785
2026-10-06 23:05:05.017 INFO  sched: request 'chatcmpl-cc548dce1df23381' prefix cache miss — 3 cut(s), the cache is empty
2026-10-06 23:05:05.017 INFO  sched: request 'chatcmpl-cc548dce1df23381' admitted to slot 2 (reserve 3 blocks; pool 10/960 blocks in use) — first token 785
2026-10-06 23:05:05.017 INFO  sched: request 'chatcmpl-cc548dce1df23382' prefix cache miss — 3 cut(s), the cache is empty
2026-10-06 23:05:05.017 INFO  sched: request 'chatcmpl-cc548dce1df23382' admitted to slot 3 (reserve 3 blocks; pool 12/960 blocks in use) — first token 785
2026-10-06 23:05:05.017 INFO  sched: 4 requests admitted together in one prefill (960 ms)
2026-10-06 23:05:05.144 INFO  stats: rank 1 | 10.3 s | decode 43.3 tok/s, 20.8 ms/tok, 149.1 ms/step (62 steps / 445 tok, 90 % of wall) | mtp 1.85 tok/step/req, accept p1 84 % | prefill 4 prompts / 145 tok, 14 tok/s, 6.62 ms/tok, 240 ms avg (9 % of wall), 0 tok cached (0/4 hits) | live 4, queued 0 | pool 12/960 blocks (1 %) | prefix cache 0/4096 entries
2026-10-06 23:05:15.251 INFO  stats: rank 1 | 10.1 s | decode 50.7 tok/s, 19.7 ms/tok, 148.0 ms/step (68 steps / 512 tok, 100 % of wall) | mtp 1.88 tok/step/req, accept p1 88 % | prefill 0 prompts / 0 tok, 0 tok cached (0/0 hits) | live 4, queued 0 | pool 12/960 blocks (1 %) | prefix cache 0/4096 entries
2026-10-06 23:05:25.145 INFO  sched: request 'chatcmpl-cc548dce1df23381' retired (steps): 256 tok in 21.1 s — prefill 33 tok (0 cached) in 960 ms; decode 255 tok / 134 passes in 20.1 s: 12.7 tok/s, 78.9 ms/tok, 150 ms/pass, 1.90 tok/pass, accept p1 90 %
2026-10-06 23:05:25.302 INFO  stats: rank 1 | 10.1 s | decode 48.3 tok/s, 20.6 ms/tok, 151.6 ms/step (66 steps / 485 tok, 100 % of wall) | mtp 1.84 tok/step/req, accept p1 84 % | prefill 0 prompts / 0 tok, 0 tok cached (0/0 hits) | live 3, queued 0 | pool 9/960 blocks (1 %) | prefix cache 0/4096 entries
2026-10-06 23:05:25.596 INFO  sched: request 'chatcmpl-cc548dce1df2337f' retired (steps): 256 tok in 21.5 s — prefill 34 tok (0 cached) in 960 ms; decode 255 tok / 137 passes in 20.6 s: 12.4 tok/s, 80.7 ms/tok, 150 ms/pass, 1.86 tok/pass, accept p1 87 %
2026-10-06 23:05:25.880 INFO  sched: request 'chatcmpl-cc548dce1df23380' retired (steps): 256 tok in 21.8 s — prefill 45 tok (0 cached) in 960 ms; decode 255 tok / 139 passes in 20.9 s: 12.2 tok/s, 81.8 ms/tok, 150 ms/pass, 1.83 tok/pass, accept p1 84 %
2026-10-06 23:05:25.880 INFO  sched: request 'chatcmpl-cc548dce1df23382' retired (steps): 256 tok in 21.8 s — prefill 33 tok (0 cached) in 960 ms; decode 255 tok / 139 passes in 20.9 s: 12.2 tok/s, 81.8 ms/tok, 150 ms/pass, 1.83 tok/pass, accept p1 83 %
2026-10-06 23:05:25.905 INFO  sched: request 'chatcmpl-cc548dce1df23383' starting prefill in slot 0 (45 prompt tokens)
2026-10-06 23:05:25.905 INFO  sched: request 'chatcmpl-cc548dce1df23384' starting prefill in slot 1 (33 prompt tokens)
2026-10-06 23:05:25.905 INFO  sched: request 'chatcmpl-cc548dce1df23385' starting prefill in slot 2 (33 prompt tokens)
2026-10-06 23:05:25.905 INFO  sched: request 'chatcmpl-cc548dce1df23386' starting prefill in slot 3 (34 prompt tokens)
2026-10-06 23:05:26.838 INFO  sched: request 'chatcmpl-cc548dce1df23383' prefix cache miss — 3 cut(s), the cache is empty
2026-10-06 23:05:26.838 INFO  sched: request 'chatcmpl-cc548dce1df23383' admitted to slot 0 (reserve 3 blocks; pool 6/960 blocks in use) — first token 785
2026-10-06 23:05:26.838 INFO  sched: request 'chatcmpl-cc548dce1df23384' prefix cache miss — 3 cut(s), the cache is empty
2026-10-06 23:05:26.838 INFO  sched: request 'chatcmpl-cc548dce1df23384' admitted to slot 1 (reserve 3 blocks; pool 8/960 blocks in use) — first token 785
2026-10-06 23:05:26.838 INFO  sched: request 'chatcmpl-cc548dce1df23385' prefix cache miss — 3 cut(s), the cache is empty
2026-10-06 23:05:26.838 INFO  sched: request 'chatcmpl-cc548dce1df23385' admitted to slot 2 (reserve 3 blocks; pool 10/960 blocks in use) — first token 785
2026-10-06 23:05:26.838 INFO  sched: request 'chatcmpl-cc548dce1df23386' prefix cache miss — 3 cut(s), the cache is empty
2026-10-06 23:05:26.838 INFO  sched: request 'chatcmpl-cc548dce1df23386' admitted to slot 3 (reserve 3 blocks; pool 12/960 blocks in use) — first token 785
2026-10-06 23:05:26.838 INFO  sched: 4 requests admitted together in one prefill (933 ms)
2026-10-06 23:05:35.456 INFO  stats: rank 1 | 10.2 s | decode 44.9 tok/s, 20.1 ms/tok, 147.6 ms/step (62 steps / 456 tok, 90 % of wall) | mtp 1.88 tok/step/req, accept p1 88 % | prefill 4 prompts / 145 tok, 14 tok/s, 6.43 ms/tok, 233 ms avg (9 % of wall), 0 tok cached (0/4 hits) | live 4, queued 0 | pool 12/960 blocks (1 %) | prefix cache 0/4096 entries
2026-10-06 23:05:45.489 INFO  stats: rank 1 | 10.0 s | decode 48.6 tok/s, 20.5 ms/tok, 151.4 ms/step (66 steps / 488 tok, 100 % of wall) | mtp 1.85 tok/step/req, accept p1 85 % | prefill 0 prompts / 0 tok, 0 tok cached (0/0 hits) | live 4, queued 0 | pool 12/960 blocks (1 %) | prefix cache 0/4096 entries
2026-10-06 23:05:47.040 INFO  sched: request 'chatcmpl-cc548dce1df23385' retired (steps): 256 tok in 21.1 s — prefill 33 tok (0 cached) in 933 ms; decode 255 tok / 134 passes in 20.2 s: 12.6 tok/s, 79.2 ms/tok, 151 ms/pass, 1.90 tok/pass, accept p1 90 %
2026-10-06 23:05:47.496 INFO  sched: request 'chatcmpl-cc548dce1df23383' retired (steps): 256 tok in 21.6 s — prefill 45 tok (0 cached) in 933 ms; decode 255 tok / 137 passes in 20.7 s: 12.3 tok/s, 81.0 ms/tok, 151 ms/pass, 1.86 tok/pass, accept p1 87 %
2026-10-06 23:05:47.644 INFO  sched: request 'chatcmpl-cc548dce1df23386' retired (steps): 256 tok in 21.7 s — prefill 34 tok (0 cached) in 933 ms; decode 255 tok / 138 passes in 20.8 s: 12.3 tok/s, 81.6 ms/tok, 151 ms/pass, 1.85 tok/pass, accept p1 86 %
2026-10-06 23:05:47.777 INFO  sched: request 'chatcmpl-cc548dce1df23384' retired (steps): 256 tok in 21.9 s — prefill 33 tok (0 cached) in 933 ms; decode 255 tok / 140 passes in 20.9 s: 12.2 tok/s, 82.1 ms/tok, 150 ms/pass, 1.82 tok/pass, accept p1 82 %
2026-10-06 23:05:47.813 INFO  sched: request 'chatcmpl-cc548dce1df23387' starting prefill in slot 0 (35 prompt tokens)
2026-10-06 23:05:47.813 INFO  sched: request 'chatcmpl-cc548dce1df23388' starting prefill in slot 1 (33 prompt tokens)
2026-10-06 23:05:47.813 INFO  sched: request 'chatcmpl-cc548dce1df23389' starting prefill in slot 2 (32 prompt tokens)
2026-10-06 23:05:47.813 INFO  sched: request 'chatcmpl-cc548dce1df2338a' starting prefill in slot 3 (33 prompt tokens)
2026-10-06 23:05:47.813 INFO  sched: request 'chatcmpl-cc548dce1df2338b' starting prefill in slot 4 (35 prompt tokens)
2026-10-06 23:05:47.813 INFO  sched: request 'chatcmpl-cc548dce1df2338c' starting prefill in slot 5 (33 prompt tokens)
2026-10-06 23:05:47.813 INFO  sched: request 'chatcmpl-cc548dce1df2338d' starting prefill in slot 6 (35 prompt tokens)
2026-10-06 23:05:47.813 INFO  sched: request 'chatcmpl-cc548dce1df2338e' starting prefill in slot 7 (33 prompt tokens)
2026-10-06 23:05:49.306 INFO  sched: request 'chatcmpl-cc548dce1df23387' prefix cache miss — 3 cut(s), the cache is empty
2026-10-06 23:05:49.306 INFO  sched: request 'chatcmpl-cc548dce1df23387' admitted to slot 0 (reserve 3 blocks; pool 10/960 blocks in use) — first token 785
2026-10-06 23:05:49.306 INFO  sched: request 'chatcmpl-cc548dce1df23388' prefix cache miss — 3 cut(s), the cache is empty
2026-10-06 23:05:49.306 INFO  sched: request 'chatcmpl-cc548dce1df23388' admitted to slot 1 (reserve 3 blocks; pool 12/960 blocks in use) — first token 785
2026-10-06 23:05:49.306 INFO  sched: request 'chatcmpl-cc548dce1df23389' prefix cache miss — 3 cut(s), the cache is empty
2026-10-06 23:05:49.306 INFO  sched: request 'chatcmpl-cc548dce1df23389' admitted to slot 2 (reserve 3 blocks; pool 14/960 blocks in use) — first token 785
2026-10-06 23:05:49.306 INFO  sched: request 'chatcmpl-cc548dce1df2338a' prefix cache miss — 3 cut(s), the cache is empty
2026-10-06 23:05:49.306 INFO  sched: request 'chatcmpl-cc548dce1df2338a' admitted to slot 3 (reserve 3 blocks; pool 16/960 blocks in use) — first token 785
2026-10-06 23:05:49.306 INFO  sched: request 'chatcmpl-cc548dce1df2338b' prefix cache miss — 3 cut(s), the cache is empty
2026-10-06 23:05:49.306 INFO  sched: request 'chatcmpl-cc548dce1df2338b' admitted to slot 4 (reserve 3 blocks; pool 18/960 blocks in use) — first token 785
2026-10-06 23:05:49.306 INFO  sched: request 'chatcmpl-cc548dce1df2338c' prefix cache miss — 3 cut(s), the cache is empty
2026-10-06 23:05:49.306 INFO  sched: request 'chatcmpl-cc548dce1df2338c' admitted to slot 5 (reserve 3 blocks; pool 20/960 blocks in use) — first token 785
2026-10-06 23:05:49.306 INFO  sched: request 'chatcmpl-cc548dce1df2338d' prefix cache miss — 3 cut(s), the cache is empty
2026-10-06 23:05:49.306 INFO  sched: request 'chatcmpl-cc548dce1df2338d' admitted to slot 6 (reserve 3 blocks; pool 22/960 blocks in use) — first token 785
2026-10-06 23:05:49.306 INFO  sched: request 'chatcmpl-cc548dce1df2338e' prefix cache miss — 3 cut(s), the cache is empty
2026-10-06 23:05:49.306 INFO  sched: request 'chatcmpl-cc548dce1df2338e' admitted to slot 7 (reserve 3 blocks; pool 24/960 blocks in use) — first token 785
2026-10-06 23:05:49.306 INFO  sched: 8 requests admitted together in one prefill (1493 ms)
2026-10-06 23:05:55.725 INFO  stats: rank 1 | 10.2 s | decode 48.7 tok/s, 17.4 ms/tok, 206.4 ms/step (42 steps / 499 tok, 85 % of wall) | mtp 1.91 tok/step/req, accept p1 89 % | prefill 8 prompts / 269 tok, 26 tok/s, 5.55 ms/tok, 187 ms avg (15 % of wall), 0 tok cached (0/8 hits) | live 8, queued 0 | pool 24/960 blocks (2 %) | prefix cache 0/4096 entries
2026-10-06 23:06:05.765 INFO  stats: rank 1 | 10.0 s | decode 54.7 tok/s, 18.2 ms/tok, 263.6 ms/step (38 steps / 549 tok, 100 % of wall) | mtp 1.81 tok/step/req, accept p1 81 % | prefill 0 prompts / 0 tok, 0 tok cached (0/0 hits) | live 8, queued 0 | pool 24/960 blocks (2 %) | prefix cache 0/4096 entries
2026-10-06 23:06:15.891 INFO  stats: rank 1 | 10.1 s | decode 54.0 tok/s, 18.5 ms/tok, 265.9 ms/step (38 steps / 547 tok, 100 % of wall) | mtp 1.80 tok/step/req, accept p1 80 % | prefill 0 prompts / 0 tok, 0 tok cached (0/0 hits) | live 8, queued 0 | pool 24/960 blocks (2 %) | prefix cache 0/4096 entries
2026-10-06 23:06:24.946 INFO  sched: request 'chatcmpl-cc548dce1df2338d' retired (steps): 256 tok in 37.1 s — prefill 35 tok (0 cached) in 1493 ms; decode 255 tok / 136 passes in 35.6 s: 7.2 tok/s, 139.8 ms/tok, 262 ms/pass, 1.88 tok/pass, accept p1 88 %
2026-10-06 23:06:25.215 INFO  sched: request 'chatcmpl-cc548dce1df23387' retired (steps): 256 tok in 37.4 s — prefill 35 tok (0 cached) in 1493 ms; decode 255 tok / 137 passes in 35.9 s: 7.1 tok/s, 140.8 ms/tok, 262 ms/pass, 1.86 tok/pass, accept p1 87 %
2026-10-06 23:06:25.482 INFO  sched: request 'chatcmpl-cc548dce1df2338a' retired (steps): 256 tok in 37.7 s — prefill 33 tok (0 cached) in 1493 ms; decode 255 tok / 138 passes in 36.2 s: 7.0 tok/s, 141.9 ms/tok, 262 ms/pass, 1.85 tok/pass, accept p1 85 %
2026-10-06 23:06:25.986 INFO  sched: request 'chatcmpl-cc548dce1df23388' retired (steps): 256 tok in 38.2 s — prefill 33 tok (0 cached) in 1493 ms; decode 255 tok / 140 passes in 36.7 s: 7.0 tok/s, 143.8 ms/tok, 262 ms/pass, 1.82 tok/pass, accept p1 82 %
2026-10-06 23:06:25.986 INFO  sched: request 'chatcmpl-cc548dce1df2338c' retired (steps): 256 tok in 38.2 s — prefill 33 tok (0 cached) in 1493 ms; decode 255 tok / 140 passes in 36.7 s: 7.0 tok/s, 143.8 ms/tok, 262 ms/pass, 1.82 tok/pass, accept p1 82 %
2026-10-06 23:06:25.986 INFO  stats: rank 1 | 10.1 s | decode 53.5 tok/s, 18.6 ms/tok, 264.2 ms/step (38 steps / 540 tok, 99 % of wall) | mtp 1.83 tok/step/req, accept p1 83 % | prefill 0 prompts / 0 tok, 0 tok cached (0/0 hits) | live 3, queued 0 | pool 9/960 blocks (1 %) | prefix cache 0/4096 entries
2026-10-06 23:06:26.232 INFO  sched: request 'chatcmpl-cc548dce1df2338e' retired (steps): 256 tok in 38.4 s — prefill 33 tok (0 cached) in 1493 ms; decode 255 tok / 141 passes in 36.9 s: 6.9 tok/s, 144.8 ms/tok, 262 ms/pass, 1.81 tok/pass, accept p1 82 %
2026-10-06 23:06:26.406 INFO  sched: request 'chatcmpl-cc548dce1df23389' retired (steps): 256 tok in 38.6 s — prefill 32 tok (0 cached) in 1493 ms; decode 255 tok / 142 passes in 37.1 s: 6.9 tok/s, 145.5 ms/tok, 261 ms/pass, 1.80 tok/pass, accept p1 80 %
2026-10-06 23:06:26.478 INFO  sched: request 'chatcmpl-cc548dce1df2338b' retired (steps): 256 tok in 38.7 s — prefill 35 tok (0 cached) in 1493 ms; decode 255 tok / 143 passes in 37.2 s: 6.9 tok/s, 145.8 ms/tok, 260 ms/pass, 1.78 tok/pass, accept p1 78 %
2026-10-06 23:06:26.502 INFO  sched: request 'chatcmpl-cc548dce1df2338f' starting prefill in slot 0 (35 prompt tokens)
2026-10-06 23:06:26.502 INFO  sched: request 'chatcmpl-cc548dce1df23390' starting prefill in slot 1 (33 prompt tokens)
2026-10-06 23:06:26.502 INFO  sched: request 'chatcmpl-cc548dce1df23391' starting prefill in slot 2 (35 prompt tokens)
2026-10-06 23:06:26.502 INFO  sched: request 'chatcmpl-cc548dce1df23392' starting prefill in slot 3 (35 prompt tokens)
2026-10-06 23:06:26.502 INFO  sched: request 'chatcmpl-cc548dce1df23393' starting prefill in slot 4 (33 prompt tokens)
2026-10-06 23:06:26.502 INFO  sched: request 'chatcmpl-cc548dce1df23394' starting prefill in slot 5 (32 prompt tokens)
2026-10-06 23:06:26.503 INFO  sched: request 'chatcmpl-cc548dce1df23395' starting prefill in slot 6 (33 prompt tokens)
2026-10-06 23:06:26.503 INFO  sched: request 'chatcmpl-cc548dce1df23396' starting prefill in slot 7 (33 prompt tokens)
2026-10-06 23:06:28.017 INFO  sched: request 'chatcmpl-cc548dce1df2338f' prefix cache miss — 3 cut(s), the cache is empty
2026-10-06 23:06:28.017 INFO  sched: request 'chatcmpl-cc548dce1df2338f' admitted to slot 0 (reserve 3 blocks; pool 10/960 blocks in use) — first token 785
2026-10-06 23:06:28.017 INFO  sched: request 'chatcmpl-cc548dce1df23390' prefix cache miss — 3 cut(s), the cache is empty
2026-10-06 23:06:28.017 INFO  sched: request 'chatcmpl-cc548dce1df23390' admitted to slot 1 (reserve 3 blocks; pool 12/960 blocks in use) — first token 785
2026-10-06 23:06:28.017 INFO  sched: request 'chatcmpl-cc548dce1df23391' prefix cache miss — 3 cut(s), the cache is empty
2026-10-06 23:06:28.017 INFO  sched: request 'chatcmpl-cc548dce1df23391' admitted to slot 2 (reserve 3 blocks; pool 14/960 blocks in use) — first token 785
2026-10-06 23:06:28.017 INFO  sched: request 'chatcmpl-cc548dce1df23392' prefix cache miss — 3 cut(s), the cache is empty
2026-10-06 23:06:28.017 INFO  sched: request 'chatcmpl-cc548dce1df23392' admitted to slot 3 (reserve 3 blocks; pool 16/960 blocks in use) — first token 785
2026-10-06 23:06:28.017 INFO  sched: request 'chatcmpl-cc548dce1df23393' prefix cache miss — 3 cut(s), the cache is empty
2026-10-06 23:06:28.017 INFO  sched: request 'chatcmpl-cc548dce1df23393' admitted to slot 4 (reserve 3 blocks; pool 18/960 blocks in use) — first token 785
2026-10-06 23:06:28.017 INFO  sched: request 'chatcmpl-cc548dce1df23394' prefix cache miss — 3 cut(s), the cache is empty
2026-10-06 23:06:28.017 INFO  sched: request 'chatcmpl-cc548dce1df23394' admitted to slot 5 (reserve 3 blocks; pool 20/960 blocks in use) — first token 785
2026-10-06 23:06:28.017 INFO  sched: request 'chatcmpl-cc548dce1df23395' prefix cache miss — 3 cut(s), the cache is empty
2026-10-06 23:06:28.017 INFO  sched: request 'chatcmpl-cc548dce1df23395' admitted to slot 6 (reserve 3 blocks; pool 22/960 blocks in use) — first token 785
2026-10-06 23:06:28.017 INFO  sched: request 'chatcmpl-cc548dce1df23396' prefix cache miss — 3 cut(s), the cache is empty
2026-10-06 23:06:28.017 INFO  sched: request 'chatcmpl-cc548dce1df23396' admitted to slot 7 (reserve 3 blocks; pool 24/960 blocks in use) — first token 785
2026-10-06 23:06:28.017 INFO  sched: 8 requests admitted together in one prefill (1515 ms)
2026-10-06 23:06:36.007 INFO  stats: rank 1 | 10.0 s | decode 50.2 tok/s, 16.8 ms/tok, 241.3 ms/step (35 steps / 503 tok, 84 % of wall) | mtp 1.92 tok/step/req, accept p1 90 % | prefill 8 prompts / 269 tok, 27 tok/s, 5.63 ms/tok, 189 ms avg (15 % of wall), 0 tok cached (0/8 hits) | live 8, queued 0 | pool 24/960 blocks (2 %) | prefix cache 0/4096 entries
2026-10-06 23:06:46.061 INFO  stats: rank 1 | 10.1 s | decode 54.0 tok/s, 18.5 ms/tok, 264.0 ms/step (38 steps / 543 tok, 100 % of wall) | mtp 1.79 tok/step/req, accept p1 79 % | prefill 0 prompts / 0 tok, 0 tok cached (0/0 hits) | live 8, queued 0 | pool 24/960 blocks (2 %) | prefix cache 0/4096 entries
2026-10-06 23:06:56.159 INFO  stats: rank 1 | 10.1 s | decode 54.6 tok/s, 18.3 ms/tok, 265.1 ms/step (38 steps / 551 tok, 100 % of wall) | mtp 1.81 tok/step/req, accept p1 81 % | prefill 0 prompts / 0 tok, 0 tok cached (0/0 hits) | live 8, queued 0 | pool 24/960 blocks (2 %) | prefix cache 0/4096 entries
2026-10-06 23:07:03.640 INFO  sched: request 'chatcmpl-cc548dce1df23392' retired (steps): 256 tok in 37.1 s — prefill 35 tok (0 cached) in 1515 ms; decode 255 tok / 136 passes in 35.6 s: 7.2 tok/s, 139.7 ms/tok, 262 ms/pass, 1.88 tok/pass, accept p1 88 %
2026-10-06 23:07:03.906 INFO  sched: request 'chatcmpl-cc548dce1df2338f' retired (steps): 256 tok in 37.4 s — prefill 35 tok (0 cached) in 1515 ms; decode 255 tok / 137 passes in 35.9 s: 7.1 tok/s, 140.7 ms/tok, 262 ms/pass, 1.86 tok/pass, accept p1 87 %
2026-10-06 23:07:04.175 INFO  sched: request 'chatcmpl-cc548dce1df23390' retired (steps): 256 tok in 37.7 s — prefill 33 tok (0 cached) in 1515 ms; decode 255 tok / 138 passes in 36.2 s: 7.1 tok/s, 141.8 ms/tok, 262 ms/pass, 1.85 tok/pass, accept p1 85 %
2026-10-06 23:07:04.913 INFO  sched: request 'chatcmpl-cc548dce1df23393' retired (steps): 256 tok in 38.4 s — prefill 33 tok (0 cached) in 1515 ms; decode 255 tok / 141 passes in 36.9 s: 6.9 tok/s, 144.7 ms/tok, 262 ms/pass, 1.81 tok/pass, accept p1 81 %
2026-10-06 23:07:04.914 INFO  sched: request 'chatcmpl-cc548dce1df23395' retired (steps): 256 tok in 38.4 s — prefill 33 tok (0 cached) in 1515 ms; decode 255 tok / 141 passes in 36.9 s: 6.9 tok/s, 144.7 ms/tok, 262 ms/pass, 1.81 tok/pass, accept p1 81 %
2026-10-06 23:07:04.914 INFO  sched: request 'chatcmpl-cc548dce1df23396' retired (steps): 256 tok in 38.4 s — prefill 33 tok (0 cached) in 1515 ms; decode 255 tok / 141 passes in 36.9 s: 6.9 tok/s, 144.7 ms/tok, 262 ms/pass, 1.81 tok/pass, accept p1 82 %
2026-10-06 23:07:05.100 INFO  sched: request 'chatcmpl-cc548dce1df23394' retired (steps): 256 tok in 38.6 s — prefill 32 tok (0 cached) in 1515 ms; decode 255 tok / 142 passes in 37.1 s: 6.9 tok/s, 145.4 ms/tok, 261 ms/pass, 1.80 tok/pass, accept p1 80 %
2026-10-06 23:07:05.169 INFO  sched: request 'chatcmpl-cc548dce1df23391' retired (steps): 256 tok in 38.7 s — prefill 35 tok (0 cached) in 1515 ms; decode 255 tok / 143 passes in 37.2 s: 6.9 tok/s, 145.7 ms/tok, 260 ms/pass, 1.78 tok/pass, accept p1 78 %
2026-10-06 23:07:05.195 INFO  sched: request 'chatcmpl-cc548dce1df23397' starting prefill in slot 0 (35 prompt tokens)
2026-10-06 23:07:05.195 INFO  sched: request 'chatcmpl-cc548dce1df23398' starting prefill in slot 1 (35 prompt tokens)
2026-10-06 23:07:05.195 INFO  sched: request 'chatcmpl-cc548dce1df23399' starting prefill in slot 2 (35 prompt tokens)
2026-10-06 23:07:05.195 INFO  sched: request 'chatcmpl-cc548dce1df2339a' starting prefill in slot 3 (33 prompt tokens)
2026-10-06 23:07:05.195 INFO  sched: request 'chatcmpl-cc548dce1df2339b' starting prefill in slot 4 (33 prompt tokens)
2026-10-06 23:07:05.195 INFO  sched: request 'chatcmpl-cc548dce1df2339c' starting prefill in slot 5 (32 prompt tokens)
2026-10-06 23:07:05.196 INFO  sched: request 'chatcmpl-cc548dce1df2339d' starting prefill in slot 6 (33 prompt tokens)
2026-10-06 23:07:05.196 INFO  sched: request 'chatcmpl-cc548dce1df2339e' starting prefill in slot 7 (33 prompt tokens)
2026-10-06 23:07:06.692 INFO  sched: request 'chatcmpl-cc548dce1df23397' prefix cache miss — 3 cut(s), the cache is empty
2026-10-06 23:07:06.692 INFO  sched: request 'chatcmpl-cc548dce1df23397' admitted to slot 0 (reserve 3 blocks; pool 10/960 blocks in use) — first token 785
2026-10-06 23:07:06.692 INFO  sched: request 'chatcmpl-cc548dce1df23398' prefix cache miss — 3 cut(s), the cache is empty
2026-10-06 23:07:06.692 INFO  sched: request 'chatcmpl-cc548dce1df23398' admitted to slot 1 (reserve 3 blocks; pool 12/960 blocks in use) — first token 785
2026-10-06 23:07:06.692 INFO  sched: request 'chatcmpl-cc548dce1df23399' prefix cache miss — 3 cut(s), the cache is empty
2026-10-06 23:07:06.692 INFO  sched: request 'chatcmpl-cc548dce1df23399' admitted to slot 2 (reserve 3 blocks; pool 14/960 blocks in use) — first token 785
2026-10-06 23:07:06.692 INFO  sched: request 'chatcmpl-cc548dce1df2339a' prefix cache miss — 3 cut(s), the cache is empty
2026-10-06 23:07:06.692 INFO  sched: request 'chatcmpl-cc548dce1df2339a' admitted to slot 3 (reserve 3 blocks; pool 16/960 blocks in use) — first token 785
2026-10-06 23:07:06.692 INFO  sched: request 'chatcmpl-cc548dce1df2339b' prefix cache miss — 3 cut(s), the cache is empty
2026-10-06 23:07:06.692 INFO  sched: request 'chatcmpl-cc548dce1df2339b' admitted to slot 4 (reserve 3 blocks; pool 18/960 blocks in use) — first token 785
2026-10-06 23:07:06.692 INFO  sched: request 'chatcmpl-cc548dce1df2339c' prefix cache miss — 3 cut(s), the cache is empty
2026-10-06 23:07:06.692 INFO  sched: request 'chatcmpl-cc548dce1df2339c' admitted to slot 5 (reserve 3 blocks; pool 20/960 blocks in use) — first token 785
2026-10-06 23:07:06.692 INFO  sched: request 'chatcmpl-cc548dce1df2339d' prefix cache miss — 3 cut(s), the cache is empty
2026-10-06 23:07:06.692 INFO  sched: request 'chatcmpl-cc548dce1df2339d' admitted to slot 6 (reserve 3 blocks; pool 22/960 blocks in use) — first token 785
2026-10-06 23:07:06.692 INFO  sched: request 'chatcmpl-cc548dce1df2339e' prefix cache miss — 3 cut(s), the cache is empty
2026-10-06 23:07:06.692 INFO  sched: request 'chatcmpl-cc548dce1df2339e' admitted to slot 7 (reserve 3 blocks; pool 24/960 blocks in use) — first token 785
2026-10-06 23:07:06.692 INFO  sched: 8 requests admitted together in one prefill (1496 ms)
2026-10-06 23:07:06.895 INFO  stats: rank 1 | 10.7 s | decode 44.9 tok/s, 19.0 ms/tok, 254.1 ms/step (36 steps / 482 tok, 85 % of wall) | mtp 1.83 tok/step/req, accept p1 81 % | prefill 8 prompts / 269 tok, 25 tok/s, 5.56 ms/tok, 187 ms avg (14 % of wall), 0 tok cached (0/8 hits) | live 8, queued 0 | pool 24/960 blocks (2 %) | prefix cache 0/4096 entries
2026-10-06 23:07:17.074 INFO  stats: rank 1 | 10.2 s | decode 59.5 tok/s, 16.8 ms/tok, 253.9 ms/step (40 steps / 606 tok, 100 % of wall) | mtp 1.89 tok/step/req, accept p1 89 % | prefill 0 prompts / 0 tok, 0 tok cached (0/0 hits) | live 8, queued 0 | pool 24/960 blocks (2 %) | prefix cache 0/4096 entries
2026-10-06 23:07:27.126 INFO  stats: rank 1 | 10.1 s | decode 54.2 tok/s, 18.4 ms/tok, 263.9 ms/step (38 steps / 545 tok, 100 % of wall) | mtp 1.79 tok/step/req, accept p1 79 % | prefill 0 prompts / 0 tok, 0 tok cached (0/0 hits) | live 8, queued 0 | pool 24/960 blocks (2 %) | prefix cache 0/4096 entries
2026-10-06 23:07:37.271 INFO  stats: rank 1 | 10.1 s | decode 54.3 tok/s, 18.4 ms/tok, 266.4 ms/step (38 steps / 551 tok, 100 % of wall) | mtp 1.81 tok/step/req, accept p1 81 % | prefill 0 prompts / 0 tok, 0 tok cached (0/0 hits) | live 8, queued 0 | pool 24/960 blocks (2 %) | prefix cache 0/4096 entries
2026-10-06 23:07:42.322 INFO  sched: request 'chatcmpl-cc548dce1df23397' retired (steps): 256 tok in 37.1 s — prefill 35 tok (0 cached) in 1496 ms; decode 255 tok / 136 passes in 35.6 s: 7.2 tok/s, 139.7 ms/tok, 262 ms/pass, 1.88 tok/pass, accept p1 88 %
2026-10-06 23:07:42.322 INFO  sched: request 'chatcmpl-cc548dce1df23398' retired (steps): 256 tok in 37.1 s — prefill 35 tok (0 cached) in 1496 ms; decode 255 tok / 136 passes in 35.6 s: 7.2 tok/s, 139.7 ms/tok, 262 ms/pass, 1.88 tok/pass, accept p1 88 %
2026-10-06 23:07:42.848 INFO  sched: request 'chatcmpl-cc548dce1df2339b' retired (steps): 256 tok in 37.7 s — prefill 33 tok (0 cached) in 1496 ms; decode 255 tok / 138 passes in 36.2 s: 7.1 tok/s, 141.8 ms/tok, 262 ms/pass, 1.85 tok/pass, accept p1 85 %
2026-10-06 23:07:43.105 INFO  sched: request 'chatcmpl-cc548dce1df2339a' retired (steps): 256 tok in 37.9 s — prefill 33 tok (0 cached) in 1496 ms; decode 255 tok / 139 passes in 36.4 s: 7.0 tok/s, 142.8 ms/tok, 262 ms/pass, 1.83 tok/pass, accept p1 83 %
2026-10-06 23:07:43.349 INFO  sched: request 'chatcmpl-cc548dce1df2339d' retired (steps): 256 tok in 38.2 s — prefill 33 tok (0 cached) in 1496 ms; decode 255 tok / 140 passes in 36.7 s: 7.0 tok/s, 143.8 ms/tok, 262 ms/pass, 1.82 tok/pass, accept p1 82 %
2026-10-06 23:07:43.593 INFO  sched: request 'chatcmpl-cc548dce1df2339e' retired (steps): 256 tok in 38.4 s — prefill 33 tok (0 cached) in 1496 ms; decode 255 tok / 141 passes in 36.9 s: 6.9 tok/s, 144.7 ms/tok, 262 ms/pass, 1.81 tok/pass, accept p1 82 %
2026-10-06 23:07:43.770 INFO  sched: request 'chatcmpl-cc548dce1df2339c' retired (steps): 256 tok in 38.6 s — prefill 32 tok (0 cached) in 1496 ms; decode 255 tok / 142 passes in 37.1 s: 6.9 tok/s, 145.4 ms/tok, 261 ms/pass, 1.80 tok/pass, accept p1 80 %
2026-10-06 23:07:43.906 INFO  sched: request 'chatcmpl-cc548dce1df23399' retired (steps): 256 tok in 38.7 s — prefill 35 tok (0 cached) in 1496 ms; decode 255 tok / 144 passes in 37.2 s: 6.9 tok/s, 145.9 ms/tok, 258 ms/pass, 1.77 tok/pass, accept p1 77 %
2026-10-06 23:07:43.946 INFO  sched: request 'chatcmpl-cc548dce1df2339f' starting prefill in slot 0 (46 prompt tokens)
2026-10-06 23:07:44.447 INFO  sched: request 'chatcmpl-cc548dce1df2339f' prefix cache miss — 3 cut(s), the cache is empty
2026-10-06 23:07:44.447 INFO  sched: request 'chatcmpl-cc548dce1df2339f' admitted to slot 0 (reserve 3 blocks; pool 3/960 blocks in use) — first token 785
2026-10-06 23:07:47.286 INFO  stats: rank 1 | 10.0 s | decode 41.0 tok/s, 22.8 ms/tok, 132.1 ms/step (71 steps / 411 tok, 94 % of wall) | mtp 1.83 tok/step/req, accept p1 84 % | prefill 1 prompt / 46 tok, 5 tok/s, 10.90 ms/tok, 501 ms avg (5 % of wall), 0 tok cached (0/1 hit) | live 1, queued 0 | pool 3/960 blocks (0 %) | prefix cache 0/4096 entries
2026-10-06 23:07:52.819 INFO  sched: request 'chatcmpl-cc548dce1df2339f' retired (steps): 256 tok in 8.9 s — prefill 46 tok (0 cached) in 501 ms; decode 255 tok / 130 passes in 8.4 s: 30.5 tok/s, 32.8 ms/tok, 64 ms/pass, 1.96 tok/pass, accept p1 97 %
2026-10-06 23:07:52.844 INFO  sched: request 'chatcmpl-cc548dce1df233a0' starting prefill in slot 0 (46 prompt tokens)
2026-10-06 23:07:53.356 INFO  sched: request 'chatcmpl-cc548dce1df233a0' prefix cache miss — 3 cut(s), the cache is empty
2026-10-06 23:07:53.356 INFO  sched: request 'chatcmpl-cc548dce1df233a0' admitted to slot 0 (reserve 3 blocks; pool 3/960 blocks in use) — first token 785
2026-10-06 23:07:57.325 INFO  stats: rank 1 | 10.0 s | decode 29.1 tok/s, 32.2 ms/tok, 63.6 ms/step (148 steps / 292 tok, 94 % of wall) | mtp 1.97 tok/step/req, accept p1 97 % | prefill 1 prompt / 46 tok, 5 tok/s, 11.12 ms/tok, 512 ms avg (5 % of wall), 0 tok cached (0/1 hit) | live 1, queued 0 | pool 3/960 blocks (0 %) | prefix cache 0/4096 entries
2026-10-06 23:08:01.728 INFO  sched: request 'chatcmpl-cc548dce1df233a0' retired (steps): 256 tok in 8.9 s — prefill 46 tok (0 cached) in 512 ms; decode 255 tok / 130 passes in 8.4 s: 30.5 tok/s, 32.8 ms/tok, 64 ms/pass, 1.96 tok/pass, accept p1 97 %
2026-10-06 23:08:01.742 INFO  sched: request 'chatcmpl-cc548dce1df233a1' starting prefill in slot 0 (46 prompt tokens)
2026-10-06 23:08:02.245 INFO  sched: request 'chatcmpl-cc548dce1df233a1' prefix cache miss — 3 cut(s), the cache is empty
2026-10-06 23:08:02.245 INFO  sched: request 'chatcmpl-cc548dce1df233a1' admitted to slot 0 (reserve 3 blocks; pool 3/960 blocks in use) — first token 785
2026-10-06 23:08:07.373 INFO  stats: rank 1 | 10.0 s | decode 29.1 tok/s, 32.3 ms/tok, 63.8 ms/step (148 steps / 292 tok, 94 % of wall) | mtp 1.97 tok/step/req, accept p1 97 % | prefill 1 prompt / 46 tok, 5 tok/s, 10.94 ms/tok, 503 ms avg (5 % of wall), 0 tok cached (0/1 hit) | live 1, queued 0 | pool 3/960 blocks (0 %) | prefix cache 0/4096 entries
2026-10-06 23:08:10.601 INFO  sched: request 'chatcmpl-cc548dce1df233a1' retired (steps): 256 tok in 8.9 s — prefill 46 tok (0 cached) in 503 ms; decode 255 tok / 130 passes in 8.4 s: 30.5 tok/s, 32.8 ms/tok, 64 ms/pass, 1.96 tok/pass, accept p1 97 %
2026-10-06 23:08:10.646 INFO  sched: request 'chatcmpl-cc548dce1df233a2' starting prefill in slot 0 (47 prompt tokens)
2026-10-06 23:08:10.646 INFO  sched: request 'chatcmpl-cc548dce1df233a3' starting prefill in slot 1 (46 prompt tokens)
2026-10-06 23:08:11.462 INFO  sched: request 'chatcmpl-cc548dce1df233a2' prefix cache miss — 3 cut(s), the cache is empty
2026-10-06 23:08:11.462 INFO  sched: request 'chatcmpl-cc548dce1df233a2' admitted to slot 0 (reserve 3 blocks; pool 4/960 blocks in use) — first token 785
2026-10-06 23:08:11.462 INFO  sched: request 'chatcmpl-cc548dce1df233a3' prefix cache miss — 3 cut(s), the cache is empty
2026-10-06 23:08:11.462 INFO  sched: request 'chatcmpl-cc548dce1df233a3' admitted to slot 1 (reserve 3 blocks; pool 6/960 blocks in use) — first token 785
2026-10-06 23:08:11.462 INFO  sched: 2 requests admitted together in one prefill (815 ms)
2026-10-06 23:08:17.412 INFO  stats: rank 1 | 10.0 s | decode 34.3 tok/s, 26.5 ms/tok, 79.2 ms/step (115 steps / 344 tok, 91 % of wall) | mtp 1.91 tok/step/req, accept p1 91 % | prefill 2 prompts / 93 tok, 9 tok/s, 8.77 ms/tok, 408 ms avg (8 % of wall), 0 tok cached (0/2 hits) | live 2, queued 0 | pool 6/960 blocks (1 %) | prefix cache 0/4096 entries
2026-10-06 23:08:23.728 INFO  sched: request 'chatcmpl-cc548dce1df233a3' retired (steps): 256 tok in 13.1 s — prefill 46 tok (0 cached) in 815 ms; decode 255 tok / 132 passes in 12.3 s: 20.8 tok/s, 48.1 ms/tok, 93 ms/pass, 1.93 tok/pass, accept p1 93 %
2026-10-06 23:08:23.989 INFO  sched: request 'chatcmpl-cc548dce1df233a2' retired (steps): 256 tok in 13.3 s — prefill 47 tok (0 cached) in 815 ms; decode 255 tok / 136 passes in 12.5 s: 20.4 tok/s, 49.1 ms/tok, 92 ms/pass, 1.88 tok/pass, accept p1 88 %
2026-10-06 23:08:24.003 INFO  sched: request 'chatcmpl-cc548dce1df233a4' starting prefill in slot 0 (47 prompt tokens)
2026-10-06 23:08:24.003 INFO  sched: request 'chatcmpl-cc548dce1df233a5' starting prefill in slot 1 (46 prompt tokens)
2026-10-06 23:08:24.818 INFO  sched: request 'chatcmpl-cc548dce1df233a4' prefix cache miss — 3 cut(s), the cache is empty
2026-10-06 23:08:24.818 INFO  sched: request 'chatcmpl-cc548dce1df233a4' admitted to slot 0 (reserve 3 blocks; pool 4/960 blocks in use) — first token 785
2026-10-06 23:08:24.818 INFO  sched: request 'chatcmpl-cc548dce1df233a5' prefix cache miss — 3 cut(s), the cache is empty
2026-10-06 23:08:24.818 INFO  sched: request 'chatcmpl-cc548dce1df233a5' admitted to slot 1 (reserve 3 blocks; pool 6/960 blocks in use) — first token 785
2026-10-06 23:08:24.818 INFO  sched: 2 requests admitted together in one prefill (815 ms)
2026-10-06 23:08:27.421 INFO  stats: rank 1 | 10.0 s | decode 37.8 tok/s, 24.1 ms/tok, 91.2 ms/step (100 steps / 378 tok, 91 % of wall) | mtp 1.93 tok/step/req, accept p1 92 % | prefill 2 prompts / 93 tok, 9 tok/s, 8.77 ms/tok, 408 ms avg (8 % of wall), 0 tok cached (0/2 hits) | live 2, queued 0 | pool 6/960 blocks (1 %) | prefix cache 0/4096 entries
2026-10-06 23:08:37.048 INFO  sched: request 'chatcmpl-cc548dce1df233a5' retired (steps): 256 tok in 13.0 s — prefill 46 tok (0 cached) in 815 ms; decode 255 tok / 132 passes in 12.2 s: 20.9 tok/s, 48.0 ms/tok, 93 ms/pass, 1.93 tok/pass, accept p1 93 %
2026-10-06 23:08:37.309 INFO  sched: request 'chatcmpl-cc548dce1df233a4' retired (steps): 256 tok in 13.3 s — prefill 47 tok (0 cached) in 815 ms; decode 255 tok / 136 passes in 12.5 s: 20.4 tok/s, 49.0 ms/tok, 92 ms/pass, 1.88 tok/pass, accept p1 88 %
2026-10-06 23:08:37.335 INFO  sched: request 'chatcmpl-cc548dce1df233a6' starting prefill in slot 0 (47 prompt tokens)
2026-10-06 23:08:37.335 INFO  sched: request 'chatcmpl-cc548dce1df233a7' starting prefill in slot 1 (46 prompt tokens)
2026-10-06 23:08:38.151 INFO  sched: request 'chatcmpl-cc548dce1df233a6' prefix cache miss — 3 cut(s), the cache is empty
2026-10-06 23:08:38.151 INFO  sched: request 'chatcmpl-cc548dce1df233a6' admitted to slot 0 (reserve 3 blocks; pool 4/960 blocks in use) — first token 785
2026-10-06 23:08:38.151 INFO  sched: request 'chatcmpl-cc548dce1df233a7' prefix cache miss — 3 cut(s), the cache is empty
2026-10-06 23:08:38.151 INFO  sched: request 'chatcmpl-cc548dce1df233a7' admitted to slot 1 (reserve 3 blocks; pool 6/960 blocks in use) — first token 785
2026-10-06 23:08:38.151 INFO  sched: 2 requests admitted together in one prefill (816 ms)
2026-10-06 23:08:38.233 INFO  stats: rank 1 | 10.8 s | decode 37.5 tok/s, 24.4 ms/tok, 91.7 ms/step (108 steps / 405 tok, 92 % of wall) | mtp 1.91 tok/step/req, accept p1 91 % | prefill 2 prompts / 93 tok, 9 tok/s, 8.77 ms/tok, 408 ms avg (8 % of wall), 0 tok cached (0/2 hits) | live 2, queued 0 | pool 6/960 blocks (1 %) | prefix cache 0/4096 entries
2026-10-06 23:08:48.296 INFO  stats: rank 1 | 10.1 s | decode 41.1 tok/s, 24.2 ms/tok, 91.8 ms/step (109 steps / 414 tok, 99 % of wall) | mtp 1.90 tok/step/req, accept p1 90 % | prefill 0 prompts / 0 tok, 0 tok cached (0/0 hits) | live 2, queued 0 | pool 6/960 blocks (1 %) | prefix cache 0/4096 entries
2026-10-06 23:08:50.376 INFO  sched: request 'chatcmpl-cc548dce1df233a7' retired (steps): 256 tok in 13.0 s — prefill 46 tok (0 cached) in 816 ms; decode 255 tok / 132 passes in 12.2 s: 20.9 tok/s, 47.9 ms/tok, 93 ms/pass, 1.93 tok/pass, accept p1 93 %
2026-10-06 23:08:50.654 INFO  sched: request 'chatcmpl-cc548dce1df233a6' retired (steps): 256 tok in 13.3 s — prefill 47 tok (0 cached) in 816 ms; decode 255 tok / 136 passes in 12.5 s: 20.4 tok/s, 49.0 ms/tok, 92 ms/pass, 1.88 tok/pass, accept p1 88 %
2026-10-06 23:08:50.711 INFO  sched: request 'chatcmpl-cc548dce1df233a8' starting prefill in slot 0 (45 prompt tokens)
2026-10-06 23:08:50.711 INFO  sched: request 'chatcmpl-cc548dce1df233a9' starting prefill in slot 1 (36 prompt tokens)
2026-10-06 23:08:50.711 INFO  sched: request 'chatcmpl-cc548dce1df233aa' starting prefill in slot 2 (34 prompt tokens)
2026-10-06 23:08:50.711 INFO  sched: request 'chatcmpl-cc548dce1df233ab' starting prefill in slot 3 (33 prompt tokens)
2026-10-06 23:08:51.651 INFO  sched: request 'chatcmpl-cc548dce1df233a8' prefix cache miss — 3 cut(s), the cache is empty
2026-10-06 23:08:51.651 INFO  sched: request 'chatcmpl-cc548dce1df233a8' admitted to slot 0 (reserve 3 blocks; pool 6/960 blocks in use) — first token 785
2026-10-06 23:08:51.651 INFO  sched: request 'chatcmpl-cc548dce1df233a9' prefix cache miss — 3 cut(s), the cache is empty
2026-10-06 23:08:51.651 INFO  sched: request 'chatcmpl-cc548dce1df233a9' admitted to slot 1 (reserve 3 blocks; pool 8/960 blocks in use) — first token 785
2026-10-06 23:08:51.651 INFO  sched: request 'chatcmpl-cc548dce1df233aa' prefix cache miss — 3 cut(s), the cache is empty
2026-10-06 23:08:51.651 INFO  sched: request 'chatcmpl-cc548dce1df233aa' admitted to slot 2 (reserve 3 blocks; pool 10/960 blocks in use) — first token 785
2026-10-06 23:08:51.651 INFO  sched: request 'chatcmpl-cc548dce1df233ab' prefix cache miss — 3 cut(s), the cache is empty
2026-10-06 23:08:51.651 INFO  sched: request 'chatcmpl-cc548dce1df233ab' admitted to slot 3 (reserve 3 blocks; pool 12/960 blocks in use) — first token 785
2026-10-06 23:08:51.651 INFO  sched: 4 requests admitted together in one prefill (940 ms)
2026-10-06 23:08:58.401 INFO  stats: rank 1 | 10.1 s | decode 44.2 tok/s, 20.3 ms/tok, 124.1 ms/step (73 steps / 447 tok, 90 % of wall) | mtp 1.89 tok/step/req, accept p1 88 % | prefill 4 prompts / 148 tok, 15 tok/s, 6.35 ms/tok, 235 ms avg (9 % of wall), 0 tok cached (0/4 hits) | live 4, queued 0 | pool 12/960 blocks (1 %) | prefix cache 0/4096 entries
2026-10-06 23:09:08.548 INFO  stats: rank 1 | 10.1 s | decode 52.2 tok/s, 19.1 ms/tok, 150.8 ms/step (67 steps / 530 tok, 100 % of wall) | mtp 1.98 tok/step/req, accept p1 98 % | prefill 0 prompts / 0 tok, 0 tok cached (0/0 hits) | live 4, queued 0 | pool 12/960 blocks (1 %) | prefix cache 0/4096 entries
2026-10-06 23:09:11.143 INFO  sched: request 'chatcmpl-cc548dce1df233a9' retired (steps): 256 tok in 20.4 s — prefill 36 tok (0 cached) in 940 ms; decode 255 tok / 131 passes in 19.5 s: 13.1 tok/s, 76.4 ms/tok, 149 ms/pass, 1.95 tok/pass, accept p1 95 %
2026-10-06 23:09:11.143 INFO  sched: request 'chatcmpl-cc548dce1df233aa' retired (steps): 256 tok in 20.4 s — prefill 34 tok (0 cached) in 940 ms; decode 255 tok / 131 passes in 19.5 s: 13.1 tok/s, 76.4 ms/tok, 149 ms/pass, 1.95 tok/pass, accept p1 95 %
2026-10-06 23:09:11.296 INFO  sched: request 'chatcmpl-cc548dce1df233a8' retired (steps): 256 tok in 20.6 s — prefill 45 tok (0 cached) in 940 ms; decode 255 tok / 132 passes in 19.6 s: 13.0 tok/s, 77.0 ms/tok, 149 ms/pass, 1.93 tok/pass, accept p1 93 %
2026-10-06 23:09:11.363 INFO  sched: request 'chatcmpl-cc548dce1df233ab' retired (steps): 256 tok in 20.7 s — prefill 33 tok (0 cached) in 940 ms; decode 255 tok / 133 passes in 19.7 s: 12.9 tok/s, 77.3 ms/tok, 148 ms/pass, 1.92 tok/pass, accept p1 92 %
2026-10-06 23:09:11.378 INFO  sched: request 'chatcmpl-cc548dce1df233ac' starting prefill in slot 0 (45 prompt tokens)
2026-10-06 23:09:11.378 INFO  sched: request 'chatcmpl-cc548dce1df233ad' starting prefill in slot 1 (34 prompt tokens)
2026-10-06 23:09:11.378 INFO  sched: request 'chatcmpl-cc548dce1df233ae' starting prefill in slot 2 (36 prompt tokens)
2026-10-06 23:09:11.378 INFO  sched: request 'chatcmpl-cc548dce1df233af' starting prefill in slot 3 (33 prompt tokens)
2026-10-06 23:09:12.321 INFO  sched: request 'chatcmpl-cc548dce1df233ac' prefix cache miss — 3 cut(s), the cache is empty
2026-10-06 23:09:12.321 INFO  sched: request 'chatcmpl-cc548dce1df233ac' admitted to slot 0 (reserve 3 blocks; pool 6/960 blocks in use) — first token 785
2026-10-06 23:09:12.321 INFO  sched: request 'chatcmpl-cc548dce1df233ad' prefix cache miss — 3 cut(s), the cache is empty
2026-10-06 23:09:12.321 INFO  sched: request 'chatcmpl-cc548dce1df233ad' admitted to slot 1 (reserve 3 blocks; pool 8/960 blocks in use) — first token 785
2026-10-06 23:09:12.321 INFO  sched: request 'chatcmpl-cc548dce1df233ae' prefix cache miss — 3 cut(s), the cache is empty
2026-10-06 23:09:12.321 INFO  sched: request 'chatcmpl-cc548dce1df233ae' admitted to slot 2 (reserve 3 blocks; pool 10/960 blocks in use) — first token 785
2026-10-06 23:09:12.321 INFO  sched: request 'chatcmpl-cc548dce1df233af' prefix cache miss — 3 cut(s), the cache is empty
2026-10-06 23:09:12.321 INFO  sched: request 'chatcmpl-cc548dce1df233af' admitted to slot 3 (reserve 3 blocks; pool 12/960 blocks in use) — first token 785
2026-10-06 23:09:12.321 INFO  sched: 4 requests admitted together in one prefill (943 ms)
2026-10-06 23:09:18.626 INFO  stats: rank 1 | 10.1 s | decode 46.8 tok/s, 19.2 ms/tok, 144.0 ms/step (63 steps / 472 tok, 90 % of wall) | mtp 1.91 tok/step/req, accept p1 90 % | prefill 4 prompts / 148 tok, 15 tok/s, 6.37 ms/tok, 236 ms avg (9 % of wall), 0 tok cached (0/4 hits) | live 4, queued 0 | pool 12/960 blocks (1 %) | prefix cache 0/4096 entries
2026-10-06 23:09:28.741 INFO  stats: rank 1 | 10.1 s | decode 52.4 tok/s, 19.0 ms/tok, 150.4 ms/step (67 steps / 530 tok, 100 % of wall) | mtp 1.98 tok/step/req, accept p1 98 % | prefill 0 prompts / 0 tok, 0 tok cached (0/0 hits) | live 4, queued 0 | pool 12/960 blocks (1 %) | prefix cache 0/4096 entries
2026-10-06 23:09:31.793 INFO  sched: request 'chatcmpl-cc548dce1df233ad' retired (steps): 256 tok in 20.4 s — prefill 34 tok (0 cached) in 943 ms; decode 255 tok / 131 passes in 19.5 s: 13.1 tok/s, 76.4 ms/tok, 149 ms/pass, 1.95 tok/pass, accept p1 95 %
2026-10-06 23:09:31.793 INFO  sched: request 'chatcmpl-cc548dce1df233ae' retired (steps): 256 tok in 20.4 s — prefill 36 tok (0 cached) in 943 ms; decode 255 tok / 131 passes in 19.5 s: 13.1 tok/s, 76.4 ms/tok, 149 ms/pass, 1.95 tok/pass, accept p1 95 %
2026-10-06 23:09:31.946 INFO  sched: request 'chatcmpl-cc548dce1df233ac' retired (steps): 256 tok in 20.6 s — prefill 45 tok (0 cached) in 943 ms; decode 255 tok / 132 passes in 19.6 s: 13.0 tok/s, 77.0 ms/tok, 149 ms/pass, 1.93 tok/pass, accept p1 93 %
2026-10-06 23:09:31.946 INFO  sched: request 'chatcmpl-cc548dce1df233af' retired (steps): 256 tok in 20.6 s — prefill 33 tok (0 cached) in 943 ms; decode 255 tok / 132 passes in 19.6 s: 13.0 tok/s, 77.0 ms/tok, 149 ms/pass, 1.93 tok/pass, accept p1 94 %
2026-10-06 23:09:31.977 INFO  sched: request 'chatcmpl-cc548dce1df233b0' starting prefill in slot 0 (45 prompt tokens)
2026-10-06 23:09:31.977 INFO  sched: request 'chatcmpl-cc548dce1df233b1' starting prefill in slot 1 (34 prompt tokens)
2026-10-06 23:09:31.977 INFO  sched: request 'chatcmpl-cc548dce1df233b2' starting prefill in slot 2 (36 prompt tokens)
2026-10-06 23:09:31.977 INFO  sched: request 'chatcmpl-cc548dce1df233b3' starting prefill in slot 3 (33 prompt tokens)
2026-10-06 23:09:32.925 INFO  sched: request 'chatcmpl-cc548dce1df233b0' prefix cache miss — 3 cut(s), the cache is empty
2026-10-06 23:09:32.925 INFO  sched: request 'chatcmpl-cc548dce1df233b0' admitted to slot 0 (reserve 3 blocks; pool 6/960 blocks in use) — first token 785
2026-10-06 23:09:32.925 INFO  sched: request 'chatcmpl-cc548dce1df233b1' prefix cache miss — 3 cut(s), the cache is empty
2026-10-06 23:09:32.925 INFO  sched: request 'chatcmpl-cc548dce1df233b1' admitted to slot 1 (reserve 3 blocks; pool 8/960 blocks in use) — first token 785
2026-10-06 23:09:32.925 INFO  sched: request 'chatcmpl-cc548dce1df233b2' prefix cache miss — 3 cut(s), the cache is empty
2026-10-06 23:09:32.925 INFO  sched: request 'chatcmpl-cc548dce1df233b2' admitted to slot 2 (reserve 3 blocks; pool 10/960 blocks in use) — first token 785
2026-10-06 23:09:32.925 INFO  sched: request 'chatcmpl-cc548dce1df233b3' prefix cache miss — 3 cut(s), the cache is empty
2026-10-06 23:09:32.925 INFO  sched: request 'chatcmpl-cc548dce1df233b3' admitted to slot 3 (reserve 3 blocks; pool 12/960 blocks in use) — first token 785
2026-10-06 23:09:32.925 INFO  sched: 4 requests admitted together in one prefill (948 ms)
2026-10-06 23:09:38.770 INFO  stats: rank 1 | 10.0 s | decode 46.9 tok/s, 19.2 ms/tok, 145.3 ms/step (62 steps / 470 tok, 90 % of wall) | mtp 1.91 tok/step/req, accept p1 90 % | prefill 4 prompts / 148 tok, 15 tok/s, 6.40 ms/tok, 237 ms avg (9 % of wall), 0 tok cached (0/4 hits) | live 4, queued 0 | pool 12/960 blocks (1 %) | prefix cache 0/4096 entries
2026-10-06 23:09:48.842 INFO  stats: rank 1 | 10.1 s | decode 52.6 tok/s, 18.9 ms/tok, 149.7 ms/step (67 steps / 530 tok, 100 % of wall) | mtp 1.98 tok/step/req, accept p1 98 % | prefill 0 prompts / 0 tok, 0 tok cached (0/0 hits) | live 4, queued 0 | pool 12/960 blocks (1 %) | prefix cache 0/4096 entries
2026-10-06 23:09:52.339 INFO  sched: request 'chatcmpl-cc548dce1df233b1' retired (steps): 256 tok in 20.4 s — prefill 34 tok (0 cached) in 948 ms; decode 255 tok / 131 passes in 19.4 s: 13.1 tok/s, 76.1 ms/tok, 148 ms/pass, 1.95 tok/pass, accept p1 95 %
2026-10-06 23:09:52.339 INFO  sched: request 'chatcmpl-cc548dce1df233b2' retired (steps): 256 tok in 20.4 s — prefill 36 tok (0 cached) in 948 ms; decode 255 tok / 131 passes in 19.4 s: 13.1 tok/s, 76.1 ms/tok, 148 ms/pass, 1.95 tok/pass, accept p1 95 %
2026-10-06 23:09:52.492 INFO  sched: request 'chatcmpl-cc548dce1df233b0' retired (steps): 256 tok in 20.5 s — prefill 45 tok (0 cached) in 948 ms; decode 255 tok / 132 passes in 19.6 s: 13.0 tok/s, 76.7 ms/tok, 148 ms/pass, 1.93 tok/pass, accept p1 93 %
2026-10-06 23:09:52.492 INFO  sched: request 'chatcmpl-cc548dce1df233b3' retired (steps): 256 tok in 20.5 s — prefill 33 tok (0 cached) in 948 ms; decode 255 tok / 132 passes in 19.6 s: 13.0 tok/s, 76.7 ms/tok, 148 ms/pass, 1.93 tok/pass, accept p1 94 %
2026-10-06 23:09:52.554 INFO  sched: request 'chatcmpl-cc548dce1df233b4' starting prefill in slot 0 (34 prompt tokens)
2026-10-06 23:09:52.554 INFO  sched: request 'chatcmpl-cc548dce1df233b5' starting prefill in slot 1 (33 prompt tokens)
2026-10-06 23:09:52.554 INFO  sched: request 'chatcmpl-cc548dce1df233b6' starting prefill in slot 2 (33 prompt tokens)
2026-10-06 23:09:52.554 INFO  sched: request 'chatcmpl-cc548dce1df233b7' starting prefill in slot 3 (34 prompt tokens)
2026-10-06 23:09:52.554 INFO  sched: request 'chatcmpl-cc548dce1df233b8' starting prefill in slot 4 (34 prompt tokens)
2026-10-06 23:09:52.554 INFO  sched: request 'chatcmpl-cc548dce1df233b9' starting prefill in slot 5 (34 prompt tokens)
2026-10-06 23:09:52.554 INFO  sched: request 'chatcmpl-cc548dce1df233ba' starting prefill in slot 6 (33 prompt tokens)
2026-10-06 23:09:52.554 INFO  sched: request 'chatcmpl-cc548dce1df233bb' starting prefill in slot 7 (34 prompt tokens)
2026-10-06 23:09:54.053 INFO  sched: request 'chatcmpl-cc548dce1df233b4' prefix cache miss — 3 cut(s), the cache is empty
2026-10-06 23:09:54.053 INFO  sched: request 'chatcmpl-cc548dce1df233b4' admitted to slot 0 (reserve 3 blocks; pool 10/960 blocks in use) — first token 785
2026-10-06 23:09:54.053 INFO  sched: request 'chatcmpl-cc548dce1df233b5' prefix cache miss — 3 cut(s), the cache is empty
2026-10-06 23:09:54.053 INFO  sched: request 'chatcmpl-cc548dce1df233b5' admitted to slot 1 (reserve 3 blocks; pool 12/960 blocks in use) — first token 785
2026-10-06 23:09:54.053 INFO  sched: request 'chatcmpl-cc548dce1df233b6' prefix cache miss — 3 cut(s), the cache is empty
2026-10-06 23:09:54.053 INFO  sched: request 'chatcmpl-cc548dce1df233b6' admitted to slot 2 (reserve 3 blocks; pool 14/960 blocks in use) — first token 785
2026-10-06 23:09:54.053 INFO  sched: request 'chatcmpl-cc548dce1df233b7' prefix cache miss — 3 cut(s), the cache is empty
2026-10-06 23:09:54.053 INFO  sched: request 'chatcmpl-cc548dce1df233b7' admitted to slot 3 (reserve 3 blocks; pool 16/960 blocks in use) — first token 785
2026-10-06 23:09:54.053 INFO  sched: request 'chatcmpl-cc548dce1df233b8' prefix cache miss — 3 cut(s), the cache is empty
2026-10-06 23:09:54.053 INFO  sched: request 'chatcmpl-cc548dce1df233b8' admitted to slot 4 (reserve 3 blocks; pool 18/960 blocks in use) — first token 785
2026-10-06 23:09:54.053 INFO  sched: request 'chatcmpl-cc548dce1df233b9' prefix cache miss — 3 cut(s), the cache is empty
2026-10-06 23:09:54.053 INFO  sched: request 'chatcmpl-cc548dce1df233b9' admitted to slot 5 (reserve 3 blocks; pool 20/960 blocks in use) — first token 785
2026-10-06 23:09:54.053 INFO  sched: request 'chatcmpl-cc548dce1df233ba' prefix cache miss — 3 cut(s), the cache is empty
2026-10-06 23:09:54.053 INFO  sched: request 'chatcmpl-cc548dce1df233ba' admitted to slot 6 (reserve 3 blocks; pool 22/960 blocks in use) — first token 785
2026-10-06 23:09:54.053 INFO  sched: request 'chatcmpl-cc548dce1df233bb' prefix cache miss — 3 cut(s), the cache is empty
2026-10-06 23:09:54.053 INFO  sched: request 'chatcmpl-cc548dce1df233bb' admitted to slot 7 (reserve 3 blocks; pool 24/960 blocks in use) — first token 785
2026-10-06 23:09:54.053 INFO  sched: 8 requests admitted together in one prefill (1499 ms)
2026-10-06 23:09:58.938 INFO  stats: rank 1 | 10.1 s | decode 49.8 tok/s, 16.9 ms/tok, 188.9 ms/step (45 steps / 503 tok, 84 % of wall) | mtp 1.92 tok/step/req, accept p1 89 % | prefill 8 prompts / 269 tok, 27 tok/s, 5.57 ms/tok, 187 ms avg (15 % of wall), 0 tok cached (0/8 hits) | live 8, queued 0 | pool 24/960 blocks (2 %) | prefix cache 0/4096 entries
2026-10-06 23:10:09.067 INFO  stats: rank 1 | 10.1 s | decode 58.2 tok/s, 17.2 ms/tok, 259.1 ms/step (39 steps / 589 tok, 100 % of wall) | mtp 1.89 tok/step/req, accept p1 89 % | prefill 0 prompts / 0 tok, 0 tok cached (0/0 hits) | live 8, queued 0 | pool 24/960 blocks (2 %) | prefix cache 0/4096 entries
2026-10-06 23:10:19.291 INFO  stats: rank 1 | 10.2 s | decode 59.1 tok/s, 16.9 ms/tok, 261.4 ms/step (39 steps / 604 tok, 100 % of wall) | mtp 1.94 tok/step/req, accept p1 94 % | prefill 0 prompts / 0 tok, 0 tok cached (0/0 hits) | live 8, queued 0 | pool 24/960 blocks (2 %) | prefix cache 0/4096 entries
2026-10-06 23:10:27.425 INFO  sched: request 'chatcmpl-cc548dce1df233b7' retired (steps): 256 tok in 34.9 s — prefill 34 tok (0 cached) in 1499 ms; decode 255 tok / 130 passes in 33.4 s: 7.6 tok/s, 130.9 ms/tok, 257 ms/pass, 1.96 tok/pass, accept p1 97 %
2026-10-06 23:10:27.686 INFO  sched: request 'chatcmpl-cc548dce1df233ba' retired (steps): 256 tok in 35.1 s — prefill 33 tok (0 cached) in 1499 ms; decode 255 tok / 131 passes in 33.6 s: 7.6 tok/s, 131.9 ms/tok, 257 ms/pass, 1.95 tok/pass, accept p1 95 %
2026-10-06 23:10:27.937 INFO  sched: request 'chatcmpl-cc548dce1df233b4' retired (steps): 256 tok in 35.4 s — prefill 34 tok (0 cached) in 1499 ms; decode 255 tok / 132 passes in 33.9 s: 7.5 tok/s, 132.9 ms/tok, 257 ms/pass, 1.93 tok/pass, accept p1 94 %
2026-10-06 23:10:28.440 INFO  sched: request 'chatcmpl-cc548dce1df233b5' retired (steps): 256 tok in 35.9 s — prefill 33 tok (0 cached) in 1499 ms; decode 255 tok / 134 passes in 34.4 s: 7.4 tok/s, 134.9 ms/tok, 257 ms/pass, 1.90 tok/pass, accept p1 91 %
2026-10-06 23:10:28.682 INFO  sched: request 'chatcmpl-cc548dce1df233bb' retired (steps): 256 tok in 36.1 s — prefill 34 tok (0 cached) in 1499 ms; decode 255 tok / 135 passes in 34.6 s: 7.4 tok/s, 135.8 ms/tok, 257 ms/pass, 1.89 tok/pass, accept p1 90 %
2026-10-06 23:10:28.869 INFO  sched: request 'chatcmpl-cc548dce1df233b9' retired (steps): 256 tok in 36.3 s — prefill 34 tok (0 cached) in 1499 ms; decode 255 tok / 136 passes in 34.8 s: 7.3 tok/s, 136.5 ms/tok, 256 ms/pass, 1.88 tok/pass, accept p1 88 %
2026-10-06 23:10:29.403 INFO  sched: request 'chatcmpl-cc548dce1df233b6' retired (steps): 256 tok in 36.8 s — prefill 33 tok (0 cached) in 1499 ms; decode 255 tok / 139 passes in 35.4 s: 7.2 tok/s, 138.6 ms/tok, 254 ms/pass, 1.83 tok/pass, accept p1 84 %
2026-10-06 23:10:29.403 INFO  sched: request 'chatcmpl-cc548dce1df233b8' retired (steps): 256 tok in 36.8 s — prefill 34 tok (0 cached) in 1499 ms; decode 255 tok / 139 passes in 35.4 s: 7.2 tok/s, 138.6 ms/tok, 254 ms/pass, 1.83 tok/pass, accept p1 84 %
2026-10-06 23:10:29.403 INFO  stats: rank 1 | 10.1 s | decode 53.2 tok/s, 18.7 ms/tok, 251.0 ms/step (40 steps / 538 tok, 99 % of wall) | mtp 1.89 tok/step/req, accept p1 92 % | prefill 0 prompts / 0 tok, 0 tok cached (0/0 hits) | live 0, queued 0 | pool 0/960 blocks (0 %) | prefix cache 0/4096 entries
2026-10-06 23:10:29.423 INFO  sched: request 'chatcmpl-cc548dce1df233bc' starting prefill in slot 0 (34 prompt tokens)
2026-10-06 23:10:29.423 INFO  sched: request 'chatcmpl-cc548dce1df233bd' starting prefill in slot 1 (33 prompt tokens)
2026-10-06 23:10:29.423 INFO  sched: request 'chatcmpl-cc548dce1df233be' starting prefill in slot 2 (34 prompt tokens)
2026-10-06 23:10:29.423 INFO  sched: request 'chatcmpl-cc548dce1df233bf' starting prefill in slot 3 (34 prompt tokens)
2026-10-06 23:10:29.423 INFO  sched: request 'chatcmpl-cc548dce1df233c0' starting prefill in slot 4 (33 prompt tokens)
2026-10-06 23:10:29.423 INFO  sched: request 'chatcmpl-cc548dce1df233c1' starting prefill in slot 5 (34 prompt tokens)
2026-10-06 23:10:29.423 INFO  sched: request 'chatcmpl-cc548dce1df233c2' starting prefill in slot 6 (33 prompt tokens)
2026-10-06 23:10:29.423 INFO  sched: request 'chatcmpl-cc548dce1df233c3' starting prefill in slot 7 (34 prompt tokens)
2026-10-06 23:10:30.929 INFO  sched: request 'chatcmpl-cc548dce1df233bc' prefix cache miss — 3 cut(s), the cache is empty
2026-10-06 23:10:30.929 INFO  sched: request 'chatcmpl-cc548dce1df233bc' admitted to slot 0 (reserve 3 blocks; pool 10/960 blocks in use) — first token 785
2026-10-06 23:10:30.929 INFO  sched: request 'chatcmpl-cc548dce1df233bd' prefix cache miss — 3 cut(s), the cache is empty
2026-10-06 23:10:30.929 INFO  sched: request 'chatcmpl-cc548dce1df233bd' admitted to slot 1 (reserve 3 blocks; pool 12/960 blocks in use) — first token 785
2026-10-06 23:10:30.929 INFO  sched: request 'chatcmpl-cc548dce1df233be' prefix cache miss — 3 cut(s), the cache is empty
2026-10-06 23:10:30.929 INFO  sched: request 'chatcmpl-cc548dce1df233be' admitted to slot 2 (reserve 3 blocks; pool 14/960 blocks in use) — first token 785
2026-10-06 23:10:30.929 INFO  sched: request 'chatcmpl-cc548dce1df233bf' prefix cache miss — 3 cut(s), the cache is empty
2026-10-06 23:10:30.929 INFO  sched: request 'chatcmpl-cc548dce1df233bf' admitted to slot 3 (reserve 3 blocks; pool 16/960 blocks in use) — first token 785
2026-10-06 23:10:30.929 INFO  sched: request 'chatcmpl-cc548dce1df233c0' prefix cache miss — 3 cut(s), the cache is empty
2026-10-06 23:10:30.929 INFO  sched: request 'chatcmpl-cc548dce1df233c0' admitted to slot 4 (reserve 3 blocks; pool 18/960 blocks in use) — first token 785
2026-10-06 23:10:30.929 INFO  sched: request 'chatcmpl-cc548dce1df233c1' prefix cache miss — 3 cut(s), the cache is empty
2026-10-06 23:10:30.929 INFO  sched: request 'chatcmpl-cc548dce1df233c1' admitted to slot 5 (reserve 3 blocks; pool 20/960 blocks in use) — first token 785
2026-10-06 23:10:30.929 INFO  sched: request 'chatcmpl-cc548dce1df233c2' prefix cache miss — 3 cut(s), the cache is empty
2026-10-06 23:10:30.929 INFO  sched: request 'chatcmpl-cc548dce1df233c2' admitted to slot 6 (reserve 3 blocks; pool 22/960 blocks in use) — first token 785
2026-10-06 23:10:30.929 INFO  sched: request 'chatcmpl-cc548dce1df233c3' prefix cache miss — 3 cut(s), the cache is empty
2026-10-06 23:10:30.929 INFO  sched: request 'chatcmpl-cc548dce1df233c3' admitted to slot 7 (reserve 3 blocks; pool 24/960 blocks in use) — first token 785
2026-10-06 23:10:30.929 INFO  sched: 8 requests admitted together in one prefill (1506 ms)
2026-10-06 23:10:39.651 INFO  stats: rank 1 | 10.2 s | decode 52.6 tok/s, 16.1 ms/tok, 241.7 ms/step (36 steps / 539 tok, 85 % of wall) | mtp 1.87 tok/step/req, accept p1 84 % | prefill 8 prompts / 269 tok, 26 tok/s, 5.60 ms/tok, 188 ms avg (15 % of wall), 0 tok cached (0/8 hits) | live 8, queued 0 | pool 24/960 blocks (2 %) | prefix cache 0/4096 entries
2026-10-06 23:10:49.839 INFO  stats: rank 1 | 10.2 s | decode 59.2 tok/s, 16.9 ms/tok, 260.6 ms/step (39 steps / 603 tok, 100 % of wall) | mtp 1.93 tok/step/req, accept p1 93 % | prefill 0 prompts / 0 tok, 0 tok cached (0/0 hits) | live 8, queued 0 | pool 24/960 blocks (2 %) | prefix cache 0/4096 entries
2026-10-06 23:11:00.068 INFO  stats: rank 1 | 10.2 s | decode 59.2 tok/s, 16.8 ms/tok, 261.6 ms/step (39 steps / 606 tok, 100 % of wall) | mtp 1.94 tok/step/req, accept p1 94 % | prefill 0 prompts / 0 tok, 0 tok cached (0/0 hits) | live 8, queued 0 | pool 24/960 blocks (2 %) | prefix cache 0/4096 entries
2026-10-06 23:11:04.282 INFO  sched: request 'chatcmpl-cc548dce1df233c1' retired (steps): 256 tok in 34.9 s — prefill 34 tok (0 cached) in 1506 ms; decode 255 tok / 130 passes in 33.4 s: 7.6 tok/s, 130.8 ms/tok, 257 ms/pass, 1.96 tok/pass, accept p1 97 %
2026-10-06 23:11:04.548 INFO  sched: request 'chatcmpl-cc548dce1df233bc' retired (steps): 256 tok in 35.1 s — prefill 34 tok (0 cached) in 1506 ms; decode 255 tok / 131 passes in 33.6 s: 7.6 tok/s, 131.8 ms/tok, 257 ms/pass, 1.95 tok/pass, accept p1 95 %
2026-10-06 23:11:04.548 INFO  sched: request 'chatcmpl-cc548dce1df233c2' retired (steps): 256 tok in 35.1 s — prefill 33 tok (0 cached) in 1506 ms; decode 255 tok / 131 passes in 33.6 s: 7.6 tok/s, 131.8 ms/tok, 257 ms/pass, 1.95 tok/pass, accept p1 95 %
2026-10-06 23:11:05.280 INFO  sched: request 'chatcmpl-cc548dce1df233c0' retired (steps): 256 tok in 35.9 s — prefill 33 tok (0 cached) in 1506 ms; decode 255 tok / 134 passes in 34.4 s: 7.4 tok/s, 134.7 ms/tok, 256 ms/pass, 1.90 tok/pass, accept p1 91 %
2026-10-06 23:11:05.522 INFO  sched: request 'chatcmpl-cc548dce1df233be' retired (steps): 256 tok in 36.1 s — prefill 34 tok (0 cached) in 1506 ms; decode 255 tok / 135 passes in 34.6 s: 7.4 tok/s, 135.7 ms/tok, 256 ms/pass, 1.89 tok/pass, accept p1 90 %
2026-10-06 23:11:05.522 INFO  sched: request 'chatcmpl-cc548dce1df233c3' retired (steps): 256 tok in 36.1 s — prefill 34 tok (0 cached) in 1506 ms; decode 255 tok / 135 passes in 34.6 s: 7.4 tok/s, 135.7 ms/tok, 256 ms/pass, 1.89 tok/pass, accept p1 90 %
2026-10-06 23:11:06.065 INFO  sched: request 'chatcmpl-cc548dce1df233bd' retired (steps): 256 tok in 36.6 s — prefill 33 tok (0 cached) in 1506 ms; decode 255 tok / 139 passes in 35.1 s: 7.3 tok/s, 137.8 ms/tok, 253 ms/pass, 1.83 tok/pass, accept p1 84 %
2026-10-06 23:11:06.136 INFO  sched: request 'chatcmpl-cc548dce1df233bf' retired (steps): 256 tok in 36.7 s — prefill 34 tok (0 cached) in 1506 ms; decode 255 tok / 140 passes in 35.2 s: 7.2 tok/s, 138.1 ms/tok, 251 ms/pass, 1.82 tok/pass, accept p1 83 %
2026-10-06 23:11:06.150 INFO  sched: request 'chatcmpl-cc548dce1df233c4' starting prefill in slot 0 (34 prompt tokens)
2026-10-06 23:11:06.150 INFO  sched: request 'chatcmpl-cc548dce1df233c5' starting prefill in slot 1 (34 prompt tokens)
2026-10-06 23:11:06.150 INFO  sched: request 'chatcmpl-cc548dce1df233c6' starting prefill in slot 2 (34 prompt tokens)
2026-10-06 23:11:06.150 INFO  sched: request 'chatcmpl-cc548dce1df233c7' starting prefill in slot 3 (33 prompt tokens)
2026-10-06 23:11:06.150 INFO  sched: request 'chatcmpl-cc548dce1df233c8' starting prefill in slot 4 (33 prompt tokens)
2026-10-06 23:11:06.150 INFO  sched: request 'chatcmpl-cc548dce1df233c9' starting prefill in slot 5 (33 prompt tokens)
2026-10-06 23:11:06.150 INFO  sched: request 'chatcmpl-cc548dce1df233ca' starting prefill in slot 6 (34 prompt tokens)
2026-10-06 23:11:06.150 INFO  sched: request 'chatcmpl-cc548dce1df233cb' starting prefill in slot 7 (34 prompt tokens)
2026-10-06 23:11:07.652 INFO  sched: request 'chatcmpl-cc548dce1df233c4' prefix cache miss — 3 cut(s), the cache is empty
2026-10-06 23:11:07.652 INFO  sched: request 'chatcmpl-cc548dce1df233c4' admitted to slot 0 (reserve 3 blocks; pool 10/960 blocks in use) — first token 785
2026-10-06 23:11:07.652 INFO  sched: request 'chatcmpl-cc548dce1df233c5' prefix cache miss — 3 cut(s), the cache is empty
2026-10-06 23:11:07.652 INFO  sched: request 'chatcmpl-cc548dce1df233c5' admitted to slot 1 (reserve 3 blocks; pool 12/960 blocks in use) — first token 785
2026-10-06 23:11:07.652 INFO  sched: request 'chatcmpl-cc548dce1df233c6' prefix cache miss — 3 cut(s), the cache is empty
2026-10-06 23:11:07.652 INFO  sched: request 'chatcmpl-cc548dce1df233c6' admitted to slot 2 (reserve 3 blocks; pool 14/960 blocks in use) — first token 785
2026-10-06 23:11:07.652 INFO  sched: request 'chatcmpl-cc548dce1df233c7' prefix cache miss — 3 cut(s), the cache is empty
2026-10-06 23:11:07.652 INFO  sched: request 'chatcmpl-cc548dce1df233c7' admitted to slot 3 (reserve 3 blocks; pool 16/960 blocks in use) — first token 785
2026-10-06 23:11:07.652 INFO  sched: request 'chatcmpl-cc548dce1df233c8' prefix cache miss — 3 cut(s), the cache is empty
2026-10-06 23:11:07.653 INFO  sched: request 'chatcmpl-cc548dce1df233c8' admitted to slot 4 (reserve 3 blocks; pool 18/960 blocks in use) — first token 785
2026-10-06 23:11:07.653 INFO  sched: request 'chatcmpl-cc548dce1df233c9' prefix cache miss — 3 cut(s), the cache is empty
2026-10-06 23:11:07.653 INFO  sched: request 'chatcmpl-cc548dce1df233c9' admitted to slot 5 (reserve 3 blocks; pool 20/960 blocks in use) — first token 785
2026-10-06 23:11:07.653 INFO  sched: request 'chatcmpl-cc548dce1df233ca' prefix cache miss — 3 cut(s), the cache is empty
2026-10-06 23:11:07.653 INFO  sched: request 'chatcmpl-cc548dce1df233ca' admitted to slot 6 (reserve 3 blocks; pool 22/960 blocks in use) — first token 785
2026-10-06 23:11:07.653 INFO  sched: request 'chatcmpl-cc548dce1df233cb' prefix cache miss — 3 cut(s), the cache is empty
2026-10-06 23:11:07.653 INFO  sched: request 'chatcmpl-cc548dce1df233cb' admitted to slot 7 (reserve 3 blocks; pool 24/960 blocks in use) — first token 785
2026-10-06 23:11:07.653 INFO  sched: 8 requests admitted together in one prefill (1502 ms)
2026-10-06 23:11:10.092 INFO  stats: rank 1 | 10.0 s | decode 47.1 tok/s, 17.9 ms/tok, 228.3 ms/step (37 steps / 472 tok, 84 % of wall) | mtp 1.88 tok/step/req, accept p1 88 % | prefill 8 prompts / 269 tok, 27 tok/s, 5.58 ms/tok, 188 ms avg (15 % of wall), 0 tok cached (0/8 hits) | live 8, queued 0 | pool 24/960 blocks (2 %) | prefix cache 0/4096 entries
2026-10-06 23:11:20.272 INFO  stats: rank 1 | 10.2 s | decode 58.5 tok/s, 17.0 ms/tok, 253.9 ms/step (40 steps / 596 tok, 100 % of wall) | mtp 1.86 tok/step/req, accept p1 86 % | prefill 0 prompts / 0 tok, 0 tok cached (0/0 hits) | live 8, queued 0 | pool 24/960 blocks (2 %) | prefix cache 0/4096 entries
2026-10-06 23:11:30.498 INFO  stats: rank 1 | 10.2 s | decode 59.2 tok/s, 16.9 ms/tok, 261.6 ms/step (39 steps / 605 tok, 100 % of wall) | mtp 1.94 tok/step/req, accept p1 94 % | prefill 0 prompts / 0 tok, 0 tok cached (0/0 hits) | live 8, queued 0 | pool 24/960 blocks (2 %) | prefix cache 0/4096 entries
2026-10-06 23:11:40.693 INFO  stats: rank 1 | 10.2 s | decode 58.7 tok/s, 17.0 ms/tok, 260.8 ms/step (39 steps / 598 tok, 100 % of wall) | mtp 1.92 tok/step/req, accept p1 92 % | prefill 0 prompts / 0 tok, 0 tok cached (0/0 hits) | live 8, queued 0 | pool 24/960 blocks (2 %) | prefix cache 0/4096 entries
2026-10-06 23:11:40.965 INFO  sched: request 'chatcmpl-cc548dce1df233c6' retired (steps): 256 tok in 34.8 s — prefill 34 tok (0 cached) in 1502 ms; decode 255 tok / 130 passes in 33.3 s: 7.7 tok/s, 130.6 ms/tok, 256 ms/pass, 1.96 tok/pass, accept p1 97 %
2026-10-06 23:11:40.965 INFO  sched: request 'chatcmpl-cc548dce1df233c7' retired (steps): 256 tok in 34.8 s — prefill 33 tok (0 cached) in 1502 ms; decode 255 tok / 130 passes in 33.3 s: 7.7 tok/s, 130.6 ms/tok, 256 ms/pass, 1.96 tok/pass, accept p1 96 %
2026-10-06 23:11:41.465 INFO  sched: request 'chatcmpl-cc548dce1df233c4' retired (steps): 256 tok in 35.3 s — prefill 34 tok (0 cached) in 1502 ms; decode 255 tok / 132 passes in 33.8 s: 7.5 tok/s, 132.6 ms/tok, 256 ms/pass, 1.93 tok/pass, accept p1 94 %
2026-10-06 23:11:41.964 INFO  sched: request 'chatcmpl-cc548dce1df233c8' retired (steps): 256 tok in 35.8 s — prefill 33 tok (0 cached) in 1502 ms; decode 255 tok / 134 passes in 34.3 s: 7.4 tok/s, 134.6 ms/tok, 256 ms/pass, 1.90 tok/pass, accept p1 91 %
2026-10-06 23:11:42.209 INFO  sched: request 'chatcmpl-cc548dce1df233cb' retired (steps): 256 tok in 36.1 s — prefill 34 tok (0 cached) in 1502 ms; decode 255 tok / 135 passes in 34.6 s: 7.4 tok/s, 135.5 ms/tok, 256 ms/pass, 1.89 tok/pass, accept p1 90 %
2026-10-06 23:11:42.440 INFO  sched: request 'chatcmpl-cc548dce1df233ca' retired (steps): 256 tok in 36.3 s — prefill 34 tok (0 cached) in 1502 ms; decode 255 tok / 136 passes in 34.8 s: 7.3 tok/s, 136.4 ms/tok, 256 ms/pass, 1.88 tok/pass, accept p1 88 %
2026-10-06 23:11:42.788 INFO  sched: request 'chatcmpl-cc548dce1df233c9' retired (steps): 256 tok in 36.6 s — prefill 33 tok (0 cached) in 1502 ms; decode 255 tok / 138 passes in 35.1 s: 7.3 tok/s, 137.8 ms/tok, 255 ms/pass, 1.85 tok/pass, accept p1 86 %
2026-10-06 23:11:42.921 INFO  sched: request 'chatcmpl-cc548dce1df233c5' retired (steps): 256 tok in 36.8 s — prefill 34 tok (0 cached) in 1502 ms; decode 255 tok / 140 passes in 35.3 s: 7.2 tok/s, 138.3 ms/tok, 252 ms/pass, 1.82 tok/pass, accept p1 83 %
2026-10-06 23:11:42.977 INFO  sched: request 'chatcmpl-cc548dce1df233cc' starting prefill in slot 0 (68 prompt tokens)
2026-10-06 23:11:43.631 INFO  sched: request 'chatcmpl-cc548dce1df233cc' prefix cache miss — 3 cut(s), the cache is empty
2026-10-06 23:11:43.631 INFO  sched: request 'chatcmpl-cc548dce1df233cc' admitted to slot 0 (reserve 3 blocks; pool 3/960 blocks in use) — first token 1654
2026-10-06 23:11:50.702 INFO  stats: rank 1 | 10.0 s | decode 28.5 tok/s, 32.2 ms/tok, 76.5 ms/step (120 steps / 285 tok, 92 % of wall) | mtp 1.88 tok/step/req, accept p1 91 % | prefill 1 prompt / 68 tok, 7 tok/s, 9.61 ms/tok, 654 ms avg (7 % of wall), 0 tok cached (0/1 hit) | live 1, queued 0 | pool 3/960 blocks (0 %) | prefix cache 0/4096 entries
2026-10-06 23:11:52.338 INFO  sched: request 'chatcmpl-cc548dce1df233cc' retired (steps): 256 tok in 9.4 s — prefill 68 tok (0 cached) in 654 ms; decode 255 tok / 134 passes in 8.7 s: 29.3 tok/s, 34.1 ms/tok, 65 ms/pass, 1.90 tok/pass, accept p1 90 %
2026-10-06 23:11:52.352 INFO  sched: request 'chatcmpl-cc548dce1df233cd' starting prefill in slot 0 (68 prompt tokens)
2026-10-06 23:11:53.000 INFO  sched: request 'chatcmpl-cc548dce1df233cd' prefix cache miss — 3 cut(s), the cache is empty
2026-10-06 23:11:53.000 INFO  sched: request 'chatcmpl-cc548dce1df233cd' admitted to slot 0 (reserve 3 blocks; pool 3/960 blocks in use) — first token 1654
2026-10-06 23:12:00.716 INFO  stats: rank 1 | 10.0 s | decode 27.5 tok/s, 33.7 ms/tok, 64.4 ms/step (144 steps / 275 tok, 93 % of wall) | mtp 1.91 tok/step/req, accept p1 90 % | prefill 1 prompt / 68 tok, 7 tok/s, 9.52 ms/tok, 648 ms avg (6 % of wall), 0 tok cached (0/1 hit) | live 1, queued 0 | pool 3/960 blocks (0 %) | prefix cache 0/4096 entries
2026-10-06 23:12:01.698 INFO  sched: request 'chatcmpl-cc548dce1df233cd' retired (steps): 256 tok in 9.3 s — prefill 68 tok (0 cached) in 648 ms; decode 255 tok / 134 passes in 8.7 s: 29.3 tok/s, 34.1 ms/tok, 65 ms/pass, 1.90 tok/pass, accept p1 90 %
2026-10-06 23:12:01.707 INFO  sched: request 'chatcmpl-cc548dce1df233ce' starting prefill in slot 0 (68 prompt tokens)
2026-10-06 23:12:02.362 INFO  sched: request 'chatcmpl-cc548dce1df233ce' prefix cache miss — 3 cut(s), the cache is empty
2026-10-06 23:12:02.362 INFO  sched: request 'chatcmpl-cc548dce1df233ce' admitted to slot 0 (reserve 3 blocks; pool 3/960 blocks in use) — first token 1654
2026-10-06 23:12:10.766 INFO  stats: rank 1 | 10.1 s | decode 27.4 tok/s, 33.8 ms/tok, 64.6 ms/step (144 steps / 275 tok, 93 % of wall) | mtp 1.91 tok/step/req, accept p1 90 % | prefill 1 prompt / 68 tok, 7 tok/s, 9.64 ms/tok, 656 ms avg (7 % of wall), 0 tok cached (0/1 hit) | live 1, queued 0 | pool 3/960 blocks (0 %) | prefix cache 0/4096 entries
2026-10-06 23:12:11.100 INFO  sched: request 'chatcmpl-cc548dce1df233ce' retired (steps): 256 tok in 9.4 s — prefill 68 tok (0 cached) in 656 ms; decode 255 tok / 134 passes in 8.7 s: 29.2 tok/s, 34.3 ms/tok, 65 ms/pass, 1.90 tok/pass, accept p1 90 %
2026-10-06 23:12:11.145 INFO  sched: request 'chatcmpl-cc548dce1df233cf' starting prefill in slot 0 (61 prompt tokens)
2026-10-06 23:12:11.145 INFO  sched: request 'chatcmpl-cc548dce1df233d0' starting prefill in slot 1 (54 prompt tokens)
2026-10-06 23:12:12.137 INFO  sched: request 'chatcmpl-cc548dce1df233cf' prefix cache miss — 3 cut(s), the cache is empty
2026-10-06 23:12:12.137 INFO  sched: request 'chatcmpl-cc548dce1df233cf' admitted to slot 0 (reserve 3 blocks; pool 4/960 blocks in use) — first token 1654
2026-10-06 23:12:12.137 INFO  sched: request 'chatcmpl-cc548dce1df233d0' prefix cache miss — 3 cut(s), the cache is empty
2026-10-06 23:12:12.137 INFO  sched: request 'chatcmpl-cc548dce1df233d0' admitted to slot 1 (reserve 3 blocks; pool 6/960 blocks in use) — first token 1654
2026-10-06 23:12:12.137 INFO  sched: 2 requests admitted together in one prefill (992 ms)
2026-10-06 23:12:20.778 INFO  stats: rank 1 | 10.0 s | decode 36.7 tok/s, 24.3 ms/tok, 91.9 ms/step (97 steps / 367 tok, 89 % of wall) | mtp 1.94 tok/step/req, accept p1 93 % | prefill 2 prompts / 115 tok, 11 tok/s, 8.63 ms/tok, 496 ms avg (10 % of wall), 0 tok cached (0/2 hits) | live 2, queued 0 | pool 6/960 blocks (1 %) | prefix cache 0/4096 entries
2026-10-06 23:12:24.359 INFO  sched: request 'chatcmpl-cc548dce1df233d0' retired (steps): 256 tok in 13.2 s — prefill 54 tok (0 cached) in 992 ms; decode 255 tok / 130 passes in 12.2 s: 20.9 tok/s, 47.9 ms/tok, 94 ms/pass, 1.96 tok/pass, accept p1 97 %
2026-10-06 23:12:24.686 INFO  sched: request 'chatcmpl-cc548dce1df233cf' retired (steps): 256 tok in 13.5 s — prefill 61 tok (0 cached) in 992 ms; decode 255 tok / 135 passes in 12.5 s: 20.3 tok/s, 49.2 ms/tok, 93 ms/pass, 1.89 tok/pass, accept p1 89 %
2026-10-06 23:12:24.695 INFO  sched: request 'chatcmpl-cc548dce1df233d1' starting prefill in slot 0 (61 prompt tokens)
2026-10-06 23:12:24.695 INFO  sched: request 'chatcmpl-cc548dce1df233d2' starting prefill in slot 1 (54 prompt tokens)
2026-10-06 23:12:25.676 INFO  sched: request 'chatcmpl-cc548dce1df233d1' prefix cache miss — 3 cut(s), the cache is empty
2026-10-06 23:12:25.676 INFO  sched: request 'chatcmpl-cc548dce1df233d1' admitted to slot 0 (reserve 3 blocks; pool 4/960 blocks in use) — first token 1654
2026-10-06 23:12:25.676 INFO  sched: request 'chatcmpl-cc548dce1df233d2' prefix cache miss — 3 cut(s), the cache is empty
2026-10-06 23:12:25.676 INFO  sched: request 'chatcmpl-cc548dce1df233d2' admitted to slot 1 (reserve 3 blocks; pool 6/960 blocks in use) — first token 1654
2026-10-06 23:12:25.676 INFO  sched: 2 requests admitted together in one prefill (981 ms)
2026-10-06 23:12:30.818 INFO  stats: rank 1 | 10.0 s | decode 36.9 tok/s, 24.3 ms/tok, 91.7 ms/step (98 steps / 370 tok, 90 % of wall) | mtp 1.94 tok/step/req, accept p1 93 % | prefill 2 prompts / 115 tok, 11 tok/s, 8.53 ms/tok, 490 ms avg (10 % of wall), 0 tok cached (0/2 hits) | live 2, queued 0 | pool 6/960 blocks (1 %) | prefix cache 0/4096 entries
2026-10-06 23:12:37.910 INFO  sched: request 'chatcmpl-cc548dce1df233d2' retired (steps): 256 tok in 13.2 s — prefill 54 tok (0 cached) in 981 ms; decode 255 tok / 130 passes in 12.2 s: 20.8 tok/s, 48.0 ms/tok, 94 ms/pass, 1.96 tok/pass, accept p1 97 %
2026-10-06 23:12:38.169 INFO  sched: request 'chatcmpl-cc548dce1df233d1' retired (steps): 256 tok in 13.5 s — prefill 61 tok (0 cached) in 981 ms; decode 255 tok / 134 passes in 12.5 s: 20.4 tok/s, 49.0 ms/tok, 93 ms/pass, 1.90 tok/pass, accept p1 90 %
2026-10-06 23:12:38.178 INFO  sched: request 'chatcmpl-cc548dce1df233d3' starting prefill in slot 0 (61 prompt tokens)
2026-10-06 23:12:38.178 INFO  sched: request 'chatcmpl-cc548dce1df233d4' starting prefill in slot 1 (54 prompt tokens)
2026-10-06 23:12:39.157 INFO  sched: request 'chatcmpl-cc548dce1df233d3' prefix cache miss — 3 cut(s), the cache is empty
2026-10-06 23:12:39.157 INFO  sched: request 'chatcmpl-cc548dce1df233d3' admitted to slot 0 (reserve 3 blocks; pool 4/960 blocks in use) — first token 1654
2026-10-06 23:12:39.157 INFO  sched: request 'chatcmpl-cc548dce1df233d4' prefix cache miss — 3 cut(s), the cache is empty
2026-10-06 23:12:39.157 INFO  sched: request 'chatcmpl-cc548dce1df233d4' admitted to slot 1 (reserve 3 blocks; pool 6/960 blocks in use) — first token 1654
2026-10-06 23:12:39.157 INFO  sched: 2 requests admitted together in one prefill (980 ms)
2026-10-06 23:12:40.823 INFO  stats: rank 1 | 10.0 s | decode 36.9 tok/s, 24.3 ms/tok, 92.3 ms/step (97 steps / 369 tok, 90 % of wall) | mtp 1.94 tok/step/req, accept p1 94 % | prefill 2 prompts / 115 tok, 11 tok/s, 8.52 ms/tok, 490 ms avg (10 % of wall), 0 tok cached (0/2 hits) | live 2, queued 0 | pool 6/960 blocks (1 %) | prefix cache 0/4096 entries
2026-10-06 23:12:50.915 INFO  stats: rank 1 | 10.1 s | decode 41.1 tok/s, 24.2 ms/tok, 93.8 ms/step (107 steps / 415 tok, 99 % of wall) | mtp 1.94 tok/step/req, accept p1 94 % | prefill 0 prompts / 0 tok, 0 tok cached (0/0 hits) | live 2, queued 0 | pool 6/960 blocks (1 %) | prefix cache 0/4096 entries
2026-10-06 23:12:51.391 INFO  sched: request 'chatcmpl-cc548dce1df233d4' retired (steps): 256 tok in 13.2 s — prefill 54 tok (0 cached) in 980 ms; decode 255 tok / 130 passes in 12.2 s: 20.8 tok/s, 48.0 ms/tok, 94 ms/pass, 1.96 tok/pass, accept p1 97 %
2026-10-06 23:12:51.654 INFO  sched: request 'chatcmpl-cc548dce1df233d3' retired (steps): 256 tok in 13.5 s — prefill 61 tok (0 cached) in 980 ms; decode 255 tok / 134 passes in 12.5 s: 20.4 tok/s, 49.0 ms/tok, 93 ms/pass, 1.90 tok/pass, accept p1 90 %
2026-10-06 23:12:51.710 INFO  sched: request 'chatcmpl-cc548dce1df233d5' starting prefill in slot 0 (54 prompt tokens)
2026-10-06 23:12:51.710 INFO  sched: request 'chatcmpl-cc548dce1df233d6' starting prefill in slot 1 (39 prompt tokens)
2026-10-06 23:12:51.710 INFO  sched: request 'chatcmpl-cc548dce1df233d7' starting prefill in slot 2 (37 prompt tokens)
2026-10-06 23:12:51.710 INFO  sched: request 'chatcmpl-cc548dce1df233d8' starting prefill in slot 3 (35 prompt tokens)
2026-10-06 23:12:52.745 INFO  sched: request 'chatcmpl-cc548dce1df233d5' prefix cache miss — 3 cut(s), the cache is empty
2026-10-06 23:12:52.745 INFO  sched: request 'chatcmpl-cc548dce1df233d5' admitted to slot 0 (reserve 3 blocks; pool 6/960 blocks in use) — first token 1654
2026-10-06 23:12:52.745 INFO  sched: request 'chatcmpl-cc548dce1df233d6' prefix cache miss — 3 cut(s), the cache is empty
2026-10-06 23:12:52.745 INFO  sched: request 'chatcmpl-cc548dce1df233d6' admitted to slot 1 (reserve 3 blocks; pool 8/960 blocks in use) — first token 785
2026-10-06 23:12:52.745 INFO  sched: request 'chatcmpl-cc548dce1df233d7' prefix cache miss — 3 cut(s), the cache is empty
2026-10-06 23:12:52.745 INFO  sched: request 'chatcmpl-cc548dce1df233d7' admitted to slot 2 (reserve 3 blocks; pool 10/960 blocks in use) — first token 785
2026-10-06 23:12:52.745 INFO  sched: request 'chatcmpl-cc548dce1df233d8' prefix cache miss — 3 cut(s), the cache is empty
2026-10-06 23:12:52.745 INFO  sched: request 'chatcmpl-cc548dce1df233d8' admitted to slot 3 (reserve 3 blocks; pool 12/960 blocks in use) — first token 785
2026-10-06 23:12:52.745 INFO  sched: 4 requests admitted together in one prefill (1035 ms)
2026-10-06 23:13:00.984 INFO  stats: rank 1 | 10.1 s | decode 44.3 tok/s, 20.0 ms/tok, 139.6 ms/step (64 steps / 446 tok, 89 % of wall) | mtp 1.91 tok/step/req, accept p1 89 % | prefill 4 prompts / 165 tok, 16 tok/s, 6.27 ms/tok, 259 ms avg (10 % of wall), 0 tok cached (0/4 hits) | live 4, queued 0 | pool 12/960 blocks (1 %) | prefix cache 0/4096 entries
2026-10-06 23:13:11.035 INFO  stats: rank 1 | 10.1 s | decode 49.2 tok/s, 20.3 ms/tok, 154.0 ms/step (65 steps / 494 tok, 100 % of wall) | mtp 1.90 tok/step/req, accept p1 90 % | prefill 0 prompts / 0 tok, 0 tok cached (0/0 hits) | live 4, queued 0 | pool 12/960 blocks (1 %) | prefix cache 0/4096 entries
2026-10-06 23:13:12.751 INFO  sched: request 'chatcmpl-cc548dce1df233d5' retired (steps): 256 tok in 21.0 s — prefill 54 tok (0 cached) in 1035 ms; decode 255 tok / 131 passes in 20.0 s: 12.7 tok/s, 78.5 ms/tok, 153 ms/pass, 1.95 tok/pass, accept p1 95 %
2026-10-06 23:13:13.071 INFO  sched: request 'chatcmpl-cc548dce1df233d6' retired (steps): 256 tok in 21.4 s — prefill 39 tok (0 cached) in 1035 ms; decode 255 tok / 133 passes in 20.3 s: 12.5 tok/s, 79.7 ms/tok, 153 ms/pass, 1.92 tok/pass, accept p1 92 %
2026-10-06 23:13:13.353 INFO  sched: request 'chatcmpl-cc548dce1df233d7' retired (steps): 256 tok in 21.6 s — prefill 37 tok (0 cached) in 1035 ms; decode 255 tok / 135 passes in 20.6 s: 12.4 tok/s, 80.8 ms/tok, 153 ms/pass, 1.89 tok/pass, accept p1 90 %
2026-10-06 23:13:13.554 INFO  sched: request 'chatcmpl-cc548dce1df233d8' retired (steps): 256 tok in 21.8 s — prefill 35 tok (0 cached) in 1035 ms; decode 255 tok / 138 passes in 20.8 s: 12.3 tok/s, 81.6 ms/tok, 151 ms/pass, 1.85 tok/pass, accept p1 85 %
2026-10-06 23:13:13.585 INFO  sched: request 'chatcmpl-cc548dce1df233d9' starting prefill in slot 0 (54 prompt tokens)
2026-10-06 23:13:13.585 INFO  sched: request 'chatcmpl-cc548dce1df233da' starting prefill in slot 1 (39 prompt tokens)
2026-10-06 23:13:13.585 INFO  sched: request 'chatcmpl-cc548dce1df233db' starting prefill in slot 2 (35 prompt tokens)
2026-10-06 23:13:13.585 INFO  sched: request 'chatcmpl-cc548dce1df233dc' starting prefill in slot 3 (37 prompt tokens)
2026-10-06 23:13:14.611 INFO  sched: request 'chatcmpl-cc548dce1df233d9' prefix cache miss — 3 cut(s), the cache is empty
2026-10-06 23:13:14.611 INFO  sched: request 'chatcmpl-cc548dce1df233d9' admitted to slot 0 (reserve 3 blocks; pool 6/960 blocks in use) — first token 1654
2026-10-06 23:13:14.611 INFO  sched: request 'chatcmpl-cc548dce1df233da' prefix cache miss — 3 cut(s), the cache is empty
2026-10-06 23:13:14.611 INFO  sched: request 'chatcmpl-cc548dce1df233da' admitted to slot 1 (reserve 3 blocks; pool 8/960 blocks in use) — first token 785
2026-10-06 23:13:14.611 INFO  sched: request 'chatcmpl-cc548dce1df233db' prefix cache miss — 3 cut(s), the cache is empty
2026-10-06 23:13:14.611 INFO  sched: request 'chatcmpl-cc548dce1df233db' admitted to slot 2 (reserve 3 blocks; pool 10/960 blocks in use) — first token 785
2026-10-06 23:13:14.611 INFO  sched: request 'chatcmpl-cc548dce1df233dc' prefix cache miss — 3 cut(s), the cache is empty
2026-10-06 23:13:14.611 INFO  sched: request 'chatcmpl-cc548dce1df233dc' admitted to slot 3 (reserve 3 blocks; pool 12/960 blocks in use) — first token 785
2026-10-06 23:13:14.611 INFO  sched: 4 requests admitted together in one prefill (1026 ms)
2026-10-06 23:13:21.173 INFO  stats: rank 1 | 10.1 s | decode 44.0 tok/s, 20.2 ms/tok, 145.6 ms/step (62 steps / 446 tok, 89 % of wall) | mtp 1.91 tok/step/req, accept p1 91 % | prefill 4 prompts / 165 tok, 16 tok/s, 6.22 ms/tok, 256 ms avg (10 % of wall), 0 tok cached (0/4 hits) | live 4, queued 0 | pool 12/960 blocks (1 %) | prefix cache 0/4096 entries
2026-10-06 23:13:31.179 INFO  stats: rank 1 | 10.0 s | decode 49.0 tok/s, 20.3 ms/tok, 153.3 ms/step (65 steps / 490 tok, 100 % of wall) | mtp 1.88 tok/step/req, accept p1 88 % | prefill 0 prompts / 0 tok, 0 tok cached (0/0 hits) | live 4, queued 0 | pool 12/960 blocks (1 %) | prefix cache 0/4096 entries
2026-10-06 23:13:34.603 INFO  sched: request 'chatcmpl-cc548dce1df233d9' retired (steps): 256 tok in 21.0 s — prefill 54 tok (0 cached) in 1026 ms; decode 255 tok / 131 passes in 20.0 s: 12.8 tok/s, 78.4 ms/tok, 153 ms/pass, 1.95 tok/pass, accept p1 95 %
2026-10-06 23:13:34.910 INFO  sched: request 'chatcmpl-cc548dce1df233da' retired (steps): 256 tok in 21.3 s — prefill 39 tok (0 cached) in 1026 ms; decode 255 tok / 133 passes in 20.3 s: 12.6 tok/s, 79.6 ms/tok, 153 ms/pass, 1.92 tok/pass, accept p1 92 %
2026-10-06 23:13:35.198 INFO  sched: request 'chatcmpl-cc548dce1df233dc' retired (steps): 256 tok in 21.6 s — prefill 37 tok (0 cached) in 1026 ms; decode 255 tok / 135 passes in 20.6 s: 12.4 tok/s, 80.7 ms/tok, 152 ms/pass, 1.89 tok/pass, accept p1 90 %
2026-10-06 23:13:35.400 INFO  sched: request 'chatcmpl-cc548dce1df233db' retired (steps): 256 tok in 21.8 s — prefill 35 tok (0 cached) in 1026 ms; decode 255 tok / 138 passes in 20.8 s: 12.3 tok/s, 81.5 ms/tok, 151 ms/pass, 1.85 tok/pass, accept p1 85 %
2026-10-06 23:13:35.409 INFO  sched: request 'chatcmpl-cc548dce1df233dd' starting prefill in slot 0 (54 prompt tokens)
2026-10-06 23:13:35.409 INFO  sched: request 'chatcmpl-cc548dce1df233de' starting prefill in slot 1 (37 prompt tokens)
2026-10-06 23:13:35.409 INFO  sched: request 'chatcmpl-cc548dce1df233df' starting prefill in slot 2 (35 prompt tokens)
2026-10-06 23:13:35.409 INFO  sched: request 'chatcmpl-cc548dce1df233e0' starting prefill in slot 3 (39 prompt tokens)
2026-10-06 23:13:36.433 INFO  sched: request 'chatcmpl-cc548dce1df233dd' prefix cache miss — 3 cut(s), the cache is empty
2026-10-06 23:13:36.433 INFO  sched: request 'chatcmpl-cc548dce1df233dd' admitted to slot 0 (reserve 3 blocks; pool 6/960 blocks in use) — first token 1654
2026-10-06 23:13:36.433 INFO  sched: request 'chatcmpl-cc548dce1df233de' prefix cache miss — 3 cut(s), the cache is empty
2026-10-06 23:13:36.433 INFO  sched: request 'chatcmpl-cc548dce1df233de' admitted to slot 1 (reserve 3 blocks; pool 8/960 blocks in use) — first token 785
2026-10-06 23:13:36.433 INFO  sched: request 'chatcmpl-cc548dce1df233df' prefix cache miss — 3 cut(s), the cache is empty
2026-10-06 23:13:36.433 INFO  sched: request 'chatcmpl-cc548dce1df233df' admitted to slot 2 (reserve 3 blocks; pool 10/960 blocks in use) — first token 785
2026-10-06 23:13:36.433 INFO  sched: request 'chatcmpl-cc548dce1df233e0' prefix cache miss — 3 cut(s), the cache is empty
2026-10-06 23:13:36.433 INFO  sched: request 'chatcmpl-cc548dce1df233e0' admitted to slot 3 (reserve 3 blocks; pool 12/960 blocks in use) — first token 785
2026-10-06 23:13:36.433 INFO  sched: 4 requests admitted together in one prefill (1024 ms)
2026-10-06 23:13:41.314 INFO  stats: rank 1 | 10.1 s | decode 44.4 tok/s, 20.1 ms/tok, 146.0 ms/step (62 steps / 450 tok, 89 % of wall) | mtp 1.93 tok/step/req, accept p1 93 % | prefill 4 prompts / 165 tok, 16 tok/s, 6.20 ms/tok, 256 ms avg (10 % of wall), 0 tok cached (0/4 hits) | live 4, queued 0 | pool 12/960 blocks (1 %) | prefix cache 0/4096 entries
2026-10-06 23:13:51.330 INFO  stats: rank 1 | 10.0 s | decode 49.0 tok/s, 20.3 ms/tok, 153.5 ms/step (65 steps / 491 tok, 100 % of wall) | mtp 1.89 tok/step/req, accept p1 89 % | prefill 0 prompts / 0 tok, 0 tok cached (0/0 hits) | live 4, queued 0 | pool 12/960 blocks (1 %) | prefix cache 0/4096 entries
2026-10-06 23:13:56.442 INFO  sched: request 'chatcmpl-cc548dce1df233dd' retired (steps): 256 tok in 21.0 s — prefill 54 tok (0 cached) in 1024 ms; decode 255 tok / 131 passes in 20.0 s: 12.7 tok/s, 78.5 ms/tok, 153 ms/pass, 1.95 tok/pass, accept p1 95 %
2026-10-06 23:13:56.747 INFO  sched: request 'chatcmpl-cc548dce1df233e0' retired (steps): 256 tok in 21.3 s — prefill 39 tok (0 cached) in 1024 ms; decode 255 tok / 133 passes in 20.3 s: 12.6 tok/s, 79.7 ms/tok, 153 ms/pass, 1.92 tok/pass, accept p1 92 %
2026-10-06 23:13:56.991 INFO  sched: request 'chatcmpl-cc548dce1df233de' retired (steps): 256 tok in 21.6 s — prefill 37 tok (0 cached) in 1024 ms; decode 255 tok / 135 passes in 20.6 s: 12.4 tok/s, 80.6 ms/tok, 152 ms/pass, 1.89 tok/pass, accept p1 90 %
2026-10-06 23:13:57.200 INFO  sched: request 'chatcmpl-cc548dce1df233df' retired (steps): 256 tok in 21.8 s — prefill 35 tok (0 cached) in 1024 ms; decode 255 tok / 138 passes in 20.8 s: 12.3 tok/s, 81.4 ms/tok, 150 ms/pass, 1.85 tok/pass, accept p1 85 %
2026-10-06 23:13:57.310 INFO  sched: request 'chatcmpl-cc548dce1df233e1' starting prefill in slot 0 (39 prompt tokens)
2026-10-06 23:13:57.311 INFO  sched: request 'chatcmpl-cc548dce1df233e2' starting prefill in slot 1 (36 prompt tokens)
2026-10-06 23:13:57.311 INFO  sched: request 'chatcmpl-cc548dce1df233e3' starting prefill in slot 2 (37 prompt tokens)
2026-10-06 23:13:57.311 INFO  sched: request 'chatcmpl-cc548dce1df233e4' starting prefill in slot 3 (49 prompt tokens)
2026-10-06 23:13:57.311 INFO  sched: request 'chatcmpl-cc548dce1df233e5' starting prefill in slot 4 (42 prompt tokens)
2026-10-06 23:13:57.311 INFO  sched: request 'chatcmpl-cc548dce1df233e6' starting prefill in slot 5 (42 prompt tokens)
2026-10-06 23:13:57.311 INFO  sched: request 'chatcmpl-cc548dce1df233e7' starting prefill in slot 6 (40 prompt tokens)
2026-10-06 23:13:57.311 INFO  sched: request 'chatcmpl-cc548dce1df233e8' starting prefill in slot 7 (38 prompt tokens)
2026-10-06 23:13:59.018 INFO  sched: request 'chatcmpl-cc548dce1df233e1' prefix cache miss — 3 cut(s), the cache is empty
2026-10-06 23:13:59.018 INFO  sched: request 'chatcmpl-cc548dce1df233e1' admitted to slot 0 (reserve 3 blocks; pool 10/960 blocks in use) — first token 785
2026-10-06 23:13:59.018 INFO  sched: request 'chatcmpl-cc548dce1df233e2' prefix cache miss — 3 cut(s), the cache is empty
2026-10-06 23:13:59.018 INFO  sched: request 'chatcmpl-cc548dce1df233e2' admitted to slot 1 (reserve 3 blocks; pool 12/960 blocks in use) — first token 785
2026-10-06 23:13:59.018 INFO  sched: request 'chatcmpl-cc548dce1df233e3' prefix cache miss — 3 cut(s), the cache is empty
2026-10-06 23:13:59.018 INFO  sched: request 'chatcmpl-cc548dce1df233e3' admitted to slot 2 (reserve 3 blocks; pool 14/960 blocks in use) — first token 785
2026-10-06 23:13:59.018 INFO  sched: request 'chatcmpl-cc548dce1df233e4' prefix cache miss — 3 cut(s), the cache is empty
2026-10-06 23:13:59.018 INFO  sched: request 'chatcmpl-cc548dce1df233e4' admitted to slot 3 (reserve 3 blocks; pool 16/960 blocks in use) — first token 785
2026-10-06 23:13:59.018 INFO  sched: request 'chatcmpl-cc548dce1df233e5' prefix cache miss — 3 cut(s), the cache is empty
2026-10-06 23:13:59.018 INFO  sched: request 'chatcmpl-cc548dce1df233e5' admitted to slot 4 (reserve 3 blocks; pool 18/960 blocks in use) — first token 785
2026-10-06 23:13:59.018 INFO  sched: request 'chatcmpl-cc548dce1df233e6' prefix cache miss — 3 cut(s), the cache is empty
2026-10-06 23:13:59.018 INFO  sched: request 'chatcmpl-cc548dce1df233e6' admitted to slot 5 (reserve 3 blocks; pool 20/960 blocks in use) — first token 785
2026-10-06 23:13:59.018 INFO  sched: request 'chatcmpl-cc548dce1df233e7' prefix cache miss — 3 cut(s), the cache is empty
2026-10-06 23:13:59.018 INFO  sched: request 'chatcmpl-cc548dce1df233e7' admitted to slot 6 (reserve 3 blocks; pool 22/960 blocks in use) — first token 785
2026-10-06 23:13:59.018 INFO  sched: request 'chatcmpl-cc548dce1df233e8' prefix cache miss — 3 cut(s), the cache is empty
2026-10-06 23:13:59.018 INFO  sched: request 'chatcmpl-cc548dce1df233e8' admitted to slot 7 (reserve 3 blocks; pool 24/960 blocks in use) — first token 785
2026-10-06 23:13:59.018 INFO  sched: 8 requests admitted together in one prefill (1707 ms)
2026-10-06 23:14:01.380 INFO  stats: rank 1 | 10.1 s | decode 44.1 tok/s, 18.5 ms/tok, 163.7 ms/step (50 steps / 443 tok, 81 % of wall) | mtp 1.97 tok/step/req, accept p1 95 % | prefill 8 prompts / 323 tok, 32 tok/s, 5.29 ms/tok, 213 ms avg (17 % of wall), 0 tok cached (0/8 hits) | live 8, queued 0 | pool 24/960 blocks (2 %) | prefix cache 0/4096 entries
2026-10-06 23:14:11.455 INFO  stats: rank 1 | 10.1 s | decode 58.1 tok/s, 17.2 ms/tok, 257.7 ms/step (39 steps / 585 tok, 100 % of wall) | mtp 1.88 tok/step/req, accept p1 88 % | prefill 0 prompts / 0 tok, 0 tok cached (0/0 hits) | live 8, queued 0 | pool 24/960 blocks (2 %) | prefix cache 0/4096 entries
2026-10-06 23:14:21.709 INFO  stats: rank 1 | 10.3 s | decode 56.1 tok/s, 17.8 ms/tok, 269.2 ms/step (38 steps / 575 tok, 100 % of wall) | mtp 1.89 tok/step/req, accept p1 89 % | prefill 0 prompts / 0 tok, 0 tok cached (0/0 hits) | live 8, queued 0 | pool 24/960 blocks (2 %) | prefix cache 0/4096 entries
2026-10-06 23:14:31.726 INFO  stats: rank 1 | 10.0 s | decode 56.4 tok/s, 17.7 ms/tok, 270.1 ms/step (37 steps / 565 tok, 100 % of wall) | mtp 1.91 tok/step/req, accept p1 91 % | prefill 0 prompts / 0 tok, 0 tok cached (0/0 hits) | live 8, queued 0 | pool 24/960 blocks (2 %) | prefix cache 0/4096 entries
2026-10-06 23:14:33.367 INFO  sched: request 'chatcmpl-cc548dce1df233e4' retired (steps): 256 tok in 36.1 s — prefill 49 tok (0 cached) in 1707 ms; decode 255 tok / 130 passes in 34.3 s: 7.4 tok/s, 134.7 ms/tok, 264 ms/pass, 1.96 tok/pass, accept p1 97 %
2026-10-06 23:14:34.168 INFO  sched: request 'chatcmpl-cc548dce1df233e1' retired (steps): 256 tok in 36.9 s — prefill 39 tok (0 cached) in 1707 ms; decode 255 tok / 133 passes in 35.1 s: 7.3 tok/s, 137.8 ms/tok, 264 ms/pass, 1.92 tok/pass, accept p1 92 %
2026-10-06 23:14:34.168 INFO  sched: request 'chatcmpl-cc548dce1df233e2' retired (steps): 256 tok in 36.9 s — prefill 36 tok (0 cached) in 1707 ms; decode 255 tok / 133 passes in 35.1 s: 7.3 tok/s, 137.8 ms/tok, 264 ms/pass, 1.92 tok/pass, accept p1 92 %
2026-10-06 23:14:34.168 INFO  sched: request 'chatcmpl-cc548dce1df233e5' retired (steps): 256 tok in 36.9 s — prefill 42 tok (0 cached) in 1707 ms; decode 255 tok / 133 passes in 35.1 s: 7.3 tok/s, 137.8 ms/tok, 264 ms/pass, 1.92 tok/pass, accept p1 92 %
2026-10-06 23:14:34.656 INFO  sched: request 'chatcmpl-cc548dce1df233e3' retired (steps): 256 tok in 37.3 s — prefill 37 tok (0 cached) in 1707 ms; decode 255 tok / 135 passes in 35.6 s: 7.2 tok/s, 139.8 ms/tok, 264 ms/pass, 1.89 tok/pass, accept p1 90 %
2026-10-06 23:14:34.656 INFO  sched: request 'chatcmpl-cc548dce1df233e7' retired (steps): 256 tok in 37.3 s — prefill 40 tok (0 cached) in 1707 ms; decode 255 tok / 135 passes in 35.6 s: 7.2 tok/s, 139.8 ms/tok, 264 ms/pass, 1.89 tok/pass, accept p1 89 %
2026-10-06 23:14:34.883 INFO  sched: request 'chatcmpl-cc548dce1df233e6' retired (steps): 256 tok in 37.6 s — prefill 42 tok (0 cached) in 1707 ms; decode 255 tok / 136 passes in 35.9 s: 7.1 tok/s, 140.6 ms/tok, 264 ms/pass, 1.88 tok/pass, accept p1 88 %
2026-10-06 23:14:35.212 INFO  sched: request 'chatcmpl-cc548dce1df233e8' retired (steps): 256 tok in 37.9 s — prefill 38 tok (0 cached) in 1707 ms; decode 255 tok / 141 passes in 36.2 s: 7.0 tok/s, 141.9 ms/tok, 257 ms/pass, 1.81 tok/pass, accept p1 81 %
2026-10-06 23:14:35.227 INFO  sched: request 'chatcmpl-cc548dce1df233e9' starting prefill in slot 0 (39 prompt tokens)
2026-10-06 23:14:35.227 INFO  sched: request 'chatcmpl-cc548dce1df233ea' starting prefill in slot 1 (36 prompt tokens)
2026-10-06 23:14:35.227 INFO  sched: request 'chatcmpl-cc548dce1df233eb' starting prefill in slot 2 (49 prompt tokens)
2026-10-06 23:14:35.227 INFO  sched: request 'chatcmpl-cc548dce1df233ec' starting prefill in slot 3 (40 prompt tokens)
2026-10-06 23:14:35.227 INFO  sched: request 'chatcmpl-cc548dce1df233ed' starting prefill in slot 4 (42 prompt tokens)
2026-10-06 23:14:35.227 INFO  sched: request 'chatcmpl-cc548dce1df233ee' starting prefill in slot 5 (37 prompt tokens)
2026-10-06 23:14:35.227 INFO  sched: request 'chatcmpl-cc548dce1df233ef' starting prefill in slot 6 (42 prompt tokens)
2026-10-06 23:14:35.227 INFO  sched: request 'chatcmpl-cc548dce1df233f0' starting prefill in slot 7 (38 prompt tokens)
2026-10-06 23:14:36.932 INFO  sched: request 'chatcmpl-cc548dce1df233e9' prefix cache miss — 3 cut(s), the cache is empty
2026-10-06 23:14:36.932 INFO  sched: request 'chatcmpl-cc548dce1df233e9' admitted to slot 0 (reserve 3 blocks; pool 10/960 blocks in use) — first token 785
2026-10-06 23:14:36.932 INFO  sched: request 'chatcmpl-cc548dce1df233ea' prefix cache miss — 3 cut(s), the cache is empty
2026-10-06 23:14:36.932 INFO  sched: request 'chatcmpl-cc548dce1df233ea' admitted to slot 1 (reserve 3 blocks; pool 12/960 blocks in use) — first token 785
2026-10-06 23:14:36.932 INFO  sched: request 'chatcmpl-cc548dce1df233eb' prefix cache miss — 3 cut(s), the cache is empty
2026-10-06 23:14:36.932 INFO  sched: request 'chatcmpl-cc548dce1df233eb' admitted to slot 2 (reserve 3 blocks; pool 14/960 blocks in use) — first token 785
2026-10-06 23:14:36.932 INFO  sched: request 'chatcmpl-cc548dce1df233ec' prefix cache miss — 3 cut(s), the cache is empty
2026-10-06 23:14:36.932 INFO  sched: request 'chatcmpl-cc548dce1df233ec' admitted to slot 3 (reserve 3 blocks; pool 16/960 blocks in use) — first token 785
2026-10-06 23:14:36.932 INFO  sched: request 'chatcmpl-cc548dce1df233ed' prefix cache miss — 3 cut(s), the cache is empty
2026-10-06 23:14:36.932 INFO  sched: request 'chatcmpl-cc548dce1df233ed' admitted to slot 4 (reserve 3 blocks; pool 18/960 blocks in use) — first token 785
2026-10-06 23:14:36.932 INFO  sched: request 'chatcmpl-cc548dce1df233ee' prefix cache miss — 3 cut(s), the cache is empty
2026-10-06 23:14:36.932 INFO  sched: request 'chatcmpl-cc548dce1df233ee' admitted to slot 5 (reserve 3 blocks; pool 20/960 blocks in use) — first token 785
2026-10-06 23:14:36.932 INFO  sched: request 'chatcmpl-cc548dce1df233ef' prefix cache miss — 3 cut(s), the cache is empty
2026-10-06 23:14:36.932 INFO  sched: request 'chatcmpl-cc548dce1df233ef' admitted to slot 6 (reserve 3 blocks; pool 22/960 blocks in use) — first token 785
2026-10-06 23:14:36.932 INFO  sched: request 'chatcmpl-cc548dce1df233f0' prefix cache miss — 3 cut(s), the cache is empty
2026-10-06 23:14:36.932 INFO  sched: request 'chatcmpl-cc548dce1df233f0' admitted to slot 7 (reserve 3 blocks; pool 24/960 blocks in use) — first token 785
2026-10-06 23:14:36.932 INFO  sched: 8 requests admitted together in one prefill (1705 ms)
2026-10-06 23:14:41.747 INFO  stats: rank 1 | 10.0 s | decode 47.4 tok/s, 17.4 ms/tok, 222.9 ms/step (37 steps / 475 tok, 82 % of wall) | mtp 1.95 tok/step/req, accept p1 93 % | prefill 8 prompts / 323 tok, 32 tok/s, 5.28 ms/tok, 213 ms avg (17 % of wall), 0 tok cached (0/8 hits) | live 8, queued 0 | pool 24/960 blocks (2 %) | prefix cache 0/4096 entries
2026-10-06 23:14:51.804 INFO  stats: rank 1 | 10.1 s | decode 56.1 tok/s, 17.8 ms/tok, 264.0 ms/step (38 steps / 564 tok, 100 % of wall) | mtp 1.86 tok/step/req, accept p1 86 % | prefill 0 prompts / 0 tok, 0 tok cached (0/0 hits) | live 8, queued 0 | pool 24/960 blocks (2 %) | prefix cache 0/4096 entries
2026-10-06 23:15:02.072 INFO  stats: rank 1 | 10.3 s | decode 55.7 tok/s, 17.9 ms/tok, 269.6 ms/step (38 steps / 572 tok, 100 % of wall) | mtp 1.88 tok/step/req, accept p1 88 % | prefill 0 prompts / 0 tok, 0 tok cached (0/0 hits) | live 8, queued 0 | pool 24/960 blocks (2 %) | prefix cache 0/4096 entries
2026-10-06 23:15:11.571 INFO  sched: request 'chatcmpl-cc548dce1df233eb' retired (steps): 256 tok in 36.3 s — prefill 49 tok (0 cached) in 1705 ms; decode 255 tok / 131 passes in 34.6 s: 7.4 tok/s, 135.8 ms/tok, 264 ms/pass, 1.95 tok/pass, accept p1 95 %
2026-10-06 23:15:12.105 INFO  sched: request 'chatcmpl-cc548dce1df233e9' retired (steps): 256 tok in 36.9 s — prefill 39 tok (0 cached) in 1705 ms; decode 255 tok / 133 passes in 35.2 s: 7.2 tok/s, 137.9 ms/tok, 264 ms/pass, 1.92 tok/pass, accept p1 92 %
2026-10-06 23:15:12.105 INFO  sched: request 'chatcmpl-cc548dce1df233ea' retired (steps): 256 tok in 36.9 s — prefill 36 tok (0 cached) in 1705 ms; decode 255 tok / 133 passes in 35.2 s: 7.2 tok/s, 137.9 ms/tok, 264 ms/pass, 1.92 tok/pass, accept p1 92 %
2026-10-06 23:15:12.106 INFO  sched: request 'chatcmpl-cc548dce1df233ef' retired (steps): 256 tok in 36.9 s — prefill 42 tok (0 cached) in 1705 ms; decode 255 tok / 133 passes in 35.2 s: 7.2 tok/s, 137.9 ms/tok, 264 ms/pass, 1.92 tok/pass, accept p1 92 %
2026-10-06 23:15:12.106 INFO  stats: rank 1 | 10.0 s | decode 56.3 tok/s, 17.7 ms/tok, 270.1 ms/step (37 steps / 565 tok, 100 % of wall) | mtp 1.92 tok/step/req, accept p1 93 % | prefill 0 prompts / 0 tok, 0 tok cached (0/0 hits) | live 4, queued 0 | pool 12/960 blocks (1 %) | prefix cache 0/4096 entries
2026-10-06 23:15:12.825 INFO  sched: request 'chatcmpl-cc548dce1df233ec' retired (steps): 256 tok in 37.6 s — prefill 40 tok (0 cached) in 1705 ms; decode 255 tok / 136 passes in 35.9 s: 7.1 tok/s, 140.8 ms/tok, 264 ms/pass, 1.88 tok/pass, accept p1 88 %
2026-10-06 23:15:12.825 INFO  sched: request 'chatcmpl-cc548dce1df233ed' retired (steps): 256 tok in 37.6 s — prefill 42 tok (0 cached) in 1705 ms; decode 255 tok / 136 passes in 35.9 s: 7.1 tok/s, 140.8 ms/tok, 264 ms/pass, 1.88 tok/pass, accept p1 88 %
2026-10-06 23:15:12.825 INFO  sched: request 'chatcmpl-cc548dce1df233ee' retired (steps): 256 tok in 37.6 s — prefill 37 tok (0 cached) in 1705 ms; decode 255 tok / 136 passes in 35.9 s: 7.1 tok/s, 140.8 ms/tok, 264 ms/pass, 1.88 tok/pass, accept p1 88 %
2026-10-06 23:15:13.162 INFO  sched: request 'chatcmpl-cc548dce1df233f0' retired (steps): 256 tok in 37.9 s — prefill 38 tok (0 cached) in 1705 ms; decode 255 tok / 141 passes in 36.2 s: 7.0 tok/s, 142.1 ms/tok, 257 ms/pass, 1.81 tok/pass, accept p1 81 %
2026-10-06 23:15:13.182 INFO  sched: request 'chatcmpl-cc548dce1df233f1' starting prefill in slot 0 (39 prompt tokens)
2026-10-06 23:15:13.182 INFO  sched: request 'chatcmpl-cc548dce1df233f2' starting prefill in slot 1 (49 prompt tokens)
2026-10-06 23:15:13.182 INFO  sched: request 'chatcmpl-cc548dce1df233f3' starting prefill in slot 2 (37 prompt tokens)
2026-10-06 23:15:13.182 INFO  sched: request 'chatcmpl-cc548dce1df233f4' starting prefill in slot 3 (36 prompt tokens)
2026-10-06 23:15:13.182 INFO  sched: request 'chatcmpl-cc548dce1df233f5' starting prefill in slot 4 (42 prompt tokens)
2026-10-06 23:15:13.182 INFO  sched: request 'chatcmpl-cc548dce1df233f6' starting prefill in slot 5 (42 prompt tokens)
2026-10-06 23:15:13.182 INFO  sched: request 'chatcmpl-cc548dce1df233f7' starting prefill in slot 6 (40 prompt tokens)
2026-10-06 23:15:13.182 INFO  sched: request 'chatcmpl-cc548dce1df233f8' starting prefill in slot 7 (38 prompt tokens)
2026-10-06 23:15:14.885 INFO  sched: request 'chatcmpl-cc548dce1df233f1' prefix cache miss — 3 cut(s), the cache is empty
2026-10-06 23:15:14.885 INFO  sched: request 'chatcmpl-cc548dce1df233f1' admitted to slot 0 (reserve 3 blocks; pool 10/960 blocks in use) — first token 785
2026-10-06 23:15:14.885 INFO  sched: request 'chatcmpl-cc548dce1df233f2' prefix cache miss — 3 cut(s), the cache is empty
2026-10-06 23:15:14.885 INFO  sched: request 'chatcmpl-cc548dce1df233f2' admitted to slot 1 (reserve 3 blocks; pool 12/960 blocks in use) — first token 785
2026-10-06 23:15:14.885 INFO  sched: request 'chatcmpl-cc548dce1df233f3' prefix cache miss — 3 cut(s), the cache is empty
2026-10-06 23:15:14.885 INFO  sched: request 'chatcmpl-cc548dce1df233f3' admitted to slot 2 (reserve 3 blocks; pool 14/960 blocks in use) — first token 785
2026-10-06 23:15:14.885 INFO  sched: request 'chatcmpl-cc548dce1df233f4' prefix cache miss — 3 cut(s), the cache is empty
2026-10-06 23:15:14.885 INFO  sched: request 'chatcmpl-cc548dce1df233f4' admitted to slot 3 (reserve 3 blocks; pool 16/960 blocks in use) — first token 785
2026-10-06 23:15:14.885 INFO  sched: request 'chatcmpl-cc548dce1df233f5' prefix cache miss — 3 cut(s), the cache is empty
2026-10-06 23:15:14.885 INFO  sched: request 'chatcmpl-cc548dce1df233f5' admitted to slot 4 (reserve 3 blocks; pool 18/960 blocks in use) — first token 785
2026-10-06 23:15:14.885 INFO  sched: request 'chatcmpl-cc548dce1df233f6' prefix cache miss — 3 cut(s), the cache is empty
2026-10-06 23:15:14.885 INFO  sched: request 'chatcmpl-cc548dce1df233f6' admitted to slot 5 (reserve 3 blocks; pool 20/960 blocks in use) — first token 785
2026-10-06 23:15:14.885 INFO  sched: request 'chatcmpl-cc548dce1df233f7' prefix cache miss — 3 cut(s), the cache is empty
2026-10-06 23:15:14.885 INFO  sched: request 'chatcmpl-cc548dce1df233f7' admitted to slot 6 (reserve 3 blocks; pool 22/960 blocks in use) — first token 785
2026-10-06 23:15:14.885 INFO  sched: request 'chatcmpl-cc548dce1df233f8' prefix cache miss — 3 cut(s), the cache is empty
2026-10-06 23:15:14.885 INFO  sched: request 'chatcmpl-cc548dce1df233f8' admitted to slot 7 (reserve 3 blocks; pool 24/960 blocks in use) — first token 785
2026-10-06 23:15:14.885 INFO  sched: 8 requests admitted together in one prefill (1703 ms)
2026-10-06 23:15:22.276 INFO  stats: rank 1 | 10.2 s | decode 49.0 tok/s, 16.9 ms/tok, 221.3 ms/step (38 steps / 498 tok, 83 % of wall) | mtp 1.94 tok/step/req, accept p1 91 % | prefill 8 prompts / 323 tok, 32 tok/s, 5.27 ms/tok, 213 ms avg (17 % of wall), 0 tok cached (0/8 hits) | live 8, queued 0 | pool 24/960 blocks (2 %) | prefix cache 0/4096 entries
2026-10-06 23:15:32.404 INFO  stats: rank 1 | 10.1 s | decode 56.1 tok/s, 17.8 ms/tok, 265.9 ms/step (38 steps / 568 tok, 100 % of wall) | mtp 1.87 tok/step/req, accept p1 87 % | prefill 0 prompts / 0 tok, 0 tok cached (0/0 hits) | live 8, queued 0 | pool 24/960 blocks (2 %) | prefix cache 0/4096 entries
2026-10-06 23:15:42.664 INFO  stats: rank 1 | 10.3 s | decode 56.0 tok/s, 17.8 ms/tok, 269.5 ms/step (38 steps / 575 tok, 100 % of wall) | mtp 1.89 tok/step/req, accept p1 89 % | prefill 0 prompts / 0 tok, 0 tok cached (0/0 hits) | live 8, queued 0 | pool 24/960 blocks (2 %) | prefix cache 0/4096 entries
2026-10-06 23:15:49.555 INFO  sched: request 'chatcmpl-cc548dce1df233f2' retired (steps): 256 tok in 36.4 s — prefill 49 tok (0 cached) in 1703 ms; decode 255 tok / 131 passes in 34.7 s: 7.4 tok/s, 136.0 ms/tok, 265 ms/pass, 1.95 tok/pass, accept p1 95 %
2026-10-06 23:15:50.134 INFO  sched: request 'chatcmpl-cc548dce1df233f1' retired (steps): 256 tok in 37.0 s — prefill 39 tok (0 cached) in 1703 ms; decode 255 tok / 133 passes in 35.2 s: 7.2 tok/s, 138.2 ms/tok, 265 ms/pass, 1.92 tok/pass, accept p1 92 %
2026-10-06 23:15:50.134 INFO  sched: request 'chatcmpl-cc548dce1df233f4' retired (steps): 256 tok in 37.0 s — prefill 36 tok (0 cached) in 1703 ms; decode 255 tok / 133 passes in 35.2 s: 7.2 tok/s, 138.2 ms/tok, 265 ms/pass, 1.92 tok/pass, accept p1 92 %
2026-10-06 23:15:50.134 INFO  sched: request 'chatcmpl-cc548dce1df233f5' retired (steps): 256 tok in 37.0 s — prefill 42 tok (0 cached) in 1703 ms; decode 255 tok / 133 passes in 35.2 s: 7.2 tok/s, 138.2 ms/tok, 265 ms/pass, 1.92 tok/pass, accept p1 92 %
2026-10-06 23:15:50.620 INFO  sched: request 'chatcmpl-cc548dce1df233f7' retired (steps): 256 tok in 37.4 s — prefill 40 tok (0 cached) in 1703 ms; decode 255 tok / 135 passes in 35.7 s: 7.1 tok/s, 140.1 ms/tok, 265 ms/pass, 1.89 tok/pass, accept p1 89 %
2026-10-06 23:15:50.855 INFO  sched: request 'chatcmpl-cc548dce1df233f3' retired (steps): 256 tok in 37.7 s — prefill 37 tok (0 cached) in 1703 ms; decode 255 tok / 136 passes in 36.0 s: 7.1 tok/s, 141.1 ms/tok, 264 ms/pass, 1.88 tok/pass, accept p1 88 %
2026-10-06 23:15:50.855 INFO  sched: request 'chatcmpl-cc548dce1df233f6' retired (steps): 256 tok in 37.7 s — prefill 42 tok (0 cached) in 1703 ms; decode 255 tok / 136 passes in 36.0 s: 7.1 tok/s, 141.1 ms/tok, 264 ms/pass, 1.88 tok/pass, accept p1 88 %
2026-10-06 23:15:51.204 INFO  sched: request 'chatcmpl-cc548dce1df233f8' retired (steps): 256 tok in 38.0 s — prefill 38 tok (0 cached) in 1703 ms; decode 255 tok / 141 passes in 36.3 s: 7.0 tok/s, 142.4 ms/tok, 258 ms/pass, 1.81 tok/pass, accept p1 81 %
2026-10-06 23:15:51.286 INFO  sched: request 'chatcmpl-cc548dce1df233f9' starting prefill in slot 0 (40 prompt tokens)
2026-10-06 23:15:51.764 INFO  sched: request 'chatcmpl-cc548dce1df233f9' prefix cache miss — 3 cut(s), the cache is empty
2026-10-06 23:15:51.764 INFO  sched: request 'chatcmpl-cc548dce1df233f9' admitted to slot 0 (reserve 3 blocks; pool 3/960 blocks in use) — first token 785
2026-10-06 23:15:52.684 INFO  stats: rank 1 | 10.0 s | decode 46.5 tok/s, 20.2 ms/tok, 191.7 ms/step (49 steps / 466 tok, 94 % of wall) | mtp 1.91 tok/step/req, accept p1 92 % | prefill 1 prompt / 40 tok, 4 tok/s, 11.95 ms/tok, 478 ms avg (5 % of wall), 0 tok cached (0/1 hit) | live 1, queued 0 | pool 3/960 blocks (0 %) | prefix cache 0/4096 entries
2026-10-06 23:16:01.066 INFO  sched: request 'chatcmpl-cc548dce1df233f9' retired (steps): 256 tok in 9.8 s — prefill 40 tok (0 cached) in 478 ms; decode 255 tok / 144 passes in 9.3 s: 27.4 tok/s, 36.5 ms/tok, 65 ms/pass, 1.77 tok/pass, accept p1 77 %
2026-10-06 23:16:01.086 INFO  sched: request 'chatcmpl-cc548dce1df233fa' starting prefill in slot 0 (40 prompt tokens)
2026-10-06 23:16:01.558 INFO  sched: request 'chatcmpl-cc548dce1df233fa' prefix cache miss — 3 cut(s), the cache is empty
2026-10-06 23:16:01.558 INFO  sched: request 'chatcmpl-cc548dce1df233fa' admitted to slot 0 (reserve 3 blocks; pool 3/960 blocks in use) — first token 785
2026-10-06 23:16:02.738 INFO  stats: rank 1 | 10.1 s | decode 26.0 tok/s, 36.4 ms/tok, 64.3 ms/step (148 steps / 261 tok, 95 % of wall) | mtp 1.76 tok/step/req, accept p1 76 % | prefill 1 prompt / 40 tok, 4 tok/s, 11.81 ms/tok, 472 ms avg (5 % of wall), 0 tok cached (0/1 hit) | live 1, queued 0 | pool 3/960 blocks (0 %) | prefix cache 0/4096 entries
2026-10-06 23:16:10.950 INFO  sched: request 'chatcmpl-cc548dce1df233fa' retired (steps): 256 tok in 9.9 s — prefill 40 tok (0 cached) in 472 ms; decode 255 tok / 144 passes in 9.4 s: 27.2 tok/s, 36.8 ms/tok, 65 ms/pass, 1.77 tok/pass, accept p1 77 %
2026-10-06 23:16:10.975 INFO  sched: request 'chatcmpl-cc548dce1df233fb' starting prefill in slot 0 (40 prompt tokens)
2026-10-06 23:16:11.456 INFO  sched: request 'chatcmpl-cc548dce1df233fb' prefix cache miss — 3 cut(s), the cache is empty
2026-10-06 23:16:11.456 INFO  sched: request 'chatcmpl-cc548dce1df233fb' admitted to slot 0 (reserve 3 blocks; pool 3/960 blocks in use) — first token 785
2026-10-06 23:16:12.773 INFO  stats: rank 1 | 10.0 s | decode 25.8 tok/s, 36.6 ms/tok, 64.8 ms/step (146 steps / 259 tok, 94 % of wall) | mtp 1.77 tok/step/req, accept p1 77 % | prefill 1 prompt / 40 tok, 4 tok/s, 12.02 ms/tok, 481 ms avg (5 % of wall), 0 tok cached (0/1 hit) | live 1, queued 0 | pool 3/960 blocks (0 %) | prefix cache 0/4096 entries
2026-10-06 23:16:20.767 INFO  sched: request 'chatcmpl-cc548dce1df233fb' retired (steps): 256 tok in 9.8 s — prefill 40 tok (0 cached) in 481 ms; decode 255 tok / 144 passes in 9.3 s: 27.4 tok/s, 36.5 ms/tok, 65 ms/pass, 1.77 tok/pass, accept p1 77 %
2026-10-06 23:16:20.807 INFO  sched: request 'chatcmpl-cc548dce1df233fc' starting prefill in slot 0 (40 prompt tokens)
2026-10-06 23:16:20.807 INFO  sched: request 'chatcmpl-cc548dce1df233fd' starting prefill in slot 1 (41 prompt tokens)
2026-10-06 23:16:21.580 INFO  sched: request 'chatcmpl-cc548dce1df233fc' prefix cache miss — 3 cut(s), the cache is empty
2026-10-06 23:16:21.580 INFO  sched: request 'chatcmpl-cc548dce1df233fc' admitted to slot 0 (reserve 3 blocks; pool 4/960 blocks in use) — first token 785
2026-10-06 23:16:21.580 INFO  sched: request 'chatcmpl-cc548dce1df233fd' prefix cache miss — 3 cut(s), the cache is empty
2026-10-06 23:16:21.580 INFO  sched: request 'chatcmpl-cc548dce1df233fd' admitted to slot 1 (reserve 3 blocks; pool 6/960 blocks in use) — first token 785
2026-10-06 23:16:21.580 INFO  sched: 2 requests admitted together in one prefill (773 ms)
2026-10-06 23:16:22.795 INFO  stats: rank 1 | 10.0 s | decode 26.8 tok/s, 34.1 ms/tok, 66.9 ms/step (137 steps / 269 tok, 91 % of wall) | mtp 1.79 tok/step/req, accept p1 78 % | prefill 2 prompts / 81 tok, 8 tok/s, 9.55 ms/tok, 387 ms avg (8 % of wall), 0 tok cached (0/2 hits) | live 2, queued 0 | pool 6/960 blocks (1 %) | prefix cache 0/4096 entries
2026-10-06 23:16:32.880 INFO  stats: rank 1 | 10.1 s | decode 37.8 tok/s, 26.4 ms/tok, 93.0 ms/step (108 steps / 381 tok, 100 % of wall) | mtp 1.76 tok/step/req, accept p1 76 % | prefill 0 prompts / 0 tok, 0 tok cached (0/0 hits) | live 2, queued 0 | pool 6/960 blocks (1 %) | prefix cache 0/4096 entries
2026-10-06 23:16:35.032 INFO  sched: request 'chatcmpl-cc548dce1df233fc' retired (steps): 256 tok in 14.2 s — prefill 40 tok (0 cached) in 773 ms; decode 255 tok / 144 passes in 13.5 s: 19.0 tok/s, 52.8 ms/tok, 93 ms/pass, 1.77 tok/pass, accept p1 77 %
2026-10-06 23:16:35.162 INFO  sched: request 'chatcmpl-cc548dce1df233fd' retired (steps): 256 tok in 14.4 s — prefill 41 tok (0 cached) in 773 ms; decode 255 tok / 146 passes in 13.6 s: 18.8 tok/s, 53.3 ms/tok, 93 ms/pass, 1.75 tok/pass, accept p1 75 %
2026-10-06 23:16:35.182 INFO  sched: request 'chatcmpl-cc548dce1df233fe' starting prefill in slot 0 (40 prompt tokens)
2026-10-06 23:16:35.182 INFO  sched: request 'chatcmpl-cc548dce1df233ff' starting prefill in slot 1 (41 prompt tokens)
2026-10-06 23:16:35.952 INFO  sched: request 'chatcmpl-cc548dce1df233fe' prefix cache miss — 3 cut(s), the cache is empty
2026-10-06 23:16:35.952 INFO  sched: request 'chatcmpl-cc548dce1df233fe' admitted to slot 0 (reserve 3 blocks; pool 4/960 blocks in use) — first token 785
2026-10-06 23:16:35.952 INFO  sched: request 'chatcmpl-cc548dce1df233ff' prefix cache miss — 3 cut(s), the cache is empty
2026-10-06 23:16:35.952 INFO  sched: request 'chatcmpl-cc548dce1df233ff' admitted to slot 1 (reserve 3 blocks; pool 6/960 blocks in use) — first token 785
2026-10-06 23:16:35.952 INFO  sched: 2 requests admitted together in one prefill (770 ms)
2026-10-06 23:16:42.923 INFO  stats: rank 1 | 10.0 s | decode 35.0 tok/s, 26.2 ms/tok, 92.1 ms/step (100 steps / 351 tok, 92 % of wall) | mtp 1.77 tok/step/req, accept p1 76 % | prefill 2 prompts / 81 tok, 8 tok/s, 9.50 ms/tok, 385 ms avg (8 % of wall), 0 tok cached (0/2 hits) | live 2, queued 0 | pool 6/960 blocks (1 %) | prefix cache 0/4096 entries
2026-10-06 23:16:49.319 INFO  sched: request 'chatcmpl-cc548dce1df233fe' retired (steps): 256 tok in 14.1 s — prefill 40 tok (0 cached) in 770 ms; decode 255 tok / 143 passes in 13.4 s: 19.1 tok/s, 52.4 ms/tok, 93 ms/pass, 1.78 tok/pass, accept p1 78 %
2026-10-06 23:16:49.513 INFO  sched: request 'chatcmpl-cc548dce1df233ff' retired (steps): 256 tok in 14.3 s — prefill 41 tok (0 cached) in 770 ms; decode 255 tok / 146 passes in 13.6 s: 18.8 tok/s, 53.2 ms/tok, 93 ms/pass, 1.75 tok/pass, accept p1 75 %
2026-10-06 23:16:49.527 INFO  sched: request 'chatcmpl-cc548dce1df23400' starting prefill in slot 0 (40 prompt tokens)
2026-10-06 23:16:49.528 INFO  sched: request 'chatcmpl-cc548dce1df23401' starting prefill in slot 1 (41 prompt tokens)
2026-10-06 23:16:50.301 INFO  sched: request 'chatcmpl-cc548dce1df23400' prefix cache miss — 3 cut(s), the cache is empty
2026-10-06 23:16:50.301 INFO  sched: request 'chatcmpl-cc548dce1df23400' admitted to slot 0 (reserve 3 blocks; pool 4/960 blocks in use) — first token 785
2026-10-06 23:16:50.301 INFO  sched: request 'chatcmpl-cc548dce1df23401' prefix cache miss — 3 cut(s), the cache is empty
2026-10-06 23:16:50.301 INFO  sched: request 'chatcmpl-cc548dce1df23401' admitted to slot 1 (reserve 3 blocks; pool 6/960 blocks in use) — first token 785
2026-10-06 23:16:50.301 INFO  sched: 2 requests admitted together in one prefill (773 ms)
2026-10-06 23:16:52.966 INFO  stats: rank 1 | 10.0 s | decode 35.0 tok/s, 26.2 ms/tok, 92.1 ms/step (100 steps / 352 tok, 92 % of wall) | mtp 1.79 tok/step/req, accept p1 78 % | prefill 2 prompts / 81 tok, 8 tok/s, 9.55 ms/tok, 387 ms avg (8 % of wall), 0 tok cached (0/2 hits) | live 2, queued 0 | pool 6/960 blocks (1 %) | prefix cache 0/4096 entries
2026-10-06 23:17:03.042 INFO  stats: rank 1 | 10.1 s | decode 37.5 tok/s, 26.5 ms/tok, 91.9 ms/step (109 steps / 378 tok, 99 % of wall) | mtp 1.73 tok/step/req, accept p1 73 % | prefill 0 prompts / 0 tok, 0 tok cached (0/0 hits) | live 2, queued 0 | pool 6/960 blocks (1 %) | prefix cache 0/4096 entries
2026-10-06 23:17:03.512 INFO  sched: request 'chatcmpl-cc548dce1df23400' retired (steps): 256 tok in 14.0 s — prefill 40 tok (0 cached) in 773 ms; decode 255 tok / 143 passes in 13.2 s: 19.3 tok/s, 51.8 ms/tok, 92 ms/pass, 1.78 tok/pass, accept p1 78 %
2026-10-06 23:17:03.705 INFO  sched: request 'chatcmpl-cc548dce1df23401' retired (steps): 256 tok in 14.2 s — prefill 41 tok (0 cached) in 773 ms; decode 255 tok / 146 passes in 13.4 s: 19.0 tok/s, 52.6 ms/tok, 92 ms/pass, 1.75 tok/pass, accept p1 75 %
2026-10-06 23:17:03.756 INFO  sched: request 'chatcmpl-cc548dce1df23402' starting prefill in slot 0 (40 prompt tokens)
2026-10-06 23:17:03.756 INFO  sched: request 'chatcmpl-cc548dce1df23403' starting prefill in slot 1 (31 prompt tokens)
2026-10-06 23:17:03.756 INFO  sched: request 'chatcmpl-cc548dce1df23404' starting prefill in slot 2 (31 prompt tokens)
2026-10-06 23:17:03.756 INFO  sched: request 'chatcmpl-cc548dce1df23405' starting prefill in slot 3 (31 prompt tokens)
2026-10-06 23:17:04.637 INFO  sched: request 'chatcmpl-cc548dce1df23402' prefix cache miss — 3 cut(s), the cache is empty
2026-10-06 23:17:04.637 INFO  sched: request 'chatcmpl-cc548dce1df23402' admitted to slot 0 (reserve 3 blocks; pool 6/960 blocks in use) — first token 785
2026-10-06 23:17:04.637 INFO  sched: request 'chatcmpl-cc548dce1df23403' prefix cache miss — 3 cut(s), the cache is empty
2026-10-06 23:17:04.637 INFO  sched: request 'chatcmpl-cc548dce1df23403' admitted to slot 1 (reserve 3 blocks; pool 8/960 blocks in use) — first token 785
2026-10-06 23:17:04.637 INFO  sched: request 'chatcmpl-cc548dce1df23404' prefix cache miss — 3 cut(s), the cache is empty
2026-10-06 23:17:04.637 INFO  sched: request 'chatcmpl-cc548dce1df23404' admitted to slot 2 (reserve 3 blocks; pool 10/960 blocks in use) — first token 785
2026-10-06 23:17:04.637 INFO  sched: request 'chatcmpl-cc548dce1df23405' prefix cache miss — 3 cut(s), the cache is empty
2026-10-06 23:17:04.637 INFO  sched: request 'chatcmpl-cc548dce1df23405' admitted to slot 3 (reserve 3 blocks; pool 12/960 blocks in use) — first token 785
2026-10-06 23:17:04.637 INFO  sched: 4 requests admitted together in one prefill (881 ms)
2026-10-06 23:17:13.184 INFO  stats: rank 1 | 10.1 s | decode 45.7 tok/s, 19.8 ms/tok, 138.9 ms/step (66 steps / 463 tok, 90 % of wall) | mtp 1.89 tok/step/req, accept p1 87 % | prefill 4 prompts / 133 tok, 13 tok/s, 6.62 ms/tok, 220 ms avg (9 % of wall), 0 tok cached (0/4 hits) | live 4, queued 0 | pool 12/960 blocks (1 %) | prefix cache 0/4096 entries
2026-10-06 23:17:23.331 INFO  stats: rank 1 | 10.1 s | decode 46.2 tok/s, 21.5 ms/tok, 150.8 ms/step (67 steps / 469 tok, 100 % of wall) | mtp 1.75 tok/step/req, accept p1 75 % | prefill 0 prompts / 0 tok, 0 tok cached (0/0 hits) | live 4, queued 0 | pool 12/960 blocks (1 %) | prefix cache 0/4096 entries
2026-10-06 23:17:25.439 INFO  sched: request 'chatcmpl-cc548dce1df23404' retired (steps): 256 tok in 21.7 s — prefill 31 tok (0 cached) in 881 ms; decode 255 tok / 139 passes in 20.8 s: 12.3 tok/s, 81.6 ms/tok, 150 ms/pass, 1.83 tok/pass, accept p1 84 %
2026-10-06 23:17:25.884 INFO  sched: request 'chatcmpl-cc548dce1df23405' retired (steps): 256 tok in 22.1 s — prefill 31 tok (0 cached) in 881 ms; decode 255 tok / 142 passes in 21.2 s: 12.0 tok/s, 83.3 ms/tok, 150 ms/pass, 1.80 tok/pass, accept p1 80 %
2026-10-06 23:17:25.976 INFO  sched: request 'chatcmpl-cc548dce1df23402' retired (steps): 256 tok in 22.2 s — prefill 40 tok (0 cached) in 881 ms; decode 255 tok / 143 passes in 21.3 s: 11.9 tok/s, 83.7 ms/tok, 149 ms/pass, 1.78 tok/pass, accept p1 79 %
2026-10-06 23:17:26.043 INFO  sched: request 'chatcmpl-cc548dce1df23403' retired (steps): 256 tok in 22.3 s — prefill 31 tok (0 cached) in 881 ms; decode 255 tok / 144 passes in 21.4 s: 11.9 tok/s, 83.9 ms/tok, 149 ms/pass, 1.77 tok/pass, accept p1 77 %
2026-10-06 23:17:26.063 INFO  sched: request 'chatcmpl-cc548dce1df23406' starting prefill in slot 0 (40 prompt tokens)
2026-10-06 23:17:26.063 INFO  sched: request 'chatcmpl-cc548dce1df23407' starting prefill in slot 1 (31 prompt tokens)
2026-10-06 23:17:26.063 INFO  sched: request 'chatcmpl-cc548dce1df23408' starting prefill in slot 2 (31 prompt tokens)
2026-10-06 23:17:26.063 INFO  sched: request 'chatcmpl-cc548dce1df23409' starting prefill in slot 3 (31 prompt tokens)
2026-10-06 23:17:26.964 INFO  sched: request 'chatcmpl-cc548dce1df23406' prefix cache miss — 3 cut(s), the cache is empty
2026-10-06 23:17:26.964 INFO  sched: request 'chatcmpl-cc548dce1df23406' admitted to slot 0 (reserve 3 blocks; pool 6/960 blocks in use) — first token 785
2026-10-06 23:17:26.964 INFO  sched: request 'chatcmpl-cc548dce1df23407' prefix cache miss — 3 cut(s), the cache is empty
2026-10-06 23:17:26.964 INFO  sched: request 'chatcmpl-cc548dce1df23407' admitted to slot 1 (reserve 3 blocks; pool 8/960 blocks in use) — first token 785
2026-10-06 23:17:26.964 INFO  sched: request 'chatcmpl-cc548dce1df23408' prefix cache miss — 3 cut(s), the cache is empty
2026-10-06 23:17:26.964 INFO  sched: request 'chatcmpl-cc548dce1df23408' admitted to slot 2 (reserve 3 blocks; pool 10/960 blocks in use) — first token 785
2026-10-06 23:17:26.964 INFO  sched: request 'chatcmpl-cc548dce1df23409' prefix cache miss — 3 cut(s), the cache is empty
2026-10-06 23:17:26.964 INFO  sched: request 'chatcmpl-cc548dce1df23409' admitted to slot 3 (reserve 3 blocks; pool 12/960 blocks in use) — first token 785
2026-10-06 23:17:26.964 INFO  sched: 4 requests admitted together in one prefill (901 ms)
2026-10-06 23:17:33.383 INFO  stats: rank 1 | 10.1 s | decode 44.6 tok/s, 20.3 ms/tok, 144.1 ms/step (63 steps / 448 tok, 90 % of wall) | mtp 1.84 tok/step/req, accept p1 83 % | prefill 4 prompts / 133 tok, 13 tok/s, 6.78 ms/tok, 225 ms avg (9 % of wall), 0 tok cached (0/4 hits) | live 4, queued 0 | pool 12/960 blocks (1 %) | prefix cache 0/4096 entries
2026-10-06 23:17:43.459 INFO  stats: rank 1 | 10.1 s | decode 47.4 tok/s, 21.0 ms/tok, 149.8 ms/step (67 steps / 478 tok, 100 % of wall) | mtp 1.78 tok/step/req, accept p1 78 % | prefill 0 prompts / 0 tok, 0 tok cached (0/0 hits) | live 4, queued 0 | pool 12/960 blocks (1 %) | prefix cache 0/4096 entries
2026-10-06 23:17:47.861 INFO  sched: request 'chatcmpl-cc548dce1df23409' retired (steps): 256 tok in 21.8 s — prefill 31 tok (0 cached) in 901 ms; decode 255 tok / 140 passes in 20.9 s: 12.2 tok/s, 81.9 ms/tok, 149 ms/pass, 1.82 tok/pass, accept p1 83 %
2026-10-06 23:17:48.114 INFO  sched: request 'chatcmpl-cc548dce1df23406' retired (steps): 256 tok in 22.1 s — prefill 40 tok (0 cached) in 901 ms; decode 255 tok / 142 passes in 21.2 s: 12.1 tok/s, 82.9 ms/tok, 149 ms/pass, 1.80 tok/pass, accept p1 80 %
2026-10-06 23:17:48.114 INFO  sched: request 'chatcmpl-cc548dce1df23408' retired (steps): 256 tok in 22.1 s — prefill 31 tok (0 cached) in 901 ms; decode 255 tok / 142 passes in 21.2 s: 12.1 tok/s, 82.9 ms/tok, 149 ms/pass, 1.80 tok/pass, accept p1 80 %
2026-10-06 23:17:48.248 INFO  sched: request 'chatcmpl-cc548dce1df23407' retired (steps): 256 tok in 22.2 s — prefill 31 tok (0 cached) in 901 ms; decode 255 tok / 144 passes in 21.3 s: 12.0 tok/s, 83.5 ms/tok, 148 ms/pass, 1.77 tok/pass, accept p1 77 %
2026-10-06 23:17:48.262 INFO  sched: request 'chatcmpl-cc548dce1df2340a' starting prefill in slot 0 (40 prompt tokens)
2026-10-06 23:17:48.262 INFO  sched: request 'chatcmpl-cc548dce1df2340b' starting prefill in slot 1 (31 prompt tokens)
2026-10-06 23:17:48.262 INFO  sched: request 'chatcmpl-cc548dce1df2340c' starting prefill in slot 2 (31 prompt tokens)
2026-10-06 23:17:48.262 INFO  sched: request 'chatcmpl-cc548dce1df2340d' starting prefill in slot 3 (31 prompt tokens)
2026-10-06 23:17:49.143 INFO  sched: request 'chatcmpl-cc548dce1df2340a' prefix cache miss — 3 cut(s), the cache is empty
2026-10-06 23:17:49.143 INFO  sched: request 'chatcmpl-cc548dce1df2340a' admitted to slot 0 (reserve 3 blocks; pool 6/960 blocks in use) — first token 785
2026-10-06 23:17:49.143 INFO  sched: request 'chatcmpl-cc548dce1df2340b' prefix cache miss — 3 cut(s), the cache is empty
2026-10-06 23:17:49.143 INFO  sched: request 'chatcmpl-cc548dce1df2340b' admitted to slot 1 (reserve 3 blocks; pool 8/960 blocks in use) — first token 785
2026-10-06 23:17:49.143 INFO  sched: request 'chatcmpl-cc548dce1df2340c' prefix cache miss — 3 cut(s), the cache is empty
2026-10-06 23:17:49.143 INFO  sched: request 'chatcmpl-cc548dce1df2340c' admitted to slot 2 (reserve 3 blocks; pool 10/960 blocks in use) — first token 785
2026-10-06 23:17:49.143 INFO  sched: request 'chatcmpl-cc548dce1df2340d' prefix cache miss — 3 cut(s), the cache is empty
2026-10-06 23:17:49.143 INFO  sched: request 'chatcmpl-cc548dce1df2340d' admitted to slot 3 (reserve 3 blocks; pool 12/960 blocks in use) — first token 785
2026-10-06 23:17:49.143 INFO  sched: 4 requests admitted together in one prefill (881 ms)
2026-10-06 23:17:53.485 INFO  stats: rank 1 | 10.0 s | decode 44.2 tok/s, 20.5 ms/tok, 144.1 ms/step (63 steps / 443 tok, 91 % of wall) | mtp 1.82 tok/step/req, accept p1 81 % | prefill 4 prompts / 133 tok, 13 tok/s, 6.62 ms/tok, 220 ms avg (9 % of wall), 0 tok cached (0/4 hits) | live 4, queued 0 | pool 12/960 blocks (1 %) | prefix cache 0/4096 entries
2026-10-06 23:18:03.568 INFO  stats: rank 1 | 10.1 s | decode 48.0 tok/s, 20.7 ms/tok, 149.9 ms/step (67 steps / 484 tok, 100 % of wall) | mtp 1.81 tok/step/req, accept p1 81 % | prefill 0 prompts / 0 tok, 0 tok cached (0/0 hits) | live 4, queued 0 | pool 12/960 blocks (1 %) | prefix cache 0/4096 entries
2026-10-06 23:18:10.069 INFO  sched: request 'chatcmpl-cc548dce1df2340d' retired (steps): 256 tok in 21.8 s — prefill 31 tok (0 cached) in 881 ms; decode 255 tok / 140 passes in 20.9 s: 12.2 tok/s, 82.1 ms/tok, 149 ms/pass, 1.82 tok/pass, accept p1 83 %
2026-10-06 23:18:10.331 INFO  sched: request 'chatcmpl-cc548dce1df2340a' retired (steps): 256 tok in 22.1 s — prefill 40 tok (0 cached) in 881 ms; decode 255 tok / 142 passes in 21.2 s: 12.0 tok/s, 83.1 ms/tok, 149 ms/pass, 1.80 tok/pass, accept p1 80 %
2026-10-06 23:18:10.331 INFO  sched: request 'chatcmpl-cc548dce1df2340c' retired (steps): 256 tok in 22.1 s — prefill 31 tok (0 cached) in 881 ms; decode 255 tok / 142 passes in 21.2 s: 12.0 tok/s, 83.1 ms/tok, 149 ms/pass, 1.80 tok/pass, accept p1 80 %
2026-10-06 23:18:10.462 INFO  sched: request 'chatcmpl-cc548dce1df2340b' retired (steps): 256 tok in 22.2 s — prefill 31 tok (0 cached) in 881 ms; decode 255 tok / 144 passes in 21.3 s: 12.0 tok/s, 83.6 ms/tok, 148 ms/pass, 1.77 tok/pass, accept p1 77 %
2026-10-06 23:18:10.585 INFO  sched: request 'chatcmpl-cc548dce1df2340e' starting prefill in slot 0 (31 prompt tokens)
2026-10-06 23:18:10.585 INFO  sched: request 'chatcmpl-cc548dce1df2340f' starting prefill in slot 1 (30 prompt tokens)
2026-10-06 23:18:10.586 INFO  sched: request 'chatcmpl-cc548dce1df23410' starting prefill in slot 2 (31 prompt tokens)
2026-10-06 23:18:10.586 INFO  sched: request 'chatcmpl-cc548dce1df23411' starting prefill in slot 3 (32 prompt tokens)
2026-10-06 23:18:10.586 INFO  sched: request 'chatcmpl-cc548dce1df23412' starting prefill in slot 4 (31 prompt tokens)
2026-10-06 23:18:10.586 INFO  sched: request 'chatcmpl-cc548dce1df23413' starting prefill in slot 5 (30 prompt tokens)
2026-10-06 23:18:10.586 INFO  sched: request 'chatcmpl-cc548dce1df23414' starting prefill in slot 6 (31 prompt tokens)
2026-10-06 23:18:10.586 INFO  sched: request 'chatcmpl-cc548dce1df23415' starting prefill in slot 7 (30 prompt tokens)
2026-10-06 23:18:11.976 INFO  sched: request 'chatcmpl-cc548dce1df2340e' prefix cache miss — 3 cut(s), the cache is empty
2026-10-06 23:18:11.976 INFO  sched: request 'chatcmpl-cc548dce1df2340e' admitted to slot 0 (reserve 3 blocks; pool 10/960 blocks in use) — first token 785
2026-10-06 23:18:11.976 INFO  sched: request 'chatcmpl-cc548dce1df2340f' prefix cache miss — 3 cut(s), the cache is empty
2026-10-06 23:18:11.976 INFO  sched: request 'chatcmpl-cc548dce1df2340f' admitted to slot 1 (reserve 3 blocks; pool 12/960 blocks in use) — first token 785
2026-10-06 23:18:11.976 INFO  sched: request 'chatcmpl-cc548dce1df23410' prefix cache miss — 3 cut(s), the cache is empty
2026-10-06 23:18:11.976 INFO  sched: request 'chatcmpl-cc548dce1df23410' admitted to slot 2 (reserve 3 blocks; pool 14/960 blocks in use) — first token 785
2026-10-06 23:18:11.976 INFO  sched: request 'chatcmpl-cc548dce1df23411' prefix cache miss — 3 cut(s), the cache is empty
2026-10-06 23:18:11.976 INFO  sched: request 'chatcmpl-cc548dce1df23411' admitted to slot 3 (reserve 3 blocks; pool 16/960 blocks in use) — first token 785
2026-10-06 23:18:11.976 INFO  sched: request 'chatcmpl-cc548dce1df23412' prefix cache miss — 3 cut(s), the cache is empty
2026-10-06 23:18:11.976 INFO  sched: request 'chatcmpl-cc548dce1df23412' admitted to slot 4 (reserve 3 blocks; pool 18/960 blocks in use) — first token 785
2026-10-06 23:18:11.976 INFO  sched: request 'chatcmpl-cc548dce1df23413' prefix cache miss — 3 cut(s), the cache is empty
2026-10-06 23:18:11.976 INFO  sched: request 'chatcmpl-cc548dce1df23413' admitted to slot 5 (reserve 3 blocks; pool 20/960 blocks in use) — first token 785
2026-10-06 23:18:11.976 INFO  sched: request 'chatcmpl-cc548dce1df23414' prefix cache miss — 3 cut(s), the cache is empty
2026-10-06 23:18:11.976 INFO  sched: request 'chatcmpl-cc548dce1df23414' admitted to slot 6 (reserve 3 blocks; pool 22/960 blocks in use) — first token 785
2026-10-06 23:18:11.976 INFO  sched: request 'chatcmpl-cc548dce1df23415' prefix cache miss — 3 cut(s), the cache is empty
2026-10-06 23:18:11.976 INFO  sched: request 'chatcmpl-cc548dce1df23415' admitted to slot 7 (reserve 3 blocks; pool 24/960 blocks in use) — first token 785
2026-10-06 23:18:11.976 INFO  sched: 8 requests admitted together in one prefill (1390 ms)
2026-10-06 23:18:13.717 INFO  stats: rank 1 | 10.1 s | decode 43.3 tok/s, 19.6 ms/tok, 156.2 ms/step (55 steps / 439 tok, 85 % of wall) | mtp 1.80 tok/step/req, accept p1 77 % | prefill 8 prompts / 246 tok, 24 tok/s, 5.65 ms/tok, 174 ms avg (14 % of wall), 0 tok cached (0/8 hits) | live 8, queued 0 | pool 24/960 blocks (2 %) | prefix cache 0/4096 entries
2026-10-06 23:18:23.821 INFO  stats: rank 1 | 10.1 s | decode 59.2 tok/s, 16.9 ms/tok, 252.0 ms/step (40 steps / 598 tok, 100 % of wall) | mtp 1.87 tok/step/req, accept p1 87 % | prefill 0 prompts / 0 tok, 0 tok cached (0/0 hits) | live 8, queued 0 | pool 24/960 blocks (2 %) | prefix cache 0/4096 entries
2026-10-06 23:18:33.845 INFO  stats: rank 1 | 10.0 s | decode 56.0 tok/s, 17.8 ms/tok, 263.2 ms/step (38 steps / 561 tok, 100 % of wall) | mtp 1.85 tok/step/req, accept p1 85 % | prefill 0 prompts / 0 tok, 0 tok cached (0/0 hits) | live 8, queued 0 | pool 24/960 blocks (2 %) | prefix cache 0/4096 entries
2026-10-06 23:18:43.929 INFO  stats: rank 1 | 10.1 s | decode 54.6 tok/s, 18.3 ms/tok, 264.7 ms/step (38 steps / 551 tok, 100 % of wall) | mtp 1.81 tok/step/req, accept p1 81 % | prefill 0 prompts / 0 tok, 0 tok cached (0/0 hits) | live 8, queued 0 | pool 24/960 blocks (2 %) | prefix cache 0/4096 entries
2026-10-06 23:18:46.865 INFO  sched: request 'chatcmpl-cc548dce1df23411' retired (steps): 256 tok in 36.3 s — prefill 32 tok (0 cached) in 1390 ms; decode 255 tok / 135 passes in 34.9 s: 7.3 tok/s, 136.8 ms/tok, 258 ms/pass, 1.89 tok/pass, accept p1 89 %
2026-10-06 23:18:47.136 INFO  sched: request 'chatcmpl-cc548dce1df23412' retired (steps): 256 tok in 36.5 s — prefill 31 tok (0 cached) in 1390 ms; decode 255 tok / 136 passes in 35.2 s: 7.3 tok/s, 137.9 ms/tok, 259 ms/pass, 1.88 tok/pass, accept p1 88 %
2026-10-06 23:18:47.658 INFO  sched: request 'chatcmpl-cc548dce1df2340f' retired (steps): 256 tok in 37.1 s — prefill 30 tok (0 cached) in 1390 ms; decode 255 tok / 138 passes in 35.7 s: 7.1 tok/s, 139.9 ms/tok, 259 ms/pass, 1.85 tok/pass, accept p1 86 %
2026-10-06 23:18:47.918 INFO  sched: request 'chatcmpl-cc548dce1df23410' retired (steps): 256 tok in 37.3 s — prefill 31 tok (0 cached) in 1390 ms; decode 255 tok / 139 passes in 35.9 s: 7.1 tok/s, 140.9 ms/tok, 259 ms/pass, 1.83 tok/pass, accept p1 83 %
2026-10-06 23:18:47.918 INFO  sched: request 'chatcmpl-cc548dce1df23415' retired (steps): 256 tok in 37.3 s — prefill 30 tok (0 cached) in 1390 ms; decode 255 tok / 139 passes in 35.9 s: 7.1 tok/s, 140.9 ms/tok, 259 ms/pass, 1.83 tok/pass, accept p1 83 %
2026-10-06 23:18:48.166 INFO  sched: request 'chatcmpl-cc548dce1df23413' retired (steps): 256 tok in 37.6 s — prefill 30 tok (0 cached) in 1390 ms; decode 255 tok / 140 passes in 36.2 s: 7.0 tok/s, 141.9 ms/tok, 259 ms/pass, 1.82 tok/pass, accept p1 83 %
2026-10-06 23:18:48.601 INFO  sched: request 'chatcmpl-cc548dce1df2340e' retired (steps): 256 tok in 38.0 s — prefill 31 tok (0 cached) in 1390 ms; decode 255 tok / 142 passes in 36.6 s: 7.0 tok/s, 143.6 ms/tok, 258 ms/pass, 1.80 tok/pass, accept p1 80 %
2026-10-06 23:18:48.803 INFO  sched: request 'chatcmpl-cc548dce1df23414' retired (steps): 256 tok in 38.2 s — prefill 31 tok (0 cached) in 1390 ms; decode 255 tok / 145 passes in 36.8 s: 6.9 tok/s, 144.4 ms/tok, 254 ms/pass, 1.76 tok/pass, accept p1 77 %
2026-10-06 23:18:48.822 INFO  sched: request 'chatcmpl-cc548dce1df23416' starting prefill in slot 0 (31 prompt tokens)
2026-10-06 23:18:48.823 INFO  sched: request 'chatcmpl-cc548dce1df23417' starting prefill in slot 1 (32 prompt tokens)
2026-10-06 23:18:48.823 INFO  sched: request 'chatcmpl-cc548dce1df23418' starting prefill in slot 2 (31 prompt tokens)
2026-10-06 23:18:48.823 INFO  sched: request 'chatcmpl-cc548dce1df23419' starting prefill in slot 3 (30 prompt tokens)
2026-10-06 23:18:48.823 INFO  sched: request 'chatcmpl-cc548dce1df2341a' starting prefill in slot 4 (31 prompt tokens)
2026-10-06 23:18:48.823 INFO  sched: request 'chatcmpl-cc548dce1df2341b' starting prefill in slot 5 (30 prompt tokens)
2026-10-06 23:18:48.823 INFO  sched: request 'chatcmpl-cc548dce1df2341c' starting prefill in slot 6 (30 prompt tokens)
2026-10-06 23:18:48.823 INFO  sched: request 'chatcmpl-cc548dce1df2341d' starting prefill in slot 7 (31 prompt tokens)
2026-10-06 23:18:50.216 INFO  sched: request 'chatcmpl-cc548dce1df23416' prefix cache miss — 3 cut(s), the cache is empty
2026-10-06 23:18:50.216 INFO  sched: request 'chatcmpl-cc548dce1df23416' admitted to slot 0 (reserve 3 blocks; pool 10/960 blocks in use) — first token 785
2026-10-06 23:18:50.216 INFO  sched: request 'chatcmpl-cc548dce1df23417' prefix cache miss — 3 cut(s), the cache is empty
2026-10-06 23:18:50.216 INFO  sched: request 'chatcmpl-cc548dce1df23417' admitted to slot 1 (reserve 3 blocks; pool 12/960 blocks in use) — first token 785
2026-10-06 23:18:50.216 INFO  sched: request 'chatcmpl-cc548dce1df23418' prefix cache miss — 3 cut(s), the cache is empty
2026-10-06 23:18:50.216 INFO  sched: request 'chatcmpl-cc548dce1df23418' admitted to slot 2 (reserve 3 blocks; pool 14/960 blocks in use) — first token 785
2026-10-06 23:18:50.216 INFO  sched: request 'chatcmpl-cc548dce1df23419' prefix cache miss — 3 cut(s), the cache is empty
2026-10-06 23:18:50.216 INFO  sched: request 'chatcmpl-cc548dce1df23419' admitted to slot 3 (reserve 3 blocks; pool 16/960 blocks in use) — first token 785
2026-10-06 23:18:50.216 INFO  sched: request 'chatcmpl-cc548dce1df2341a' prefix cache miss — 3 cut(s), the cache is empty
2026-10-06 23:18:50.216 INFO  sched: request 'chatcmpl-cc548dce1df2341a' admitted to slot 4 (reserve 3 blocks; pool 18/960 blocks in use) — first token 785
2026-10-06 23:18:50.216 INFO  sched: request 'chatcmpl-cc548dce1df2341b' prefix cache miss — 3 cut(s), the cache is empty
2026-10-06 23:18:50.216 INFO  sched: request 'chatcmpl-cc548dce1df2341b' admitted to slot 5 (reserve 3 blocks; pool 20/960 blocks in use) — first token 785
2026-10-06 23:18:50.216 INFO  sched: request 'chatcmpl-cc548dce1df2341c' prefix cache miss — 3 cut(s), the cache is empty
2026-10-06 23:18:50.216 INFO  sched: request 'chatcmpl-cc548dce1df2341c' admitted to slot 6 (reserve 3 blocks; pool 22/960 blocks in use) — first token 785
2026-10-06 23:18:50.216 INFO  sched: request 'chatcmpl-cc548dce1df2341d' prefix cache miss — 3 cut(s), the cache is empty
2026-10-06 23:18:50.216 INFO  sched: request 'chatcmpl-cc548dce1df2341d' admitted to slot 7 (reserve 3 blocks; pool 24/960 blocks in use) — first token 785
2026-10-06 23:18:50.216 INFO  sched: 8 requests admitted together in one prefill (1393 ms)
2026-10-06 23:18:54.099 INFO  stats: rank 1 | 10.2 s | decode 46.5 tok/s, 18.4 ms/tok, 228.6 ms/step (38 steps / 473 tok, 85 % of wall) | mtp 1.83 tok/step/req, accept p1 81 % | prefill 8 prompts / 246 tok, 24 tok/s, 5.66 ms/tok, 174 ms avg (14 % of wall), 0 tok cached (0/8 hits) | live 8, queued 0 | pool 24/960 blocks (2 %) | prefix cache 0/4096 entries
2026-10-06 23:19:04.204 INFO  stats: rank 1 | 10.1 s | decode 57.5 tok/s, 17.4 ms/tok, 258.5 ms/step (39 steps / 581 tok, 100 % of wall) | mtp 1.86 tok/step/req, accept p1 86 % | prefill 0 prompts / 0 tok, 0 tok cached (0/0 hits) | live 8, queued 0 | pool 24/960 blocks (2 %) | prefix cache 0/4096 entries
2026-10-06 23:19:14.461 INFO  stats: rank 1 | 10.3 s | decode 56.0 tok/s, 17.8 ms/tok, 262.4 ms/step (39 steps / 574 tok, 100 % of wall) | mtp 1.84 tok/step/req, accept p1 84 % | prefill 0 prompts / 0 tok, 0 tok cached (0/0 hits) | live 8, queued 0 | pool 24/960 blocks (2 %) | prefix cache 0/4096 entries
2026-10-06 23:19:24.544 INFO  stats: rank 1 | 10.1 s | decode 54.6 tok/s, 18.3 ms/tok, 264.7 ms/step (38 steps / 551 tok, 100 % of wall) | mtp 1.81 tok/step/req, accept p1 81 % | prefill 0 prompts / 0 tok, 0 tok cached (0/0 hits) | live 8, queued 0 | pool 24/960 blocks (2 %) | prefix cache 0/4096 entries
2026-10-06 23:19:25.090 INFO  sched: request 'chatcmpl-cc548dce1df23417' retired (steps): 256 tok in 36.3 s — prefill 32 tok (0 cached) in 1393 ms; decode 255 tok / 135 passes in 34.9 s: 7.3 tok/s, 136.8 ms/tok, 258 ms/pass, 1.89 tok/pass, accept p1 89 %
2026-10-06 23:19:25.363 INFO  sched: request 'chatcmpl-cc548dce1df2341d' retired (steps): 256 tok in 36.5 s — prefill 31 tok (0 cached) in 1393 ms; decode 255 tok / 136 passes in 35.1 s: 7.3 tok/s, 137.8 ms/tok, 258 ms/pass, 1.88 tok/pass, accept p1 88 %
2026-10-06 23:19:25.881 INFO  sched: request 'chatcmpl-cc548dce1df2341a' retired (steps): 256 tok in 37.1 s — prefill 31 tok (0 cached) in 1393 ms; decode 255 tok / 138 passes in 35.7 s: 7.1 tok/s, 139.9 ms/tok, 258 ms/pass, 1.85 tok/pass, accept p1 85 %
2026-10-06 23:19:25.881 INFO  sched: request 'chatcmpl-cc548dce1df2341c' retired (steps): 256 tok in 37.1 s — prefill 30 tok (0 cached) in 1393 ms; decode 255 tok / 138 passes in 35.7 s: 7.1 tok/s, 139.9 ms/tok, 258 ms/pass, 1.85 tok/pass, accept p1 86 %
2026-10-06 23:19:26.098 INFO  sched: request 'chatcmpl-cc548dce1df2341b' retired (steps): 256 tok in 37.3 s — prefill 30 tok (0 cached) in 1393 ms; decode 255 tok / 139 passes in 35.9 s: 7.1 tok/s, 140.7 ms/tok, 258 ms/pass, 1.83 tok/pass, accept p1 83 %
2026-10-06 23:19:26.245 INFO  sched: request 'chatcmpl-cc548dce1df23419' retired (steps): 256 tok in 37.4 s — prefill 30 tok (0 cached) in 1393 ms; decode 255 tok / 140 passes in 36.0 s: 7.1 tok/s, 141.3 ms/tok, 257 ms/pass, 1.82 tok/pass, accept p1 83 %
2026-10-06 23:19:26.487 INFO  sched: request 'chatcmpl-cc548dce1df23416' retired (steps): 256 tok in 37.7 s — prefill 31 tok (0 cached) in 1393 ms; decode 255 tok / 142 passes in 36.3 s: 7.0 tok/s, 142.2 ms/tok, 255 ms/pass, 1.80 tok/pass, accept p1 80 %
2026-10-06 23:19:26.685 INFO  sched: request 'chatcmpl-cc548dce1df23418' retired (steps): 256 tok in 37.9 s — prefill 31 tok (0 cached) in 1393 ms; decode 255 tok / 145 passes in 36.5 s: 7.0 tok/s, 143.0 ms/tok, 252 ms/pass, 1.76 tok/pass, accept p1 77 %
2026-10-06 23:19:26.694 INFO  sched: request 'chatcmpl-cc548dce1df2341e' starting prefill in slot 0 (30 prompt tokens)
2026-10-06 23:19:26.694 INFO  sched: request 'chatcmpl-cc548dce1df2341f' starting prefill in slot 1 (31 prompt tokens)
2026-10-06 23:19:26.694 INFO  sched: request 'chatcmpl-cc548dce1df23420' starting prefill in slot 2 (31 prompt tokens)
2026-10-06 23:19:26.694 INFO  sched: request 'chatcmpl-cc548dce1df23421' starting prefill in slot 3 (32 prompt tokens)
2026-10-06 23:19:26.694 INFO  sched: request 'chatcmpl-cc548dce1df23422' starting prefill in slot 4 (30 prompt tokens)
2026-10-06 23:19:26.694 INFO  sched: request 'chatcmpl-cc548dce1df23423' starting prefill in slot 5 (30 prompt tokens)
2026-10-06 23:19:26.694 INFO  sched: request 'chatcmpl-cc548dce1df23424' starting prefill in slot 6 (31 prompt tokens)
2026-10-06 23:19:26.694 INFO  sched: request 'chatcmpl-cc548dce1df23425' starting prefill in slot 7 (31 prompt tokens)
2026-10-06 23:19:28.082 INFO  sched: request 'chatcmpl-cc548dce1df2341e' prefix cache miss — 3 cut(s), the cache is empty
2026-10-06 23:19:28.082 INFO  sched: request 'chatcmpl-cc548dce1df2341e' admitted to slot 0 (reserve 3 blocks; pool 10/960 blocks in use) — first token 785
2026-10-06 23:19:28.082 INFO  sched: request 'chatcmpl-cc548dce1df2341f' prefix cache miss — 3 cut(s), the cache is empty
2026-10-06 23:19:28.082 INFO  sched: request 'chatcmpl-cc548dce1df2341f' admitted to slot 1 (reserve 3 blocks; pool 12/960 blocks in use) — first token 785
2026-10-06 23:19:28.082 INFO  sched: request 'chatcmpl-cc548dce1df23420' prefix cache miss — 3 cut(s), the cache is empty
2026-10-06 23:19:28.082 INFO  sched: request 'chatcmpl-cc548dce1df23420' admitted to slot 2 (reserve 3 blocks; pool 14/960 blocks in use) — first token 785
2026-10-06 23:19:28.082 INFO  sched: request 'chatcmpl-cc548dce1df23421' prefix cache miss — 3 cut(s), the cache is empty
2026-10-06 23:19:28.082 INFO  sched: request 'chatcmpl-cc548dce1df23421' admitted to slot 3 (reserve 3 blocks; pool 16/960 blocks in use) — first token 785
2026-10-06 23:19:28.082 INFO  sched: request 'chatcmpl-cc548dce1df23422' prefix cache miss — 3 cut(s), the cache is empty
2026-10-06 23:19:28.082 INFO  sched: request 'chatcmpl-cc548dce1df23422' admitted to slot 4 (reserve 3 blocks; pool 18/960 blocks in use) — first token 785
2026-10-06 23:19:28.082 INFO  sched: request 'chatcmpl-cc548dce1df23423' prefix cache miss — 3 cut(s), the cache is empty
2026-10-06 23:19:28.082 INFO  sched: request 'chatcmpl-cc548dce1df23423' admitted to slot 5 (reserve 3 blocks; pool 20/960 blocks in use) — first token 785
2026-10-06 23:19:28.082 INFO  sched: request 'chatcmpl-cc548dce1df23424' prefix cache miss — 3 cut(s), the cache is empty
2026-10-06 23:19:28.082 INFO  sched: request 'chatcmpl-cc548dce1df23424' admitted to slot 6 (reserve 3 blocks; pool 22/960 blocks in use) — first token 785
2026-10-06 23:19:28.082 INFO  sched: request 'chatcmpl-cc548dce1df23425' prefix cache miss — 3 cut(s), the cache is empty
2026-10-06 23:19:28.083 INFO  sched: request 'chatcmpl-cc548dce1df23425' admitted to slot 7 (reserve 3 blocks; pool 24/960 blocks in use) — first token 785
2026-10-06 23:19:28.083 INFO  sched: 8 requests admitted together in one prefill (1388 ms)
2026-10-06 23:19:34.610 INFO  stats: rank 1 | 10.1 s | decode 48.7 tok/s, 17.6 ms/tok, 220.7 ms/step (39 steps / 490 tok, 86 % of wall) | mtp 1.85 tok/step/req, accept p1 83 % | prefill 8 prompts / 246 tok, 24 tok/s, 5.64 ms/tok, 174 ms avg (14 % of wall), 0 tok cached (0/8 hits) | live 8, queued 0 | pool 24/960 blocks (2 %) | prefix cache 0/4096 entries
2026-10-06 23:19:44.851 INFO  stats: rank 1 | 10.2 s | decode 56.5 tok/s, 17.6 ms/tok, 262.0 ms/step (39 steps / 579 tok, 100 % of wall) | mtp 1.86 tok/step/req, accept p1 86 % | prefill 0 prompts / 0 tok, 0 tok cached (0/0 hits) | live 8, queued 0 | pool 24/960 blocks (2 %) | prefix cache 0/4096 entries
2026-10-06 23:19:54.872 INFO  stats: rank 1 | 10.0 s | decode 55.7 tok/s, 17.9 ms/tok, 263.1 ms/step (38 steps / 558 tok, 100 % of wall) | mtp 1.84 tok/step/req, accept p1 84 % | prefill 0 prompts / 0 tok, 0 tok cached (0/0 hits) | live 8, queued 0 | pool 24/960 blocks (2 %) | prefix cache 0/4096 entries
2026-10-06 23:20:03.388 INFO  sched: request 'chatcmpl-cc548dce1df23421' retired (steps): 256 tok in 36.7 s — prefill 32 tok (0 cached) in 1388 ms; decode 255 tok / 136 passes in 35.3 s: 7.2 tok/s, 138.5 ms/tok, 260 ms/pass, 1.88 tok/pass, accept p1 88 %
2026-10-06 23:20:03.388 INFO  sched: request 'chatcmpl-cc548dce1df23424' retired (steps): 256 tok in 36.7 s — prefill 31 tok (0 cached) in 1388 ms; decode 255 tok / 136 passes in 35.3 s: 7.2 tok/s, 138.5 ms/tok, 260 ms/pass, 1.88 tok/pass, accept p1 88 %
2026-10-06 23:20:03.918 INFO  sched: request 'chatcmpl-cc548dce1df23422' retired (steps): 256 tok in 37.2 s — prefill 30 tok (0 cached) in 1388 ms; decode 255 tok / 138 passes in 35.8 s: 7.1 tok/s, 140.5 ms/tok, 260 ms/pass, 1.85 tok/pass, accept p1 86 %
2026-10-06 23:20:04.190 INFO  sched: request 'chatcmpl-cc548dce1df2341e' retired (steps): 256 tok in 37.5 s — prefill 30 tok (0 cached) in 1388 ms; decode 255 tok / 139 passes in 36.1 s: 7.1 tok/s, 141.6 ms/tok, 260 ms/pass, 1.83 tok/pass, accept p1 84 %
2026-10-06 23:20:04.190 INFO  sched: request 'chatcmpl-cc548dce1df23423' retired (steps): 256 tok in 37.5 s — prefill 30 tok (0 cached) in 1388 ms; decode 255 tok / 139 passes in 36.1 s: 7.1 tok/s, 141.6 ms/tok, 260 ms/pass, 1.83 tok/pass, accept p1 83 %
2026-10-06 23:20:04.190 INFO  sched: request 'chatcmpl-cc548dce1df23425' retired (steps): 256 tok in 37.5 s — prefill 31 tok (0 cached) in 1388 ms; decode 255 tok / 139 passes in 36.1 s: 7.1 tok/s, 141.6 ms/tok, 260 ms/pass, 1.83 tok/pass, accept p1 83 %
2026-10-06 23:20:04.562 INFO  sched: request 'chatcmpl-cc548dce1df23420' retired (steps): 256 tok in 37.9 s — prefill 31 tok (0 cached) in 1388 ms; decode 255 tok / 142 passes in 36.5 s: 7.0 tok/s, 143.1 ms/tok, 257 ms/pass, 1.80 tok/pass, accept p1 80 %
2026-10-06 23:20:04.761 INFO  sched: request 'chatcmpl-cc548dce1df2341f' retired (steps): 256 tok in 38.1 s — prefill 31 tok (0 cached) in 1388 ms; decode 255 tok / 145 passes in 36.7 s: 7.0 tok/s, 143.8 ms/tok, 253 ms/pass, 1.76 tok/pass, accept p1 77 %
2026-10-06 23:20:04.876 INFO  stats: rank 1 | 10.0 s | decode 50.2 tok/s, 19.6 ms/tok, 239.8 ms/step (41 steps / 502 tok, 98 % of wall) | mtp 1.78 tok/step/req, accept p1 79 % | prefill 0 prompts / 0 tok, 0 tok cached (0/0 hits) | live 0, queued 0 | pool 0/960 blocks (0 %) | prefix cache 0/4096 entries
2026-10-06 23:20:04.911 INFO  sched: request 'chatcmpl-cc548dce1df23426' starting prefill in slot 0 (541 prompt tokens)
2026-10-06 23:20:06.040 INFO  sched: request 'chatcmpl-cc548dce1df23426' prefix cache miss — 3 cut(s), the cache is empty
2026-10-06 23:20:06.040 INFO  sched: request 'chatcmpl-cc548dce1df23426' admitted to slot 0 (reserve 5 blocks; pool 5/960 blocks in use) — first token 785
2026-10-06 23:20:06.041 INFO  sched: request 'chatcmpl-cc548dce1df23426' retired (steps): 1 tok in 1.1 s — prefill 541 tok (0 cached) in 1130 ms; decode 0 tok / 0 passes in 0.0 s
2026-10-06 23:20:06.055 INFO  sched: request 'chatcmpl-cc548dce1df23427' starting prefill in slot 0 (2021 prompt tokens)
2026-10-06 23:20:09.587 INFO  sched: request 'chatcmpl-cc548dce1df23427' prefix cache miss — 3 cut(s), the cache is empty
2026-10-06 23:20:09.587 INFO  sched: request 'chatcmpl-cc548dce1df23427' admitted to slot 0 (reserve 16 blocks; pool 17/960 blocks in use) — first token 785
2026-10-06 23:20:09.587 INFO  sched: request 'chatcmpl-cc548dce1df23427' retired (steps): 1 tok in 3.5 s — prefill 2021 tok (0 cached) in 3532 ms; decode 0 tok / 0 passes in 0.0 s
2026-10-06 23:20:09.607 INFO  sched: request 'chatcmpl-cc548dce1df23428' starting prefill in slot 0 (2054 prompt tokens)
2026-10-06 23:20:13.286 INFO  sched: request 'chatcmpl-cc548dce1df23428' prefix cache miss — 4 cut(s) probed against 2 entries; the nearest entry (position 2021) shares the first 37 of the prompt's 2054 tokens (the prompt differs from it from that token on)
2026-10-06 23:20:13.286 INFO  sched: request 'chatcmpl-cc548dce1df23428' admitted to slot 0 (reserve 17 blocks; pool 35/960 blocks in use) — first token 785
2026-10-06 23:20:13.287 INFO  sched: request 'chatcmpl-cc548dce1df23428' retired (steps): 1 tok in 3.7 s — prefill 2054 tok (0 cached) in 3679 ms; decode 0 tok / 0 passes in 0.0 s
2026-10-06 23:20:13.317 INFO  sched: request 'chatcmpl-cc548dce1df23429' starting prefill in slot 0 (2029 prompt tokens)
2026-10-06 23:20:16.839 INFO  sched: request 'chatcmpl-cc548dce1df23429' prefix cache miss — 3 cut(s) probed against 4 entries; the nearest entry (position 2054) shares the first 37 of the prompt's 2029 tokens (the prompt differs from it from that token on)
2026-10-06 23:20:16.839 INFO  sched: request 'chatcmpl-cc548dce1df23429' admitted to slot 0 (reserve 16 blocks; pool 52/960 blocks in use) — first token 785
2026-10-06 23:20:16.840 INFO  sched: request 'chatcmpl-cc548dce1df23429' retired (steps): 1 tok in 3.5 s — prefill 2029 tok (0 cached) in 3522 ms; decode 0 tok / 0 passes in 0.0 s
2026-10-06 23:20:16.840 INFO  stats: rank 1 | 12.0 s | decode 0.3 tok/s, 0.0 ms/tok, 0.0 ms/step (0 steps / 4 tok, 0 % of wall) | prefill 4 prompts / 6645 tok, 555 tok/s, 1.79 ms/tok, 2966 ms avg (99 % of wall), 0 tok cached (0/4 hits) | live 0, queued 0 | pool 52/960 blocks (5 %) | prefix cache 6/4096 entries
2026-10-06 23:20:16.855 INFO  sched: request 'chatcmpl-cc548dce1df2342a' starting prefill in slot 0 (8002 prompt tokens)
2026-10-06 23:20:34.122 INFO  sched: request 'chatcmpl-cc548dce1df2342a' prefix cache miss — 6 cut(s) probed against 6 entries; the nearest entry (position 2054) shares the first 34 of the prompt's 8002 tokens (the prompt differs from it from that token on)
2026-10-06 23:20:34.122 INFO  sched: request 'chatcmpl-cc548dce1df2342a' admitted to slot 0 (reserve 63 blocks; pool 116/960 blocks in use) — first token 785
2026-10-06 23:20:34.123 INFO  sched: request 'chatcmpl-cc548dce1df2342a' retired (steps): 1 tok in 17.3 s — prefill 8002 tok (0 cached) in 17268 ms; decode 0 tok / 0 passes in 0.0 s
2026-10-06 23:20:34.123 INFO  stats: rank 1 | 17.3 s | decode 0.1 tok/s, 0.0 ms/tok, 0.0 ms/step (0 steps / 1 tok, 0 % of wall) | prefill 1 prompt / 8002 tok, 463 tok/s, 2.16 ms/tok, 17268 ms avg (100 % of wall), 0 tok cached (0/1 hit) | live 0, queued 0 | pool 116/960 blocks (12 %) | prefix cache 8/4096 entries
2026-10-06 23:20:34.154 INFO  sched: request 'chatcmpl-cc548dce1df2342b' starting prefill in slot 0 (8052 prompt tokens)
2026-10-06 23:20:51.637 INFO  sched: request 'chatcmpl-cc548dce1df2342b' prefix cache miss — 6 cut(s) probed against 8 entries; the nearest entry (position 8002) shares the first 38 of the prompt's 8052 tokens (the prompt differs from it from that token on)
2026-10-06 23:20:51.637 INFO  sched: request 'chatcmpl-cc548dce1df2342b' admitted to slot 0 (reserve 63 blocks; pool 180/960 blocks in use) — first token 785
2026-10-06 23:20:51.638 INFO  sched: request 'chatcmpl-cc548dce1df2342b' retired (steps): 1 tok in 17.5 s — prefill 8052 tok (0 cached) in 17483 ms; decode 0 tok / 0 passes in 0.0 s
2026-10-06 23:20:51.638 INFO  stats: rank 1 | 17.5 s | decode 0.1 tok/s, 0.0 ms/tok, 0.0 ms/step (0 steps / 1 tok, 0 % of wall) | prefill 1 prompt / 8052 tok, 460 tok/s, 2.17 ms/tok, 17483 ms avg (100 % of wall), 0 tok cached (0/1 hit) | live 0, queued 0 | pool 180/960 blocks (19 %) | prefix cache 10/4096 entries
2026-10-06 23:20:51.648 INFO  sched: request 'chatcmpl-cc548dce1df2342c' starting prefill in slot 0 (8191 prompt tokens)
2026-10-06 23:21:09.378 INFO  sched: request 'chatcmpl-cc548dce1df2342c' prefix cache miss — 6 cut(s) probed against 10 entries; the nearest entry (position 8052) shares the first 38 of the prompt's 8191 tokens (the prompt differs from it from that token on)
2026-10-06 23:21:09.378 INFO  sched: request 'chatcmpl-cc548dce1df2342c' admitted to slot 0 (reserve 64 blocks; pool 245/960 blocks in use) — first token 785
2026-10-06 23:21:09.379 INFO  sched: request 'chatcmpl-cc548dce1df2342c' retired (steps): 1 tok in 17.7 s — prefill 8191 tok (0 cached) in 17730 ms; decode 0 tok / 0 passes in 0.0 s
2026-10-06 23:21:09.379 INFO  stats: rank 1 | 17.7 s | decode 0.1 tok/s, 0.0 ms/tok, 0.0 ms/step (0 steps / 1 tok, 0 % of wall) | prefill 1 prompt / 8191 tok, 462 tok/s, 2.16 ms/tok, 17730 ms avg (100 % of wall), 0 tok cached (0/1 hit) | live 0, queued 0 | pool 245/960 blocks (26 %) | prefix cache 12/4096 entries
2026-10-06 23:21:09.418 INFO  sched: request 'chatcmpl-cc548dce1df2342d' starting prefill in slot 0 (32214 prompt tokens)
2026-10-06 23:22:37.552 INFO  sched: request 'chatcmpl-cc548dce1df2342d' prefix cache miss — 18 cut(s) probed against 12 entries; the nearest entry (position 8191) shares the first 34 of the prompt's 32214 tokens (the prompt differs from it from that token on)
2026-10-06 23:22:37.552 INFO  sched: request 'chatcmpl-cc548dce1df2342d' admitted to slot 0 (reserve 252 blocks; pool 498/960 blocks in use) — first token 785
2026-10-06 23:22:37.553 INFO  sched: request 'chatcmpl-cc548dce1df2342d' retired (steps): 1 tok in 88.1 s — prefill 32214 tok (0 cached) in 88134 ms; decode 0 tok / 0 passes in 0.0 s
2026-10-06 23:22:37.553 INFO  stats: rank 1 | 88.2 s | decode 0.0 tok/s, 0.0 ms/tok, 0.0 ms/step (0 steps / 1 tok, 0 % of wall) | prefill 1 prompt / 32214 tok, 365 tok/s, 2.74 ms/tok, 88134 ms avg (100 % of wall), 0 tok cached (0/1 hit) | live 0, queued 0 | pool 498/960 blocks (52 %) | prefix cache 15/4096 entries
2026-10-06 23:22:37.596 INFO  sched: request 'chatcmpl-cc548dce1df2342e' starting prefill in slot 0 (32248 prompt tokens)
2026-10-06 23:24:05.665 INFO  sched: request 'chatcmpl-cc548dce1df2342e' prefix cache miss — 18 cut(s) probed against 15 entries; the nearest entry (position 32214) shares the first 38 of the prompt's 32248 tokens (the prompt differs from it from that token on)
2026-10-06 23:24:05.666 INFO  sched: request 'chatcmpl-cc548dce1df2342e' admitted to slot 0 (reserve 252 blocks; pool 751/960 blocks in use) — first token 785
2026-10-06 23:24:05.667 INFO  sched: request 'chatcmpl-cc548dce1df2342e' retired (steps): 1 tok in 88.1 s — prefill 32248 tok (0 cached) in 88070 ms; decode 0 tok / 0 passes in 0.0 s
2026-10-06 23:24:05.667 INFO  stats: rank 1 | 88.1 s | decode 0.0 tok/s, 0.0 ms/tok, 0.0 ms/step (0 steps / 1 tok, 0 % of wall) | prefill 1 prompt / 32248 tok, 366 tok/s, 2.73 ms/tok, 88070 ms avg (100 % of wall), 0 tok cached (0/1 hit) | live 0, queued 0 | pool 751/960 blocks (78 %) | prefix cache 18/4096 entries
2026-10-06 23:24:05.689 INFO  sched: request 'chatcmpl-cc548dce1df2342f' starting prefill in slot 0 (32208 prompt tokens)
2026-10-06 23:25:33.545 INFO  sched: request 'chatcmpl-cc548dce1df2342f' prefix cache miss — 18 cut(s) probed against 12 entries; the nearest entry (position 32248) shares the first 38 of the prompt's 32208 tokens (the prompt differs from it from that token on)
2026-10-06 23:25:33.546 INFO  sched: request 'chatcmpl-cc548dce1df2342f' admitted to slot 0 (reserve 252 blocks; pool 952/960 blocks in use) — first token 785
2026-10-06 23:25:33.546 INFO  sched: request 'chatcmpl-cc548dce1df2342f' retired (steps): 1 tok in 87.9 s — prefill 32208 tok (0 cached) in 87857 ms; decode 0 tok / 0 passes in 0.0 s
2026-10-06 23:25:33.546 INFO  stats: rank 1 | 87.9 s | decode 0.0 tok/s, 0.0 ms/tok, 0.0 ms/step (0 steps / 1 tok, 0 % of wall) | prefill 1 prompt / 32208 tok, 367 tok/s, 2.73 ms/tok, 87857 ms avg (100 % of wall), 0 tok cached (0/1 hit) | live 0, queued 0 | pool 952/960 blocks (99 %) | prefix cache 15/4096 entries
2026-10-06 23:25:33.984 INFO  sched: request 'chatcmpl-cc548dce1df23430' starting prefill in slot 0 (94 prompt tokens)
2026-10-06 23:25:34.805 INFO  sched: request 'chatcmpl-cc548dce1df23430' prefix cache miss — 3 cut(s) probed against 15 entries; the nearest entry (position 32248) shares the first 10 of the prompt's 94 tokens (the prompt differs from it from that token on)
2026-10-06 23:25:34.805 INFO  sched: request 'chatcmpl-cc548dce1df23430' admitted to slot 0 (reserve 3 blocks; pool 955/960 blocks in use) — first token 785
2026-10-06 23:25:43.565 INFO  sched: request 'chatcmpl-cc548dce1df23430' retired (steps): 256 tok in 9.6 s — prefill 94 tok (0 cached) in 821 ms; decode 255 tok / 136 passes in 8.8 s: 29.1 tok/s, 34.4 ms/tok, 64 ms/pass, 1.88 tok/pass, accept p1 88 %
2026-10-06 23:25:43.565 INFO  stats: rank 1 | 10.0 s | decode 25.6 tok/s, 33.9 ms/tok, 63.8 ms/step (136 steps / 256 tok, 87 % of wall) | mtp 1.88 tok/step/req, accept p1 88 % | prefill 1 prompt / 94 tok, 9 tok/s, 8.73 ms/tok, 821 ms avg (8 % of wall), 0 tok cached (0/1 hit) | live 0, queued 0 | pool 952/960 blocks (99 %) | prefix cache 15/4096 entries
2026-10-06 23:25:43.616 INFO  sched: request 'chatcmpl-cc548dce1df23431' starting prefill in slot 0 (94 prompt tokens)
2026-10-06 23:25:44.430 INFO  sched: request 'chatcmpl-cc548dce1df23431' prefix cache miss — 3 cut(s) probed against 15 entries; the nearest entry (position 32248) shares the first 10 of the prompt's 94 tokens (the prompt differs from it from that token on)
2026-10-06 23:25:44.430 INFO  sched: request 'chatcmpl-cc548dce1df23431' admitted to slot 0 (reserve 3 blocks; pool 955/960 blocks in use) — first token 785
2026-10-06 23:25:53.158 INFO  sched: request 'chatcmpl-cc548dce1df23431' retired (steps): 256 tok in 9.5 s — prefill 94 tok (0 cached) in 814 ms; decode 255 tok / 136 passes in 8.7 s: 29.2 tok/s, 34.2 ms/tok, 64 ms/pass, 1.88 tok/pass, accept p1 88 %
2026-10-06 23:25:53.188 INFO  sched: request 'chatcmpl-cc548dce1df23432' starting prefill in slot 0 (94 prompt tokens)
2026-10-06 23:25:54.001 INFO  sched: request 'chatcmpl-cc548dce1df23432' prefix cache miss — 3 cut(s) probed against 15 entries; the nearest entry (position 32248) shares the first 10 of the prompt's 94 tokens (the prompt differs from it from that token on)
2026-10-06 23:25:54.001 INFO  sched: request 'chatcmpl-cc548dce1df23432' admitted to slot 0 (reserve 3 blocks; pool 955/960 blocks in use) — first token 785
2026-10-06 23:25:54.064 INFO  stats: rank 1 | 10.5 s | decode 24.7 tok/s, 33.6 ms/tok, 63.6 ms/step (137 steps / 259 tok, 83 % of wall) | mtp 1.89 tok/step/req, accept p1 88 % | prefill 2 prompts / 188 tok, 18 tok/s, 8.65 ms/tok, 813 ms avg (15 % of wall), 0 tok cached (0/2 hits) | live 1, queued 0 | pool 955/960 blocks (99 %) | prefix cache 15/4096 entries
2026-10-06 23:26:02.796 INFO  sched: request 'chatcmpl-cc548dce1df23432' retired (steps): 256 tok in 9.6 s — prefill 94 tok (0 cached) in 813 ms; decode 255 tok / 136 passes in 8.8 s: 29.0 tok/s, 34.5 ms/tok, 65 ms/pass, 1.88 tok/pass, accept p1 88 %
2026-10-06 23:26:03.611 INFO  sched: request 'chatcmpl-cc548dce1df23433' starting prefill in slot 0 (32237 prompt tokens)
2026-10-06 23:27:31.598 INFO  sched: request 'chatcmpl-cc548dce1df23433' prefix cache miss — 18 cut(s) probed against 6 entries; the nearest entry (position 32248) shares the first 10 of the prompt's 32237 tokens (the prompt differs from it from that token on)
2026-10-06 23:27:31.599 INFO  sched: request 'chatcmpl-cc548dce1df23433' admitted to slot 0 (reserve 254 blocks; pool 761/960 blocks in use) — first token 785
2026-10-06 23:27:31.673 INFO  stats: rank 1 | 97.6 s | decode 2.6 tok/s, 34.1 ms/tok, 64.1 ms/step (136 steps / 256 tok, 9 % of wall) | mtp 1.88 tok/step/req, accept p1 88 % | prefill 1 prompt / 32237 tok, 330 tok/s, 2.73 ms/tok, 87988 ms avg (90 % of wall), 0 tok cached (0/1 hit) | live 1, queued 0 | pool 762/960 blocks (79 %) | prefix cache 8/4096 entries
2026-10-06 23:27:41.731 INFO  sched: request 'chatcmpl-cc548dce1df23433' retired (steps): 256 tok in 98.1 s — prefill 32237 tok (0 cached) in 87988 ms; decode 255 tok / 130 passes in 10.1 s: 25.2 tok/s, 39.7 ms/tok, 78 ms/pass, 1.96 tok/pass, accept p1 96 %
2026-10-06 23:27:41.731 INFO  stats: rank 1 | 10.1 s | decode 25.2 tok/s, 39.3 ms/tok, 77.0 ms/step (129 steps / 253 tok, 99 % of wall) | mtp 1.96 tok/step/req, accept p1 96 % | prefill 0 prompts / 0 tok, 0 tok cached (0/0 hits) | live 0, queued 0 | pool 761/960 blocks (79 %) | prefix cache 9/4096 entries
2026-10-06 23:27:41.747 INFO  sched: request 'chatcmpl-cc548dce1df23434' starting prefill in slot 0 (32237 prompt tokens)
2026-10-06 23:27:41.879 INFO  sched: request 'chatcmpl-cc548dce1df23434' admitted to slot 0 (reserve 254 blocks; pool 764/960 blocks in use) — first token 785
2026-10-06 23:27:51.732 INFO  stats: rank 1 | 10.0 s | decode 25.0 tok/s, 38.9 ms/tok, 76.7 ms/step (127 steps / 250 tok, 97 % of wall) | mtp 1.97 tok/step/req, accept p1 96 % | prefill 1 prompt / 2 tok, 0 tok/s, 65.67 ms/tok, 131 ms avg (1 % of wall), 32235 tok cached (1/1 hit) | live 1, queued 0 | pool 765/960 blocks (80 %) | prefix cache 9/4096 entries
2026-10-06 23:27:51.970 INFO  sched: request 'chatcmpl-cc548dce1df23434' retired (steps): 256 tok in 10.2 s — prefill 32237 tok (32235 cached) in 131 ms; decode 255 tok / 130 passes in 10.1 s: 25.3 tok/s, 39.6 ms/tok, 78 ms/pass, 1.96 tok/pass, accept p1 96 %
2026-10-06 23:27:52.002 INFO  sched: request 'chatcmpl-cc548dce1df23435' starting prefill in slot 0 (32237 prompt tokens)
2026-10-06 23:27:52.133 INFO  sched: request 'chatcmpl-cc548dce1df23435' admitted to slot 0 (reserve 254 blocks; pool 764/960 blocks in use) — first token 785
2026-10-06 23:28:01.750 INFO  stats: rank 1 | 10.0 s | decode 25.0 tok/s, 38.9 ms/tok, 76.6 ms/step (127 steps / 250 tok, 97 % of wall) | mtp 1.97 tok/step/req, accept p1 96 % | prefill 1 prompt / 2 tok, 0 tok/s, 65.74 ms/tok, 131 ms avg (1 % of wall), 32235 tok cached (1/1 hit) | live 1, queued 0 | pool 765/960 blocks (80 %) | prefix cache 9/4096 entries
2026-10-06 23:28:02.225 INFO  sched: request 'chatcmpl-cc548dce1df23435' retired (steps): 256 tok in 10.2 s — prefill 32237 tok (32235 cached) in 131 ms; decode 255 tok / 130 passes in 10.1 s: 25.3 tok/s, 39.6 ms/tok, 78 ms/pass, 1.96 tok/pass, accept p1 96 %
2026-10-06 23:28:03.461 INFO  sched: request 'chatcmpl-cc548dce1df23436' starting prefill in slot 0 (65010 prompt tokens)
2026-10-06 23:31:46.752 INFO  sched: request 'chatcmpl-cc548dce1df23436' prefix cache miss — 34 cut(s) probed against 3 entries; the nearest entry (position 32492) shares the first 12 of the prompt's 65010 tokens (the prompt differs from it from that token on)
2026-10-06 23:31:46.753 INFO  sched: request 'chatcmpl-cc548dce1df23436' admitted to slot 0 (reserve 510 blocks; pool 766/960 blocks in use) — first token 785
2026-10-06 23:31:46.832 INFO  stats: rank 1 | 225.1 s | decode 0.1 tok/s, 36.2 ms/tok, 77.6 ms/step (7 steps / 15 tok, 0 % of wall) | mtp 2.14 tok/step/req, accept p1 100 % | prefill 1 prompt / 65010 tok, 289 tok/s, 3.43 ms/tok, 223293 ms avg (99 % of wall), 0 tok cached (0/1 hit) | live 1, queued 0 | pool 767/960 blocks (80 %) | prefix cache 5/4096 entries
2026-10-06 23:31:56.898 INFO  stats: rank 1 | 10.1 s | decode 23.9 tok/s, 41.3 ms/tok, 82.3 ms/step (121 steps / 241 tok, 99 % of wall) | mtp 1.99 tok/step/req, accept p1 99 % | prefill 0 prompts / 0 tok, 0 tok cached (0/0 hits) | live 1, queued 0 | pool 767/960 blocks (80 %) | prefix cache 5/4096 entries
2026-10-06 23:31:57.407 INFO  sched: request 'chatcmpl-cc548dce1df23436' retired (steps): 256 tok in 233.9 s — prefill 65010 tok (0 cached) in 223293 ms; decode 255 tok / 128 passes in 10.7 s: 23.9 tok/s, 41.8 ms/tok, 83 ms/pass, 1.99 tok/pass, accept p1 99 %
2026-10-06 23:31:57.431 INFO  sched: request 'chatcmpl-cc548dce1df23437' starting prefill in slot 0 (65010 prompt tokens)
2026-10-06 23:31:57.570 INFO  sched: request 'chatcmpl-cc548dce1df23437' admitted to slot 0 (reserve 510 blocks; pool 769/960 blocks in use) — first token 785
2026-10-06 23:32:06.926 INFO  stats: rank 1 | 10.0 s | decode 23.7 tok/s, 41.0 ms/tok, 81.9 ms/step (119 steps / 238 tok, 97 % of wall) | mtp 2.00 tok/step/req, accept p1 99 % | prefill 1 prompt / 2 tok, 0 tok/s, 69.63 ms/tok, 139 ms avg (1 % of wall), 65008 tok cached (1/1 hit) | live 1, queued 0 | pool 770/960 blocks (80 %) | prefix cache 6/4096 entries
2026-10-06 23:32:08.178 INFO  sched: request 'chatcmpl-cc548dce1df23437' retired (steps): 256 tok in 10.7 s — prefill 65010 tok (65008 cached) in 139 ms; decode 255 tok / 128 passes in 10.6 s: 24.0 tok/s, 41.6 ms/tok, 83 ms/pass, 1.99 tok/pass, accept p1 99 %
2026-10-06 23:32:08.212 INFO  sched: request 'chatcmpl-cc548dce1df23438' starting prefill in slot 0 (65010 prompt tokens)
2026-10-06 23:32:08.351 INFO  sched: request 'chatcmpl-cc548dce1df23438' admitted to slot 0 (reserve 510 blocks; pool 769/960 blocks in use) — first token 785
2026-10-06 23:32:16.964 INFO  stats: rank 1 | 10.0 s | decode 23.7 tok/s, 41.0 ms/tok, 81.9 ms/step (119 steps / 238 tok, 97 % of wall) | mtp 2.00 tok/step/req, accept p1 99 % | prefill 1 prompt / 2 tok, 0 tok/s, 69.50 ms/tok, 139 ms avg (1 % of wall), 65008 tok cached (1/1 hit) | live 1, queued 0 | pool 770/960 blocks (80 %) | prefix cache 6/4096 entries
2026-10-06 23:32:18.964 INFO  sched: request 'chatcmpl-cc548dce1df23438' retired (steps): 256 tok in 10.8 s — prefill 65010 tok (65008 cached) in 139 ms; decode 255 tok / 128 passes in 10.6 s: 24.0 tok/s, 41.6 ms/tok, 83 ms/pass, 1.99 tok/pass, accept p1 99 %
2026-10-06 23:32:21.514 INFO  journal: stop record — exiting
2026-10-06 23:32:21.536 INFO  rank 1: graph engine sampling summary — 0 sampled decode steps, 0 served by the exact gather fallback (0.0%), 128 candidates per rank
2026-10-06 23:32:22.743 INFO  rank 1: exited cleanly
2026-10-07 03:04:39.096 INFO  dgpp-serve 0.1.0+ga3ebc21a7c24.dirty (git a3ebc21a7c24)
2026-10-07 03:04:39.098 INFO  config /tmp/bus4/deployments/153299c236f012d8/cluster.json: model HawkBearPig/GLM-5.3-Int4-Int8Mix-RTN-g64, world 4, rank 1, http :18080, fabric :29970, journal :29971
2026-10-07 03:04:39.098 INFO  model HawkBearPig/GLM-5.3-Int4-Int8Mix-RTN-g64 -> /home/stephen/.cache/huggingface/hub/models--HawkBearPig--GLM-5.3-Int4-Int8Mix-RTN-g64/snapshots/147684fbad20c1e283ddff46fd07cb9d4ccbb3da
2026-10-07 03:04:39.098 INFO  journal: connected to rank 0 at 192.168.88.11:29971 (120000 attempt window)
2026-10-07 03:04:39.113 INFO  rank 1: settings from rank 0: model=HawkBearPig/GLM-5.3-Int4-Int8Mix-RTN-g64 world=4 fabric=29970 journal=29971 conc=8 kv=122880 kvdt=bf16 ngt=resident dw=checkpoint mtpef=fp8 bfw=bf12 fp8head=gemv pf=bounded emsh=vocab maxtok=32768 queue=8 eos=1 graph=1 compact=0 mtp=1 mtpd=1 mss=0 msrow=8 msbase=28 mslam=0 msmin=1 msad=1 msss=0.93 mdr=auto mdt=1 mvf=token dbr=0 batchmin=2 cand=128 pcgib=1 adm=full win=256 pfbudget=-1 pfidle=0 pmin=1024 phead=1 pace=-1 inflight=-1 reasoning_in_content=0 rs=off dflash=off dfw=checkpoint
2026-10-07 03:04:39.113 INFO  config: model=HawkBearPig/GLM-5.3-Int4-Int8Mix-RTN-g64 world=4 fabric=29970 journal=29971 conc=8 kv=122880 kvdt=bf16 ngt=resident dw=checkpoint mtpef=fp8 bfw=bf12 fp8head=gemv pf=bounded emsh=vocab maxtok=32768 queue=8 eos=1 graph=1 compact=0 mtp=1 mtpd=1 mss=0 msrow=8 msbase=28 mslam=0 msmin=1 msad=1 msss=0.93 mdr=auto mdt=1 mvf=token dbr=0 batchmin=2 cand=128 pcgib=1 adm=full win=256 pfbudget=-1 pfidle=0 pmin=1024 phead=1 pace=-1 inflight=-1 reasoning_in_content=0 rs=off dflash=off dfw=checkpoint (digest dcec5e3abf2dad11)
2026-10-07 03:04:39.281 INFO  serve: model family glm_moe_dsa (/home/stephen/.cache/huggingface/hub/models--HawkBearPig--GLM-5.3-Int4-Int8Mix-RTN-g64/snapshots/147684fbad20c1e283ddff46fd07cb9d4ccbb3da)
2026-10-07 03:04:39.281 INFO  serve: decode rows 16 (8 slot(s) x 2 row(s) per request, floor 8, the glm_moe_dsa family's cap 16)
2026-10-07 03:04:39.281 WARN  generation config /home/stephen/.cache/huggingface/hub/models--HawkBearPig--GLM-5.3-Int4-Int8Mix-RTN-g64/snapshots/147684fbad20c1e283ddff46fd07cb9d4ccbb3da/generation_config.json omits top_k, min_p, repetition_penalty; using greedy-safe/neutral fallbacks for those fields
2026-10-07 03:04:39.281 INFO  generation defaults: temperature=1 top_p=0.95 top_k=0 min_p=0 repetition_penalty=1
2026-10-07 03:04:39.281 INFO  serve: sampling defaults temperature 1 top_p 0.95 top_k 0 min_p 0 repetition_penalty 1 (from generation_config.json; overrides: none)
2026-10-07 03:04:39.281 INFO  serve: request context limit 122880 tokens (the 122880-token K/V pool from engine.kv_capacity 122880; this family states no positional ceiling of its own)
2026-10-07 03:04:39.281 INFO  rank 1: prefix cache plan — 1 GiB budget, 4096 slots of 0.012 MiB, 0.047 GiB allocated; cached K/V blocks share the 122880-token pool
2026-10-07 03:04:39.445 INFO  tokenizer: loaded vocab 154820 merges 321649 added 36 (revision 0x700b4469fc43f23b; glm pattern, no normalizer, ignore_merges true)
2026-10-07 03:04:39.454 INFO  serve: grammar vocabulary built (154880 ids, tool markers present, call-turn EOS 154829)
2026-10-07 03:04:39.551 INFO  serve: JSON grammar tables built in 0.10 s
2026-10-07 03:04:39.775 INFO  bus: globaltimer offset -64142554478 ns (+-2 us)
2026-10-07 03:04:39.785 INFO  verbs: device roceP2p1s0f0 port 1 gid_index 3
2026-10-07 03:04:39.794 INFO  verbs: device rocep1s0f0 port 1 gid_index 3
2026-10-07 03:04:40.892 INFO  bus: rank 1 up — 3 peer(s) x 2 lane(s), lat 8x196608B, bulk 8x262144B, bulk pace 28.3 Gb/s per QP, window 4 per lane
2026-10-07 03:04:40.892 INFO  rank 1: boundary reducer host-driven
2026-10-07 03:04:41.021 INFO  rank 1: process memory locked (mlockall MCL_CURRENT, 14547 MiB)
2026-10-07 03:04:41.021 INFO  rank 1: resident image cache at /home/stephen/.cache/dgpp/resident
2026-10-07 03:04:41.022 INFO  bus engine: rank 1 pinned to cpu 19
2026-10-07 03:04:41.152 INFO  rank 1: memory plan for a 122880-token context — model weights (resident, packed bf16 matrices released) 96.32 GiB; bf16 decode packing (12-bit companions) 1.27 GiB; bf16 prefill expansion scratch 0.05 GiB; gemm workspace (at least) 0.06 GiB; dsa cache pool (latent bf16 + rope keys on every layer, fp8 index caches on the indexed layers) 10.75 GiB; dsa scratch (projections, selection, attention, the prefill dot tiles) 0.22 GiB; rotary table (bf16 cos/sin per position) 0.01 GiB; activations (session core, residual, block io, dense scratch, route staging) 0.14 GiB (0.01 GiB pinned); moe scratch (routed slots, shared expert, graph tables) 0.75 GiB (0.01 GiB pinned); draft block (gathered hidden, the fused input, its residual, the sharded embedding's rows) 0.12 GiB; prefix cache 0.05 GiB; engine 0.07 GiB
2026-10-07 03:04:41.152 INFO  rank 1: memory plan total 109.81 GiB (109.67 GiB device + 0.14 GiB pinned) + 4.00 GiB headroom against 116.69 GiB free (device free 114.12 GiB of 121.69 GiB, host available 116.69 GiB)
2026-10-07 03:04:41.152 INFO  memory ledger: rank 1 after the plan check — rss 1.19 GiB (anon 0.42, shmem 0.11, file 0.67; locked 14.21); device free 114.12 GiB, node available 116.69 GiB
2026-10-07 03:04:41.152 INFO  memory ledger: rank 1 after the bus — rss 1.19 GiB (anon 0.42, shmem 0.11, file 0.67; locked 14.21); device free 114.12 GiB, node available 116.69 GiB
2026-10-07 03:04:41.633 INFO  glm_dsa loader: rank 1 resident footprint 98.0 GiB; device free 114.0 of 121.7 GiB, host available 116.6 GiB
2026-10-07 03:04:42.218 INFO  glm_dsa loader: rank 1 resident image /home/stephen/.cache/dgpp/resident/6ee138872b1f659a.img — 79/79 layers present, direct I/O
2026-10-07 03:04:42.228 INFO  l2 prefetch: on, window budget 12 MiB, boundary rate light, layer rate light
2026-10-07 03:04:42.228 INFO  memory ledger: glm_dsa: loader opened — rss 2.76 GiB (anon 0.49, shmem 1.57, file 0.69; locked 14.21); device free 112.09 GiB, node available 114.67 GiB
2026-10-07 03:04:43.004 INFO  memory ledger: glm_dsa: globals resident — rss 3.65 GiB (anon 0.49, shmem 1.57, file 1.58; locked 14.21); device free 110.76 GiB, node available 114.23 GiB
2026-10-07 03:04:58.104 INFO  rank 1 bf12: 89 decode matrices packed (1.65 GiB of bf16 -> 1.24 GiB, 163739 escapes, widest row 12, 0 rows kept raw; 0 matrices kept bf16) in 1.0 s
2026-10-07 03:04:58.104 INFO  rank 1 bf12: 89 of them released their bf16 bytes (1.71 GiB returned; prefill expands through a 48 MiB scratch)
2026-10-07 03:04:58.431 INFO  glm_dsa loader: rank 1 resident load complete — released 79 shard mappings (398.1 GiB) and evicted their page cache, freed the 1.46 GiB pinned staging mirror; image: 79 layers restored, 0 captured
2026-10-07 03:04:58.473 INFO  memory ledger: glm_dsa: layers resident, sources released — rss 1.26 GiB (anon 0.48, shmem 0.11, file 0.67; locked 14.19); device free 14.19 GiB, node available 16.73 GiB
2026-10-07 03:04:58.818 INFO  memory ledger: glm_dsa: arena, pool and scratch — rss 1.26 GiB (anon 0.48, shmem 0.11, file 0.67; locked 14.19); device free 2.99 GiB, node available 5.52 GiB
2026-10-07 03:04:58.869 INFO  memory ledger: rank 1 after the model — rss 1.27 GiB (anon 0.48, shmem 0.12, file 0.67; locked 14.19); device free 2.74 GiB, node available 5.28 GiB
2026-10-07 03:04:58.869 INFO  rank 1: model constructed in 17.7s (resident, 8 request slots, 122880-token pool in bf16, 2048-row forwards)
2026-10-07 03:04:58.869 INFO  rank 1: prefix cache on — 4096 snapshot slot(s) of 0.0 MiB (1.00 GiB asked)
2026-10-07 03:04:58.873 INFO  rank 1: graph engine samples on the device — 128 candidates per rank (16 rows x 4 ranks in a 196608-byte latency slot; the planned width is 128); constrained decoding available
2026-10-07 03:04:58.873 INFO  rank 1: prefill budget 0 tokens/tick (0 = full prompt), 0 with nothing decoding
2026-10-07 03:04:58.873 INFO  rank 1: sampled requests draft a draw from the draft's distribution under the ratio verify (engine.mtp_draft auto)
2026-10-07 03:05:08.865 INFO  memory ledger: rank 1 after the graph engine — rss 1.27 GiB (anon 0.48, shmem 0.12, file 0.67; locked 14.19); device free 2.78 GiB, node available 5.32 GiB
2026-10-07 03:05:08.868 INFO  allreduce: device clock rate 2418000 kHz (stamps conversion)
2026-10-07 03:05:08.875 INFO  allreduce: rank 1 seq 1 launched (3 peers)
2026-10-07 03:05:08.875 INFO  allreduce: rank 1 seq 1 ready after 24.3us
2026-10-07 03:05:08.875 INFO  allreduce: rank 1 seq 1 done status=0 after 73.4us
2026-10-07 03:05:09.128 INFO  allreduce: rank 1 seq 2 launched (3 peers)
2026-10-07 03:05:09.128 INFO  allreduce: rank 1 seq 2 ready after 24.4us
2026-10-07 03:05:09.254 INFO  allreduce: rank 1 seq 2 done status=0 after 125205.4us
2026-10-07 03:05:09.254 INFO  allreduce: rank 1 seq 3 launched (3 peers)
2026-10-07 03:05:09.254 INFO  allreduce: rank 1 seq 3 ready after 20.4us
2026-10-07 03:05:09.255 INFO  allreduce: rank 1 seq 3 done status=0 after 351.2us
2026-10-07 03:05:09.255 INFO  allreduce: rank 1 seq 4 launched (3 peers)
2026-10-07 03:05:09.255 INFO  allreduce: rank 1 seq 4 ready after 19.8us
2026-10-07 03:05:09.255 INFO  allreduce: rank 1 seq 4 done status=0 after 66.1us
2026-10-07 03:05:09.256 INFO  allreduce: rank 1 seq 5 launched (3 peers)
2026-10-07 03:05:09.256 INFO  allreduce: rank 1 seq 5 ready after 19.9us
2026-10-07 03:05:09.256 INFO  allreduce: rank 1 seq 5 done status=0 after 105.4us
2026-10-07 03:05:09.257 INFO  allreduce: rank 1 seq 6 launched (3 peers)
2026-10-07 03:05:09.257 INFO  allreduce: rank 1 seq 6 ready after 19.9us
2026-10-07 03:05:09.257 INFO  allreduce: rank 1 seq 6 done status=0 after 65.3us
2026-10-07 03:05:09.257 INFO  allreduce: rank 1 seq 7 launched (3 peers)
2026-10-07 03:05:09.257 INFO  allreduce: rank 1 seq 7 ready after 22.0us
2026-10-07 03:05:09.258 INFO  allreduce: rank 1 seq 7 done status=0 after 76.4us
2026-10-07 03:05:09.301 INFO  allreduce: rank 1 seq 8 launched (3 peers)
2026-10-07 03:05:09.301 INFO  allreduce: rank 1 seq 8 ready after 28.6us
2026-10-07 03:05:09.367 INFO  allreduce: rank 1 seq 8 done status=0 after 65481.0us
2026-10-07 03:05:09.408 INFO  allreduce: rank 1 seq 9 launched (3 peers)
2026-10-07 03:05:09.408 INFO  allreduce: rank 1 seq 9 ready after 21.9us
2026-10-07 03:05:09.412 INFO  allreduce: rank 1 seq 9 done status=0 after 4224.7us
2026-10-07 03:05:09.413 INFO  allreduce: rank 1 seq 10 launched (3 peers)
2026-10-07 03:05:09.413 INFO  allreduce: rank 1 seq 10 ready after 20.8us
2026-10-07 03:05:09.413 INFO  allreduce: rank 1 seq 10 done status=0 after 65.9us
2026-10-07 03:05:09.414 INFO  allreduce: rank 1 seq 11 launched (3 peers)
2026-10-07 03:05:09.414 INFO  allreduce: rank 1 seq 11 ready after 22.4us
2026-10-07 03:05:09.414 INFO  allreduce: rank 1 seq 11 done status=0 after 78.2us
2026-10-07 03:05:09.414 INFO  allreduce: rank 1 seq 12 launched (3 peers)
2026-10-07 03:05:09.414 INFO  allreduce: rank 1 seq 12 ready after 21.1us
2026-10-07 03:05:09.414 INFO  allreduce: rank 1 seq 12 done status=0 after 66.5us
2026-10-07 03:05:09.415 INFO  allreduce: rank 1 seq 13 launched (3 peers)
2026-10-07 03:05:09.415 INFO  allreduce: rank 1 seq 13 ready after 22.9us
2026-10-07 03:05:09.415 INFO  allreduce: rank 1 seq 13 done status=0 after 73.0us
2026-10-07 03:05:09.415 INFO  allreduce: rank 1 seq 14 launched (3 peers)
2026-10-07 03:05:09.415 INFO  allreduce: rank 1 seq 14 ready after 19.9us
2026-10-07 03:05:09.415 INFO  allreduce: rank 1 seq 14 done status=0 after 67.0us
2026-10-07 03:05:09.416 INFO  allreduce: rank 1 seq 15 launched (3 peers)
2026-10-07 03:05:09.416 INFO  allreduce: rank 1 seq 15 ready after 22.9us
2026-10-07 03:05:09.416 INFO  allreduce: rank 1 seq 15 done status=0 after 85.6us
2026-10-07 03:05:09.417 INFO  allreduce: rank 1 seq 16 launched (3 peers)
2026-10-07 03:05:09.417 INFO  allreduce: rank 1 seq 16 ready after 19.9us
2026-10-07 03:05:09.417 INFO  allreduce: rank 1 seq 16 done status=0 after 73.9us
2026-10-07 03:05:09.539 INFO  bus graph era: variant 0 recorded with 162 collective node(s)
2026-10-07 03:05:09.539 INFO  rank 1: graph variant 0 shape: 2492 nodes, 2729 edges: kernel 2492 empty 0 memcpy 0 memset 0 host 0 event 0 other 0; max in-degree 2
2026-10-07 03:05:09.544 INFO  rank 1: graph variant 0 instantiated — 15.1 MiB of device memory (1.9 GiB free)
2026-10-07 03:05:09.546 INFO  bus graph era: variant 1 recorded with 162 collective node(s)
2026-10-07 03:05:09.546 INFO  rank 1: graph variant 1 shape: 2492 nodes, 2729 edges: kernel 2492 empty 0 memcpy 0 memset 0 host 0 event 0 other 0; max in-degree 2
2026-10-07 03:05:09.551 INFO  rank 1: graph variant 1 instantiated — 15.3 MiB of device memory (1.8 GiB free)
2026-10-07 03:05:09.551 INFO  rank 1: serving scalar graph variants 0/1 captured for request slot 0 (2 rows, MTP)
2026-10-07 03:05:09.553 INFO  bus graph era: variant 16 recorded with 162 collective node(s)
2026-10-07 03:05:09.553 INFO  rank 1: graph variant 16 shape: 2493 nodes, 2730 edges: kernel 2493 empty 0 memcpy 0 memset 0 host 0 event 0 other 0; max in-degree 2
2026-10-07 03:05:09.560 INFO  rank 1: graph variant 16 instantiated — 13.2 MiB of device memory (1.8 GiB free)
2026-10-07 03:05:09.561 INFO  bus graph era: variant 17 recorded with 162 collective node(s)
2026-10-07 03:05:09.562 INFO  rank 1: graph variant 17 shape: 2493 nodes, 2730 edges: kernel 2493 empty 0 memcpy 0 memset 0 host 0 event 0 other 0; max in-degree 2
2026-10-07 03:05:09.570 INFO  rank 1: graph variant 17 instantiated — 15.5 MiB of device memory (1.8 GiB free)
2026-10-07 03:05:09.570 INFO  rank 1: serving row-batched graph variants 16/17 captured for 2 slots x 2 rows = 4 fixed rows, MTP (a batch is selected at 2+ live requests, the smallest that covers the live slots)
2026-10-07 03:05:09.572 INFO  bus graph era: variant 18 recorded with 162 collective node(s)
2026-10-07 03:05:09.572 INFO  rank 1: graph variant 18 shape: 2719 nodes, 2956 edges: kernel 2719 empty 0 memcpy 0 memset 0 host 0 event 0 other 0; max in-degree 2
2026-10-07 03:05:09.581 INFO  rank 1: graph variant 18 instantiated — 17.3 MiB of device memory (1.8 GiB free)
2026-10-07 03:05:09.583 INFO  bus graph era: variant 19 recorded with 162 collective node(s)
2026-10-07 03:05:09.583 INFO  rank 1: graph variant 19 shape: 2719 nodes, 2956 edges: kernel 2719 empty 0 memcpy 0 memset 0 host 0 event 0 other 0; max in-degree 2
2026-10-07 03:05:09.591 INFO  rank 1: graph variant 19 instantiated — 13.5 MiB of device memory (1.8 GiB free)
2026-10-07 03:05:09.591 INFO  rank 1: serving row-batched graph variants 18/19 captured for 3 slots x 2 rows = 6 fixed rows, MTP (a batch is selected at 2+ live requests, the smallest that covers the live slots)
2026-10-07 03:05:09.593 INFO  bus graph era: variant 20 recorded with 162 collective node(s)
2026-10-07 03:05:09.593 INFO  rank 1: graph variant 20 shape: 2720 nodes, 2957 edges: kernel 2720 empty 0 memcpy 0 memset 0 host 0 event 0 other 0; max in-degree 2
2026-10-07 03:05:09.602 INFO  rank 1: graph variant 20 instantiated — 17.6 MiB of device memory (1.8 GiB free)
2026-10-07 03:05:09.604 INFO  bus graph era: variant 21 recorded with 162 collective node(s)
2026-10-07 03:05:09.604 INFO  rank 1: graph variant 21 shape: 2720 nodes, 2957 edges: kernel 2720 empty 0 memcpy 0 memset 0 host 0 event 0 other 0; max in-degree 2
2026-10-07 03:05:09.613 INFO  rank 1: graph variant 21 instantiated — 15.8 MiB of device memory (1.8 GiB free)
2026-10-07 03:05:09.613 INFO  rank 1: serving row-batched graph variants 20/21 captured for 4 slots x 2 rows = 8 fixed rows, MTP (a batch is selected at 2+ live requests, the smallest that covers the live slots)
2026-10-07 03:05:09.615 INFO  bus graph era: variant 22 recorded with 162 collective node(s)
2026-10-07 03:05:09.615 INFO  rank 1: graph variant 22 shape: 3081 nodes, 3318 edges: kernel 3081 empty 0 memcpy 0 memset 0 host 0 event 0 other 0; max in-degree 2
2026-10-07 03:05:09.624 INFO  rank 1: graph variant 22 instantiated — 16.9 MiB of device memory (1.7 GiB free)
2026-10-07 03:05:09.626 INFO  bus graph era: variant 23 recorded with 162 collective node(s)
2026-10-07 03:05:09.627 INFO  rank 1: graph variant 23 shape: 3081 nodes, 3318 edges: kernel 3081 empty 0 memcpy 0 memset 0 host 0 event 0 other 0; max in-degree 2
2026-10-07 03:05:09.636 INFO  rank 1: graph variant 23 instantiated — 16.2 MiB of device memory (1.7 GiB free)
2026-10-07 03:05:09.636 INFO  rank 1: serving row-batched graph variants 22/23 captured for 6 slots x 2 rows = 12 fixed rows, MTP (a batch is selected at 2+ live requests, the smallest that covers the live slots)
2026-10-07 03:05:09.639 INFO  bus graph era: variant 24 recorded with 162 collective node(s)
2026-10-07 03:05:09.639 INFO  rank 1: graph variant 24 shape: 3308 nodes, 3545 edges: kernel 3308 empty 0 memcpy 0 memset 0 host 0 event 0 other 0; max in-degree 2
2026-10-07 03:05:09.649 INFO  rank 1: graph variant 24 instantiated — 17.2 MiB of device memory (1.7 GiB free)
2026-10-07 03:05:09.651 INFO  bus graph era: variant 25 recorded with 162 collective node(s)
2026-10-07 03:05:09.652 INFO  rank 1: graph variant 25 shape: 3308 nodes, 3545 edges: kernel 3308 empty 0 memcpy 0 memset 0 host 0 event 0 other 0; max in-degree 2
2026-10-07 03:05:09.662 INFO  rank 1: graph variant 25 instantiated — 16.3 MiB of device memory (1.7 GiB free)
2026-10-07 03:05:09.662 INFO  rank 1: serving row-batched graph variants 24/25 captured for 8 slots x 2 rows = 16 fixed rows, MTP (a batch is selected at 2+ live requests, the smallest that covers the live slots)
2026-10-07 03:05:10.009 INFO  bus graph era: variant 2 recorded with 162 collective node(s)
2026-10-07 03:05:10.010 INFO  rank 1: graph variant 2 shape: 2492 nodes, 2729 edges: kernel 2492 empty 0 memcpy 0 memset 0 host 0 event 0 other 0; max in-degree 2
2026-10-07 03:05:10.019 INFO  rank 1: graph variant 2 instantiated — 12.8 MiB of device memory (1.7 GiB free)
2026-10-07 03:05:10.021 INFO  bus graph era: variant 3 recorded with 162 collective node(s)
2026-10-07 03:05:10.021 INFO  rank 1: graph variant 3 shape: 2492 nodes, 2729 edges: kernel 2492 empty 0 memcpy 0 memset 0 host 0 event 0 other 0; max in-degree 2
2026-10-07 03:05:10.029 INFO  rank 1: graph variant 3 instantiated — 16.1 MiB of device memory (1.7 GiB free)
2026-10-07 03:05:10.029 INFO  rank 1: serving scalar graph variants 2/3 captured for request slot 1 (2 rows, MTP)
2026-10-07 03:05:10.177 INFO  bus graph era: variant 4 recorded with 162 collective node(s)
2026-10-07 03:05:10.177 INFO  rank 1: graph variant 4 shape: 2492 nodes, 2729 edges: kernel 2492 empty 0 memcpy 0 memset 0 host 0 event 0 other 0; max in-degree 2
2026-10-07 03:05:10.193 INFO  rank 1: graph variant 4 instantiated — 20.7 MiB of device memory (1.6 GiB free)
2026-10-07 03:05:10.195 INFO  bus graph era: variant 5 recorded with 162 collective node(s)
2026-10-07 03:05:10.195 INFO  rank 1: graph variant 5 shape: 2492 nodes, 2729 edges: kernel 2492 empty 0 memcpy 0 memset 0 host 0 event 0 other 0; max in-degree 2
2026-10-07 03:05:10.208 INFO  rank 1: graph variant 5 instantiated — 32.7 MiB of device memory (1.6 GiB free)
2026-10-07 03:05:10.208 INFO  rank 1: serving scalar graph variants 4/5 captured for request slot 2 (2 rows, MTP)
2026-10-07 03:05:10.346 INFO  bus graph era: variant 6 recorded with 162 collective node(s)
2026-10-07 03:05:10.346 INFO  rank 1: graph variant 6 shape: 2492 nodes, 2729 edges: kernel 2492 empty 0 memcpy 0 memset 0 host 0 event 0 other 0; max in-degree 2
2026-10-07 03:05:10.355 INFO  rank 1: graph variant 6 instantiated — 35.6 MiB of device memory (1.6 GiB free)
2026-10-07 03:05:10.356 INFO  bus graph era: variant 7 recorded with 162 collective node(s)
2026-10-07 03:05:10.357 INFO  rank 1: graph variant 7 shape: 2492 nodes, 2729 edges: kernel 2492 empty 0 memcpy 0 memset 0 host 0 event 0 other 0; max in-degree 2
2026-10-07 03:05:10.364 INFO  rank 1: graph variant 7 instantiated — 28.8 MiB of device memory (1.5 GiB free)
2026-10-07 03:05:10.364 INFO  rank 1: serving scalar graph variants 6/7 captured for request slot 3 (2 rows, MTP)
2026-10-07 03:05:10.479 INFO  bus graph era: variant 8 recorded with 162 collective node(s)
2026-10-07 03:05:10.479 INFO  rank 1: graph variant 8 shape: 2492 nodes, 2729 edges: kernel 2492 empty 0 memcpy 0 memset 0 host 0 event 0 other 0; max in-degree 2
2026-10-07 03:05:10.487 INFO  rank 1: graph variant 8 instantiated — 32.2 MiB of device memory (1.5 GiB free)
2026-10-07 03:05:10.489 INFO  bus graph era: variant 9 recorded with 162 collective node(s)
2026-10-07 03:05:10.489 INFO  rank 1: graph variant 9 shape: 2492 nodes, 2729 edges: kernel 2492 empty 0 memcpy 0 memset 0 host 0 event 0 other 0; max in-degree 2
2026-10-07 03:05:10.498 INFO  rank 1: graph variant 9 instantiated — 32.0 MiB of device memory (1.5 GiB free)
2026-10-07 03:05:10.498 INFO  rank 1: serving scalar graph variants 8/9 captured for request slot 4 (2 rows, MTP)
2026-10-07 03:05:10.609 INFO  bus graph era: variant 10 recorded with 162 collective node(s)
2026-10-07 03:05:10.609 INFO  rank 1: graph variant 10 shape: 2492 nodes, 2729 edges: kernel 2492 empty 0 memcpy 0 memset 0 host 0 event 0 other 0; max in-degree 2
2026-10-07 03:05:10.617 INFO  rank 1: graph variant 10 instantiated — 30.3 MiB of device memory (1.5 GiB free)
2026-10-07 03:05:10.619 INFO  bus graph era: variant 11 recorded with 162 collective node(s)
2026-10-07 03:05:10.619 INFO  rank 1: graph variant 11 shape: 2492 nodes, 2729 edges: kernel 2492 empty 0 memcpy 0 memset 0 host 0 event 0 other 0; max in-degree 2
2026-10-07 03:05:10.628 INFO  rank 1: graph variant 11 instantiated — 40.3 MiB of device memory (1.4 GiB free)
2026-10-07 03:05:10.628 INFO  rank 1: serving scalar graph variants 10/11 captured for request slot 5 (2 rows, MTP)
2026-10-07 03:05:10.737 INFO  bus graph era: variant 12 recorded with 162 collective node(s)
2026-10-07 03:05:10.738 INFO  rank 1: graph variant 12 shape: 2492 nodes, 2729 edges: kernel 2492 empty 0 memcpy 0 memset 0 host 0 event 0 other 0; max in-degree 2
2026-10-07 03:05:10.745 INFO  rank 1: graph variant 12 instantiated — 30.3 MiB of device memory (1.4 GiB free)
2026-10-07 03:05:10.747 INFO  bus graph era: variant 13 recorded with 162 collective node(s)
2026-10-07 03:05:10.747 INFO  rank 1: graph variant 13 shape: 2492 nodes, 2729 edges: kernel 2492 empty 0 memcpy 0 memset 0 host 0 event 0 other 0; max in-degree 2
2026-10-07 03:05:10.756 INFO  rank 1: graph variant 13 instantiated — 32.4 MiB of device memory (1.4 GiB free)
2026-10-07 03:05:10.756 INFO  rank 1: serving scalar graph variants 12/13 captured for request slot 6 (2 rows, MTP)
2026-10-07 03:05:10.872 INFO  bus graph era: variant 14 recorded with 162 collective node(s)
2026-10-07 03:05:10.872 INFO  rank 1: graph variant 14 shape: 2492 nodes, 2729 edges: kernel 2492 empty 0 memcpy 0 memset 0 host 0 event 0 other 0; max in-degree 2
2026-10-07 03:05:10.881 INFO  rank 1: graph variant 14 instantiated — 33.5 MiB of device memory (1.3 GiB free)
2026-10-07 03:05:10.883 INFO  bus graph era: variant 15 recorded with 162 collective node(s)
2026-10-07 03:05:10.883 INFO  rank 1: graph variant 15 shape: 2492 nodes, 2729 edges: kernel 2492 empty 0 memcpy 0 memset 0 host 0 event 0 other 0; max in-degree 2
2026-10-07 03:05:10.893 INFO  rank 1: graph variant 15 instantiated — 29.4 MiB of device memory (1.3 GiB free)
2026-10-07 03:05:10.893 INFO  rank 1: serving scalar graph variants 14/15 captured for request slot 7 (2 rows, MTP)
2026-10-07 03:05:10.893 INFO  rank 1: warm capture complete — 8 scalar variants and the row batches for 2 slots, 3 slots, 4 slots, 6 slots, 8 slots recorded before the first request
2026-10-07 03:05:10.893 INFO  memory ledger: rank 1 after the warm capture — rss 2.03 GiB (anon 1.22, shmem 0.13, file 0.68; locked 14.19); device free 1.29 GiB, node available 3.83 GiB
2026-10-07 03:05:10.893 INFO  rank 1: graph variants warm-captured in 2.03s
2026-10-07 03:05:10.893 INFO  rank 1: following rank 0's journal (admission full, window 256)
2026-10-07 03:05:12.192 INFO  sched: request 'chatcmpl-f58839217832d0b9' starting prefill in slot 0 (542 prompt tokens)
2026-10-07 03:05:13.315 INFO  sched: request 'chatcmpl-f58839217832d0b9' prefix cache miss — 3 cut(s), the cache is empty
2026-10-07 03:05:13.316 INFO  sched: request 'chatcmpl-f58839217832d0b9' admitted to slot 0 (reserve 5 blocks; pool 5/960 blocks in use) — first token 785
2026-10-07 03:05:13.316 INFO  sched: request 'chatcmpl-f58839217832d0b9' retired (steps): 1 tok in 1.1 s — prefill 542 tok (0 cached) in 1123 ms; decode 0 tok / 0 passes in 0.0 s
2026-10-07 03:05:13.330 INFO  sched: request 'chatcmpl-f58839217832d0ba' starting prefill in slot 0 (2019 prompt tokens)
2026-10-07 03:05:16.794 INFO  sched: request 'chatcmpl-f58839217832d0ba' prefix cache miss — 3 cut(s), the cache is empty
2026-10-07 03:05:16.794 INFO  sched: request 'chatcmpl-f58839217832d0ba' admitted to slot 0 (reserve 16 blocks; pool 17/960 blocks in use) — first token 785
2026-10-07 03:05:16.795 INFO  sched: request 'chatcmpl-f58839217832d0ba' retired (steps): 1 tok in 3.5 s — prefill 2019 tok (0 cached) in 3464 ms; decode 0 tok / 0 passes in 0.0 s
2026-10-07 03:05:16.804 INFO  sched: request 'chatcmpl-f58839217832d0bb' starting prefill in slot 0 (2050 prompt tokens)
2026-10-07 03:05:20.318 INFO  sched: request 'chatcmpl-f58839217832d0bb' prefix cache miss — 3 cut(s) probed against 2 entries; the nearest entry (position 2019) shares the first 38 of the prompt's 2050 tokens (the prompt differs from it from that token on)
2026-10-07 03:05:20.318 INFO  sched: request 'chatcmpl-f58839217832d0bb' admitted to slot 0 (reserve 17 blocks; pool 34/960 blocks in use) — first token 785
2026-10-07 03:05:20.319 INFO  sched: request 'chatcmpl-f58839217832d0bb' retired (steps): 1 tok in 3.5 s — prefill 2050 tok (0 cached) in 3514 ms; decode 0 tok / 0 passes in 0.0 s
2026-10-07 03:05:20.333 INFO  sched: request 'chatcmpl-f58839217832d0bc' starting prefill in slot 0 (2026 prompt tokens)
2026-10-07 03:05:23.815 INFO  sched: request 'chatcmpl-f58839217832d0bc' prefix cache miss — 3 cut(s) probed against 4 entries; the nearest entry (position 2050) shares the first 38 of the prompt's 2026 tokens (the prompt differs from it from that token on)
2026-10-07 03:05:23.815 INFO  sched: request 'chatcmpl-f58839217832d0bc' admitted to slot 0 (reserve 16 blocks; pool 51/960 blocks in use) — first token 785
2026-10-07 03:05:23.816 INFO  sched: request 'chatcmpl-f58839217832d0bc' retired (steps): 1 tok in 3.5 s — prefill 2026 tok (0 cached) in 3482 ms; decode 0 tok / 0 passes in 0.0 s
2026-10-07 03:05:23.816 INFO  stats: rank 1 | 12.8 s | decode 0.3 tok/s, 0.0 ms/tok, 0.0 ms/step (0 steps / 4 tok, 0 % of wall) | prefill 4 prompts / 6637 tok, 521 tok/s, 1.75 ms/tok, 2896 ms avg (91 % of wall), 0 tok cached (0/4 hits) | live 0, queued 0 | pool 51/960 blocks (5 %) | prefix cache 6/4096 entries
2026-10-07 03:05:23.836 INFO  sched: request 'chatcmpl-f58839217832d0bd' starting prefill in slot 0 (7986 prompt tokens)
2026-10-07 03:05:40.050 INFO  sched: request 'chatcmpl-f58839217832d0bd' prefix cache miss — 6 cut(s) probed against 6 entries; the nearest entry (position 2050) shares the first 35 of the prompt's 7986 tokens (the prompt differs from it from that token on)
2026-10-07 03:05:40.050 INFO  sched: request 'chatcmpl-f58839217832d0bd' admitted to slot 0 (reserve 63 blocks; pool 115/960 blocks in use) — first token 785
2026-10-07 03:05:40.051 INFO  sched: request 'chatcmpl-f58839217832d0bd' retired (steps): 1 tok in 16.2 s — prefill 7986 tok (0 cached) in 16215 ms; decode 0 tok / 0 passes in 0.0 s
2026-10-07 03:05:40.051 INFO  stats: rank 1 | 16.2 s | decode 0.1 tok/s, 0.0 ms/tok, 0.0 ms/step (0 steps / 1 tok, 0 % of wall) | prefill 1 prompt / 7986 tok, 492 tok/s, 2.03 ms/tok, 16215 ms avg (100 % of wall), 0 tok cached (0/1 hit) | live 0, queued 0 | pool 115/960 blocks (12 %) | prefix cache 8/4096 entries
2026-10-07 03:05:40.077 INFO  sched: request 'chatcmpl-f58839217832d0be' starting prefill in slot 0 (8038 prompt tokens)
2026-10-07 03:05:56.424 INFO  sched: request 'chatcmpl-f58839217832d0be' prefix cache miss — 6 cut(s) probed against 8 entries; the nearest entry (position 7986) shares the first 39 of the prompt's 8038 tokens (the prompt differs from it from that token on)
2026-10-07 03:05:56.424 INFO  sched: request 'chatcmpl-f58839217832d0be' admitted to slot 0 (reserve 63 blocks; pool 179/960 blocks in use) — first token 785
2026-10-07 03:05:56.425 INFO  sched: request 'chatcmpl-f58839217832d0be' retired (steps): 1 tok in 16.3 s — prefill 8038 tok (0 cached) in 16347 ms; decode 0 tok / 0 passes in 0.0 s
2026-10-07 03:05:56.425 INFO  stats: rank 1 | 16.4 s | decode 0.1 tok/s, 0.0 ms/tok, 0.0 ms/step (0 steps / 1 tok, 0 % of wall) | prefill 1 prompt / 8038 tok, 491 tok/s, 2.03 ms/tok, 16347 ms avg (100 % of wall), 0 tok cached (0/1 hit) | live 0, queued 0 | pool 179/960 blocks (19 %) | prefix cache 10/4096 entries
2026-10-07 03:05:56.440 INFO  sched: request 'chatcmpl-f58839217832d0bf' starting prefill in slot 0 (8174 prompt tokens)
2026-10-07 03:06:13.074 INFO  sched: request 'chatcmpl-f58839217832d0bf' prefix cache miss — 6 cut(s) probed against 10 entries; the nearest entry (position 8038) shares the first 39 of the prompt's 8174 tokens (the prompt differs from it from that token on)
2026-10-07 03:06:13.074 INFO  sched: request 'chatcmpl-f58839217832d0bf' admitted to slot 0 (reserve 64 blocks; pool 244/960 blocks in use) — first token 785
2026-10-07 03:06:13.075 INFO  sched: request 'chatcmpl-f58839217832d0bf' retired (steps): 1 tok in 16.6 s — prefill 8174 tok (0 cached) in 16634 ms; decode 0 tok / 0 passes in 0.0 s
2026-10-07 03:06:13.075 INFO  stats: rank 1 | 16.6 s | decode 0.1 tok/s, 0.0 ms/tok, 0.0 ms/step (0 steps / 1 tok, 0 % of wall) | prefill 1 prompt / 8174 tok, 491 tok/s, 2.04 ms/tok, 16634 ms avg (100 % of wall), 0 tok cached (0/1 hit) | live 0, queued 0 | pool 244/960 blocks (25 %) | prefix cache 12/4096 entries
2026-10-07 03:06:13.099 INFO  sched: request 'chatcmpl-f58839217832d0c0' starting prefill in slot 0 (32153 prompt tokens)
2026-10-07 03:07:23.849 INFO  sched: request 'chatcmpl-f58839217832d0c0' prefix cache miss — 18 cut(s) probed against 12 entries; the nearest entry (position 8174) shares the first 35 of the prompt's 32153 tokens (the prompt differs from it from that token on)
2026-10-07 03:07:23.849 INFO  sched: request 'chatcmpl-f58839217832d0c0' admitted to slot 0 (reserve 252 blocks; pool 497/960 blocks in use) — first token 785
2026-10-07 03:07:23.850 INFO  sched: request 'chatcmpl-f58839217832d0c0' retired (steps): 1 tok in 70.8 s — prefill 32153 tok (0 cached) in 70751 ms; decode 0 tok / 0 passes in 0.0 s
2026-10-07 03:07:23.850 INFO  stats: rank 1 | 70.8 s | decode 0.0 tok/s, 0.0 ms/tok, 0.0 ms/step (0 steps / 1 tok, 0 % of wall) | prefill 1 prompt / 32153 tok, 454 tok/s, 2.20 ms/tok, 70751 ms avg (100 % of wall), 0 tok cached (0/1 hit) | live 0, queued 0 | pool 497/960 blocks (52 %) | prefix cache 15/4096 entries
2026-10-07 03:07:23.875 INFO  sched: request 'chatcmpl-f58839217832d0c1' starting prefill in slot 0 (32185 prompt tokens)
2026-10-07 03:08:34.869 INFO  sched: request 'chatcmpl-f58839217832d0c1' prefix cache miss — 18 cut(s) probed against 15 entries; the nearest entry (position 32153) shares the first 39 of the prompt's 32185 tokens (the prompt differs from it from that token on)
2026-10-07 03:08:34.870 INFO  sched: request 'chatcmpl-f58839217832d0c1' admitted to slot 0 (reserve 252 blocks; pool 750/960 blocks in use) — first token 785
2026-10-07 03:08:34.871 INFO  sched: request 'chatcmpl-f58839217832d0c1' retired (steps): 1 tok in 71.0 s — prefill 32185 tok (0 cached) in 70995 ms; decode 0 tok / 0 passes in 0.0 s
2026-10-07 03:08:34.871 INFO  stats: rank 1 | 71.0 s | decode 0.0 tok/s, 0.0 ms/tok, 0.0 ms/step (0 steps / 1 tok, 0 % of wall) | prefill 1 prompt / 32185 tok, 453 tok/s, 2.21 ms/tok, 70995 ms avg (100 % of wall), 0 tok cached (0/1 hit) | live 0, queued 0 | pool 750/960 blocks (78 %) | prefix cache 18/4096 entries
2026-10-07 03:08:34.908 INFO  sched: request 'chatcmpl-f58839217832d0c2' starting prefill in slot 0 (32149 prompt tokens)
2026-10-07 03:09:45.885 INFO  sched: request 'chatcmpl-f58839217832d0c2' prefix cache miss — 18 cut(s) probed against 12 entries; the nearest entry (position 32185) shares the first 39 of the prompt's 32149 tokens (the prompt differs from it from that token on)
2026-10-07 03:09:45.885 INFO  sched: request 'chatcmpl-f58839217832d0c2' admitted to slot 0 (reserve 252 blocks; pool 952/960 blocks in use) — first token 785
2026-10-07 03:09:45.886 INFO  sched: request 'chatcmpl-f58839217832d0c2' retired (steps): 1 tok in 71.0 s — prefill 32149 tok (0 cached) in 70977 ms; decode 0 tok / 0 passes in 0.0 s
2026-10-07 03:09:45.886 INFO  stats: rank 1 | 71.0 s | decode 0.0 tok/s, 0.0 ms/tok, 0.0 ms/step (0 steps / 1 tok, 0 % of wall) | prefill 1 prompt / 32149 tok, 453 tok/s, 2.21 ms/tok, 70977 ms avg (100 % of wall), 0 tok cached (0/1 hit) | live 0, queued 0 | pool 952/960 blocks (99 %) | prefix cache 15/4096 entries
2026-10-07 03:09:46.661 INFO  sched: request 'chatcmpl-f58839217832d0c3' starting prefill in slot 0 (32238 prompt tokens)
2026-10-07 03:10:57.687 INFO  sched: request 'chatcmpl-f58839217832d0c3' prefix cache miss — 18 cut(s) probed against 6 entries; the nearest entry (position 32185) shares the first 10 of the prompt's 32238 tokens (the prompt differs from it from that token on)
2026-10-07 03:10:57.687 INFO  sched: request 'chatcmpl-f58839217832d0c3' admitted to slot 0 (reserve 254 blocks; pool 761/960 blocks in use) — first token 785
2026-10-07 03:10:57.761 INFO  stats: rank 1 | 71.9 s | decode 0.0 tok/s, 24.5 ms/tok, 73.4 ms/step (1 step / 3 tok, 0 % of wall) | mtp 3.00 tok/step/req, accept p1 100 % | prefill 1 prompt / 32238 tok, 449 tok/s, 2.20 ms/tok, 71026 ms avg (99 % of wall), 0 tok cached (0/1 hit) | live 1, queued 0 | pool 762/960 blocks (79 %) | prefix cache 8/4096 entries
2026-10-07 03:11:07.639 INFO  sched: request 'chatcmpl-f58839217832d0c3' retired (steps): 256 tok in 81.0 s — prefill 32238 tok (0 cached) in 71026 ms; decode 255 tok / 130 passes in 10.0 s: 25.6 tok/s, 39.0 ms/tok, 77 ms/pass, 1.96 tok/pass, accept p1 97 %
2026-10-07 03:11:07.673 INFO  sched: request 'chatcmpl-f58839217832d0c4' starting prefill in slot 0 (32238 prompt tokens)
2026-10-07 03:11:07.799 INFO  sched: request 'chatcmpl-f58839217832d0c4' admitted to slot 0 (reserve 254 blocks; pool 764/960 blocks in use) — first token 785
2026-10-07 03:11:07.874 INFO  stats: rank 1 | 10.1 s | decode 25.3 tok/s, 38.7 ms/tok, 76.2 ms/step (130 steps / 256 tok, 98 % of wall) | mtp 1.97 tok/step/req, accept p1 97 % | prefill 1 prompt / 2 tok, 0 tok/s, 62.63 ms/tok, 125 ms avg (1 % of wall), 32236 tok cached (1/1 hit) | live 1, queued 0 | pool 765/960 blocks (80 %) | prefix cache 9/4096 entries
2026-10-07 03:11:17.745 INFO  sched: request 'chatcmpl-f58839217832d0c4' retired (steps): 256 tok in 10.1 s — prefill 32238 tok (32236 cached) in 125 ms; decode 255 tok / 130 passes in 9.9 s: 25.6 tok/s, 39.0 ms/tok, 77 ms/pass, 1.96 tok/pass, accept p1 97 %
2026-10-07 03:11:17.762 INFO  sched: request 'chatcmpl-f58839217832d0c5' starting prefill in slot 0 (32238 prompt tokens)
2026-10-07 03:11:17.888 INFO  sched: request 'chatcmpl-f58839217832d0c5' admitted to slot 0 (reserve 254 blocks; pool 764/960 blocks in use) — first token 785
2026-10-07 03:11:17.964 INFO  stats: rank 1 | 10.1 s | decode 25.4 tok/s, 38.7 ms/tok, 76.2 ms/step (130 steps / 256 tok, 98 % of wall) | mtp 1.97 tok/step/req, accept p1 97 % | prefill 1 prompt / 2 tok, 0 tok/s, 63.25 ms/tok, 127 ms avg (1 % of wall), 32236 tok cached (1/1 hit) | live 1, queued 0 | pool 765/960 blocks (80 %) | prefix cache 9/4096 entries
2026-10-07 03:11:27.833 INFO  sched: request 'chatcmpl-f58839217832d0c5' retired (steps): 256 tok in 10.1 s — prefill 32238 tok (32236 cached) in 127 ms; decode 255 tok / 130 passes in 9.9 s: 25.6 tok/s, 39.0 ms/tok, 76 ms/pass, 1.96 tok/pass, accept p1 97 %
2026-10-07 03:11:27.965 INFO  stats: rank 1 | 10.0 s | decode 25.3 tok/s, 38.8 ms/tok, 76.2 ms/step (129 steps / 253 tok, 98 % of wall) | mtp 1.96 tok/step/req, accept p1 97 % | prefill 0 prompts / 0 tok, 0 tok cached (0/0 hits) | live 0, queued 0 | pool 761/960 blocks (79 %) | prefix cache 9/4096 entries
2026-10-07 03:11:29.054 INFO  sched: request 'chatcmpl-f58839217832d0c6' starting prefill in slot 0 (65013 prompt tokens)
2026-10-07 03:14:03.030 INFO  sched: request 'chatcmpl-f58839217832d0c6' prefix cache miss — 34 cut(s) probed against 3 entries; the nearest entry (position 32492) shares the first 14 of the prompt's 65013 tokens (the prompt differs from it from that token on)
2026-10-07 03:14:03.031 INFO  sched: request 'chatcmpl-f58839217832d0c6' admitted to slot 0 (reserve 510 blocks; pool 766/960 blocks in use) — first token 785
2026-10-07 03:14:03.109 INFO  stats: rank 1 | 155.1 s | decode 0.0 tok/s, 25.9 ms/tok, 77.6 ms/step (1 step / 3 tok, 0 % of wall) | mtp 3.00 tok/step/req, accept p1 100 % | prefill 1 prompt / 65013 tok, 419 tok/s, 2.37 ms/tok, 153976 ms avg (99 % of wall), 0 tok cached (0/1 hit) | live 1, queued 0 | pool 767/960 blocks (80 %) | prefix cache 5/4096 entries
2026-10-07 03:14:13.117 INFO  stats: rank 1 | 10.0 s | decode 24.1 tok/s, 41.1 ms/tok, 80.6 ms/step (123 steps / 241 tok, 99 % of wall) | mtp 1.96 tok/step/req, accept p1 96 % | prefill 0 prompts / 0 tok, 0 tok cached (0/0 hits) | live 1, queued 0 | pool 767/960 blocks (80 %) | prefix cache 5/4096 entries
2026-10-07 03:14:13.616 INFO  sched: request 'chatcmpl-f58839217832d0c6' retired (steps): 256 tok in 164.6 s — prefill 65013 tok (0 cached) in 153976 ms; decode 255 tok / 130 passes in 10.6 s: 24.1 tok/s, 41.5 ms/tok, 81 ms/pass, 1.96 tok/pass, accept p1 96 %
2026-10-07 03:14:13.651 INFO  sched: request 'chatcmpl-f58839217832d0c7' starting prefill in slot 0 (65013 prompt tokens)
2026-10-07 03:14:13.782 INFO  sched: request 'chatcmpl-f58839217832d0c7' admitted to slot 0 (reserve 510 blocks; pool 769/960 blocks in use) — first token 785
2026-10-07 03:14:23.127 INFO  stats: rank 1 | 10.0 s | decode 23.8 tok/s, 41.0 ms/tok, 80.6 ms/step (121 steps / 238 tok, 97 % of wall) | mtp 1.97 tok/step/req, accept p1 96 % | prefill 1 prompt / 2 tok, 0 tok/s, 65.14 ms/tok, 130 ms avg (1 % of wall), 65011 tok cached (1/1 hit) | live 1, queued 0 | pool 770/960 blocks (80 %) | prefix cache 6/4096 entries
2026-10-07 03:14:24.363 INFO  sched: request 'chatcmpl-f58839217832d0c7' retired (steps): 256 tok in 10.7 s — prefill 65013 tok (65011 cached) in 130 ms; decode 255 tok / 130 passes in 10.6 s: 24.1 tok/s, 41.5 ms/tok, 81 ms/pass, 1.96 tok/pass, accept p1 96 %
2026-10-07 03:14:24.398 INFO  sched: request 'chatcmpl-f58839217832d0c8' starting prefill in slot 0 (65013 prompt tokens)
2026-10-07 03:14:24.530 INFO  sched: request 'chatcmpl-f58839217832d0c8' admitted to slot 0 (reserve 510 blocks; pool 769/960 blocks in use) — first token 785
2026-10-07 03:14:33.205 INFO  stats: rank 1 | 10.1 s | decode 23.8 tok/s, 40.9 ms/tok, 80.5 ms/step (122 steps / 240 tok, 97 % of wall) | mtp 1.97 tok/step/req, accept p1 96 % | prefill 1 prompt / 2 tok, 0 tok/s, 65.99 ms/tok, 132 ms avg (1 % of wall), 65011 tok cached (1/1 hit) | live 1, queued 0 | pool 770/960 blocks (80 %) | prefix cache 6/4096 entries
2026-10-07 03:14:35.097 INFO  sched: request 'chatcmpl-f58839217832d0c8' retired (steps): 256 tok in 10.7 s — prefill 65013 tok (65011 cached) in 132 ms; decode 255 tok / 130 passes in 10.6 s: 24.1 tok/s, 41.4 ms/tok, 81 ms/pass, 1.96 tok/pass, accept p1 96 %
2026-10-07 03:14:36.387 INFO  journal: stop record — exiting
2026-10-07 03:14:36.438 INFO  rank 1: graph engine sampling summary — 0 sampled decode steps, 0 served by the exact gather fallback (0.0%), 128 candidates per rank
2026-10-07 03:14:37.631 INFO  rank 1: exited cleanly
2026-10-07 03:49:01.693 INFO  dgpp-serve 0.1.0+g21b91a39f999.dirty (git 21b91a39f999)
2026-10-07 03:49:01.695 INFO  config /tmp/bus4/deployments/153299c236f012d8/cluster.json: model HawkBearPig/GLM-5.3-Int4-Int8Mix-RTN-g64, world 4, rank 1, http :18080, fabric :29970, journal :29971
2026-10-07 03:49:01.696 INFO  model HawkBearPig/GLM-5.3-Int4-Int8Mix-RTN-g64 -> /home/stephen/.cache/huggingface/hub/models--HawkBearPig--GLM-5.3-Int4-Int8Mix-RTN-g64/snapshots/147684fbad20c1e283ddff46fd07cb9d4ccbb3da
2026-10-07 03:49:01.697 INFO  journal: connected to rank 0 at 192.168.88.11:29971 (120000 attempt window)
2026-10-07 03:49:01.699 INFO  rank 1: settings from rank 0: model=HawkBearPig/GLM-5.3-Int4-Int8Mix-RTN-g64 world=4 fabric=29970 journal=29971 conc=8 kv=122880 kvdt=bf16 ngt=resident dw=checkpoint mtpef=fp8 bfw=bf12 fp8head=gemv pf=bounded emsh=vocab maxtok=32768 queue=8 eos=1 graph=1 compact=0 mtp=1 mtpd=1 mss=0 msrow=8 msbase=28 mslam=0 msmin=1 msad=1 msss=0.93 mdr=auto mdt=1 mvf=token dbr=0 batchmin=2 cand=128 pcgib=1 adm=full win=256 pfbudget=-1 pfidle=0 pmin=1024 phead=1 pace=-1 inflight=-1 reasoning_in_content=0 rs=off dflash=off dfw=checkpoint
2026-10-07 03:49:01.699 INFO  config: model=HawkBearPig/GLM-5.3-Int4-Int8Mix-RTN-g64 world=4 fabric=29970 journal=29971 conc=8 kv=122880 kvdt=bf16 ngt=resident dw=checkpoint mtpef=fp8 bfw=bf12 fp8head=gemv pf=bounded emsh=vocab maxtok=32768 queue=8 eos=1 graph=1 compact=0 mtp=1 mtpd=1 mss=0 msrow=8 msbase=28 mslam=0 msmin=1 msad=1 msss=0.93 mdr=auto mdt=1 mvf=token dbr=0 batchmin=2 cand=128 pcgib=1 adm=full win=256 pfbudget=-1 pfidle=0 pmin=1024 phead=1 pace=-1 inflight=-1 reasoning_in_content=0 rs=off dflash=off dfw=checkpoint (digest dcec5e3abf2dad11)
2026-10-07 03:49:01.866 INFO  serve: model family glm_moe_dsa (/home/stephen/.cache/huggingface/hub/models--HawkBearPig--GLM-5.3-Int4-Int8Mix-RTN-g64/snapshots/147684fbad20c1e283ddff46fd07cb9d4ccbb3da)
2026-10-07 03:49:01.866 INFO  serve: decode rows 16 (8 slot(s) x 2 row(s) per request, floor 8, the glm_moe_dsa family's cap 16)
2026-10-07 03:49:01.876 WARN  generation config /home/stephen/.cache/huggingface/hub/models--HawkBearPig--GLM-5.3-Int4-Int8Mix-RTN-g64/snapshots/147684fbad20c1e283ddff46fd07cb9d4ccbb3da/generation_config.json omits top_k, min_p, repetition_penalty; using greedy-safe/neutral fallbacks for those fields
2026-10-07 03:49:01.876 INFO  generation defaults: temperature=1 top_p=0.95 top_k=0 min_p=0 repetition_penalty=1
2026-10-07 03:49:01.876 INFO  serve: sampling defaults temperature 1 top_p 0.95 top_k 0 min_p 0 repetition_penalty 1 (from generation_config.json; overrides: none)
2026-10-07 03:49:01.876 INFO  serve: request context limit 122880 tokens (the 122880-token K/V pool from engine.kv_capacity 122880; this family states no positional ceiling of its own)
2026-10-07 03:49:01.876 INFO  rank 1: prefix cache plan — 1 GiB budget, 4096 slots of 0.012 MiB, 0.047 GiB allocated; cached K/V blocks share the 122880-token pool
2026-10-07 03:49:02.039 INFO  tokenizer: loaded vocab 154820 merges 321649 added 36 (revision 0x700b4469fc43f23b; glm pattern, no normalizer, ignore_merges true)
2026-10-07 03:49:02.048 INFO  serve: grammar vocabulary built (154880 ids, tool markers present, call-turn EOS 154829)
2026-10-07 03:49:02.156 INFO  serve: JSON grammar tables built in 0.11 s
2026-10-07 03:49:02.376 INFO  bus: globaltimer offset -64290906699 ns (+-2 us)
2026-10-07 03:49:02.399 INFO  verbs: device roceP2p1s0f0 port 1 gid_index 3
2026-10-07 03:49:02.408 INFO  verbs: device rocep1s0f0 port 1 gid_index 3
2026-10-07 03:49:03.478 INFO  bus: rank 1 up — 3 peer(s) x 2 lane(s), lat 8x196608B, bulk 8x262144B, bulk pace 28.3 Gb/s per QP, window 4 per lane
2026-10-07 03:49:03.478 INFO  rank 1: boundary reducer host-driven
2026-10-07 03:49:03.592 INFO  bus engine: rank 1 pinned to cpu 19
2026-10-07 03:49:03.705 INFO  rank 1: process memory locked (mlockall MCL_CURRENT, 14547 MiB)
2026-10-07 03:49:03.705 INFO  rank 1: resident image cache at /home/stephen/.cache/dgpp/resident
2026-10-07 03:49:03.837 INFO  rank 1: memory plan for a 122880-token context — model weights (resident, packed bf16 matrices released) 96.32 GiB; bf16 decode packing (12-bit companions) 1.27 GiB; bf16 prefill expansion scratch 0.05 GiB; gemm workspace (at least) 0.06 GiB; dsa cache pool (latent bf16 + rope keys on every layer, fp8 index caches on the indexed layers) 10.75 GiB; dsa scratch (projections, selection, attention, the prefill dot tiles) 0.22 GiB; rotary table (bf16 cos/sin per position) 0.01 GiB; activations (session core, residual, block io, dense scratch, route staging) 0.14 GiB (0.01 GiB pinned); moe scratch (routed slots, shared expert, graph tables) 0.75 GiB (0.01 GiB pinned); draft block (gathered hidden, the fused input, its residual, the sharded embedding's rows) 0.12 GiB; prefix cache 0.05 GiB; engine 0.07 GiB
2026-10-07 03:49:03.837 INFO  rank 1: memory plan total 109.81 GiB (109.67 GiB device + 0.14 GiB pinned) + 4.00 GiB headroom against 116.56 GiB free (device free 114.60 GiB of 121.69 GiB, host available 116.56 GiB)
2026-10-07 03:49:03.837 INFO  memory ledger: rank 1 after the plan check — rss 1.19 GiB (anon 0.42, shmem 0.11, file 0.67; locked 14.21); device free 114.60 GiB, node available 116.56 GiB
2026-10-07 03:49:03.837 INFO  memory ledger: rank 1 after the bus — rss 1.19 GiB (anon 0.42, shmem 0.11, file 0.67; locked 14.21); device free 114.60 GiB, node available 116.56 GiB
2026-10-07 03:49:04.314 INFO  glm_dsa loader: rank 1 resident footprint 98.0 GiB; device free 114.5 of 121.7 GiB, host available 116.5 GiB
2026-10-07 03:49:05.068 INFO  glm_dsa loader: rank 1 resident image /home/stephen/.cache/dgpp/resident/6ee138872b1f659a.img — 79/79 layers present, direct I/O
2026-10-07 03:49:05.088 INFO  l2 prefetch: on, window budget 12 MiB, boundary rate light, layer rate light
2026-10-07 03:49:05.088 INFO  memory ledger: glm_dsa: loader opened — rss 2.76 GiB (anon 0.49, shmem 1.57, file 0.69; locked 14.21); device free 112.59 GiB, node available 114.55 GiB
2026-10-07 03:49:05.854 INFO  memory ledger: glm_dsa: globals resident — rss 3.65 GiB (anon 0.49, shmem 1.57, file 1.58; locked 14.21); device free 111.26 GiB, node available 114.10 GiB
2026-10-07 03:49:21.044 INFO  rank 1 bf12: 89 decode matrices packed (1.65 GiB of bf16 -> 1.24 GiB, 163739 escapes, widest row 12, 0 rows kept raw; 0 matrices kept bf16) in 0.9 s
2026-10-07 03:49:21.044 INFO  rank 1 bf12: 89 of them released their bf16 bytes (1.71 GiB returned; prefill expands through a 48 MiB scratch)
2026-10-07 03:49:21.297 INFO  glm_dsa loader: rank 1 resident load complete — released 79 shard mappings (398.1 GiB) and evicted their page cache, freed the 1.46 GiB pinned staging mirror; image: 79 layers restored, 0 captured
2026-10-07 03:49:21.340 INFO  memory ledger: glm_dsa: layers resident, sources released — rss 1.26 GiB (anon 0.48, shmem 0.11, file 0.67; locked 14.19); device free 14.75 GiB, node available 16.67 GiB
2026-10-07 03:49:21.685 INFO  memory ledger: glm_dsa: arena, pool and scratch — rss 1.26 GiB (anon 0.48, shmem 0.11, file 0.67; locked 14.19); device free 3.54 GiB, node available 5.46 GiB
2026-10-07 03:49:21.736 INFO  memory ledger: rank 1 after the model — rss 1.27 GiB (anon 0.48, shmem 0.12, file 0.67; locked 14.19); device free 3.30 GiB, node available 5.22 GiB
2026-10-07 03:49:21.736 INFO  rank 1: model constructed in 17.9s (resident, 8 request slots, 122880-token pool in bf16, 2048-row forwards)
2026-10-07 03:49:21.736 INFO  rank 1: prefix cache on — 4096 snapshot slot(s) of 0.0 MiB (1.00 GiB asked)
2026-10-07 03:49:21.740 INFO  rank 1: graph engine samples on the device — 128 candidates per rank (16 rows x 4 ranks in a 196608-byte latency slot; the planned width is 128); constrained decoding available
2026-10-07 03:49:21.740 INFO  rank 1: prefill budget 0 tokens/tick (0 = full prompt), 0 with nothing decoding
2026-10-07 03:49:21.740 INFO  rank 1: sampled requests draft a draw from the draft's distribution under the ratio verify (engine.mtp_draft auto)
2026-10-07 03:49:31.327 INFO  memory ledger: rank 1 after the graph engine — rss 1.27 GiB (anon 0.48, shmem 0.12, file 0.67; locked 14.19); device free 3.30 GiB, node available 5.22 GiB
2026-10-07 03:49:31.330 INFO  allreduce: device clock rate 2418000 kHz (stamps conversion)
2026-10-07 03:49:31.330 INFO  allreduce: rank 1 seq 1 launched (3 peers)
2026-10-07 03:49:31.330 INFO  allreduce: rank 1 seq 1 ready after 43.2us
2026-10-07 03:49:31.331 INFO  allreduce: rank 1 seq 1 done status=0 after 606.3us
2026-10-07 03:49:31.717 INFO  allreduce: rank 1 seq 2 launched (3 peers)
2026-10-07 03:49:31.717 INFO  allreduce: rank 1 seq 2 ready after 23.4us
2026-10-07 03:49:31.725 INFO  allreduce: rank 1 seq 2 done status=0 after 8609.4us
2026-10-07 03:49:31.726 INFO  allreduce: rank 1 seq 3 launched (3 peers)
2026-10-07 03:49:31.726 INFO  allreduce: rank 1 seq 3 ready after 21.1us
2026-10-07 03:49:31.726 INFO  allreduce: rank 1 seq 3 done status=0 after 572.0us
2026-10-07 03:49:31.727 INFO  allreduce: rank 1 seq 4 launched (3 peers)
2026-10-07 03:49:31.727 INFO  allreduce: rank 1 seq 4 ready after 19.6us
2026-10-07 03:49:31.727 INFO  allreduce: rank 1 seq 4 done status=0 after 196.7us
2026-10-07 03:49:31.728 INFO  allreduce: rank 1 seq 5 launched (3 peers)
2026-10-07 03:49:31.728 INFO  allreduce: rank 1 seq 5 ready after 19.1us
2026-10-07 03:49:31.728 INFO  allreduce: rank 1 seq 5 done status=0 after 93.6us
2026-10-07 03:49:31.729 INFO  allreduce: rank 1 seq 6 launched (3 peers)
2026-10-07 03:49:31.729 INFO  allreduce: rank 1 seq 6 ready after 20.3us
2026-10-07 03:49:31.729 INFO  allreduce: rank 1 seq 6 done status=0 after 181.4us
2026-10-07 03:49:31.729 INFO  allreduce: rank 1 seq 7 launched (3 peers)
2026-10-07 03:49:31.729 INFO  allreduce: rank 1 seq 7 ready after 22.1us
2026-10-07 03:49:31.730 INFO  allreduce: rank 1 seq 7 done status=0 after 96.3us
2026-10-07 03:49:31.773 INFO  allreduce: rank 1 seq 8 launched (3 peers)
2026-10-07 03:49:31.773 INFO  allreduce: rank 1 seq 8 ready after 27.7us
2026-10-07 03:49:31.846 INFO  allreduce: rank 1 seq 8 done status=0 after 72804.2us
2026-10-07 03:49:31.887 INFO  allreduce: rank 1 seq 9 launched (3 peers)
2026-10-07 03:49:31.887 INFO  allreduce: rank 1 seq 9 ready after 22.7us
2026-10-07 03:49:31.892 INFO  allreduce: rank 1 seq 9 done status=0 after 5437.9us
2026-10-07 03:49:31.893 INFO  allreduce: rank 1 seq 10 launched (3 peers)
2026-10-07 03:49:31.893 INFO  allreduce: rank 1 seq 10 ready after 21.8us
2026-10-07 03:49:31.893 INFO  allreduce: rank 1 seq 10 done status=0 after 99.6us
2026-10-07 03:49:31.893 INFO  allreduce: rank 1 seq 11 launched (3 peers)
2026-10-07 03:49:31.893 INFO  allreduce: rank 1 seq 11 ready after 21.9us
2026-10-07 03:49:31.893 INFO  allreduce: rank 1 seq 11 done status=0 after 72.9us
2026-10-07 03:49:31.894 INFO  allreduce: rank 1 seq 12 launched (3 peers)
2026-10-07 03:49:31.894 INFO  allreduce: rank 1 seq 12 ready after 19.8us
2026-10-07 03:49:31.894 INFO  allreduce: rank 1 seq 12 done status=0 after 93.9us
2026-10-07 03:49:31.895 INFO  allreduce: rank 1 seq 13 launched (3 peers)
2026-10-07 03:49:31.895 INFO  allreduce: rank 1 seq 13 ready after 22.8us
2026-10-07 03:49:31.895 INFO  allreduce: rank 1 seq 13 done status=0 after 71.6us
2026-10-07 03:49:31.895 INFO  allreduce: rank 1 seq 14 launched (3 peers)
2026-10-07 03:49:31.895 INFO  allreduce: rank 1 seq 14 ready after 19.5us
2026-10-07 03:49:31.895 INFO  allreduce: rank 1 seq 14 done status=0 after 82.2us
2026-10-07 03:49:31.896 INFO  allreduce: rank 1 seq 15 launched (3 peers)
2026-10-07 03:49:31.896 INFO  allreduce: rank 1 seq 15 ready after 22.4us
2026-10-07 03:49:31.896 INFO  allreduce: rank 1 seq 15 done status=0 after 77.0us
2026-10-07 03:49:31.896 INFO  allreduce: rank 1 seq 16 launched (3 peers)
2026-10-07 03:49:31.896 INFO  allreduce: rank 1 seq 16 ready after 18.2us
2026-10-07 03:49:31.896 INFO  allreduce: rank 1 seq 16 done status=0 after 78.0us
2026-10-07 03:49:32.017 INFO  bus graph era: variant 0 recorded with 162 collective node(s)
2026-10-07 03:49:32.017 INFO  rank 1: graph variant 0 shape: 2492 nodes, 2729 edges: kernel 2492 empty 0 memcpy 0 memset 0 host 0 event 0 other 0; max in-degree 2
2026-10-07 03:49:32.022 INFO  rank 1: graph variant 0 instantiated — 14.9 MiB of device memory (2.3 GiB free)
2026-10-07 03:49:32.024 INFO  bus graph era: variant 1 recorded with 162 collective node(s)
2026-10-07 03:49:32.024 INFO  rank 1: graph variant 1 shape: 2492 nodes, 2729 edges: kernel 2492 empty 0 memcpy 0 memset 0 host 0 event 0 other 0; max in-degree 2
2026-10-07 03:49:32.029 INFO  rank 1: graph variant 1 instantiated — 15.4 MiB of device memory (2.3 GiB free)
2026-10-07 03:49:32.029 INFO  rank 1: serving scalar graph variants 0/1 captured for request slot 0 (2 rows, MTP)
2026-10-07 03:49:32.031 INFO  bus graph era: variant 16 recorded with 162 collective node(s)
2026-10-07 03:49:32.031 INFO  rank 1: graph variant 16 shape: 2493 nodes, 2730 edges: kernel 2493 empty 0 memcpy 0 memset 0 host 0 event 0 other 0; max in-degree 2
2026-10-07 03:49:32.038 INFO  rank 1: graph variant 16 instantiated — 13.1 MiB of device memory (2.2 GiB free)
2026-10-07 03:49:32.040 INFO  bus graph era: variant 17 recorded with 162 collective node(s)
2026-10-07 03:49:32.040 INFO  rank 1: graph variant 17 shape: 2493 nodes, 2730 edges: kernel 2493 empty 0 memcpy 0 memset 0 host 0 event 0 other 0; max in-degree 2
2026-10-07 03:49:32.048 INFO  rank 1: graph variant 17 instantiated — 15.3 MiB of device memory (2.2 GiB free)
2026-10-07 03:49:32.048 INFO  rank 1: serving row-batched graph variants 16/17 captured for 2 slots x 2 rows = 4 fixed rows, MTP (a batch is selected at 2+ live requests, the smallest that covers the live slots)
2026-10-07 03:49:32.050 INFO  bus graph era: variant 18 recorded with 162 collective node(s)
2026-10-07 03:49:32.050 INFO  rank 1: graph variant 18 shape: 2719 nodes, 2956 edges: kernel 2719 empty 0 memcpy 0 memset 0 host 0 event 0 other 0; max in-degree 2
2026-10-07 03:49:32.059 INFO  rank 1: graph variant 18 instantiated — 17.6 MiB of device memory (2.2 GiB free)
2026-10-07 03:49:32.061 INFO  bus graph era: variant 19 recorded with 162 collective node(s)
2026-10-07 03:49:32.061 INFO  rank 1: graph variant 19 shape: 2719 nodes, 2956 edges: kernel 2719 empty 0 memcpy 0 memset 0 host 0 event 0 other 0; max in-degree 2
2026-10-07 03:49:32.069 INFO  rank 1: graph variant 19 instantiated — 13.8 MiB of device memory (2.2 GiB free)
2026-10-07 03:49:32.069 INFO  rank 1: serving row-batched graph variants 18/19 captured for 3 slots x 2 rows = 6 fixed rows, MTP (a batch is selected at 2+ live requests, the smallest that covers the live slots)
2026-10-07 03:49:32.071 INFO  bus graph era: variant 20 recorded with 162 collective node(s)
2026-10-07 03:49:32.071 INFO  rank 1: graph variant 20 shape: 2720 nodes, 2957 edges: kernel 2720 empty 0 memcpy 0 memset 0 host 0 event 0 other 0; max in-degree 2
2026-10-07 03:49:32.079 INFO  rank 1: graph variant 20 instantiated — 17.8 MiB of device memory (2.2 GiB free)
2026-10-07 03:49:32.081 INFO  bus graph era: variant 21 recorded with 162 collective node(s)
2026-10-07 03:49:32.081 INFO  rank 1: graph variant 21 shape: 2720 nodes, 2957 edges: kernel 2720 empty 0 memcpy 0 memset 0 host 0 event 0 other 0; max in-degree 2
2026-10-07 03:49:32.090 INFO  rank 1: graph variant 21 instantiated — 15.6 MiB of device memory (2.2 GiB free)
2026-10-07 03:49:32.090 INFO  rank 1: serving row-batched graph variants 20/21 captured for 4 slots x 2 rows = 8 fixed rows, MTP (a batch is selected at 2+ live requests, the smallest that covers the live slots)
2026-10-07 03:49:32.092 INFO  bus graph era: variant 22 recorded with 162 collective node(s)
2026-10-07 03:49:32.092 INFO  rank 1: graph variant 22 shape: 3081 nodes, 3318 edges: kernel 3081 empty 0 memcpy 0 memset 0 host 0 event 0 other 0; max in-degree 2
2026-10-07 03:49:32.103 INFO  rank 1: graph variant 22 instantiated — 35.4 MiB of device memory (2.1 GiB free)
2026-10-07 03:49:32.105 INFO  bus graph era: variant 23 recorded with 162 collective node(s)
2026-10-07 03:49:32.105 INFO  rank 1: graph variant 23 shape: 3081 nodes, 3318 edges: kernel 3081 empty 0 memcpy 0 memset 0 host 0 event 0 other 0; max in-degree 2
2026-10-07 03:49:32.132 INFO  rank 1: graph variant 23 instantiated — 16.7 MiB of device memory (2.1 GiB free)
2026-10-07 03:49:32.132 INFO  rank 1: serving row-batched graph variants 22/23 captured for 6 slots x 2 rows = 12 fixed rows, MTP (a batch is selected at 2+ live requests, the smallest that covers the live slots)
2026-10-07 03:49:32.135 INFO  bus graph era: variant 24 recorded with 162 collective node(s)
2026-10-07 03:49:32.135 INFO  rank 1: graph variant 24 shape: 3308 nodes, 3545 edges: kernel 3308 empty 0 memcpy 0 memset 0 host 0 event 0 other 0; max in-degree 2
2026-10-07 03:49:32.145 INFO  rank 1: graph variant 24 instantiated — 16.5 MiB of device memory (2.1 GiB free)
2026-10-07 03:49:32.147 INFO  bus graph era: variant 25 recorded with 162 collective node(s)
2026-10-07 03:49:32.147 INFO  rank 1: graph variant 25 shape: 3308 nodes, 3545 edges: kernel 3308 empty 0 memcpy 0 memset 0 host 0 event 0 other 0; max in-degree 2
2026-10-07 03:49:32.157 INFO  rank 1: graph variant 25 instantiated — 17.1 MiB of device memory (2.1 GiB free)
2026-10-07 03:49:32.157 INFO  rank 1: serving row-batched graph variants 24/25 captured for 8 slots x 2 rows = 16 fixed rows, MTP (a batch is selected at 2+ live requests, the smallest that covers the live slots)
2026-10-07 03:49:32.267 INFO  bus graph era: variant 2 recorded with 162 collective node(s)
2026-10-07 03:49:32.267 INFO  rank 1: graph variant 2 shape: 2492 nodes, 2729 edges: kernel 2492 empty 0 memcpy 0 memset 0 host 0 event 0 other 0; max in-degree 2
2026-10-07 03:49:32.274 INFO  rank 1: graph variant 2 instantiated — 21.2 MiB of device memory (2.1 GiB free)
2026-10-07 03:49:32.276 INFO  bus graph era: variant 3 recorded with 162 collective node(s)
2026-10-07 03:49:32.276 INFO  rank 1: graph variant 3 shape: 2492 nodes, 2729 edges: kernel 2492 empty 0 memcpy 0 memset 0 host 0 event 0 other 0; max in-degree 2
2026-10-07 03:49:32.285 INFO  rank 1: graph variant 3 instantiated — 32.1 MiB of device memory (2.0 GiB free)
2026-10-07 03:49:32.285 INFO  rank 1: serving scalar graph variants 2/3 captured for request slot 1 (2 rows, MTP)
2026-10-07 03:49:32.433 INFO  bus graph era: variant 4 recorded with 162 collective node(s)
2026-10-07 03:49:32.433 INFO  rank 1: graph variant 4 shape: 2492 nodes, 2729 edges: kernel 2492 empty 0 memcpy 0 memset 0 host 0 event 0 other 0; max in-degree 2
2026-10-07 03:49:32.441 INFO  rank 1: graph variant 4 instantiated — 41.9 MiB of device memory (2.0 GiB free)
2026-10-07 03:49:32.443 INFO  bus graph era: variant 5 recorded with 162 collective node(s)
2026-10-07 03:49:32.443 INFO  rank 1: graph variant 5 shape: 2492 nodes, 2729 edges: kernel 2492 empty 0 memcpy 0 memset 0 host 0 event 0 other 0; max in-degree 2
2026-10-07 03:49:32.451 INFO  rank 1: graph variant 5 instantiated — 28.3 MiB of device memory (2.0 GiB free)
2026-10-07 03:49:32.451 INFO  rank 1: serving scalar graph variants 4/5 captured for request slot 2 (2 rows, MTP)
2026-10-07 03:49:32.562 INFO  bus graph era: variant 6 recorded with 162 collective node(s)
2026-10-07 03:49:32.562 INFO  rank 1: graph variant 6 shape: 2492 nodes, 2729 edges: kernel 2492 empty 0 memcpy 0 memset 0 host 0 event 0 other 0; max in-degree 2
2026-10-07 03:49:32.571 INFO  rank 1: graph variant 6 instantiated — 36.2 MiB of device memory (1.9 GiB free)
2026-10-07 03:49:32.572 INFO  bus graph era: variant 7 recorded with 162 collective node(s)
2026-10-07 03:49:32.573 INFO  rank 1: graph variant 7 shape: 2492 nodes, 2729 edges: kernel 2492 empty 0 memcpy 0 memset 0 host 0 event 0 other 0; max in-degree 2
2026-10-07 03:49:32.580 INFO  rank 1: graph variant 7 instantiated — 28.6 MiB of device memory (1.9 GiB free)
2026-10-07 03:49:32.580 INFO  rank 1: serving scalar graph variants 6/7 captured for request slot 3 (2 rows, MTP)
2026-10-07 03:49:32.691 INFO  bus graph era: variant 8 recorded with 162 collective node(s)
2026-10-07 03:49:32.691 INFO  rank 1: graph variant 8 shape: 2492 nodes, 2729 edges: kernel 2492 empty 0 memcpy 0 memset 0 host 0 event 0 other 0; max in-degree 2
2026-10-07 03:49:32.699 INFO  rank 1: graph variant 8 instantiated — 31.0 MiB of device memory (1.9 GiB free)
2026-10-07 03:49:32.701 INFO  bus graph era: variant 9 recorded with 162 collective node(s)
2026-10-07 03:49:32.701 INFO  rank 1: graph variant 9 shape: 2492 nodes, 2729 edges: kernel 2492 empty 0 memcpy 0 memset 0 host 0 event 0 other 0; max in-degree 2
2026-10-07 03:49:32.710 INFO  rank 1: graph variant 9 instantiated — 32.1 MiB of device memory (1.8 GiB free)
2026-10-07 03:49:32.710 INFO  rank 1: serving scalar graph variants 8/9 captured for request slot 4 (2 rows, MTP)
2026-10-07 03:49:32.819 INFO  bus graph era: variant 10 recorded with 162 collective node(s)
2026-10-07 03:49:32.819 INFO  rank 1: graph variant 10 shape: 2492 nodes, 2729 edges: kernel 2492 empty 0 memcpy 0 memset 0 host 0 event 0 other 0; max in-degree 2
2026-10-07 03:49:32.827 INFO  rank 1: graph variant 10 instantiated — 30.9 MiB of device memory (1.8 GiB free)
2026-10-07 03:49:32.829 INFO  bus graph era: variant 11 recorded with 162 collective node(s)
2026-10-07 03:49:32.829 INFO  rank 1: graph variant 11 shape: 2492 nodes, 2729 edges: kernel 2492 empty 0 memcpy 0 memset 0 host 0 event 0 other 0; max in-degree 2
2026-10-07 03:49:32.838 INFO  rank 1: graph variant 11 instantiated — 32.3 MiB of device memory (1.8 GiB free)
2026-10-07 03:49:32.838 INFO  rank 1: serving scalar graph variants 10/11 captured for request slot 5 (2 rows, MTP)
2026-10-07 03:49:32.949 INFO  bus graph era: variant 12 recorded with 162 collective node(s)
2026-10-07 03:49:32.949 INFO  rank 1: graph variant 12 shape: 2492 nodes, 2729 edges: kernel 2492 empty 0 memcpy 0 memset 0 host 0 event 0 other 0; max in-degree 2
2026-10-07 03:49:32.957 INFO  rank 1: graph variant 12 instantiated — 30.3 MiB of device memory (1.8 GiB free)
2026-10-07 03:49:32.958 INFO  bus graph era: variant 13 recorded with 162 collective node(s)
2026-10-07 03:49:32.959 INFO  rank 1: graph variant 13 shape: 2492 nodes, 2729 edges: kernel 2492 empty 0 memcpy 0 memset 0 host 0 event 0 other 0; max in-degree 2
2026-10-07 03:49:32.967 INFO  rank 1: graph variant 13 instantiated — 32.6 MiB of device memory (1.7 GiB free)
2026-10-07 03:49:32.967 INFO  rank 1: serving scalar graph variants 12/13 captured for request slot 6 (2 rows, MTP)
2026-10-07 03:49:33.077 INFO  bus graph era: variant 14 recorded with 162 collective node(s)
2026-10-07 03:49:33.077 INFO  rank 1: graph variant 14 shape: 2492 nodes, 2729 edges: kernel 2492 empty 0 memcpy 0 memset 0 host 0 event 0 other 0; max in-degree 2
2026-10-07 03:49:33.086 INFO  rank 1: graph variant 14 instantiated — 33.5 MiB of device memory (1.7 GiB free)
2026-10-07 03:49:33.087 INFO  bus graph era: variant 15 recorded with 162 collective node(s)
2026-10-07 03:49:33.088 INFO  rank 1: graph variant 15 shape: 2492 nodes, 2729 edges: kernel 2492 empty 0 memcpy 0 memset 0 host 0 event 0 other 0; max in-degree 2
2026-10-07 03:49:33.098 INFO  rank 1: graph variant 15 instantiated — 28.6 MiB of device memory (1.7 GiB free)
2026-10-07 03:49:33.098 INFO  rank 1: serving scalar graph variants 14/15 captured for request slot 7 (2 rows, MTP)
2026-10-07 03:49:33.098 INFO  rank 1: warm capture complete — 8 scalar variants and the row batches for 2 slots, 3 slots, 4 slots, 6 slots, 8 slots recorded before the first request
2026-10-07 03:49:33.098 INFO  memory ledger: rank 1 after the warm capture — rss 2.03 GiB (anon 1.22, shmem 0.13, file 0.68; locked 14.19); device free 1.66 GiB, node available 3.70 GiB
2026-10-07 03:49:33.098 INFO  rank 1: graph variants warm-captured in 1.77s
2026-10-07 03:49:33.098 INFO  rank 1: following rank 0's journal (admission full, window 256)
2026-10-07 03:49:34.862 INFO  sched: request 'chatcmpl-c76f52e3a2d8ed81' starting prefill in slot 0 (546 prompt tokens)
2026-10-07 03:49:36.021 INFO  sched: request 'chatcmpl-c76f52e3a2d8ed81' prefix cache miss — 3 cut(s), the cache is empty
2026-10-07 03:49:36.021 INFO  sched: request 'chatcmpl-c76f52e3a2d8ed81' admitted to slot 0 (reserve 5 blocks; pool 5/960 blocks in use) — first token 785
2026-10-07 03:49:36.021 INFO  sched: request 'chatcmpl-c76f52e3a2d8ed81' retired (steps): 1 tok in 1.2 s — prefill 546 tok (0 cached) in 1160 ms; decode 0 tok / 0 passes in 0.0 s
2026-10-07 03:49:36.047 INFO  sched: request 'chatcmpl-c76f52e3a2d8ed82' starting prefill in slot 0 (2009 prompt tokens)
2026-10-07 03:49:39.576 INFO  sched: request 'chatcmpl-c76f52e3a2d8ed82' prefix cache miss — 3 cut(s), the cache is empty
2026-10-07 03:49:39.576 INFO  sched: request 'chatcmpl-c76f52e3a2d8ed82' admitted to slot 0 (reserve 16 blocks; pool 17/960 blocks in use) — first token 785
2026-10-07 03:49:39.576 INFO  sched: request 'chatcmpl-c76f52e3a2d8ed82' retired (steps): 1 tok in 3.5 s — prefill 2009 tok (0 cached) in 3529 ms; decode 0 tok / 0 passes in 0.0 s
2026-10-07 03:49:39.602 INFO  sched: request 'chatcmpl-c76f52e3a2d8ed83' starting prefill in slot 0 (2037 prompt tokens)
2026-10-07 03:49:43.094 INFO  sched: request 'chatcmpl-c76f52e3a2d8ed83' prefix cache miss — 3 cut(s) probed against 2 entries; the nearest entry (position 2009) shares the first 42 of the prompt's 2037 tokens (the prompt differs from it from that token on)
2026-10-07 03:49:43.094 INFO  sched: request 'chatcmpl-c76f52e3a2d8ed83' admitted to slot 0 (reserve 16 blocks; pool 34/960 blocks in use) — first token 785
2026-10-07 03:49:43.095 INFO  sched: request 'chatcmpl-c76f52e3a2d8ed83' retired (steps): 1 tok in 3.5 s — prefill 2037 tok (0 cached) in 3492 ms; decode 0 tok / 0 passes in 0.0 s
2026-10-07 03:49:43.125 INFO  sched: request 'chatcmpl-c76f52e3a2d8ed84' starting prefill in slot 0 (2015 prompt tokens)
2026-10-07 03:49:46.583 INFO  sched: request 'chatcmpl-c76f52e3a2d8ed84' prefix cache miss — 3 cut(s) probed against 4 entries; the nearest entry (position 2037) shares the first 42 of the prompt's 2015 tokens (the prompt differs from it from that token on)
2026-10-07 03:49:46.583 INFO  sched: request 'chatcmpl-c76f52e3a2d8ed84' admitted to slot 0 (reserve 16 blocks; pool 51/960 blocks in use) — first token 785
2026-10-07 03:49:46.584 INFO  sched: request 'chatcmpl-c76f52e3a2d8ed84' retired (steps): 1 tok in 3.5 s — prefill 2015 tok (0 cached) in 3458 ms; decode 0 tok / 0 passes in 0.0 s
2026-10-07 03:49:46.584 INFO  stats: rank 1 | 13.3 s | decode 0.3 tok/s, 0.0 ms/tok, 0.0 ms/step (0 steps / 4 tok, 0 % of wall) | prefill 4 prompts / 6607 tok, 496 tok/s, 1.76 ms/tok, 2910 ms avg (87 % of wall), 0 tok cached (0/4 hits) | live 0, queued 0 | pool 51/960 blocks (5 %) | prefix cache 6/4096 entries
2026-10-07 03:49:46.609 INFO  sched: request 'chatcmpl-c76f52e3a2d8ed85' starting prefill in slot 0 (7931 prompt tokens)
2026-10-07 03:50:02.697 INFO  sched: request 'chatcmpl-c76f52e3a2d8ed85' prefix cache miss — 6 cut(s) probed against 6 entries; the nearest entry (position 2037) shares the first 39 of the prompt's 7931 tokens (the prompt differs from it from that token on)
2026-10-07 03:50:02.697 INFO  sched: request 'chatcmpl-c76f52e3a2d8ed85' admitted to slot 0 (reserve 62 blocks; pool 114/960 blocks in use) — first token 785
2026-10-07 03:50:02.698 INFO  sched: request 'chatcmpl-c76f52e3a2d8ed85' retired (steps): 1 tok in 16.1 s — prefill 7931 tok (0 cached) in 16088 ms; decode 0 tok / 0 passes in 0.0 s
2026-10-07 03:50:02.698 INFO  stats: rank 1 | 16.1 s | decode 0.1 tok/s, 0.0 ms/tok, 0.0 ms/step (0 steps / 1 tok, 0 % of wall) | prefill 1 prompt / 7931 tok, 492 tok/s, 2.03 ms/tok, 16088 ms avg (100 % of wall), 0 tok cached (0/1 hit) | live 0, queued 0 | pool 114/960 blocks (12 %) | prefix cache 8/4096 entries
2026-10-07 03:50:02.724 INFO  sched: request 'chatcmpl-c76f52e3a2d8ed86' starting prefill in slot 0 (7979 prompt tokens)
2026-10-07 03:50:18.943 INFO  sched: request 'chatcmpl-c76f52e3a2d8ed86' prefix cache miss — 6 cut(s) probed against 8 entries; the nearest entry (position 7931) shares the first 43 of the prompt's 7979 tokens (the prompt differs from it from that token on)
2026-10-07 03:50:18.943 INFO  sched: request 'chatcmpl-c76f52e3a2d8ed86' admitted to slot 0 (reserve 63 blocks; pool 178/960 blocks in use) — first token 785
2026-10-07 03:50:18.944 INFO  sched: request 'chatcmpl-c76f52e3a2d8ed86' retired (steps): 1 tok in 16.2 s — prefill 7979 tok (0 cached) in 16219 ms; decode 0 tok / 0 passes in 0.0 s
2026-10-07 03:50:18.944 INFO  stats: rank 1 | 16.2 s | decode 0.1 tok/s, 0.0 ms/tok, 0.0 ms/step (0 steps / 1 tok, 0 % of wall) | prefill 1 prompt / 7979 tok, 491 tok/s, 2.03 ms/tok, 16219 ms avg (100 % of wall), 0 tok cached (0/1 hit) | live 0, queued 0 | pool 178/960 blocks (19 %) | prefix cache 10/4096 entries
2026-10-07 03:50:18.975 INFO  sched: request 'chatcmpl-c76f52e3a2d8ed87' starting prefill in slot 0 (8118 prompt tokens)
2026-10-07 03:50:35.479 INFO  sched: request 'chatcmpl-c76f52e3a2d8ed87' prefix cache miss — 6 cut(s) probed against 10 entries; the nearest entry (position 7979) shares the first 43 of the prompt's 8118 tokens (the prompt differs from it from that token on)
2026-10-07 03:50:35.479 INFO  sched: request 'chatcmpl-c76f52e3a2d8ed87' admitted to slot 0 (reserve 64 blocks; pool 243/960 blocks in use) — first token 785
2026-10-07 03:50:35.480 INFO  sched: request 'chatcmpl-c76f52e3a2d8ed87' retired (steps): 1 tok in 16.5 s — prefill 8118 tok (0 cached) in 16504 ms; decode 0 tok / 0 passes in 0.0 s
2026-10-07 03:50:35.480 INFO  stats: rank 1 | 16.5 s | decode 0.1 tok/s, 0.0 ms/tok, 0.0 ms/step (0 steps / 1 tok, 0 % of wall) | prefill 1 prompt / 8118 tok, 491 tok/s, 2.03 ms/tok, 16504 ms avg (100 % of wall), 0 tok cached (0/1 hit) | live 0, queued 0 | pool 243/960 blocks (25 %) | prefix cache 12/4096 entries
2026-10-07 03:50:35.514 INFO  sched: request 'chatcmpl-c76f52e3a2d8ed88' starting prefill in slot 0 (31902 prompt tokens)
2026-10-07 03:51:45.635 INFO  sched: request 'chatcmpl-c76f52e3a2d8ed88' prefix cache miss — 18 cut(s) probed against 12 entries; the nearest entry (position 8118) shares the first 39 of the prompt's 31902 tokens (the prompt differs from it from that token on)
2026-10-07 03:51:45.635 INFO  sched: request 'chatcmpl-c76f52e3a2d8ed88' admitted to slot 0 (reserve 250 blocks; pool 494/960 blocks in use) — first token 785
2026-10-07 03:51:45.636 INFO  sched: request 'chatcmpl-c76f52e3a2d8ed88' retired (steps): 1 tok in 70.1 s — prefill 31902 tok (0 cached) in 70121 ms; decode 0 tok / 0 passes in 0.0 s
2026-10-07 03:51:45.636 INFO  stats: rank 1 | 70.2 s | decode 0.0 tok/s, 0.0 ms/tok, 0.0 ms/step (0 steps / 1 tok, 0 % of wall) | prefill 1 prompt / 31902 tok, 455 tok/s, 2.20 ms/tok, 70121 ms avg (100 % of wall), 0 tok cached (0/1 hit) | live 0, queued 0 | pool 494/960 blocks (51 %) | prefix cache 15/4096 entries
2026-10-07 03:51:45.675 INFO  sched: request 'chatcmpl-c76f52e3a2d8ed89' starting prefill in slot 0 (31930 prompt tokens)
2026-10-07 03:52:55.939 INFO  sched: request 'chatcmpl-c76f52e3a2d8ed89' prefix cache miss — 18 cut(s) probed against 15 entries; the nearest entry (position 31902) shares the first 43 of the prompt's 31930 tokens (the prompt differs from it from that token on)
2026-10-07 03:52:55.939 INFO  sched: request 'chatcmpl-c76f52e3a2d8ed89' admitted to slot 0 (reserve 250 blocks; pool 745/960 blocks in use) — first token 785
2026-10-07 03:52:55.940 INFO  sched: request 'chatcmpl-c76f52e3a2d8ed89' retired (steps): 1 tok in 70.3 s — prefill 31930 tok (0 cached) in 70264 ms; decode 0 tok / 0 passes in 0.0 s
2026-10-07 03:52:55.940 INFO  stats: rank 1 | 70.3 s | decode 0.0 tok/s, 0.0 ms/tok, 0.0 ms/step (0 steps / 1 tok, 0 % of wall) | prefill 1 prompt / 31930 tok, 454 tok/s, 2.20 ms/tok, 70264 ms avg (100 % of wall), 0 tok cached (0/1 hit) | live 0, queued 0 | pool 745/960 blocks (78 %) | prefix cache 18/4096 entries
2026-10-07 03:52:55.968 INFO  sched: request 'chatcmpl-c76f52e3a2d8ed8a' starting prefill in slot 0 (31907 prompt tokens)
2026-10-07 03:54:06.219 INFO  sched: request 'chatcmpl-c76f52e3a2d8ed8a' prefix cache miss — 18 cut(s) probed against 12 entries; the nearest entry (position 31930) shares the first 43 of the prompt's 31907 tokens (the prompt differs from it from that token on)
2026-10-07 03:54:06.219 INFO  sched: request 'chatcmpl-c76f52e3a2d8ed8a' admitted to slot 0 (reserve 250 blocks; pool 945/960 blocks in use) — first token 785
2026-10-07 03:54:06.220 INFO  sched: request 'chatcmpl-c76f52e3a2d8ed8a' retired (steps): 1 tok in 70.3 s — prefill 31907 tok (0 cached) in 70251 ms; decode 0 tok / 0 passes in 0.0 s
2026-10-07 03:54:06.220 INFO  stats: rank 1 | 70.3 s | decode 0.0 tok/s, 0.0 ms/tok, 0.0 ms/step (0 steps / 1 tok, 0 % of wall) | prefill 1 prompt / 31907 tok, 454 tok/s, 2.20 ms/tok, 70251 ms avg (100 % of wall), 0 tok cached (0/1 hit) | live 0, queued 0 | pool 945/960 blocks (98 %) | prefix cache 15/4096 entries
2026-10-07 03:54:06.993 INFO  sched: request 'chatcmpl-c76f52e3a2d8ed8b' starting prefill in slot 0 (32237 prompt tokens)
2026-10-07 03:55:17.953 INFO  sched: request 'chatcmpl-c76f52e3a2d8ed8b' prefix cache miss — 18 cut(s) probed against 6 entries; the nearest entry (position 31930) shares the first 10 of the prompt's 32237 tokens (the prompt differs from it from that token on)
2026-10-07 03:55:17.954 INFO  sched: request 'chatcmpl-c76f52e3a2d8ed8b' admitted to slot 0 (reserve 254 blocks; pool 757/960 blocks in use) — first token 785
2026-10-07 03:55:18.028 INFO  stats: rank 1 | 71.8 s | decode 0.0 tok/s, 24.7 ms/tok, 74.0 ms/step (1 step / 3 tok, 0 % of wall) | mtp 3.00 tok/step/req, accept p1 100 % | prefill 1 prompt / 32237 tok, 449 tok/s, 2.20 ms/tok, 70960 ms avg (99 % of wall), 0 tok cached (0/1 hit) | live 1, queued 0 | pool 758/960 blocks (79 %) | prefix cache 8/4096 entries
2026-10-07 03:55:27.909 INFO  sched: request 'chatcmpl-c76f52e3a2d8ed8b' retired (steps): 256 tok in 80.9 s — prefill 32237 tok (0 cached) in 70960 ms; decode 255 tok / 130 passes in 10.0 s: 25.6 tok/s, 39.0 ms/tok, 77 ms/pass, 1.96 tok/pass, accept p1 97 %
2026-10-07 03:55:27.926 INFO  sched: request 'chatcmpl-c76f52e3a2d8ed8c' starting prefill in slot 0 (32237 prompt tokens)
2026-10-07 03:55:28.052 INFO  sched: request 'chatcmpl-c76f52e3a2d8ed8c' admitted to slot 0 (reserve 254 blocks; pool 760/960 blocks in use) — first token 785
2026-10-07 03:55:28.127 INFO  stats: rank 1 | 10.1 s | decode 25.3 tok/s, 38.5 ms/tok, 75.8 ms/step (130 steps / 256 tok, 98 % of wall) | mtp 1.97 tok/step/req, accept p1 97 % | prefill 1 prompt / 2 tok, 0 tok/s, 63.27 ms/tok, 127 ms avg (1 % of wall), 32235 tok cached (1/1 hit) | live 1, queued 0 | pool 761/960 blocks (79 %) | prefix cache 9/4096 entries
2026-10-07 03:55:38.022 INFO  sched: request 'chatcmpl-c76f52e3a2d8ed8c' retired (steps): 256 tok in 10.1 s — prefill 32237 tok (32235 cached) in 127 ms; decode 255 tok / 130 passes in 10.0 s: 25.6 tok/s, 39.1 ms/tok, 77 ms/pass, 1.96 tok/pass, accept p1 97 %
2026-10-07 03:55:38.061 INFO  sched: request 'chatcmpl-c76f52e3a2d8ed8d' starting prefill in slot 0 (32237 prompt tokens)
2026-10-07 03:55:38.187 INFO  sched: request 'chatcmpl-c76f52e3a2d8ed8d' admitted to slot 0 (reserve 254 blocks; pool 760/960 blocks in use) — first token 785
2026-10-07 03:55:38.262 INFO  stats: rank 1 | 10.1 s | decode 25.3 tok/s, 38.6 ms/tok, 76.0 ms/step (130 steps / 256 tok, 97 % of wall) | mtp 1.97 tok/step/req, accept p1 97 % | prefill 1 prompt / 2 tok, 0 tok/s, 63.35 ms/tok, 127 ms avg (1 % of wall), 32235 tok cached (1/1 hit) | live 1, queued 0 | pool 761/960 blocks (79 %) | prefix cache 9/4096 entries
2026-10-07 03:55:48.148 INFO  sched: request 'chatcmpl-c76f52e3a2d8ed8d' retired (steps): 256 tok in 10.1 s — prefill 32237 tok (32235 cached) in 127 ms; decode 255 tok / 130 passes in 10.0 s: 25.6 tok/s, 39.1 ms/tok, 77 ms/pass, 1.96 tok/pass, accept p1 97 %
2026-10-07 03:55:48.265 INFO  stats: rank 1 | 10.0 s | decode 25.3 tok/s, 38.7 ms/tok, 75.9 ms/step (129 steps / 253 tok, 98 % of wall) | mtp 1.96 tok/step/req, accept p1 97 % | prefill 0 prompts / 0 tok, 0 tok cached (0/0 hits) | live 0, queued 0 | pool 757/960 blocks (79 %) | prefix cache 9/4096 entries
2026-10-07 03:55:49.370 INFO  sched: request 'chatcmpl-c76f52e3a2d8ed8e' starting prefill in slot 0 (65009 prompt tokens)
2026-10-07 03:58:22.989 INFO  sched: request 'chatcmpl-c76f52e3a2d8ed8e' prefix cache miss — 34 cut(s) probed against 3 entries; the nearest entry (position 32491) shares the first 12 of the prompt's 65009 tokens (the prompt differs from it from that token on)
2026-10-07 03:58:22.990 INFO  sched: request 'chatcmpl-c76f52e3a2d8ed8e' admitted to slot 0 (reserve 510 blocks; pool 766/960 blocks in use) — first token 785
2026-10-07 03:58:23.070 INFO  stats: rank 1 | 154.8 s | decode 0.0 tok/s, 26.8 ms/tok, 80.3 ms/step (1 step / 3 tok, 0 % of wall) | mtp 3.00 tok/step/req, accept p1 100 % | prefill 1 prompt / 65009 tok, 420 tok/s, 2.36 ms/tok, 153619 ms avg (99 % of wall), 0 tok cached (0/1 hit) | live 1, queued 0 | pool 767/960 blocks (80 %) | prefix cache 5/4096 entries
2026-10-07 03:58:33.143 INFO  stats: rank 1 | 10.1 s | decode 24.4 tok/s, 40.6 ms/tok, 80.6 ms/step (124 steps / 246 tok, 99 % of wall) | mtp 1.98 tok/step/req, accept p1 98 % | prefill 0 prompts / 0 tok, 0 tok cached (0/0 hits) | live 1, queued 0 | pool 767/960 blocks (80 %) | prefix cache 5/4096 entries
2026-10-07 03:58:33.472 INFO  sched: request 'chatcmpl-c76f52e3a2d8ed8e' retired (steps): 256 tok in 164.1 s — prefill 65009 tok (0 cached) in 153619 ms; decode 255 tok / 129 passes in 10.5 s: 24.3 tok/s, 41.1 ms/tok, 81 ms/pass, 1.98 tok/pass, accept p1 98 %
2026-10-07 03:58:33.517 INFO  sched: request 'chatcmpl-c76f52e3a2d8ed8f' starting prefill in slot 0 (65009 prompt tokens)
2026-10-07 03:58:33.647 INFO  sched: request 'chatcmpl-c76f52e3a2d8ed8f' admitted to slot 0 (reserve 510 blocks; pool 769/960 blocks in use) — first token 785
2026-10-07 03:58:43.152 INFO  stats: rank 1 | 10.0 s | decode 24.0 tok/s, 40.6 ms/tok, 80.6 ms/step (121 steps / 240 tok, 97 % of wall) | mtp 1.98 tok/step/req, accept p1 98 % | prefill 1 prompt / 2 tok, 0 tok/s, 64.99 ms/tok, 130 ms avg (1 % of wall), 65007 tok cached (1/1 hit) | live 1, queued 0 | pool 770/960 blocks (80 %) | prefix cache 6/4096 entries
2026-10-07 03:58:44.133 INFO  sched: request 'chatcmpl-c76f52e3a2d8ed8f' retired (steps): 256 tok in 10.6 s — prefill 65009 tok (65007 cached) in 130 ms; decode 255 tok / 129 passes in 10.5 s: 24.3 tok/s, 41.1 ms/tok, 81 ms/pass, 1.98 tok/pass, accept p1 98 %
2026-10-07 03:58:44.177 INFO  sched: request 'chatcmpl-c76f52e3a2d8ed90' starting prefill in slot 0 (65009 prompt tokens)
2026-10-07 03:58:44.306 INFO  sched: request 'chatcmpl-c76f52e3a2d8ed90' admitted to slot 0 (reserve 510 blocks; pool 769/960 blocks in use) — first token 785
2026-10-07 03:58:53.189 INFO  stats: rank 1 | 10.0 s | decode 23.9 tok/s, 40.7 ms/tok, 80.8 ms/step (121 steps / 240 tok, 97 % of wall) | mtp 1.98 tok/step/req, accept p1 98 % | prefill 1 prompt / 2 tok, 0 tok/s, 64.32 ms/tok, 129 ms avg (1 % of wall), 65007 tok cached (1/1 hit) | live 1, queued 0 | pool 770/960 blocks (80 %) | prefix cache 6/4096 entries
2026-10-07 03:58:54.818 INFO  sched: request 'chatcmpl-c76f52e3a2d8ed90' retired (steps): 256 tok in 10.6 s — prefill 65009 tok (65007 cached) in 129 ms; decode 255 tok / 129 passes in 10.5 s: 24.3 tok/s, 41.2 ms/tok, 81 ms/pass, 1.98 tok/pass, accept p1 98 %
2026-10-07 03:58:56.026 INFO  journal: stop record — exiting
2026-10-07 03:58:56.070 INFO  rank 1: graph engine sampling summary — 0 sampled decode steps, 0 served by the exact gather fallback (0.0%), 128 candidates per rank
2026-10-07 03:58:57.291 INFO  rank 1: exited cleanly
