2026-10-06 02:09:39.856 INFO  dgpp-serve 0.1.0+g50309fdcf51d (git 50309fdcf51d)
2026-10-06 02:09:39.857 INFO  config /tmp/bus4/deployments/e0fc74ba966dca07/cluster.json: model HawkBearPig/GLM-5.3-Flash-NVFP4-FP8, world 4, rank 3, http :18080, fabric :29970, journal :29971
2026-10-06 02:09:39.857 INFO  model HawkBearPig/GLM-5.3-Flash-NVFP4-FP8 -> /home/stephen/.cache/huggingface/hub/models--HawkBearPig--GLM-5.3-Flash-NVFP4-FP8/snapshots/17b8d4d83e33e836e9549d7e1a8d25b5117203c1
2026-10-06 02:09:39.858 INFO  journal: connected to rank 0 at 192.168.88.11:29971 (120000 attempt window)
2026-10-06 02:09:39.859 INFO  rank 3: settings from rank 0: model=HawkBearPig/GLM-5.3-Flash-NVFP4-FP8 world=4 fabric=29970 journal=29971 conc=4 kv=786432 kvdt=bf16 ngt=resident dw=checkpoint mtpef=fp8 bfw=bf12+bf16 fp8head=gemv pf=bounded emsh=replicated maxtok=32768 queue=8 eos=1 graph=1 compact=0 mtp=1 mtpd=1 mss=0 msrow=8 msbase=28 mslam=0 msmin=1 msad=1 msss=0.93 mdr=auto mdt=1 mvf=token dbr=0 batchmin=2 cand=128 pcgib=22 adm=full win=256 pfbudget=256 pfidle=2048 pmin=1024 phead=1 pace=-1 inflight=-1 reasoning_in_content=0 rs=off dflash=off dfw=checkpoint
2026-10-06 02:09:39.859 INFO  config: model=HawkBearPig/GLM-5.3-Flash-NVFP4-FP8 world=4 fabric=29970 journal=29971 conc=4 kv=786432 kvdt=bf16 ngt=resident dw=checkpoint mtpef=fp8 bfw=bf12+bf16 fp8head=gemv pf=bounded emsh=replicated maxtok=32768 queue=8 eos=1 graph=1 compact=0 mtp=1 mtpd=1 mss=0 msrow=8 msbase=28 mslam=0 msmin=1 msad=1 msss=0.93 mdr=auto mdt=1 mvf=token dbr=0 batchmin=2 cand=128 pcgib=22 adm=full win=256 pfbudget=256 pfidle=2048 pmin=1024 phead=1 pace=-1 inflight=-1 reasoning_in_content=0 rs=off dflash=off dfw=checkpoint (digest 097d971bd42aadb8)
2026-10-06 02:09:39.987 INFO  serve: model family glm5 (/home/stephen/.cache/huggingface/hub/models--HawkBearPig--GLM-5.3-Flash-NVFP4-FP8/snapshots/17b8d4d83e33e836e9549d7e1a8d25b5117203c1)
2026-10-06 02:09:39.987 INFO  serve: decode rows 8 (4 slot(s) x 2 row(s) per request, floor 8, the glm5 family's cap 8)
2026-10-06 02:09:39.997 WARN  generation config /home/stephen/.cache/huggingface/hub/models--HawkBearPig--GLM-5.3-Flash-NVFP4-FP8/snapshots/17b8d4d83e33e836e9549d7e1a8d25b5117203c1/generation_config.json omits top_k, min_p, repetition_penalty; using greedy-safe/neutral fallbacks for those fields
2026-10-06 02:09:39.997 INFO  generation defaults: temperature=1 top_p=0.95 top_k=0 min_p=0 repetition_penalty=1
2026-10-06 02:09:39.997 INFO  serve: sampling defaults temperature 1 top_p 0.95 top_k 0 min_p 0 repetition_penalty 1 (from generation_config.json; overrides: none)
2026-10-06 02:09:39.997 INFO  serve: request context limit 786432 tokens (the 786432-token K/V pool from engine.kv_capacity 786432; this family states no positional ceiling of its own)
2026-10-06 02:09:39.997 INFO  rank 3: prefix cache plan — 22 GiB budget, 639 slots of 35.227 MiB, 21.982 GiB allocated; cached K/V blocks share the 786432-token pool
2026-10-06 02:09:40.171 INFO  tokenizer: loaded vocab 154820 merges 321649 added 36 (revision 0x700b4469fc43f23b; glm pattern, no normalizer, ignore_merges true)
2026-10-06 02:09:40.180 INFO  serve: grammar vocabulary built (154880 ids, tool markers present, call-turn EOS 154829)
2026-10-06 02:09:40.283 INFO  serve: JSON grammar tables built in 0.10 s
2026-10-06 02:09:40.508 INFO  bus: globaltimer offset 20541806298 ns (+-2 us)
2026-10-06 02:09:40.530 INFO  verbs: device roceP2p1s0f0 port 1 gid_index 3
2026-10-06 02:09:40.532 INFO  verbs: device rocep1s0f0 port 1 gid_index 3
2026-10-06 02:09:41.139 INFO  bus: rank 3 up — 3 peer(s) x 2 lane(s), lat 8x65536B, bulk 8x262144B, bulk pace 28.3 Gb/s per QP, window 4 per lane
2026-10-06 02:09:41.139 INFO  rank 3: boundary reducer host-driven
2026-10-06 02:09:41.281 INFO  bus engine: rank 3 pinned to cpu 19
2026-10-06 02:09:41.467 INFO  rank 3: process memory locked (mlockall MCL_CURRENT, 14546 MiB)
2026-10-06 02:09:41.467 INFO  rank 3: resident image cache at /home/stephen/.cache/dgpp/resident
2026-10-06 02:09:41.525 INFO  rank 3: memory plan for a 786432-token context — vision weights (replicated) 1.05 GiB; vision workspace (bounded image prefill) 0.33 GiB; model weights (resident) 48.27 GiB (1.81 GiB pinned); tensor-parallel slice views 0.67 GiB; bf16 decode packing (12-bit companions) 1.96 GiB; gemm workspace (at least) 0.06 GiB; kda scratch 0.08 GiB; kv cache pool (bf16) 9.29 GiB; dsa scratch 0.23 GiB; moe scratch 0.68 GiB (0.00 GiB pinned); kda state (request slots) 0.14 GiB; kda speculative snapshots 0.27 GiB; draft hidden cache (per position) 24.00 GiB; draft activations 0.05 GiB; activations (per-forward rows) 0.32 GiB (0.00 GiB pinned); route-trace staging 0.10 GiB (0.10 GiB pinned); prefix cache 21.98 GiB; engine 0.08 GiB
2026-10-06 02:09:41.525 INFO  rank 3: memory plan total 109.55 GiB (85.58 GiB device + 23.97 GiB pinned) + 4.00 GiB headroom against 115.62 GiB free (device free 1.14 GiB of 121.69 GiB, host available 115.62 GiB)
2026-10-06 02:09:41.525 INFO  memory ledger: rank 3 after the plan check — rss 1.18 GiB (anon 0.42, shmem 0.09, file 0.67; locked 14.21); device free 1.14 GiB, node available 115.62 GiB
2026-10-06 02:09:41.525 INFO  memory ledger: rank 3 after the bus — rss 1.18 GiB (anon 0.42, shmem 0.09, file 0.67; locked 14.21); device free 1.14 GiB, node available 115.62 GiB
2026-10-06 02:09:41.877 INFO  glm loader: rank 3 resident footprint 46.5 GiB; device free 1.1 of 121.7 GiB, host available 115.6 GiB
2026-10-06 02:09:42.777 INFO  glm loader: rank 3 resident image /home/stephen/.cache/dgpp/resident/efd379dc08601610.img — 46/46 layers present, direct I/O
2026-10-06 02:09:42.819 INFO  l2 prefetch: on, window budget 12 MiB, boundary rate light, layer rate light
2026-10-06 02:09:42.820 INFO  glm loader: rank 3 boot digest from the resident image (713 tensors, 2.91 GiB)
2026-10-06 02:09:54.157 INFO  glm loader: rank 3 resident load complete — released 40 shard mappings (181.7 GiB) and evicted their page cache; image: 46 layers restored, 0 captured
2026-10-06 02:09:54.529 INFO  rank 3 bf12: 70 decode matrices packed (2.55 GiB of bf16 -> 1.92 GiB, 217363 escapes, widest row 64, 39 rows kept raw; 0 matrices kept bf16) in 1.4 s
2026-10-06 02:09:59.210 INFO  rank 3 boot phases: digest 0.0 s (3.96 GiB hashed), globals 1.7 s, layers 13.4 s
2026-10-06 02:09:59.211 INFO  memory ledger: rank 3 after the model — rss 3.13 GiB (anon 0.46, shmem 2.01, file 0.67; locked 14.19); device free 2.11 GiB, node available 28.04 GiB
2026-10-06 02:09:59.211 INFO  rank 3: model constructed in 17.7s (resident, 4 request slots, 786432-token pool in bf16, 2048-row forwards)
2026-10-06 02:09:59.211 INFO  rank 3: prefix cache on — 639 snapshot slot(s) of 35.2 MiB (22.00 GiB asked)
2026-10-06 02:10:00.575 INFO  rank 3: graph engine samples on the device — 112 candidates per rank (8 rows x 4 ranks in a 65536-byte latency slot; the planned width is 128); constrained decoding available
2026-10-06 02:10:00.575 INFO  rank 3: prefill budget 256 tokens/tick (0 = full prompt), 2048 with nothing decoding
2026-10-06 02:10:00.575 INFO  rank 3: sampled requests draft a draw from the draft's distribution under the ratio verify (engine.mtp_draft auto)
2026-10-06 02:10:02.485 INFO  memory ledger: rank 3 after the graph engine — rss 3.14 GiB (anon 0.46, shmem 2.02, file 0.67; locked 14.19); device free 1.35 GiB, node available 5.99 GiB
2026-10-06 02:10:02.862 INFO  allreduce: device clock rate 2418000 kHz (stamps conversion)
2026-10-06 02:10:02.862 INFO  allreduce: rank 3 seq 1 launched (3 peers)
2026-10-06 02:10:02.862 INFO  allreduce: rank 3 seq 1 ready after 46.6us
2026-10-06 02:10:02.888 INFO  allreduce: rank 3 seq 1 done status=0 after 25856.8us
2026-10-06 02:10:02.930 INFO  allreduce: rank 3 seq 2 launched (3 peers)
2026-10-06 02:10:02.930 INFO  allreduce: rank 3 seq 2 ready after 11.0us
2026-10-06 02:10:02.935 INFO  allreduce: rank 3 seq 2 done status=0 after 5231.1us
2026-10-06 02:10:02.935 INFO  allreduce: rank 3 seq 3 launched (3 peers)
2026-10-06 02:10:02.935 INFO  allreduce: rank 3 seq 3 ready after 11.4us
2026-10-06 02:10:02.936 INFO  allreduce: rank 3 seq 3 done status=0 after 95.6us
2026-10-06 02:10:02.936 INFO  allreduce: rank 3 seq 4 launched (3 peers)
2026-10-06 02:10:02.936 INFO  allreduce: rank 3 seq 4 ready after 10.9us
2026-10-06 02:10:02.936 INFO  allreduce: rank 3 seq 4 done status=0 after 50.4us
2026-10-06 02:10:02.936 INFO  allreduce: rank 3 seq 5 launched (3 peers)
2026-10-06 02:10:02.936 INFO  allreduce: rank 3 seq 5 ready after 11.2us
2026-10-06 02:10:02.936 INFO  allreduce: rank 3 seq 5 done status=0 after 56.9us
2026-10-06 02:10:02.937 INFO  allreduce: rank 3 seq 6 launched (3 peers)
2026-10-06 02:10:02.937 INFO  allreduce: rank 3 seq 6 ready after 11.1us
2026-10-06 02:10:02.937 INFO  allreduce: rank 3 seq 6 done status=0 after 48.4us
2026-10-06 02:10:02.940 INFO  allreduce: rank 3 seq 7 launched (3 peers)
2026-10-06 02:10:02.940 INFO  allreduce: rank 3 seq 7 ready after 13.6us
2026-10-06 02:10:02.940 INFO  allreduce: rank 3 seq 7 done status=0 after 228.4us
2026-10-06 02:10:02.941 INFO  allreduce: rank 3 seq 8 launched (3 peers)
2026-10-06 02:10:02.941 INFO  allreduce: rank 3 seq 8 ready after 11.3us
2026-10-06 02:10:02.941 INFO  allreduce: rank 3 seq 8 done status=0 after 72.6us
2026-10-06 02:10:02.941 INFO  allreduce: rank 3 seq 9 launched (3 peers)
2026-10-06 02:10:02.941 INFO  allreduce: rank 3 seq 9 ready after 10.8us
2026-10-06 02:10:02.941 INFO  allreduce: rank 3 seq 9 done status=0 after 73.2us
2026-10-06 02:10:02.942 INFO  allreduce: rank 3 seq 10 launched (3 peers)
2026-10-06 02:10:02.942 INFO  allreduce: rank 3 seq 10 ready after 12.6us
2026-10-06 02:10:02.942 INFO  allreduce: rank 3 seq 10 done status=0 after 52.4us
2026-10-06 02:10:02.942 INFO  allreduce: rank 3 seq 11 launched (3 peers)
2026-10-06 02:10:02.942 INFO  allreduce: rank 3 seq 11 ready after 10.9us
2026-10-06 02:10:02.942 INFO  allreduce: rank 3 seq 11 done status=0 after 98.3us
2026-10-06 02:10:02.943 INFO  allreduce: rank 3 seq 12 launched (3 peers)
2026-10-06 02:10:02.943 INFO  allreduce: rank 3 seq 12 ready after 12.8us
2026-10-06 02:10:02.943 INFO  allreduce: rank 3 seq 12 done status=0 after 70.7us
2026-10-06 02:10:02.944 INFO  allreduce: rank 3 seq 13 launched (3 peers)
2026-10-06 02:10:02.944 INFO  allreduce: rank 3 seq 13 ready after 11.0us
2026-10-06 02:10:02.944 INFO  allreduce: rank 3 seq 13 done status=0 after 80.2us
2026-10-06 02:10:02.944 INFO  allreduce: rank 3 seq 14 launched (3 peers)
2026-10-06 02:10:02.944 INFO  allreduce: rank 3 seq 14 ready after 12.2us
2026-10-06 02:10:02.944 INFO  allreduce: rank 3 seq 14 done status=0 after 54.0us
2026-10-06 02:10:02.945 INFO  allreduce: rank 3 seq 15 launched (3 peers)
2026-10-06 02:10:02.945 INFO  allreduce: rank 3 seq 15 ready after 9.0us
2026-10-06 02:10:02.945 INFO  allreduce: rank 3 seq 15 done status=0 after 63.7us
2026-10-06 02:10:02.946 INFO  allreduce: rank 3 seq 16 launched (3 peers)
2026-10-06 02:10:02.946 INFO  allreduce: rank 3 seq 16 ready after 9.2us
2026-10-06 02:10:02.946 INFO  allreduce: rank 3 seq 16 done status=0 after 61.6us
2026-10-06 02:10:03.024 INFO  bus graph era: variant 0 recorded with 94 collective node(s)
2026-10-06 02:10:03.024 INFO  rank 3: graph variant 0 shape: 1297 nodes, 1612 edges: kernel 1297 empty 0 memcpy 0 memset 0 host 0 event 0 other 0; max in-degree 2
2026-10-06 02:10:03.029 INFO  rank 3: graph variant 0 instantiated — 17592186044349.3 MiB of device memory (1.2 GiB free)
2026-10-06 02:10:03.030 INFO  bus graph era: variant 1 recorded with 94 collective node(s)
2026-10-06 02:10:03.030 INFO  rank 3: graph variant 1 shape: 1297 nodes, 1612 edges: kernel 1297 empty 0 memcpy 0 memset 0 host 0 event 0 other 0; max in-degree 2
2026-10-06 02:10:03.036 INFO  rank 3: graph variant 1 instantiated — 17592186044321.7 MiB of device memory (1.3 GiB free)
2026-10-06 02:10:03.036 INFO  rank 3: serving scalar graph variants 0/1 captured for request slot 0 (2 rows, MTP)
2026-10-06 02:10:03.037 INFO  bus graph era: variant 8 recorded with 94 collective node(s)
2026-10-06 02:10:03.037 INFO  rank 3: graph variant 8 shape: 1299 nodes, 1614 edges: kernel 1299 empty 0 memcpy 0 memset 0 host 0 event 0 other 0; max in-degree 2
2026-10-06 02:10:03.044 INFO  rank 3: graph variant 8 instantiated — 17592186044405.2 MiB of device memory (1.3 GiB free)
2026-10-06 02:10:03.045 INFO  bus graph era: variant 9 recorded with 94 collective node(s)
2026-10-06 02:10:03.045 INFO  rank 3: graph variant 9 shape: 1299 nodes, 1614 edges: kernel 1299 empty 0 memcpy 0 memset 0 host 0 event 0 other 0; max in-degree 2
2026-10-06 02:10:03.052 INFO  rank 3: graph variant 9 instantiated — 34.6 MiB of device memory (1.3 GiB free)
2026-10-06 02:10:03.052 INFO  rank 3: serving row-batched graph variants 8/9 captured for 2 slots x 2 rows = 4 fixed rows, MTP (a batch is selected at 2+ live requests, the smallest that covers the live slots)
2026-10-06 02:10:03.064 INFO  bus graph era: variant 10 recorded with 94 collective node(s)
2026-10-06 02:10:03.064 INFO  rank 3: graph variant 10 shape: 1359 nodes, 1674 edges: kernel 1359 empty 0 memcpy 0 memset 0 host 0 event 0 other 0; max in-degree 2
2026-10-06 02:10:03.071 INFO  rank 3: graph variant 10 instantiated — 26.6 MiB of device memory (1.2 GiB free)
2026-10-06 02:10:03.072 INFO  bus graph era: variant 11 recorded with 94 collective node(s)
2026-10-06 02:10:03.072 INFO  rank 3: graph variant 11 shape: 1359 nodes, 1674 edges: kernel 1359 empty 0 memcpy 0 memset 0 host 0 event 0 other 0; max in-degree 2
2026-10-06 02:10:03.079 INFO  rank 3: graph variant 11 instantiated — 31.6 MiB of device memory (1.2 GiB free)
2026-10-06 02:10:03.079 INFO  rank 3: serving row-batched graph variants 10/11 captured for 3 slots x 2 rows = 6 fixed rows, MTP (a batch is selected at 2+ live requests, the smallest that covers the live slots)
2026-10-06 02:10:03.080 INFO  bus graph era: variant 12 recorded with 94 collective node(s)
2026-10-06 02:10:03.080 INFO  rank 3: graph variant 12 shape: 1361 nodes, 1676 edges: kernel 1361 empty 0 memcpy 0 memset 0 host 0 event 0 other 0; max in-degree 2
2026-10-06 02:10:03.087 INFO  rank 3: graph variant 12 instantiated — 34.7 MiB of device memory (1.1 GiB free)
2026-10-06 02:10:03.089 INFO  bus graph era: variant 13 recorded with 94 collective node(s)
2026-10-06 02:10:03.089 INFO  rank 3: graph variant 13 shape: 1361 nodes, 1676 edges: kernel 1361 empty 0 memcpy 0 memset 0 host 0 event 0 other 0; max in-degree 2
2026-10-06 02:10:03.095 INFO  rank 3: graph variant 13 instantiated — 32.3 MiB of device memory (1.1 GiB free)
2026-10-06 02:10:03.095 INFO  rank 3: serving row-batched graph variants 12/13 captured for 4 slots x 2 rows = 8 fixed rows, MTP (a batch is selected at 2+ live requests, the smallest that covers the live slots)
2026-10-06 02:10:03.160 INFO  bus graph era: variant 2 recorded with 94 collective node(s)
2026-10-06 02:10:03.160 INFO  rank 3: graph variant 2 shape: 1297 nodes, 1612 edges: kernel 1297 empty 0 memcpy 0 memset 0 host 0 event 0 other 0; max in-degree 2
2026-10-06 02:10:03.166 INFO  rank 3: graph variant 2 instantiated — 31.9 MiB of device memory (1.1 GiB free)
2026-10-06 02:10:03.168 INFO  bus graph era: variant 3 recorded with 94 collective node(s)
2026-10-06 02:10:03.168 INFO  rank 3: graph variant 3 shape: 1297 nodes, 1612 edges: kernel 1297 empty 0 memcpy 0 memset 0 host 0 event 0 other 0; max in-degree 2
2026-10-06 02:10:03.175 INFO  rank 3: graph variant 3 instantiated — 35.9 MiB of device memory (1.0 GiB free)
2026-10-06 02:10:03.175 INFO  rank 3: serving scalar graph variants 2/3 captured for request slot 1 (2 rows, MTP)
2026-10-06 02:10:03.263 INFO  bus graph era: variant 4 recorded with 94 collective node(s)
2026-10-06 02:10:03.263 INFO  rank 3: graph variant 4 shape: 1297 nodes, 1612 edges: kernel 1297 empty 0 memcpy 0 memset 0 host 0 event 0 other 0; max in-degree 2
2026-10-06 02:10:03.269 INFO  rank 3: graph variant 4 instantiated — 31.5 MiB of device memory (1.0 GiB free)
2026-10-06 02:10:03.270 INFO  bus graph era: variant 5 recorded with 94 collective node(s)
2026-10-06 02:10:03.271 INFO  rank 3: graph variant 5 shape: 1297 nodes, 1612 edges: kernel 1297 empty 0 memcpy 0 memset 0 host 0 event 0 other 0; max in-degree 2
2026-10-06 02:10:03.280 INFO  rank 3: graph variant 5 instantiated — 36.5 MiB of device memory (1.0 GiB free)
2026-10-06 02:10:03.281 INFO  rank 3: serving scalar graph variants 4/5 captured for request slot 2 (2 rows, MTP)
2026-10-06 02:10:03.346 INFO  bus graph era: variant 6 recorded with 94 collective node(s)
2026-10-06 02:10:03.346 INFO  rank 3: graph variant 6 shape: 1297 nodes, 1612 edges: kernel 1297 empty 0 memcpy 0 memset 0 host 0 event 0 other 0; max in-degree 2
2026-10-06 02:10:03.354 INFO  rank 3: graph variant 6 instantiated — 17592186044406.8 MiB of device memory (1.0 GiB free)
2026-10-06 02:10:03.355 INFO  bus graph era: variant 7 recorded with 94 collective node(s)
2026-10-06 02:10:03.355 INFO  rank 3: graph variant 7 shape: 1297 nodes, 1612 edges: kernel 1297 empty 0 memcpy 0 memset 0 host 0 event 0 other 0; max in-degree 2
2026-10-06 02:10:03.362 INFO  rank 3: graph variant 7 instantiated — 7.8 MiB of device memory (1.0 GiB free)
2026-10-06 02:10:03.362 INFO  rank 3: serving scalar graph variants 6/7 captured for request slot 3 (2 rows, MTP)
2026-10-06 02:10:03.362 INFO  rank 3: warm capture complete — 4 scalar variants and the row batches for 2 slots, 3 slots, 4 slots recorded before the first request
2026-10-06 02:10:03.362 INFO  memory ledger: rank 3 after the warm capture — rss 3.60 GiB (anon 0.91, shmem 2.02, file 0.68; locked 14.19); device free 1.03 GiB, node available 5.10 GiB
2026-10-06 02:10:03.362 INFO  rank 3: graph variants warm-captured in 0.88s
2026-10-06 02:10:03.362 INFO  rank 3: following rank 0's journal (admission full, window 256)
2026-10-06 02:10:04.926 INFO  sched: request 'chatcmpl-c1222c5610810c16' starting prefill in slot 0 (62 prompt tokens)
2026-10-06 02:10:05.224 INFO  sched: request 'chatcmpl-c1222c5610810c16' prefix cache miss — 2 cut(s), the cache is empty
2026-10-06 02:10:05.224 INFO  sched: request 'chatcmpl-c1222c5610810c16' admitted to slot 0 (reserve 1 blocks; pool 1/6144 blocks in use) — first token 785
2026-10-06 02:10:06.827 INFO  sched: request 'chatcmpl-c1222c5610810c16' retired (steps): 64 tok in 1.9 s — prefill 62 tok (0 cached) in 298 ms; decode 63 tok / 35 passes in 1.6 s: 39.3 tok/s, 25.4 ms/tok, 46 ms/pass, 1.80 tok/pass, accept p1 80 %
2026-10-06 02:10:06.852 INFO  sched: request 'chatcmpl-c1222c5610810c17' starting prefill in slot 0 (37 prompt tokens)
2026-10-06 02:10:07.084 INFO  sched: request 'chatcmpl-c1222c5610810c17' prefix cache miss — 2 cut(s), the cache is empty
2026-10-06 02:10:07.084 INFO  sched: request 'chatcmpl-c1222c5610810c17' admitted to slot 0 (reserve 3 blocks; pool 3/6144 blocks in use) — first token 785
2026-10-06 02:10:13.301 INFO  sched: request 'chatcmpl-c1222c5610810c17' retired (steps): 256 tok in 6.4 s — prefill 37 tok (0 cached) in 232 ms; decode 255 tok / 136 passes in 6.2 s: 41.0 tok/s, 24.4 ms/tok, 46 ms/pass, 1.88 tok/pass, accept p1 88 %
2026-10-06 02:10:13.332 INFO  sched: request 'chatcmpl-c1222c5610810c18' starting prefill in slot 0 (37 prompt tokens)
2026-10-06 02:10:13.487 INFO  sched: request 'chatcmpl-c1222c5610810c18' prefix cache miss — 2 cut(s), the cache is empty
2026-10-06 02:10:13.487 INFO  sched: request 'chatcmpl-c1222c5610810c18' admitted to slot 0 (reserve 3 blocks; pool 3/6144 blocks in use) — first token 785
2026-10-06 02:10:13.549 INFO  stats: rank 3 | 10.0 s | decode 32.4 tok/s, 23.9 ms/tok, 44.8 ms/step (173 steps / 325 tok, 77 % of wall) | mtp 1.88 tok/step/req, accept p1 87 % | prefill 3 prompts / 136 tok, 14 tok/s, 5.04 ms/tok, 228 ms avg (7 % of wall), 0 tok cached (0/3 hits) | live 1, queued 0 | pool 3/6144 blocks (0 %) | prefix cache 0/639 entries
2026-10-06 02:10:17.740 INFO  sched: request 'chatcmpl-c1222c5610810c18' retired (steps): 256 tok in 4.4 s — prefill 37 tok (0 cached) in 155 ms; decode 255 tok / 136 passes in 4.3 s: 60.0 tok/s, 16.7 ms/tok, 31 ms/pass, 1.88 tok/pass, accept p1 88 %
2026-10-06 02:10:17.775 INFO  sched: request 'chatcmpl-c1222c5610810c19' starting prefill in slot 0 (37 prompt tokens)
2026-10-06 02:10:17.932 INFO  sched: request 'chatcmpl-c1222c5610810c19' prefix cache miss — 2 cut(s), the cache is empty
2026-10-06 02:10:17.932 INFO  sched: request 'chatcmpl-c1222c5610810c19' admitted to slot 0 (reserve 3 blocks; pool 3/6144 blocks in use) — first token 785
2026-10-06 02:10:22.179 INFO  sched: request 'chatcmpl-c1222c5610810c19' retired (steps): 256 tok in 4.4 s — prefill 37 tok (0 cached) in 156 ms; decode 255 tok / 136 passes in 4.2 s: 60.0 tok/s, 16.7 ms/tok, 31 ms/pass, 1.88 tok/pass, accept p1 88 %
2026-10-06 02:10:22.194 INFO  sched: request 'chatcmpl-c1222c5610810c1a' starting prefill in slot 0 (36 prompt tokens)
2026-10-06 02:10:22.194 INFO  sched: request 'chatcmpl-c1222c5610810c1b' starting prefill in slot 1 (36 prompt tokens)
2026-10-06 02:10:22.396 INFO  sched: request 'chatcmpl-c1222c5610810c1a' prefix cache miss — 2 cut(s), the cache is empty
2026-10-06 02:10:22.396 INFO  sched: request 'chatcmpl-c1222c5610810c1a' admitted to slot 0 (reserve 3 blocks; pool 4/6144 blocks in use) — first token 785
2026-10-06 02:10:22.396 INFO  sched: request 'chatcmpl-c1222c5610810c1b' prefix cache miss — 2 cut(s), the cache is empty
2026-10-06 02:10:22.396 INFO  sched: request 'chatcmpl-c1222c5610810c1b' admitted to slot 1 (reserve 3 blocks; pool 6/6144 blocks in use) — first token 785
2026-10-06 02:10:22.396 INFO  sched: 2 requests admitted together in one prefill (202 ms)
2026-10-06 02:10:23.560 INFO  stats: rank 3 | 10.0 s | decode 61.3 tok/s, 15.3 ms/tok, 31.5 ms/step (298 steps / 614 tok, 94 % of wall) | mtp 1.88 tok/step/req, accept p1 88 % | prefill 3 prompts / 109 tok, 11 tok/s, 3.29 ms/tok, 120 ms avg (4 % of wall), 0 tok cached (0/3 hits) | live 2, queued 0 | pool 6/6144 blocks (0 %) | prefix cache 0/639 entries
2026-10-06 02:10:28.564 INFO  sched: request 'chatcmpl-c1222c5610810c1a' retired (steps): 256 tok in 6.4 s — prefill 36 tok (0 cached) in 202 ms; decode 255 tok / 146 passes in 6.2 s: 41.3 tok/s, 24.2 ms/tok, 42 ms/pass, 1.75 tok/pass, accept p1 75 %
2026-10-06 02:10:28.628 INFO  sched: request 'chatcmpl-c1222c5610810c1b' retired (steps): 256 tok in 6.4 s — prefill 36 tok (0 cached) in 202 ms; decode 255 tok / 148 passes in 6.2 s: 40.9 tok/s, 24.4 ms/tok, 42 ms/pass, 1.72 tok/pass, accept p1 73 %
2026-10-06 02:10:28.648 INFO  sched: request 'chatcmpl-c1222c5610810c1c' starting prefill in slot 0 (36 prompt tokens)
2026-10-06 02:10:28.648 INFO  sched: request 'chatcmpl-c1222c5610810c1d' starting prefill in slot 1 (36 prompt tokens)
2026-10-06 02:10:28.850 INFO  sched: request 'chatcmpl-c1222c5610810c1c' prefix cache miss — 2 cut(s), the cache is empty
2026-10-06 02:10:28.850 INFO  sched: request 'chatcmpl-c1222c5610810c1c' admitted to slot 0 (reserve 3 blocks; pool 4/6144 blocks in use) — first token 785
2026-10-06 02:10:28.850 INFO  sched: request 'chatcmpl-c1222c5610810c1d' prefix cache miss — 2 cut(s), the cache is empty
2026-10-06 02:10:28.850 INFO  sched: request 'chatcmpl-c1222c5610810c1d' admitted to slot 1 (reserve 3 blocks; pool 6/6144 blocks in use) — first token 785
2026-10-06 02:10:28.850 INFO  sched: 2 requests admitted together in one prefill (202 ms)
2026-10-06 02:10:33.586 INFO  stats: rank 3 | 10.0 s | decode 79.6 tok/s, 12.1 ms/tok, 41.6 ms/step (232 steps / 798 tok, 96 % of wall) | mtp 1.73 tok/step/req, accept p1 73 % | prefill 2 prompts / 72 tok, 7 tok/s, 2.81 ms/tok, 101 ms avg (2 % of wall), 0 tok cached (0/2 hits) | live 2, queued 0 | pool 6/6144 blocks (0 %) | prefix cache 0/639 entries
2026-10-06 02:10:35.036 INFO  sched: request 'chatcmpl-c1222c5610810c1c' retired (steps): 256 tok in 6.4 s — prefill 36 tok (0 cached) in 202 ms; decode 255 tok / 146 passes in 6.2 s: 41.2 tok/s, 24.3 ms/tok, 42 ms/pass, 1.75 tok/pass, accept p1 75 %
2026-10-06 02:10:35.100 INFO  sched: request 'chatcmpl-c1222c5610810c1d' retired (steps): 256 tok in 6.5 s — prefill 36 tok (0 cached) in 202 ms; decode 255 tok / 148 passes in 6.2 s: 40.8 tok/s, 24.5 ms/tok, 42 ms/pass, 1.72 tok/pass, accept p1 73 %
2026-10-06 02:10:35.125 INFO  sched: request 'chatcmpl-c1222c5610810c1e' starting prefill in slot 0 (36 prompt tokens)
2026-10-06 02:10:35.125 INFO  sched: request 'chatcmpl-c1222c5610810c1f' starting prefill in slot 1 (36 prompt tokens)
2026-10-06 02:10:35.325 INFO  sched: request 'chatcmpl-c1222c5610810c1e' prefix cache miss — 2 cut(s), the cache is empty
2026-10-06 02:10:35.325 INFO  sched: request 'chatcmpl-c1222c5610810c1e' admitted to slot 0 (reserve 3 blocks; pool 4/6144 blocks in use) — first token 785
2026-10-06 02:10:35.325 INFO  sched: request 'chatcmpl-c1222c5610810c1f' prefix cache miss — 2 cut(s), the cache is empty
2026-10-06 02:10:35.325 INFO  sched: request 'chatcmpl-c1222c5610810c1f' admitted to slot 1 (reserve 3 blocks; pool 6/6144 blocks in use) — first token 785
2026-10-06 02:10:35.325 INFO  sched: 2 requests admitted together in one prefill (200 ms)
2026-10-06 02:10:43.591 INFO  sched: request 'chatcmpl-c1222c5610810c1e' retired (steps): 256 tok in 8.5 s — prefill 36 tok (0 cached) in 200 ms; decode 255 tok / 146 passes in 8.3 s: 30.9 tok/s, 32.4 ms/tok, 57 ms/pass, 1.75 tok/pass, accept p1 75 %
2026-10-06 02:10:43.591 INFO  stats: rank 3 | 10.0 s | decode 62.8 tok/s, 15.4 ms/tok, 53.0 ms/step (182 steps / 628 tok, 96 % of wall) | mtp 1.73 tok/step/req, accept p1 73 % | prefill 2 prompts / 72 tok, 7 tok/s, 2.78 ms/tok, 100 ms avg (2 % of wall), 0 tok cached (0/2 hits) | live 1, queued 0 | pool 3/6144 blocks (0 %) | prefix cache 0/639 entries
2026-10-06 02:10:43.655 INFO  sched: request 'chatcmpl-c1222c5610810c1f' retired (steps): 256 tok in 8.5 s — prefill 36 tok (0 cached) in 200 ms; decode 255 tok / 148 passes in 8.3 s: 30.6 tok/s, 32.7 ms/tok, 56 ms/pass, 1.72 tok/pass, accept p1 73 %
2026-10-06 02:10:43.685 INFO  sched: request 'chatcmpl-c1222c5610810c20' starting prefill in slot 0 (35 prompt tokens)
2026-10-06 02:10:43.685 INFO  sched: request 'chatcmpl-c1222c5610810c21' starting prefill in slot 1 (31 prompt tokens)
2026-10-06 02:10:43.685 INFO  sched: request 'chatcmpl-c1222c5610810c22' starting prefill in slot 2 (32 prompt tokens)
2026-10-06 02:10:43.685 INFO  sched: request 'chatcmpl-c1222c5610810c23' starting prefill in slot 3 (32 prompt tokens)
2026-10-06 02:10:43.965 INFO  sched: request 'chatcmpl-c1222c5610810c20' prefix cache miss — 2 cut(s), the cache is empty
2026-10-06 02:10:43.965 INFO  sched: request 'chatcmpl-c1222c5610810c20' admitted to slot 0 (reserve 3 blocks; pool 6/6144 blocks in use) — first token 785
2026-10-06 02:10:43.965 INFO  sched: request 'chatcmpl-c1222c5610810c21' prefix cache miss — 2 cut(s), the cache is empty
2026-10-06 02:10:43.965 INFO  sched: request 'chatcmpl-c1222c5610810c21' admitted to slot 1 (reserve 3 blocks; pool 8/6144 blocks in use) — first token 785
2026-10-06 02:10:43.965 INFO  sched: request 'chatcmpl-c1222c5610810c22' prefix cache miss — 2 cut(s), the cache is empty
2026-10-06 02:10:43.965 INFO  sched: request 'chatcmpl-c1222c5610810c22' admitted to slot 2 (reserve 3 blocks; pool 10/6144 blocks in use) — first token 785
2026-10-06 02:10:43.965 INFO  sched: request 'chatcmpl-c1222c5610810c23' prefix cache miss — 2 cut(s), the cache is empty
2026-10-06 02:10:43.965 INFO  sched: request 'chatcmpl-c1222c5610810c23' admitted to slot 3 (reserve 3 blocks; pool 12/6144 blocks in use) — first token 785
2026-10-06 02:10:43.965 INFO  sched: 4 requests admitted together in one prefill (280 ms)
2026-10-06 02:10:53.615 INFO  stats: rank 3 | 10.0 s | decode 89.0 tok/s, 10.8 ms/tok, 78.3 ms/step (123 steps / 892 tok, 96 % of wall) | mtp 1.84 tok/step/req, accept p1 83 % | prefill 4 prompts / 130 tok, 13 tok/s, 2.16 ms/tok, 70 ms avg (3 % of wall), 0 tok cached (0/4 hits) | live 4, queued 0 | pool 12/6144 blocks (0 %) | prefix cache 0/639 entries
2026-10-06 02:10:54.637 INFO  sched: request 'chatcmpl-c1222c5610810c21' retired (steps): 256 tok in 11.0 s — prefill 31 tok (0 cached) in 280 ms; decode 255 tok / 137 passes in 10.7 s: 23.9 tok/s, 41.9 ms/tok, 78 ms/pass, 1.86 tok/pass, accept p1 87 %
2026-10-06 02:10:54.764 INFO  sched: request 'chatcmpl-c1222c5610810c20' retired (steps): 256 tok in 11.1 s — prefill 35 tok (0 cached) in 280 ms; decode 255 tok / 139 passes in 10.8 s: 23.6 tok/s, 42.3 ms/tok, 78 ms/pass, 1.83 tok/pass, accept p1 83 %
2026-10-06 02:10:54.827 INFO  sched: request 'chatcmpl-c1222c5610810c23' retired (steps): 256 tok in 11.1 s — prefill 32 tok (0 cached) in 280 ms; decode 255 tok / 140 passes in 10.9 s: 23.5 tok/s, 42.6 ms/tok, 78 ms/pass, 1.82 tok/pass, accept p1 83 %
2026-10-06 02:10:54.925 INFO  sched: request 'chatcmpl-c1222c5610810c22' retired (steps): 256 tok in 11.2 s — prefill 32 tok (0 cached) in 280 ms; decode 255 tok / 143 passes in 11.0 s: 23.3 tok/s, 43.0 ms/tok, 77 ms/pass, 1.78 tok/pass, accept p1 78 %
2026-10-06 02:10:54.961 INFO  sched: request 'chatcmpl-c1222c5610810c24' starting prefill in slot 0 (35 prompt tokens)
2026-10-06 02:10:54.961 INFO  sched: request 'chatcmpl-c1222c5610810c25' starting prefill in slot 1 (32 prompt tokens)
2026-10-06 02:10:54.961 INFO  sched: request 'chatcmpl-c1222c5610810c26' starting prefill in slot 2 (31 prompt tokens)
2026-10-06 02:10:54.961 INFO  sched: request 'chatcmpl-c1222c5610810c27' starting prefill in slot 3 (32 prompt tokens)
2026-10-06 02:10:55.243 INFO  sched: request 'chatcmpl-c1222c5610810c24' prefix cache miss — 2 cut(s), the cache is empty
2026-10-06 02:10:55.243 INFO  sched: request 'chatcmpl-c1222c5610810c24' admitted to slot 0 (reserve 3 blocks; pool 6/6144 blocks in use) — first token 785
2026-10-06 02:10:55.243 INFO  sched: request 'chatcmpl-c1222c5610810c25' prefix cache miss — 2 cut(s), the cache is empty
2026-10-06 02:10:55.243 INFO  sched: request 'chatcmpl-c1222c5610810c25' admitted to slot 1 (reserve 3 blocks; pool 8/6144 blocks in use) — first token 785
2026-10-06 02:10:55.243 INFO  sched: request 'chatcmpl-c1222c5610810c26' prefix cache miss — 2 cut(s), the cache is empty
2026-10-06 02:10:55.243 INFO  sched: request 'chatcmpl-c1222c5610810c26' admitted to slot 2 (reserve 3 blocks; pool 10/6144 blocks in use) — first token 785
2026-10-06 02:10:55.243 INFO  sched: request 'chatcmpl-c1222c5610810c27' prefix cache miss — 2 cut(s), the cache is empty
2026-10-06 02:10:55.243 INFO  sched: request 'chatcmpl-c1222c5610810c27' admitted to slot 3 (reserve 3 blocks; pool 12/6144 blocks in use) — first token 785
2026-10-06 02:10:55.243 INFO  sched: 4 requests admitted together in one prefill (282 ms)
2026-10-06 02:11:03.656 INFO  stats: rank 3 | 10.0 s | decode 111.9 tok/s, 8.5 ms/tok, 61.2 ms/step (157 steps / 1124 tok, 96 % of wall) | mtp 1.83 tok/step/req, accept p1 82 % | prefill 4 prompts / 130 tok, 13 tok/s, 2.17 ms/tok, 70 ms avg (3 % of wall), 0 tok cached (0/4 hits) | live 4, queued 0 | pool 12/6144 blocks (0 %) | prefix cache 0/639 entries
2026-10-06 02:11:03.785 INFO  sched: request 'chatcmpl-c1222c5610810c26' retired (steps): 256 tok in 8.8 s — prefill 31 tok (0 cached) in 282 ms; decode 255 tok / 137 passes in 8.5 s: 29.9 tok/s, 33.5 ms/tok, 62 ms/pass, 1.86 tok/pass, accept p1 87 %
2026-10-06 02:11:03.912 INFO  sched: request 'chatcmpl-c1222c5610810c24' retired (steps): 256 tok in 9.0 s — prefill 35 tok (0 cached) in 282 ms; decode 255 tok / 139 passes in 8.7 s: 29.4 tok/s, 34.0 ms/tok, 62 ms/pass, 1.83 tok/pass, accept p1 83 %
2026-10-06 02:11:03.975 INFO  sched: request 'chatcmpl-c1222c5610810c27' retired (steps): 256 tok in 9.0 s — prefill 32 tok (0 cached) in 282 ms; decode 255 tok / 140 passes in 8.7 s: 29.2 tok/s, 34.2 ms/tok, 62 ms/pass, 1.82 tok/pass, accept p1 83 %
2026-10-06 02:11:04.072 INFO  sched: request 'chatcmpl-c1222c5610810c25' retired (steps): 256 tok in 9.1 s — prefill 32 tok (0 cached) in 282 ms; decode 255 tok / 143 passes in 8.8 s: 28.9 tok/s, 34.6 ms/tok, 62 ms/pass, 1.78 tok/pass, accept p1 78 %
2026-10-06 02:11:04.107 INFO  sched: request 'chatcmpl-c1222c5610810c28' starting prefill in slot 0 (35 prompt tokens)
2026-10-06 02:11:04.107 INFO  sched: request 'chatcmpl-c1222c5610810c29' starting prefill in slot 1 (32 prompt tokens)
2026-10-06 02:11:04.107 INFO  sched: request 'chatcmpl-c1222c5610810c2a' starting prefill in slot 2 (31 prompt tokens)
2026-10-06 02:11:04.107 INFO  sched: request 'chatcmpl-c1222c5610810c2b' starting prefill in slot 3 (32 prompt tokens)
2026-10-06 02:11:04.391 INFO  sched: request 'chatcmpl-c1222c5610810c28' prefix cache miss — 2 cut(s), the cache is empty
2026-10-06 02:11:04.391 INFO  sched: request 'chatcmpl-c1222c5610810c28' admitted to slot 0 (reserve 3 blocks; pool 6/6144 blocks in use) — first token 785
2026-10-06 02:11:04.391 INFO  sched: request 'chatcmpl-c1222c5610810c29' prefix cache miss — 2 cut(s), the cache is empty
2026-10-06 02:11:04.391 INFO  sched: request 'chatcmpl-c1222c5610810c29' admitted to slot 1 (reserve 3 blocks; pool 8/6144 blocks in use) — first token 785
2026-10-06 02:11:04.391 INFO  sched: request 'chatcmpl-c1222c5610810c2a' prefix cache miss — 2 cut(s), the cache is empty
2026-10-06 02:11:04.391 INFO  sched: request 'chatcmpl-c1222c5610810c2a' admitted to slot 2 (reserve 3 blocks; pool 10/6144 blocks in use) — first token 785
2026-10-06 02:11:04.391 INFO  sched: request 'chatcmpl-c1222c5610810c2b' prefix cache miss — 2 cut(s), the cache is empty
2026-10-06 02:11:04.391 INFO  sched: request 'chatcmpl-c1222c5610810c2b' admitted to slot 3 (reserve 3 blocks; pool 12/6144 blocks in use) — first token 785
2026-10-06 02:11:04.391 INFO  sched: 4 requests admitted together in one prefill (284 ms)
2026-10-06 02:11:12.941 INFO  sched: request 'chatcmpl-c1222c5610810c2a' retired (steps): 256 tok in 8.8 s — prefill 31 tok (0 cached) in 284 ms; decode 255 tok / 137 passes in 8.6 s: 29.8 tok/s, 33.5 ms/tok, 62 ms/pass, 1.86 tok/pass, accept p1 87 %
2026-10-06 02:11:13.068 INFO  sched: request 'chatcmpl-c1222c5610810c28' retired (steps): 256 tok in 9.0 s — prefill 35 tok (0 cached) in 284 ms; decode 255 tok / 139 passes in 8.7 s: 29.4 tok/s, 34.0 ms/tok, 62 ms/pass, 1.83 tok/pass, accept p1 83 %
2026-10-06 02:11:13.130 INFO  sched: request 'chatcmpl-c1222c5610810c2b' retired (steps): 256 tok in 9.0 s — prefill 32 tok (0 cached) in 284 ms; decode 255 tok / 140 passes in 8.7 s: 29.2 tok/s, 34.3 ms/tok, 62 ms/pass, 1.82 tok/pass, accept p1 83 %
2026-10-06 02:11:13.228 INFO  sched: request 'chatcmpl-c1222c5610810c29' retired (steps): 256 tok in 9.1 s — prefill 32 tok (0 cached) in 284 ms; decode 255 tok / 143 passes in 8.8 s: 28.9 tok/s, 34.7 ms/tok, 62 ms/pass, 1.78 tok/pass, accept p1 78 %
2026-10-06 02:11:13.289 INFO  sched: request 'chatcmpl-c1222c5610810c2c' starting prefill in slot 0 (31 prompt tokens)
2026-10-06 02:11:13.289 INFO  sched: request 'chatcmpl-c1222c5610810c2d' starting prefill in slot 1 (31 prompt tokens)
2026-10-06 02:11:13.289 INFO  sched: request 'chatcmpl-c1222c5610810c2e' starting prefill in slot 2 (31 prompt tokens)
2026-10-06 02:11:13.289 INFO  sched: request 'chatcmpl-c1222c5610810c2f' starting prefill in slot 3 (31 prompt tokens)
2026-10-06 02:11:13.546 INFO  sched: request 'chatcmpl-c1222c5610810c2c' prefix cache miss — 2 cut(s), the cache is empty
2026-10-06 02:11:13.546 INFO  sched: request 'chatcmpl-c1222c5610810c2c' admitted to slot 0 (reserve 3 blocks; pool 6/6144 blocks in use) — first token 785
2026-10-06 02:11:13.546 INFO  sched: request 'chatcmpl-c1222c5610810c2d' prefix cache miss — 2 cut(s), the cache is empty
2026-10-06 02:11:13.546 INFO  sched: request 'chatcmpl-c1222c5610810c2d' admitted to slot 1 (reserve 3 blocks; pool 8/6144 blocks in use) — first token 785
2026-10-06 02:11:13.546 INFO  sched: request 'chatcmpl-c1222c5610810c2e' prefix cache miss — 2 cut(s), the cache is empty
2026-10-06 02:11:13.546 INFO  sched: request 'chatcmpl-c1222c5610810c2e' admitted to slot 2 (reserve 3 blocks; pool 10/6144 blocks in use) — first token 785
2026-10-06 02:11:13.546 INFO  sched: request 'chatcmpl-c1222c5610810c2f' prefix cache miss — 2 cut(s), the cache is empty
2026-10-06 02:11:13.546 INFO  sched: request 'chatcmpl-c1222c5610810c2f' admitted to slot 3 (reserve 3 blocks; pool 12/6144 blocks in use) — first token 785
2026-10-06 02:11:13.546 INFO  sched: 4 requests admitted together in one prefill (257 ms)
2026-10-06 02:11:13.615 INFO  sched: request 'chatcmpl-c1222c5610810c30' deferred (needs 3 blocks, 6132 free, 0 slot(s) open) — admits when a peer retires
2026-10-06 02:11:13.705 INFO  stats: rank 3 | 10.0 s | decode 107.4 tok/s, 8.6 ms/tok, 60.6 ms/step (153 steps / 1079 tok, 92 % of wall) | mtp 1.84 tok/step/req, accept p1 83 % | prefill 8 prompts / 254 tok, 25 tok/s, 2.13 ms/tok, 68 ms avg (5 % of wall), 0 tok cached (0/8 hits) | live 4, queued 4 | pool 12/6144 blocks (0 %) | prefix cache 0/639 entries
2026-10-06 02:11:22.732 INFO  sched: request 'chatcmpl-c1222c5610810c2c' retired (steps): 256 tok in 9.4 s — prefill 31 tok (0 cached) in 257 ms; decode 255 tok / 136 passes in 9.2 s: 27.8 tok/s, 36.0 ms/tok, 68 ms/pass, 1.88 tok/pass, accept p1 88 %
2026-10-06 02:11:22.733 INFO  sched: request 'chatcmpl-c1222c5610810c30' starting prefill in slot 0 (32 prompt tokens)
2026-10-06 02:11:22.956 INFO  sched: request 'chatcmpl-c1222c5610810c30' prefix cache miss — 2 cut(s), the cache is empty
2026-10-06 02:11:22.956 INFO  sched: request 'chatcmpl-c1222c5610810c30' admitted to slot 0 (reserve 3 blocks; pool 12/6144 blocks in use) — first token 785
2026-10-06 02:11:23.046 INFO  sched: request 'chatcmpl-c1222c5610810c31' deferred (needs 3 blocks, 6132 free, 0 slot(s) open) — admits when a peer retires
2026-10-06 02:11:23.252 INFO  sched: request 'chatcmpl-c1222c5610810c2d' retired (steps): 256 tok in 10.0 s — prefill 31 tok (0 cached) in 257 ms; decode 255 tok / 139 passes in 9.7 s: 26.3 tok/s, 38.1 ms/tok, 70 ms/pass, 1.83 tok/pass, accept p1 83 %
2026-10-06 02:11:23.253 INFO  sched: request 'chatcmpl-c1222c5610810c31' starting prefill in slot 1 (31 prompt tokens)
2026-10-06 02:11:23.478 INFO  sched: request 'chatcmpl-c1222c5610810c31' prefix cache miss — 2 cut(s), the cache is empty
2026-10-06 02:11:23.478 INFO  sched: request 'chatcmpl-c1222c5610810c31' admitted to slot 1 (reserve 3 blocks; pool 12/6144 blocks in use) — first token 785
2026-10-06 02:11:23.580 INFO  sched: request 'chatcmpl-c1222c5610810c2f' retired (steps): 256 tok in 10.3 s — prefill 31 tok (0 cached) in 257 ms; decode 255 tok / 140 passes in 10.0 s: 25.4 tok/s, 39.3 ms/tok, 72 ms/pass, 1.82 tok/pass, accept p1 82 %
2026-10-06 02:11:23.580 INFO  sched: request 'chatcmpl-c1222c5610810c32' starting prefill in slot 3 (32 prompt tokens)
2026-10-06 02:11:23.809 INFO  sched: request 'chatcmpl-c1222c5610810c32' prefix cache miss — 2 cut(s), the cache is empty
2026-10-06 02:11:23.809 INFO  sched: request 'chatcmpl-c1222c5610810c32' admitted to slot 3 (reserve 3 blocks; pool 12/6144 blocks in use) — first token 785
2026-10-06 02:11:23.906 INFO  stats: rank 3 | 10.2 s | decode 100.0 tok/s, 9.2 ms/tok, 67.7 ms/step (139 steps / 1020 tok, 92 % of wall) | mtp 1.83 tok/step/req, accept p1 83 % | prefill 3 prompts / 95 tok, 9 tok/s, 7.12 ms/tok, 225 ms avg (7 % of wall), 0 tok cached (0/3 hits) | live 4, queued 1 | pool 12/6144 blocks (0 %) | prefix cache 0/639 entries
2026-10-06 02:11:23.907 INFO  sched: request 'chatcmpl-c1222c5610810c33' deferred (needs 3 blocks, 6132 free, 0 slot(s) open) — admits when a peer retires
2026-10-06 02:11:24.116 INFO  sched: request 'chatcmpl-c1222c5610810c2e' retired (steps): 256 tok in 10.8 s — prefill 31 tok (0 cached) in 257 ms; decode 255 tok / 143 passes in 10.6 s: 24.1 tok/s, 41.4 ms/tok, 74 ms/pass, 1.78 tok/pass, accept p1 79 %
2026-10-06 02:11:24.116 INFO  sched: request 'chatcmpl-c1222c5610810c33' starting prefill in slot 2 (32 prompt tokens)
2026-10-06 02:11:24.350 INFO  sched: request 'chatcmpl-c1222c5610810c33' prefix cache miss — 2 cut(s), the cache is empty
2026-10-06 02:11:24.350 INFO  sched: request 'chatcmpl-c1222c5610810c33' admitted to slot 2 (reserve 3 blocks; pool 12/6144 blocks in use) — first token 785
2026-10-06 02:11:33.959 INFO  stats: rank 3 | 10.1 s | decode 92.8 tok/s, 10.4 ms/tok, 74.2 ms/step (131 steps / 933 tok, 97 % of wall) | mtp 1.78 tok/step/req, accept p1 78 % | prefill 1 prompt / 32 tok, 3 tok/s, 7.30 ms/tok, 234 ms avg (2 % of wall), 0 tok cached (0/1 hit) | live 4, queued 0 | pool 12/6144 blocks (0 %) | prefix cache 0/639 entries
2026-10-06 02:11:34.275 INFO  sched: request 'chatcmpl-c1222c5610810c30' retired (steps): 256 tok in 11.5 s — prefill 32 tok (0 cached) in 223 ms; decode 255 tok / 141 passes in 11.3 s: 22.5 tok/s, 44.4 ms/tok, 80 ms/pass, 1.81 tok/pass, accept p1 81 %
2026-10-06 02:11:34.591 INFO  sched: request 'chatcmpl-c1222c5610810c32' retired (steps): 256 tok in 11.0 s — prefill 32 tok (0 cached) in 229 ms; decode 255 tok / 142 passes in 10.8 s: 23.7 tok/s, 42.3 ms/tok, 76 ms/pass, 1.80 tok/pass, accept p1 80 %
2026-10-06 02:11:34.646 INFO  sched: request 'chatcmpl-c1222c5610810c31' retired (steps): 256 tok in 11.4 s — prefill 31 tok (0 cached) in 224 ms; decode 255 tok / 144 passes in 11.2 s: 22.8 tok/s, 43.8 ms/tok, 78 ms/pass, 1.77 tok/pass, accept p1 77 %
2026-10-06 02:11:34.836 INFO  sched: request 'chatcmpl-c1222c5610810c33' retired (steps): 256 tok in 10.7 s — prefill 32 tok (0 cached) in 234 ms; decode 255 tok / 146 passes in 10.5 s: 24.3 tok/s, 41.1 ms/tok, 72 ms/pass, 1.75 tok/pass, accept p1 75 %
2026-10-06 02:11:34.860 INFO  sched: request 'chatcmpl-c1222c5610810c34' starting prefill in slot 0 (31 prompt tokens)
2026-10-06 02:11:34.860 INFO  sched: request 'chatcmpl-c1222c5610810c35' starting prefill in slot 1 (31 prompt tokens)
2026-10-06 02:11:34.860 INFO  sched: request 'chatcmpl-c1222c5610810c36' starting prefill in slot 2 (31 prompt tokens)
2026-10-06 02:11:34.860 INFO  sched: request 'chatcmpl-c1222c5610810c37' starting prefill in slot 3 (31 prompt tokens)
2026-10-06 02:11:35.122 INFO  sched: request 'chatcmpl-c1222c5610810c34' prefix cache miss — 2 cut(s), the cache is empty
2026-10-06 02:11:35.122 INFO  sched: request 'chatcmpl-c1222c5610810c34' admitted to slot 0 (reserve 3 blocks; pool 6/6144 blocks in use) — first token 785
2026-10-06 02:11:35.122 INFO  sched: request 'chatcmpl-c1222c5610810c35' prefix cache miss — 2 cut(s), the cache is empty
2026-10-06 02:11:35.122 INFO  sched: request 'chatcmpl-c1222c5610810c35' admitted to slot 1 (reserve 3 blocks; pool 8/6144 blocks in use) — first token 785
2026-10-06 02:11:35.122 INFO  sched: request 'chatcmpl-c1222c5610810c36' prefix cache miss — 2 cut(s), the cache is empty
2026-10-06 02:11:35.122 INFO  sched: request 'chatcmpl-c1222c5610810c36' admitted to slot 2 (reserve 3 blocks; pool 10/6144 blocks in use) — first token 785
2026-10-06 02:11:35.122 INFO  sched: request 'chatcmpl-c1222c5610810c37' prefix cache miss — 2 cut(s), the cache is empty
2026-10-06 02:11:35.122 INFO  sched: request 'chatcmpl-c1222c5610810c37' admitted to slot 3 (reserve 3 blocks; pool 12/6144 blocks in use) — first token 785
2026-10-06 02:11:35.122 INFO  sched: 4 requests admitted together in one prefill (262 ms)
2026-10-06 02:11:35.172 INFO  sched: request 'chatcmpl-c1222c5610810c38' deferred (needs 3 blocks, 6132 free, 0 slot(s) open) — admits when a peer retires
2026-10-06 02:11:43.532 INFO  sched: request 'chatcmpl-c1222c5610810c34' retired (steps): 256 tok in 8.7 s — prefill 31 tok (0 cached) in 262 ms; decode 255 tok / 136 passes in 8.4 s: 30.3 tok/s, 33.0 ms/tok, 62 ms/pass, 1.88 tok/pass, accept p1 88 %
2026-10-06 02:11:43.532 INFO  sched: request 'chatcmpl-c1222c5610810c38' starting prefill in slot 0 (32 prompt tokens)
2026-10-06 02:11:43.676 INFO  sched: request 'chatcmpl-c1222c5610810c38' prefix cache miss — 2 cut(s), the cache is empty
2026-10-06 02:11:43.676 INFO  sched: request 'chatcmpl-c1222c5610810c38' admitted to slot 0 (reserve 3 blocks; pool 12/6144 blocks in use) — first token 785
2026-10-06 02:11:43.740 INFO  sched: request 'chatcmpl-c1222c5610810c39' deferred (needs 3 blocks, 6132 free, 0 slot(s) open) — admits when a peer retires
2026-10-06 02:11:43.872 INFO  sched: request 'chatcmpl-c1222c5610810c37' retired (steps): 256 tok in 9.0 s — prefill 31 tok (0 cached) in 262 ms; decode 255 tok / 139 passes in 8.7 s: 29.1 tok/s, 34.3 ms/tok, 63 ms/pass, 1.83 tok/pass, accept p1 83 %
2026-10-06 02:11:43.872 INFO  sched: request 'chatcmpl-c1222c5610810c39' starting prefill in slot 3 (31 prompt tokens)
2026-10-06 02:11:44.015 INFO  sched: request 'chatcmpl-c1222c5610810c39' prefix cache miss — 2 cut(s), the cache is empty
2026-10-06 02:11:44.015 INFO  sched: request 'chatcmpl-c1222c5610810c39' admitted to slot 3 (reserve 3 blocks; pool 12/6144 blocks in use) — first token 785
2026-10-06 02:11:44.076 INFO  stats: rank 3 | 10.1 s | decode 108.6 tok/s, 8.6 ms/tok, 59.9 ms/step (157 steps / 1099 tok, 93 % of wall) | mtp 1.82 tok/step/req, accept p1 81 % | prefill 6 prompts / 187 tok, 18 tok/s, 2.93 ms/tok, 91 ms avg (5 % of wall), 0 tok cached (0/6 hits) | live 4, queued 2 | pool 12/6144 blocks (0 %) | prefix cache 0/639 entries
2026-10-06 02:11:44.077 INFO  sched: request 'chatcmpl-c1222c5610810c3a' deferred (needs 3 blocks, 6132 free, 0 slot(s) open) — admits when a peer retires
2026-10-06 02:11:44.272 INFO  sched: request 'chatcmpl-c1222c5610810c35' retired (steps): 256 tok in 9.4 s — prefill 31 tok (0 cached) in 262 ms; decode 255 tok / 143 passes in 9.1 s: 27.9 tok/s, 35.9 ms/tok, 64 ms/pass, 1.78 tok/pass, accept p1 79 %
2026-10-06 02:11:44.272 INFO  sched: request 'chatcmpl-c1222c5610810c3a' starting prefill in slot 1 (32 prompt tokens)
2026-10-06 02:11:44.416 INFO  sched: request 'chatcmpl-c1222c5610810c3a' prefix cache miss — 2 cut(s), the cache is empty
2026-10-06 02:11:44.416 INFO  sched: request 'chatcmpl-c1222c5610810c3a' admitted to slot 1 (reserve 3 blocks; pool 12/6144 blocks in use) — first token 785
2026-10-06 02:11:44.484 INFO  sched: request 'chatcmpl-c1222c5610810c36' retired (steps): 256 tok in 9.6 s — prefill 31 tok (0 cached) in 262 ms; decode 255 tok / 144 passes in 9.4 s: 27.2 tok/s, 36.7 ms/tok, 65 ms/pass, 1.77 tok/pass, accept p1 77 %
2026-10-06 02:11:44.485 INFO  sched: request 'chatcmpl-c1222c5610810c3b' starting prefill in slot 2 (32 prompt tokens)
2026-10-06 02:11:44.632 INFO  sched: request 'chatcmpl-c1222c5610810c3b' prefix cache miss — 2 cut(s), the cache is empty
2026-10-06 02:11:44.632 INFO  sched: request 'chatcmpl-c1222c5610810c3b' admitted to slot 2 (reserve 3 blocks; pool 12/6144 blocks in use) — first token 785
2026-10-06 02:11:54.126 INFO  stats: rank 3 | 10.0 s | decode 94.1 tok/s, 10.2 ms/tok, 73.1 ms/step (132 steps / 946 tok, 96 % of wall) | mtp 1.79 tok/step/req, accept p1 79 % | prefill 2 prompts / 64 tok, 6 tok/s, 4.55 ms/tok, 145 ms avg (3 % of wall), 0 tok cached (0/2 hits) | live 4, queued 0 | pool 12/6144 blocks (0 %) | prefix cache 0/639 entries
2026-10-06 02:11:54.561 INFO  sched: request 'chatcmpl-c1222c5610810c39' retired (steps): 256 tok in 10.7 s — prefill 31 tok (0 cached) in 143 ms; decode 255 tok / 140 passes in 10.5 s: 24.2 tok/s, 41.4 ms/tok, 75 ms/pass, 1.82 tok/pass, accept p1 82 %
2026-10-06 02:11:54.725 INFO  sched: request 'chatcmpl-c1222c5610810c38' retired (steps): 256 tok in 11.2 s — prefill 32 tok (0 cached) in 144 ms; decode 255 tok / 146 passes in 11.0 s: 23.1 tok/s, 43.3 ms/tok, 76 ms/pass, 1.75 tok/pass, accept p1 75 %
2026-10-06 02:11:54.836 INFO  sched: request 'chatcmpl-c1222c5610810c3a' retired (steps): 256 tok in 10.6 s — prefill 32 tok (0 cached) in 144 ms; decode 255 tok / 141 passes in 10.4 s: 24.5 tok/s, 40.9 ms/tok, 74 ms/pass, 1.81 tok/pass, accept p1 81 %
2026-10-06 02:11:54.902 INFO  sched: request 'chatcmpl-c1222c5610810c3b' retired (steps): 256 tok in 10.4 s — prefill 32 tok (0 cached) in 147 ms; decode 255 tok / 142 passes in 10.3 s: 24.8 tok/s, 40.3 ms/tok, 72 ms/pass, 1.80 tok/pass, accept p1 80 %
2026-10-06 02:11:54.922 INFO  sched: request 'chatcmpl-c1222c5610810c3c' starting prefill in slot 0 (31 prompt tokens)
2026-10-06 02:11:54.922 INFO  sched: request 'chatcmpl-c1222c5610810c3d' starting prefill in slot 1 (31 prompt tokens)
2026-10-06 02:11:54.922 INFO  sched: request 'chatcmpl-c1222c5610810c3e' starting prefill in slot 2 (31 prompt tokens)
2026-10-06 02:11:54.922 INFO  sched: request 'chatcmpl-c1222c5610810c3f' starting prefill in slot 3 (32 prompt tokens)
2026-10-06 02:11:55.188 INFO  sched: request 'chatcmpl-c1222c5610810c3c' prefix cache miss — 2 cut(s), the cache is empty
2026-10-06 02:11:55.188 INFO  sched: request 'chatcmpl-c1222c5610810c3c' admitted to slot 0 (reserve 3 blocks; pool 6/6144 blocks in use) — first token 785
2026-10-06 02:11:55.188 INFO  sched: request 'chatcmpl-c1222c5610810c3d' prefix cache miss — 2 cut(s), the cache is empty
2026-10-06 02:11:55.188 INFO  sched: request 'chatcmpl-c1222c5610810c3d' admitted to slot 1 (reserve 3 blocks; pool 8/6144 blocks in use) — first token 785
2026-10-06 02:11:55.188 INFO  sched: request 'chatcmpl-c1222c5610810c3e' prefix cache miss — 2 cut(s), the cache is empty
2026-10-06 02:11:55.188 INFO  sched: request 'chatcmpl-c1222c5610810c3e' admitted to slot 2 (reserve 3 blocks; pool 10/6144 blocks in use) — first token 785
2026-10-06 02:11:55.188 INFO  sched: request 'chatcmpl-c1222c5610810c3f' prefix cache miss — 2 cut(s), the cache is empty
2026-10-06 02:11:55.188 INFO  sched: request 'chatcmpl-c1222c5610810c3f' admitted to slot 3 (reserve 3 blocks; pool 12/6144 blocks in use) — first token 785
2026-10-06 02:11:55.188 INFO  sched: 4 requests admitted together in one prefill (266 ms)
2026-10-06 02:11:55.238 INFO  sched: request 'chatcmpl-c1222c5610810c40' deferred (needs 3 blocks, 6132 free, 0 slot(s) open) — admits when a peer retires
2026-10-06 02:12:04.224 INFO  stats: rank 3 | 10.1 s | decode 96.3 tok/s, 10.0 ms/tok, 71.3 ms/step (136 steps / 972 tok, 96 % of wall) | mtp 1.83 tok/step/req, accept p1 82 % | prefill 4 prompts / 125 tok, 12 tok/s, 2.13 ms/tok, 66 ms avg (3 % of wall), 0 tok cached (0/4 hits) | live 4, queued 4 | pool 12/6144 blocks (0 %) | prefix cache 0/639 entries
2026-10-06 02:12:05.428 INFO  sched: request 'chatcmpl-c1222c5610810c3c' retired (steps): 256 tok in 10.5 s — prefill 31 tok (0 cached) in 266 ms; decode 255 tok / 136 passes in 10.2 s: 24.9 tok/s, 40.2 ms/tok, 75 ms/pass, 1.88 tok/pass, accept p1 88 %
2026-10-06 02:12:05.429 INFO  sched: request 'chatcmpl-c1222c5610810c40' starting prefill in slot 0 (31 prompt tokens)
2026-10-06 02:12:05.573 INFO  sched: request 'chatcmpl-c1222c5610810c40' prefix cache miss — 2 cut(s), the cache is empty
2026-10-06 02:12:05.573 INFO  sched: request 'chatcmpl-c1222c5610810c40' admitted to slot 0 (reserve 3 blocks; pool 12/6144 blocks in use) — first token 785
2026-10-06 02:12:05.635 INFO  sched: request 'chatcmpl-c1222c5610810c41' deferred (needs 3 blocks, 6132 free, 0 slot(s) open) — admits when a peer retires
2026-10-06 02:12:05.769 INFO  sched: request 'chatcmpl-c1222c5610810c3d' retired (steps): 256 tok in 10.8 s — prefill 31 tok (0 cached) in 266 ms; decode 255 tok / 139 passes in 10.6 s: 24.1 tok/s, 41.5 ms/tok, 76 ms/pass, 1.83 tok/pass, accept p1 83 %
2026-10-06 02:12:05.769 INFO  sched: request 'chatcmpl-c1222c5610810c41' starting prefill in slot 1 (31 prompt tokens)
2026-10-06 02:12:05.910 INFO  sched: request 'chatcmpl-c1222c5610810c41' prefix cache miss — 2 cut(s), the cache is empty
2026-10-06 02:12:05.910 INFO  sched: request 'chatcmpl-c1222c5610810c41' admitted to slot 1 (reserve 3 blocks; pool 12/6144 blocks in use) — first token 785
2026-10-06 02:12:05.973 INFO  sched: request 'chatcmpl-c1222c5610810c42' deferred (needs 3 blocks, 6132 free, 0 slot(s) open) — admits when a peer retires
2026-10-06 02:12:06.168 INFO  sched: request 'chatcmpl-c1222c5610810c3e' retired (steps): 256 tok in 11.2 s — prefill 31 tok (0 cached) in 266 ms; decode 255 tok / 143 passes in 11.0 s: 23.2 tok/s, 43.1 ms/tok, 77 ms/pass, 1.78 tok/pass, accept p1 79 %
2026-10-06 02:12:06.169 INFO  sched: request 'chatcmpl-c1222c5610810c42' starting prefill in slot 2 (32 prompt tokens)
2026-10-06 02:12:06.312 INFO  sched: request 'chatcmpl-c1222c5610810c42' prefix cache miss — 2 cut(s), the cache is empty
2026-10-06 02:12:06.312 INFO  sched: request 'chatcmpl-c1222c5610810c42' admitted to slot 2 (reserve 3 blocks; pool 12/6144 blocks in use) — first token 785
2026-10-06 02:12:06.375 INFO  sched: request 'chatcmpl-c1222c5610810c43' deferred (needs 3 blocks, 6132 free, 0 slot(s) open) — admits when a peer retires
2026-10-06 02:12:06.506 INFO  sched: request 'chatcmpl-c1222c5610810c3f' retired (steps): 256 tok in 11.6 s — prefill 32 tok (0 cached) in 266 ms; decode 255 tok / 146 passes in 11.3 s: 22.5 tok/s, 44.4 ms/tok, 78 ms/pass, 1.75 tok/pass, accept p1 75 %
2026-10-06 02:12:06.507 INFO  sched: request 'chatcmpl-c1222c5610810c43' starting prefill in slot 3 (32 prompt tokens)
2026-10-06 02:12:06.652 INFO  sched: request 'chatcmpl-c1222c5610810c43' prefix cache miss — 2 cut(s), the cache is empty
2026-10-06 02:12:06.652 INFO  sched: request 'chatcmpl-c1222c5610810c43' admitted to slot 3 (reserve 3 blocks; pool 12/6144 blocks in use) — first token 785
2026-10-06 02:12:14.229 INFO  stats: rank 3 | 10.0 s | decode 103.5 tok/s, 9.0 ms/tok, 64.7 ms/step (144 steps / 1036 tok, 93 % of wall) | mtp 1.80 tok/step/req, accept p1 80 % | prefill 4 prompts / 126 tok, 13 tok/s, 4.54 ms/tok, 143 ms avg (6 % of wall), 0 tok cached (0/4 hits) | live 4, queued 0 | pool 12/6144 blocks (0 %) | prefix cache 0/639 entries
2026-10-06 02:12:14.853 INFO  sched: request 'chatcmpl-c1222c5610810c40' retired (steps): 256 tok in 9.4 s — prefill 31 tok (0 cached) in 143 ms; decode 255 tok / 140 passes in 9.3 s: 27.5 tok/s, 36.4 ms/tok, 66 ms/pass, 1.82 tok/pass, accept p1 82 %
2026-10-06 02:12:15.287 INFO  sched: request 'chatcmpl-c1222c5610810c41' retired (steps): 256 tok in 9.5 s — prefill 31 tok (0 cached) in 141 ms; decode 255 tok / 144 passes in 9.4 s: 27.2 tok/s, 36.8 ms/tok, 65 ms/pass, 1.77 tok/pass, accept p1 77 %
2026-10-06 02:12:15.353 INFO  sched: request 'chatcmpl-c1222c5610810c42' retired (steps): 256 tok in 9.2 s — prefill 32 tok (0 cached) in 143 ms; decode 255 tok / 141 passes in 9.0 s: 28.2 tok/s, 35.5 ms/tok, 64 ms/pass, 1.81 tok/pass, accept p1 81 %
2026-10-06 02:12:15.515 INFO  sched: request 'chatcmpl-c1222c5610810c43' retired (steps): 256 tok in 9.0 s — prefill 32 tok (0 cached) in 145 ms; decode 255 tok / 143 passes in 8.9 s: 28.8 tok/s, 34.8 ms/tok, 62 ms/pass, 1.78 tok/pass, accept p1 79 %
2026-10-06 02:12:15.556 INFO  sched: request 'chatcmpl-c1222c5610810c44' starting prefill in slot 0 (51 prompt tokens)
2026-10-06 02:12:15.735 INFO  sched: request 'chatcmpl-c1222c5610810c44' prefix cache miss — 2 cut(s), the cache is empty
2026-10-06 02:12:15.735 INFO  sched: request 'chatcmpl-c1222c5610810c44' admitted to slot 0 (reserve 3 blocks; pool 3/6144 blocks in use) — first token 785
2026-10-06 02:12:19.871 INFO  sched: request 'chatcmpl-c1222c5610810c44' retired (steps): 256 tok in 4.3 s — prefill 51 tok (0 cached) in 179 ms; decode 255 tok / 129 passes in 4.1 s: 61.7 tok/s, 16.2 ms/tok, 32 ms/pass, 1.98 tok/pass, accept p1 98 %
2026-10-06 02:12:19.896 INFO  sched: request 'chatcmpl-c1222c5610810c45' starting prefill in slot 0 (51 prompt tokens)
2026-10-06 02:12:20.079 INFO  sched: request 'chatcmpl-c1222c5610810c45' prefix cache miss — 2 cut(s), the cache is empty
2026-10-06 02:12:20.079 INFO  sched: request 'chatcmpl-c1222c5610810c45' admitted to slot 0 (reserve 3 blocks; pool 3/6144 blocks in use) — first token 785
2026-10-06 02:12:24.217 INFO  sched: request 'chatcmpl-c1222c5610810c45' retired (steps): 256 tok in 4.3 s — prefill 51 tok (0 cached) in 183 ms; decode 255 tok / 129 passes in 4.1 s: 61.6 tok/s, 16.2 ms/tok, 32 ms/pass, 1.98 tok/pass, accept p1 98 %
2026-10-06 02:12:24.237 INFO  sched: request 'chatcmpl-c1222c5610810c46' starting prefill in slot 0 (51 prompt tokens)
2026-10-06 02:12:24.504 INFO  sched: request 'chatcmpl-c1222c5610810c46' prefix cache miss — 2 cut(s), the cache is empty
2026-10-06 02:12:24.504 INFO  sched: request 'chatcmpl-c1222c5610810c46' admitted to slot 0 (reserve 3 blocks; pool 3/6144 blocks in use) — first token 785
2026-10-06 02:12:24.548 INFO  stats: rank 3 | 10.3 s | decode 61.3 tok/s, 14.9 ms/tok, 33.3 ms/step (282 steps / 633 tok, 91 % of wall) | mtp 1.94 tok/step/req, accept p1 93 % | prefill 3 prompts / 153 tok, 15 tok/s, 4.11 ms/tok, 210 ms avg (6 % of wall), 0 tok cached (0/3 hits) | live 1, queued 0 | pool 3/6144 blocks (0 %) | prefix cache 0/639 entries
2026-10-06 02:12:29.258 INFO  sched: request 'chatcmpl-c1222c5610810c46' retired (steps): 256 tok in 5.0 s — prefill 51 tok (0 cached) in 267 ms; decode 255 tok / 129 passes in 4.8 s: 53.6 tok/s, 18.6 ms/tok, 37 ms/pass, 1.98 tok/pass, accept p1 98 %
2026-10-06 02:12:29.298 INFO  sched: request 'chatcmpl-c1222c5610810c47' starting prefill in slot 0 (51 prompt tokens)
2026-10-06 02:12:29.298 INFO  sched: request 'chatcmpl-c1222c5610810c48' starting prefill in slot 1 (47 prompt tokens)
2026-10-06 02:12:29.529 INFO  sched: request 'chatcmpl-c1222c5610810c47' prefix cache miss — 2 cut(s), the cache is empty
2026-10-06 02:12:29.529 INFO  sched: request 'chatcmpl-c1222c5610810c47' admitted to slot 0 (reserve 3 blocks; pool 4/6144 blocks in use) — first token 785
2026-10-06 02:12:29.529 INFO  sched: request 'chatcmpl-c1222c5610810c48' prefix cache miss — 2 cut(s), the cache is empty
2026-10-06 02:12:29.529 INFO  sched: request 'chatcmpl-c1222c5610810c48' admitted to slot 1 (reserve 3 blocks; pool 6/6144 blocks in use) — first token 785
2026-10-06 02:12:29.529 INFO  sched: 2 requests admitted together in one prefill (231 ms)
2026-10-06 02:12:34.569 INFO  stats: rank 3 | 10.0 s | decode 68.6 tok/s, 13.9 ms/tok, 39.3 ms/step (244 steps / 687 tok, 96 % of wall) | mtp 1.91 tok/step/req, accept p1 90 % | prefill 2 prompts / 98 tok, 10 tok/s, 2.35 ms/tok, 115 ms avg (2 % of wall), 0 tok cached (0/2 hits) | live 2, queued 0 | pool 6/6144 blocks (0 %) | prefix cache 0/639 entries
2026-10-06 02:12:35.405 INFO  sched: request 'chatcmpl-c1222c5610810c48' retired (steps): 256 tok in 6.1 s — prefill 47 tok (0 cached) in 231 ms; decode 255 tok / 135 passes in 5.9 s: 43.4 tok/s, 23.0 ms/tok, 44 ms/pass, 1.89 tok/pass, accept p1 90 %
2026-10-06 02:12:35.571 INFO  sched: request 'chatcmpl-c1222c5610810c47' retired (steps): 256 tok in 6.3 s — prefill 51 tok (0 cached) in 231 ms; decode 255 tok / 140 passes in 6.0 s: 42.2 tok/s, 23.7 ms/tok, 43 ms/pass, 1.82 tok/pass, accept p1 83 %
2026-10-06 02:12:35.581 INFO  sched: request 'chatcmpl-c1222c5610810c49' starting prefill in slot 0 (47 prompt tokens)
2026-10-06 02:12:35.581 INFO  sched: request 'chatcmpl-c1222c5610810c4a' starting prefill in slot 1 (51 prompt tokens)
2026-10-06 02:12:35.824 INFO  sched: request 'chatcmpl-c1222c5610810c49' prefix cache miss — 2 cut(s), the cache is empty
2026-10-06 02:12:35.824 INFO  sched: request 'chatcmpl-c1222c5610810c49' admitted to slot 0 (reserve 3 blocks; pool 4/6144 blocks in use) — first token 785
2026-10-06 02:12:35.824 INFO  sched: request 'chatcmpl-c1222c5610810c4a' prefix cache miss — 2 cut(s), the cache is empty
2026-10-06 02:12:35.824 INFO  sched: request 'chatcmpl-c1222c5610810c4a' admitted to slot 1 (reserve 3 blocks; pool 6/6144 blocks in use) — first token 785
2026-10-06 02:12:35.824 INFO  sched: 2 requests admitted together in one prefill (243 ms)
2026-10-06 02:12:43.842 INFO  sched: request 'chatcmpl-c1222c5610810c49' retired (steps): 256 tok in 8.3 s — prefill 47 tok (0 cached) in 243 ms; decode 255 tok / 135 passes in 8.0 s: 31.8 tok/s, 31.4 ms/tok, 59 ms/pass, 1.89 tok/pass, accept p1 90 %
2026-10-06 02:12:44.003 INFO  sched: request 'chatcmpl-c1222c5610810c4a' retired (steps): 256 tok in 8.4 s — prefill 51 tok (0 cached) in 243 ms; decode 255 tok / 140 passes in 8.2 s: 31.2 tok/s, 32.1 ms/tok, 58 ms/pass, 1.82 tok/pass, accept p1 83 %
2026-10-06 02:12:44.023 INFO  sched: request 'chatcmpl-c1222c5610810c4b' starting prefill in slot 0 (47 prompt tokens)
2026-10-06 02:12:44.023 INFO  sched: request 'chatcmpl-c1222c5610810c4c' starting prefill in slot 1 (51 prompt tokens)
2026-10-06 02:12:44.255 INFO  sched: request 'chatcmpl-c1222c5610810c4b' prefix cache miss — 2 cut(s), the cache is empty
2026-10-06 02:12:44.255 INFO  sched: request 'chatcmpl-c1222c5610810c4b' admitted to slot 0 (reserve 3 blocks; pool 4/6144 blocks in use) — first token 785
2026-10-06 02:12:44.255 INFO  sched: request 'chatcmpl-c1222c5610810c4c' prefix cache miss — 2 cut(s), the cache is empty
2026-10-06 02:12:44.255 INFO  sched: request 'chatcmpl-c1222c5610810c4c' admitted to slot 1 (reserve 3 blocks; pool 6/6144 blocks in use) — first token 785
2026-10-06 02:12:44.255 INFO  sched: 2 requests admitted together in one prefill (232 ms)
2026-10-06 02:12:44.583 INFO  stats: rank 3 | 10.0 s | decode 62.3 tok/s, 15.0 ms/tok, 54.6 ms/step (172 steps / 624 tok, 94 % of wall) | mtp 1.87 tok/step/req, accept p1 87 % | prefill 4 prompts / 196 tok, 20 tok/s, 2.42 ms/tok, 119 ms avg (5 % of wall), 0 tok cached (0/4 hits) | live 2, queued 0 | pool 6/6144 blocks (0 %) | prefix cache 0/639 entries
2026-10-06 02:12:50.119 INFO  sched: request 'chatcmpl-c1222c5610810c4b' retired (steps): 256 tok in 6.1 s — prefill 47 tok (0 cached) in 232 ms; decode 255 tok / 135 passes in 5.9 s: 43.5 tok/s, 23.0 ms/tok, 43 ms/pass, 1.89 tok/pass, accept p1 90 %
2026-10-06 02:12:50.285 INFO  sched: request 'chatcmpl-c1222c5610810c4c' retired (steps): 256 tok in 6.3 s — prefill 51 tok (0 cached) in 232 ms; decode 255 tok / 140 passes in 6.0 s: 42.3 tok/s, 23.6 ms/tok, 43 ms/pass, 1.82 tok/pass, accept p1 83 %
2026-10-06 02:12:50.326 INFO  sched: request 'chatcmpl-c1222c5610810c4d' starting prefill in slot 0 (45 prompt tokens)
2026-10-06 02:12:50.326 INFO  sched: request 'chatcmpl-c1222c5610810c4e' starting prefill in slot 1 (34 prompt tokens)
2026-10-06 02:12:50.326 INFO  sched: request 'chatcmpl-c1222c5610810c4f' starting prefill in slot 2 (33 prompt tokens)
2026-10-06 02:12:50.326 INFO  sched: request 'chatcmpl-c1222c5610810c50' starting prefill in slot 3 (33 prompt tokens)
2026-10-06 02:12:50.619 INFO  sched: request 'chatcmpl-c1222c5610810c4d' prefix cache miss — 2 cut(s), the cache is empty
2026-10-06 02:12:50.619 INFO  sched: request 'chatcmpl-c1222c5610810c4d' admitted to slot 0 (reserve 3 blocks; pool 6/6144 blocks in use) — first token 785
2026-10-06 02:12:50.619 INFO  sched: request 'chatcmpl-c1222c5610810c4e' prefix cache miss — 2 cut(s), the cache is empty
2026-10-06 02:12:50.619 INFO  sched: request 'chatcmpl-c1222c5610810c4e' admitted to slot 1 (reserve 3 blocks; pool 8/6144 blocks in use) — first token 785
2026-10-06 02:12:50.619 INFO  sched: request 'chatcmpl-c1222c5610810c4f' prefix cache miss — 2 cut(s), the cache is empty
2026-10-06 02:12:50.619 INFO  sched: request 'chatcmpl-c1222c5610810c4f' admitted to slot 2 (reserve 3 blocks; pool 10/6144 blocks in use) — first token 785
2026-10-06 02:12:50.619 INFO  sched: request 'chatcmpl-c1222c5610810c50' prefix cache miss — 2 cut(s), the cache is empty
2026-10-06 02:12:50.619 INFO  sched: request 'chatcmpl-c1222c5610810c50' admitted to slot 3 (reserve 3 blocks; pool 12/6144 blocks in use) — first token 785
2026-10-06 02:12:50.619 INFO  sched: 4 requests admitted together in one prefill (293 ms)
2026-10-06 02:12:54.630 INFO  stats: rank 3 | 10.0 s | decode 93.8 tok/s, 10.2 ms/tok, 49.1 ms/step (195 steps / 942 tok, 95 % of wall) | mtp 1.84 tok/step/req, accept p1 84 % | prefill 4 prompts / 145 tok, 14 tok/s, 2.02 ms/tok, 73 ms avg (3 % of wall), 0 tok cached (0/4 hits) | live 4, queued 0 | pool 12/6144 blocks (0 %) | prefix cache 0/639 entries
2026-10-06 02:12:59.791 INFO  sched: request 'chatcmpl-c1222c5610810c4d' retired (steps): 256 tok in 9.5 s — prefill 45 tok (0 cached) in 293 ms; decode 255 tok / 135 passes in 9.2 s: 27.8 tok/s, 36.0 ms/tok, 68 ms/pass, 1.89 tok/pass, accept p1 89 %
2026-10-06 02:12:59.896 INFO  sched: request 'chatcmpl-c1222c5610810c50' retired (steps): 256 tok in 9.6 s — prefill 33 tok (0 cached) in 293 ms; decode 255 tok / 136 passes in 9.3 s: 27.5 tok/s, 36.4 ms/tok, 68 ms/pass, 1.88 tok/pass, accept p1 88 %
2026-10-06 02:13:00.238 INFO  sched: request 'chatcmpl-c1222c5610810c4f' retired (steps): 256 tok in 9.9 s — prefill 33 tok (0 cached) in 293 ms; decode 255 tok / 140 passes in 9.6 s: 26.5 tok/s, 37.7 ms/tok, 69 ms/pass, 1.82 tok/pass, accept p1 83 %
2026-10-06 02:13:00.437 INFO  sched: request 'chatcmpl-c1222c5610810c4e' retired (steps): 256 tok in 10.1 s — prefill 34 tok (0 cached) in 293 ms; decode 255 tok / 144 passes in 9.8 s: 26.0 tok/s, 38.5 ms/tok, 68 ms/pass, 1.77 tok/pass, accept p1 78 %
2026-10-06 02:13:00.462 INFO  sched: request 'chatcmpl-c1222c5610810c51' starting prefill in slot 0 (45 prompt tokens)
2026-10-06 02:13:00.462 INFO  sched: request 'chatcmpl-c1222c5610810c52' starting prefill in slot 1 (34 prompt tokens)
2026-10-06 02:13:00.462 INFO  sched: request 'chatcmpl-c1222c5610810c53' starting prefill in slot 2 (33 prompt tokens)
2026-10-06 02:13:00.462 INFO  sched: request 'chatcmpl-c1222c5610810c54' starting prefill in slot 3 (33 prompt tokens)
2026-10-06 02:13:00.884 INFO  sched: request 'chatcmpl-c1222c5610810c51' prefix cache miss — 2 cut(s), the cache is empty
2026-10-06 02:13:00.884 INFO  sched: request 'chatcmpl-c1222c5610810c51' admitted to slot 0 (reserve 3 blocks; pool 6/6144 blocks in use) — first token 785
2026-10-06 02:13:00.884 INFO  sched: request 'chatcmpl-c1222c5610810c52' prefix cache miss — 2 cut(s), the cache is empty
2026-10-06 02:13:00.884 INFO  sched: request 'chatcmpl-c1222c5610810c52' admitted to slot 1 (reserve 3 blocks; pool 8/6144 blocks in use) — first token 785
2026-10-06 02:13:00.884 INFO  sched: request 'chatcmpl-c1222c5610810c53' prefix cache miss — 2 cut(s), the cache is empty
2026-10-06 02:13:00.884 INFO  sched: request 'chatcmpl-c1222c5610810c53' admitted to slot 2 (reserve 3 blocks; pool 10/6144 blocks in use) — first token 785
2026-10-06 02:13:00.884 INFO  sched: request 'chatcmpl-c1222c5610810c54' prefix cache miss — 2 cut(s), the cache is empty
2026-10-06 02:13:00.884 INFO  sched: request 'chatcmpl-c1222c5610810c54' admitted to slot 3 (reserve 3 blocks; pool 12/6144 blocks in use) — first token 785
2026-10-06 02:13:00.884 INFO  sched: 4 requests admitted together in one prefill (422 ms)
2026-10-06 02:13:04.632 INFO  stats: rank 3 | 10.0 s | decode 99.7 tok/s, 9.5 ms/tok, 67.4 ms/step (140 steps / 997 tok, 94 % of wall) | mtp 1.85 tok/step/req, accept p1 85 % | prefill 4 prompts / 145 tok, 14 tok/s, 2.91 ms/tok, 105 ms avg (4 % of wall), 0 tok cached (0/4 hits) | live 4, queued 0 | pool 12/6144 blocks (0 %) | prefix cache 0/639 entries
2026-10-06 02:13:09.644 INFO  sched: request 'chatcmpl-c1222c5610810c51' retired (steps): 256 tok in 9.2 s — prefill 45 tok (0 cached) in 422 ms; decode 255 tok / 135 passes in 8.8 s: 29.1 tok/s, 34.4 ms/tok, 65 ms/pass, 1.89 tok/pass, accept p1 89 %
2026-10-06 02:13:09.711 INFO  sched: request 'chatcmpl-c1222c5610810c54' retired (steps): 256 tok in 9.2 s — prefill 33 tok (0 cached) in 422 ms; decode 255 tok / 136 passes in 8.8 s: 28.9 tok/s, 34.6 ms/tok, 65 ms/pass, 1.88 tok/pass, accept p1 88 %
2026-10-06 02:13:09.917 INFO  sched: request 'chatcmpl-c1222c5610810c53' retired (steps): 256 tok in 9.5 s — prefill 33 tok (0 cached) in 422 ms; decode 255 tok / 140 passes in 9.0 s: 28.2 tok/s, 35.4 ms/tok, 65 ms/pass, 1.82 tok/pass, accept p1 83 %
2026-10-06 02:13:10.049 INFO  sched: request 'chatcmpl-c1222c5610810c52' retired (steps): 256 tok in 9.6 s — prefill 34 tok (0 cached) in 422 ms; decode 255 tok / 144 passes in 9.2 s: 27.8 tok/s, 35.9 ms/tok, 64 ms/pass, 1.77 tok/pass, accept p1 78 %
2026-10-06 02:13:10.074 INFO  sched: request 'chatcmpl-c1222c5610810c55' starting prefill in slot 0 (45 prompt tokens)
2026-10-06 02:13:10.074 INFO  sched: request 'chatcmpl-c1222c5610810c56' starting prefill in slot 1 (34 prompt tokens)
2026-10-06 02:13:10.074 INFO  sched: request 'chatcmpl-c1222c5610810c57' starting prefill in slot 2 (33 prompt tokens)
2026-10-06 02:13:10.074 INFO  sched: request 'chatcmpl-c1222c5610810c58' starting prefill in slot 3 (33 prompt tokens)
2026-10-06 02:13:10.366 INFO  sched: request 'chatcmpl-c1222c5610810c55' prefix cache miss — 2 cut(s), the cache is empty
2026-10-06 02:13:10.366 INFO  sched: request 'chatcmpl-c1222c5610810c55' admitted to slot 0 (reserve 3 blocks; pool 6/6144 blocks in use) — first token 785
2026-10-06 02:13:10.366 INFO  sched: request 'chatcmpl-c1222c5610810c56' prefix cache miss — 2 cut(s), the cache is empty
2026-10-06 02:13:10.366 INFO  sched: request 'chatcmpl-c1222c5610810c56' admitted to slot 1 (reserve 3 blocks; pool 8/6144 blocks in use) — first token 785
2026-10-06 02:13:10.366 INFO  sched: request 'chatcmpl-c1222c5610810c57' prefix cache miss — 2 cut(s), the cache is empty
2026-10-06 02:13:10.366 INFO  sched: request 'chatcmpl-c1222c5610810c57' admitted to slot 2 (reserve 3 blocks; pool 10/6144 blocks in use) — first token 785
2026-10-06 02:13:10.366 INFO  sched: request 'chatcmpl-c1222c5610810c58' prefix cache miss — 2 cut(s), the cache is empty
2026-10-06 02:13:10.366 INFO  sched: request 'chatcmpl-c1222c5610810c58' admitted to slot 3 (reserve 3 blocks; pool 12/6144 blocks in use) — first token 785
2026-10-06 02:13:10.366 INFO  sched: 4 requests admitted together in one prefill (292 ms)
2026-10-06 02:13:14.646 INFO  stats: rank 3 | 10.0 s | decode 108.0 tok/s, 8.9 ms/tok, 63.0 ms/step (152 steps / 1081 tok, 96 % of wall) | mtp 1.84 tok/step/req, accept p1 84 % | prefill 4 prompts / 145 tok, 14 tok/s, 2.01 ms/tok, 73 ms avg (3 % of wall), 0 tok cached (0/4 hits) | live 4, queued 0 | pool 12/6144 blocks (0 %) | prefix cache 0/639 entries
2026-10-06 02:13:21.175 INFO  sched: request 'chatcmpl-c1222c5610810c55' retired (steps): 256 tok in 11.1 s — prefill 45 tok (0 cached) in 292 ms; decode 255 tok / 135 passes in 10.8 s: 23.6 tok/s, 42.4 ms/tok, 80 ms/pass, 1.89 tok/pass, accept p1 89 %
2026-10-06 02:13:21.241 INFO  sched: request 'chatcmpl-c1222c5610810c58' retired (steps): 256 tok in 11.2 s — prefill 33 tok (0 cached) in 292 ms; decode 255 tok / 136 passes in 10.9 s: 23.4 tok/s, 42.6 ms/tok, 80 ms/pass, 1.88 tok/pass, accept p1 88 %
2026-10-06 02:13:21.451 INFO  sched: request 'chatcmpl-c1222c5610810c57' retired (steps): 256 tok in 11.4 s — prefill 33 tok (0 cached) in 292 ms; decode 255 tok / 140 passes in 11.1 s: 23.0 tok/s, 43.5 ms/tok, 79 ms/pass, 1.82 tok/pass, accept p1 83 %
2026-10-06 02:13:21.583 INFO  sched: request 'chatcmpl-c1222c5610810c56' retired (steps): 256 tok in 11.5 s — prefill 34 tok (0 cached) in 292 ms; decode 255 tok / 144 passes in 11.2 s: 22.7 tok/s, 44.0 ms/tok, 78 ms/pass, 1.77 tok/pass, accept p1 78 %
2026-10-06 02:13:21.634 INFO  sched: request 'chatcmpl-c1222c5610810c59' starting prefill in slot 0 (35 prompt tokens)
2026-10-06 02:13:21.634 INFO  sched: request 'chatcmpl-c1222c5610810c5a' starting prefill in slot 1 (35 prompt tokens)
2026-10-06 02:13:21.634 INFO  sched: request 'chatcmpl-c1222c5610810c5b' starting prefill in slot 2 (35 prompt tokens)
2026-10-06 02:13:21.634 INFO  sched: request 'chatcmpl-c1222c5610810c5c' starting prefill in slot 3 (33 prompt tokens)
2026-10-06 02:13:21.918 INFO  sched: request 'chatcmpl-c1222c5610810c59' prefix cache miss — 2 cut(s), the cache is empty
2026-10-06 02:13:21.918 INFO  sched: request 'chatcmpl-c1222c5610810c59' admitted to slot 0 (reserve 3 blocks; pool 6/6144 blocks in use) — first token 785
2026-10-06 02:13:21.918 INFO  sched: request 'chatcmpl-c1222c5610810c5a' prefix cache miss — 2 cut(s), the cache is empty
2026-10-06 02:13:21.918 INFO  sched: request 'chatcmpl-c1222c5610810c5a' admitted to slot 1 (reserve 3 blocks; pool 8/6144 blocks in use) — first token 785
2026-10-06 02:13:21.918 INFO  sched: request 'chatcmpl-c1222c5610810c5b' prefix cache miss — 2 cut(s), the cache is empty
2026-10-06 02:13:21.918 INFO  sched: request 'chatcmpl-c1222c5610810c5b' admitted to slot 2 (reserve 3 blocks; pool 10/6144 blocks in use) — first token 785
2026-10-06 02:13:21.918 INFO  sched: request 'chatcmpl-c1222c5610810c5c' prefix cache miss — 2 cut(s), the cache is empty
2026-10-06 02:13:21.918 INFO  sched: request 'chatcmpl-c1222c5610810c5c' admitted to slot 3 (reserve 3 blocks; pool 12/6144 blocks in use) — first token 785
2026-10-06 02:13:21.918 INFO  sched: 4 requests admitted together in one prefill (284 ms)
2026-10-06 02:13:21.968 INFO  sched: request 'chatcmpl-c1222c5610810c5d' deferred (needs 3 blocks, 6132 free, 0 slot(s) open) — admits when a peer retires
2026-10-06 02:13:24.647 INFO  stats: rank 3 | 10.0 s | decode 85.5 tok/s, 11.2 ms/tok, 79.7 ms/step (120 steps / 855 tok, 96 % of wall) | mtp 1.86 tok/step/req, accept p1 86 % | prefill 4 prompts / 138 tok, 14 tok/s, 2.06 ms/tok, 71 ms avg (3 % of wall), 0 tok cached (0/4 hits) | live 4, queued 4 | pool 12/6144 blocks (0 %) | prefix cache 0/639 entries
2026-10-06 02:13:30.634 INFO  sched: request 'chatcmpl-c1222c5610810c5b' retired (steps): 256 tok in 9.0 s — prefill 35 tok (0 cached) in 284 ms; decode 255 tok / 134 passes in 8.7 s: 29.3 tok/s, 34.2 ms/tok, 65 ms/pass, 1.90 tok/pass, accept p1 90 %
2026-10-06 02:13:30.634 INFO  sched: request 'chatcmpl-c1222c5610810c5d' starting prefill in slot 2 (32 prompt tokens)
2026-10-06 02:13:30.780 INFO  sched: request 'chatcmpl-c1222c5610810c5d' prefix cache miss — 2 cut(s), the cache is empty
2026-10-06 02:13:30.780 INFO  sched: request 'chatcmpl-c1222c5610810c5d' admitted to slot 2 (reserve 3 blocks; pool 12/6144 blocks in use) — first token 785
2026-10-06 02:13:30.844 INFO  sched: request 'chatcmpl-c1222c5610810c5e' deferred (needs 3 blocks, 6132 free, 0 slot(s) open) — admits when a peer retires
2026-10-06 02:13:31.113 INFO  sched: request 'chatcmpl-c1222c5610810c59' retired (steps): 256 tok in 9.5 s — prefill 35 tok (0 cached) in 284 ms; decode 255 tok / 139 passes in 9.2 s: 27.7 tok/s, 36.1 ms/tok, 66 ms/pass, 1.83 tok/pass, accept p1 84 %
2026-10-06 02:13:31.114 INFO  sched: request 'chatcmpl-c1222c5610810c5e' starting prefill in slot 0 (33 prompt tokens)
2026-10-06 02:13:31.266 INFO  sched: request 'chatcmpl-c1222c5610810c5e' prefix cache miss — 2 cut(s), the cache is empty
2026-10-06 02:13:31.266 INFO  sched: request 'chatcmpl-c1222c5610810c5e' admitted to slot 0 (reserve 3 blocks; pool 12/6144 blocks in use) — first token 785
2026-10-06 02:13:31.330 INFO  sched: request 'chatcmpl-c1222c5610810c5f' deferred (needs 3 blocks, 6132 free, 0 slot(s) open) — admits when a peer retires
2026-10-06 02:13:31.399 INFO  sched: request 'chatcmpl-c1222c5610810c5a' retired (steps): 256 tok in 9.8 s — prefill 35 tok (0 cached) in 284 ms; decode 255 tok / 141 passes in 9.5 s: 26.9 tok/s, 37.2 ms/tok, 67 ms/pass, 1.81 tok/pass, accept p1 81 %
2026-10-06 02:13:31.400 INFO  sched: request 'chatcmpl-c1222c5610810c5f' starting prefill in slot 1 (33 prompt tokens)
2026-10-06 02:13:31.551 INFO  sched: request 'chatcmpl-c1222c5610810c5f' prefix cache miss — 2 cut(s), the cache is empty
2026-10-06 02:13:31.551 INFO  sched: request 'chatcmpl-c1222c5610810c5f' admitted to slot 1 (reserve 3 blocks; pool 12/6144 blocks in use) — first token 785
2026-10-06 02:13:31.618 INFO  sched: request 'chatcmpl-c1222c5610810c60' deferred (needs 3 blocks, 6132 free, 0 slot(s) open) — admits when a peer retires
2026-10-06 02:13:31.683 INFO  sched: request 'chatcmpl-c1222c5610810c5c' retired (steps): 256 tok in 10.0 s — prefill 33 tok (0 cached) in 284 ms; decode 255 tok / 143 passes in 9.8 s: 26.1 tok/s, 38.3 ms/tok, 68 ms/pass, 1.78 tok/pass, accept p1 79 %
2026-10-06 02:13:31.684 INFO  sched: request 'chatcmpl-c1222c5610810c60' starting prefill in slot 3 (33 prompt tokens)
2026-10-06 02:13:31.835 INFO  sched: request 'chatcmpl-c1222c5610810c60' prefix cache miss — 2 cut(s), the cache is empty
2026-10-06 02:13:31.835 INFO  sched: request 'chatcmpl-c1222c5610810c60' admitted to slot 3 (reserve 3 blocks; pool 12/6144 blocks in use) — first token 785
2026-10-06 02:13:34.736 INFO  stats: rank 3 | 10.1 s | decode 97.5 tok/s, 9.5 ms/tok, 70.0 ms/step (134 steps / 984 tok, 93 % of wall) | mtp 1.84 tok/step/req, accept p1 83 % | prefill 4 prompts / 131 tok, 13 tok/s, 4.59 ms/tok, 150 ms avg (6 % of wall), 0 tok cached (0/4 hits) | live 4, queued 0 | pool 12/6144 blocks (0 %) | prefix cache 0/639 entries
2026-10-06 02:13:42.409 INFO  sched: request 'chatcmpl-c1222c5610810c5e' retired (steps): 256 tok in 11.3 s — prefill 33 tok (0 cached) in 153 ms; decode 255 tok / 136 passes in 11.1 s: 22.9 tok/s, 43.7 ms/tok, 82 ms/pass, 1.88 tok/pass, accept p1 88 %
2026-10-06 02:13:42.476 INFO  sched: request 'chatcmpl-c1222c5610810c5d' retired (steps): 256 tok in 11.8 s — prefill 32 tok (0 cached) in 147 ms; decode 255 tok / 142 passes in 11.7 s: 21.8 tok/s, 45.9 ms/tok, 82 ms/pass, 1.80 tok/pass, accept p1 80 %
2026-10-06 02:13:42.599 INFO  sched: request 'chatcmpl-c1222c5610810c5f' retired (steps): 256 tok in 11.2 s — prefill 33 tok (0 cached) in 151 ms; decode 255 tok / 137 passes in 11.0 s: 23.1 tok/s, 43.3 ms/tok, 81 ms/pass, 1.86 tok/pass, accept p1 86 %
2026-10-06 02:13:42.965 INFO  sched: request 'chatcmpl-c1222c5610810c60' retired (steps): 256 tok in 11.3 s — prefill 33 tok (0 cached) in 150 ms; decode 255 tok / 146 passes in 11.1 s: 22.9 tok/s, 43.6 ms/tok, 76 ms/pass, 1.75 tok/pass, accept p1 75 %
2026-10-06 02:13:42.995 INFO  sched: request 'chatcmpl-c1222c5610810c61' starting prefill in slot 0 (35 prompt tokens)
2026-10-06 02:13:42.995 INFO  sched: request 'chatcmpl-c1222c5610810c62' starting prefill in slot 1 (35 prompt tokens)
2026-10-06 02:13:42.995 INFO  sched: request 'chatcmpl-c1222c5610810c63' starting prefill in slot 2 (33 prompt tokens)
2026-10-06 02:13:42.995 INFO  sched: request 'chatcmpl-c1222c5610810c64' starting prefill in slot 3 (35 prompt tokens)
2026-10-06 02:13:43.280 INFO  sched: request 'chatcmpl-c1222c5610810c61' prefix cache miss — 2 cut(s), the cache is empty
2026-10-06 02:13:43.280 INFO  sched: request 'chatcmpl-c1222c5610810c61' admitted to slot 0 (reserve 3 blocks; pool 6/6144 blocks in use) — first token 785
2026-10-06 02:13:43.280 INFO  sched: request 'chatcmpl-c1222c5610810c62' prefix cache miss — 2 cut(s), the cache is empty
2026-10-06 02:13:43.280 INFO  sched: request 'chatcmpl-c1222c5610810c62' admitted to slot 1 (reserve 3 blocks; pool 8/6144 blocks in use) — first token 785
2026-10-06 02:13:43.280 INFO  sched: request 'chatcmpl-c1222c5610810c63' prefix cache miss — 2 cut(s), the cache is empty
2026-10-06 02:13:43.280 INFO  sched: request 'chatcmpl-c1222c5610810c63' admitted to slot 2 (reserve 3 blocks; pool 10/6144 blocks in use) — first token 785
2026-10-06 02:13:43.280 INFO  sched: request 'chatcmpl-c1222c5610810c64' prefix cache miss — 2 cut(s), the cache is empty
2026-10-06 02:13:43.280 INFO  sched: request 'chatcmpl-c1222c5610810c64' admitted to slot 3 (reserve 3 blocks; pool 12/6144 blocks in use) — first token 785
2026-10-06 02:13:43.280 INFO  sched: 4 requests admitted together in one prefill (285 ms)
2026-10-06 02:13:43.328 INFO  sched: request 'chatcmpl-c1222c5610810c65' deferred (needs 3 blocks, 6132 free, 0 slot(s) open) — admits when a peer retires
2026-10-06 02:13:44.771 INFO  stats: rank 3 | 10.0 s | decode 92.8 tok/s, 10.3 ms/tok, 70.1 ms/step (137 steps / 931 tok, 96 % of wall) | mtp 1.83 tok/step/req, accept p1 82 % | prefill 4 prompts / 138 tok, 14 tok/s, 2.06 ms/tok, 71 ms avg (3 % of wall), 0 tok cached (0/4 hits) | live 4, queued 4 | pool 12/6144 blocks (0 %) | prefix cache 0/639 entries
2026-10-06 02:13:51.933 INFO  sched: request 'chatcmpl-c1222c5610810c64' retired (steps): 256 tok in 8.9 s — prefill 35 tok (0 cached) in 285 ms; decode 255 tok / 134 passes in 8.7 s: 29.5 tok/s, 33.9 ms/tok, 65 ms/pass, 1.90 tok/pass, accept p1 90 %
2026-10-06 02:13:51.933 INFO  sched: request 'chatcmpl-c1222c5610810c65' starting prefill in slot 3 (33 prompt tokens)
2026-10-06 02:13:52.081 INFO  sched: request 'chatcmpl-c1222c5610810c65' prefix cache miss — 2 cut(s), the cache is empty
2026-10-06 02:13:52.082 INFO  sched: request 'chatcmpl-c1222c5610810c65' admitted to slot 3 (reserve 3 blocks; pool 12/6144 blocks in use) — first token 785
2026-10-06 02:13:52.145 INFO  sched: request 'chatcmpl-c1222c5610810c66' deferred (needs 3 blocks, 6132 free, 0 slot(s) open) — admits when a peer retires
2026-10-06 02:13:52.213 INFO  sched: request 'chatcmpl-c1222c5610810c63' retired (steps): 256 tok in 9.2 s — prefill 33 tok (0 cached) in 285 ms; decode 255 tok / 136 passes in 8.9 s: 28.5 tok/s, 35.0 ms/tok, 66 ms/pass, 1.88 tok/pass, accept p1 88 %
2026-10-06 02:13:52.214 INFO  sched: request 'chatcmpl-c1222c5610810c66' starting prefill in slot 2 (32 prompt tokens)
2026-10-06 02:13:52.359 INFO  sched: request 'chatcmpl-c1222c5610810c66' prefix cache miss — 2 cut(s), the cache is empty
2026-10-06 02:13:52.359 INFO  sched: request 'chatcmpl-c1222c5610810c66' admitted to slot 2 (reserve 3 blocks; pool 12/6144 blocks in use) — first token 785
2026-10-06 02:13:52.422 INFO  sched: request 'chatcmpl-c1222c5610810c67' deferred (needs 3 blocks, 6132 free, 0 slot(s) open) — admits when a peer retires
2026-10-06 02:13:52.554 INFO  sched: request 'chatcmpl-c1222c5610810c61' retired (steps): 256 tok in 9.6 s — prefill 35 tok (0 cached) in 285 ms; decode 255 tok / 139 passes in 9.3 s: 27.5 tok/s, 36.4 ms/tok, 67 ms/pass, 1.83 tok/pass, accept p1 84 %
2026-10-06 02:13:52.554 INFO  sched: request 'chatcmpl-c1222c5610810c67' starting prefill in slot 0 (33 prompt tokens)
2026-10-06 02:13:52.704 INFO  sched: request 'chatcmpl-c1222c5610810c67' prefix cache miss — 2 cut(s), the cache is empty
2026-10-06 02:13:52.704 INFO  sched: request 'chatcmpl-c1222c5610810c67' admitted to slot 0 (reserve 3 blocks; pool 12/6144 blocks in use) — first token 785
2026-10-06 02:13:52.771 INFO  sched: request 'chatcmpl-c1222c5610810c68' deferred (needs 3 blocks, 6132 free, 0 slot(s) open) — admits when a peer retires
2026-10-06 02:13:52.844 INFO  sched: request 'chatcmpl-c1222c5610810c62' retired (steps): 256 tok in 9.8 s — prefill 35 tok (0 cached) in 285 ms; decode 255 tok / 141 passes in 9.6 s: 26.7 tok/s, 37.5 ms/tok, 68 ms/pass, 1.81 tok/pass, accept p1 81 %
2026-10-06 02:13:52.844 INFO  sched: request 'chatcmpl-c1222c5610810c68' starting prefill in slot 1 (33 prompt tokens)
2026-10-06 02:13:52.999 INFO  sched: request 'chatcmpl-c1222c5610810c68' prefix cache miss — 2 cut(s), the cache is empty
2026-10-06 02:13:52.999 INFO  sched: request 'chatcmpl-c1222c5610810c68' admitted to slot 1 (reserve 3 blocks; pool 12/6144 blocks in use) — first token 785
2026-10-06 02:13:54.845 INFO  stats: rank 3 | 10.1 s | decode 99.8 tok/s, 9.3 ms/tok, 69.4 ms/step (135 steps / 1005 tok, 93 % of wall) | mtp 1.86 tok/step/req, accept p1 86 % | prefill 4 prompts / 131 tok, 13 tok/s, 4.56 ms/tok, 149 ms avg (6 % of wall), 0 tok cached (0/4 hits) | live 4, queued 0 | pool 12/6144 blocks (0 %) | prefix cache 0/639 entries
2026-10-06 02:14:03.987 INFO  sched: request 'chatcmpl-c1222c5610810c65' retired (steps): 256 tok in 12.1 s — prefill 33 tok (0 cached) in 149 ms; decode 255 tok / 143 passes in 11.9 s: 21.4 tok/s, 46.7 ms/tok, 83 ms/pass, 1.78 tok/pass, accept p1 79 %
2026-10-06 02:14:04.043 INFO  sched: request 'chatcmpl-c1222c5610810c66' retired (steps): 256 tok in 11.8 s — prefill 32 tok (0 cached) in 145 ms; decode 255 tok / 142 passes in 11.7 s: 21.8 tok/s, 45.8 ms/tok, 82 ms/pass, 1.80 tok/pass, accept p1 80 %
2026-10-06 02:14:04.043 INFO  sched: request 'chatcmpl-c1222c5610810c68' retired (steps): 256 tok in 11.2 s — prefill 33 tok (0 cached) in 154 ms; decode 255 tok / 137 passes in 11.0 s: 23.1 tok/s, 43.3 ms/tok, 81 ms/pass, 1.86 tok/pass, accept p1 86 %
2026-10-06 02:14:04.271 INFO  sched: request 'chatcmpl-c1222c5610810c67' retired (steps): 256 tok in 11.7 s — prefill 33 tok (0 cached) in 150 ms; decode 255 tok / 146 passes in 11.6 s: 22.0 tok/s, 45.4 ms/tok, 79 ms/pass, 1.75 tok/pass, accept p1 75 %
2026-10-06 02:14:04.280 INFO  sched: request 'chatcmpl-c1222c5610810c69' starting prefill in slot 0 (35 prompt tokens)
2026-10-06 02:14:04.280 INFO  sched: request 'chatcmpl-c1222c5610810c6a' starting prefill in slot 1 (35 prompt tokens)
2026-10-06 02:14:04.280 INFO  sched: request 'chatcmpl-c1222c5610810c6b' starting prefill in slot 2 (35 prompt tokens)
2026-10-06 02:14:04.280 INFO  sched: request 'chatcmpl-c1222c5610810c6c' starting prefill in slot 3 (33 prompt tokens)
2026-10-06 02:14:04.574 INFO  sched: request 'chatcmpl-c1222c5610810c69' prefix cache miss — 2 cut(s), the cache is empty
2026-10-06 02:14:04.574 INFO  sched: request 'chatcmpl-c1222c5610810c69' admitted to slot 0 (reserve 3 blocks; pool 6/6144 blocks in use) — first token 785
2026-10-06 02:14:04.574 INFO  sched: request 'chatcmpl-c1222c5610810c6a' prefix cache miss — 2 cut(s), the cache is empty
2026-10-06 02:14:04.574 INFO  sched: request 'chatcmpl-c1222c5610810c6a' admitted to slot 1 (reserve 3 blocks; pool 8/6144 blocks in use) — first token 785
2026-10-06 02:14:04.574 INFO  sched: request 'chatcmpl-c1222c5610810c6b' prefix cache miss — 2 cut(s), the cache is empty
2026-10-06 02:14:04.574 INFO  sched: request 'chatcmpl-c1222c5610810c6b' admitted to slot 2 (reserve 3 blocks; pool 10/6144 blocks in use) — first token 785
2026-10-06 02:14:04.574 INFO  sched: request 'chatcmpl-c1222c5610810c6c' prefix cache miss — 2 cut(s), the cache is empty
2026-10-06 02:14:04.574 INFO  sched: request 'chatcmpl-c1222c5610810c6c' admitted to slot 3 (reserve 3 blocks; pool 12/6144 blocks in use) — first token 785
2026-10-06 02:14:04.574 INFO  sched: 4 requests admitted together in one prefill (294 ms)
2026-10-06 02:14:04.624 INFO  sched: request 'chatcmpl-c1222c5610810c6d' deferred (needs 3 blocks, 6132 free, 0 slot(s) open) — admits when a peer retires
2026-10-06 02:14:04.863 INFO  stats: rank 3 | 10.0 s | decode 89.1 tok/s, 10.8 ms/tok, 73.9 ms/step (130 steps / 893 tok, 96 % of wall) | mtp 1.79 tok/step/req, accept p1 79 % | prefill 4 prompts / 138 tok, 14 tok/s, 2.13 ms/tok, 73 ms avg (3 % of wall), 0 tok cached (0/4 hits) | live 4, queued 4 | pool 12/6144 blocks (0 %) | prefix cache 0/639 entries
2026-10-06 02:14:13.629 INFO  sched: request 'chatcmpl-c1222c5610810c6a' retired (steps): 256 tok in 9.3 s — prefill 35 tok (0 cached) in 294 ms; decode 255 tok / 134 passes in 9.1 s: 28.2 tok/s, 35.5 ms/tok, 68 ms/pass, 1.90 tok/pass, accept p1 90 %
2026-10-06 02:14:13.630 INFO  sched: request 'chatcmpl-c1222c5610810c6d' starting prefill in slot 1 (33 prompt tokens)
2026-10-06 02:14:13.780 INFO  sched: request 'chatcmpl-c1222c5610810c6d' prefix cache miss — 2 cut(s), the cache is empty
2026-10-06 02:14:13.780 INFO  sched: request 'chatcmpl-c1222c5610810c6d' admitted to slot 1 (reserve 3 blocks; pool 12/6144 blocks in use) — first token 785
2026-10-06 02:14:13.844 INFO  sched: request 'chatcmpl-c1222c5610810c6e' deferred (needs 3 blocks, 6132 free, 0 slot(s) open) — admits when a peer retires
2026-10-06 02:14:13.979 INFO  sched: request 'chatcmpl-c1222c5610810c6c' retired (steps): 256 tok in 9.7 s — prefill 33 tok (0 cached) in 294 ms; decode 255 tok / 137 passes in 9.4 s: 27.1 tok/s, 36.9 ms/tok, 69 ms/pass, 1.86 tok/pass, accept p1 86 %
2026-10-06 02:14:13.980 INFO  sched: request 'chatcmpl-c1222c5610810c6e' starting prefill in slot 3 (32 prompt tokens)
2026-10-06 02:14:14.124 INFO  sched: request 'chatcmpl-c1222c5610810c6e' prefix cache miss — 2 cut(s), the cache is empty
2026-10-06 02:14:14.124 INFO  sched: request 'chatcmpl-c1222c5610810c6e' admitted to slot 3 (reserve 3 blocks; pool 12/6144 blocks in use) — first token 785
2026-10-06 02:14:14.188 INFO  sched: request 'chatcmpl-c1222c5610810c6f' deferred (needs 3 blocks, 6132 free, 0 slot(s) open) — admits when a peer retires
2026-10-06 02:14:14.274 INFO  sched: request 'chatcmpl-c1222c5610810c69' retired (steps): 256 tok in 10.0 s — prefill 35 tok (0 cached) in 294 ms; decode 255 tok / 139 passes in 9.7 s: 26.3 tok/s, 38.0 ms/tok, 70 ms/pass, 1.83 tok/pass, accept p1 84 %
2026-10-06 02:14:14.275 INFO  sched: request 'chatcmpl-c1222c5610810c6f' starting prefill in slot 0 (33 prompt tokens)
2026-10-06 02:14:14.423 INFO  sched: request 'chatcmpl-c1222c5610810c6f' prefix cache miss — 2 cut(s), the cache is empty
2026-10-06 02:14:14.423 INFO  sched: request 'chatcmpl-c1222c5610810c6f' admitted to slot 0 (reserve 3 blocks; pool 12/6144 blocks in use) — first token 785
2026-10-06 02:14:14.487 INFO  sched: request 'chatcmpl-c1222c5610810c70' deferred (needs 3 blocks, 6132 free, 0 slot(s) open) — admits when a peer retires
2026-10-06 02:14:14.555 INFO  sched: request 'chatcmpl-c1222c5610810c6b' retired (steps): 256 tok in 10.3 s — prefill 35 tok (0 cached) in 294 ms; decode 255 tok / 141 passes in 10.0 s: 25.5 tok/s, 39.1 ms/tok, 71 ms/pass, 1.81 tok/pass, accept p1 81 %
2026-10-06 02:14:14.556 INFO  sched: request 'chatcmpl-c1222c5610810c70' starting prefill in slot 2 (33 prompt tokens)
2026-10-06 02:14:14.706 INFO  sched: request 'chatcmpl-c1222c5610810c70' prefix cache miss — 2 cut(s), the cache is empty
2026-10-06 02:14:14.706 INFO  sched: request 'chatcmpl-c1222c5610810c70' admitted to slot 2 (reserve 3 blocks; pool 12/6144 blocks in use) — first token 785
2026-10-06 02:14:14.890 INFO  stats: rank 3 | 10.0 s | decode 102.9 tok/s, 9.0 ms/tok, 67.1 ms/step (139 steps / 1032 tok, 93 % of wall) | mtp 1.86 tok/step/req, accept p1 85 % | prefill 4 prompts / 131 tok, 13 tok/s, 4.53 ms/tok, 148 ms avg (6 % of wall), 0 tok cached (0/4 hits) | live 4, queued 0 | pool 12/6144 blocks (0 %) | prefix cache 0/639 entries
2026-10-06 02:14:23.625 INFO  sched: request 'chatcmpl-c1222c5610810c6f' retired (steps): 256 tok in 9.4 s — prefill 33 tok (0 cached) in 149 ms; decode 255 tok / 136 passes in 9.2 s: 27.7 tok/s, 36.1 ms/tok, 68 ms/pass, 1.88 tok/pass, accept p1 88 %
2026-10-06 02:14:23.756 INFO  sched: request 'chatcmpl-c1222c5610810c6d' retired (steps): 256 tok in 10.1 s — prefill 33 tok (0 cached) in 150 ms; decode 255 tok / 143 passes in 10.0 s: 25.6 tok/s, 39.1 ms/tok, 70 ms/pass, 1.78 tok/pass, accept p1 79 %
2026-10-06 02:14:23.876 INFO  sched: request 'chatcmpl-c1222c5610810c6e' retired (steps): 256 tok in 9.9 s — prefill 32 tok (0 cached) in 145 ms; decode 255 tok / 142 passes in 9.8 s: 26.1 tok/s, 38.2 ms/tok, 69 ms/pass, 1.80 tok/pass, accept p1 80 %
2026-10-06 02:14:24.145 INFO  sched: request 'chatcmpl-c1222c5610810c70' retired (steps): 256 tok in 9.6 s — prefill 33 tok (0 cached) in 150 ms; decode 255 tok / 146 passes in 9.4 s: 27.0 tok/s, 37.0 ms/tok, 65 ms/pass, 1.75 tok/pass, accept p1 75 %
2026-10-06 02:14:24.185 INFO  sched: request 'chatcmpl-c1222c5610810c71' starting prefill in slot 0 (46 prompt tokens)
2026-10-06 02:14:24.355 INFO  sched: request 'chatcmpl-c1222c5610810c71' prefix cache miss — 2 cut(s), the cache is empty
2026-10-06 02:14:24.355 INFO  sched: request 'chatcmpl-c1222c5610810c71' admitted to slot 0 (reserve 3 blocks; pool 3/6144 blocks in use) — first token 785
2026-10-06 02:14:24.897 INFO  stats: rank 3 | 10.0 s | decode 100.6 tok/s, 9.6 ms/tok, 60.3 ms/step (160 steps / 1007 tok, 96 % of wall) | mtp 1.80 tok/step/req, accept p1 81 % | prefill 1 prompt / 46 tok, 5 tok/s, 3.68 ms/tok, 169 ms avg (2 % of wall), 0 tok cached (0/1 hit) | live 1, queued 0 | pool 3/6144 blocks (0 %) | prefix cache 0/639 entries
2026-10-06 02:14:28.523 INFO  sched: request 'chatcmpl-c1222c5610810c71' retired (steps): 256 tok in 4.3 s — prefill 46 tok (0 cached) in 169 ms; decode 255 tok / 130 passes in 4.2 s: 61.2 tok/s, 16.3 ms/tok, 32 ms/pass, 1.96 tok/pass, accept p1 96 %
2026-10-06 02:14:28.543 INFO  sched: request 'chatcmpl-c1222c5610810c72' starting prefill in slot 0 (46 prompt tokens)
2026-10-06 02:14:28.712 INFO  sched: request 'chatcmpl-c1222c5610810c72' prefix cache miss — 2 cut(s), the cache is empty
2026-10-06 02:14:28.712 INFO  sched: request 'chatcmpl-c1222c5610810c72' admitted to slot 0 (reserve 3 blocks; pool 3/6144 blocks in use) — first token 785
2026-10-06 02:14:34.081 INFO  sched: request 'chatcmpl-c1222c5610810c72' retired (steps): 256 tok in 5.5 s — prefill 46 tok (0 cached) in 169 ms; decode 255 tok / 130 passes in 5.4 s: 47.5 tok/s, 21.1 ms/tok, 41 ms/pass, 1.96 tok/pass, accept p1 96 %
2026-10-06 02:14:34.111 INFO  sched: request 'chatcmpl-c1222c5610810c73' starting prefill in slot 0 (46 prompt tokens)
2026-10-06 02:14:34.390 INFO  sched: request 'chatcmpl-c1222c5610810c73' prefix cache miss — 2 cut(s), the cache is empty
2026-10-06 02:14:34.390 INFO  sched: request 'chatcmpl-c1222c5610810c73' admitted to slot 0 (reserve 3 blocks; pool 3/6144 blocks in use) — first token 785
2026-10-06 02:14:34.936 INFO  stats: rank 3 | 10.0 s | decode 49.9 tok/s, 18.7 ms/tok, 36.9 ms/step (254 steps / 501 tok, 93 % of wall) | mtp 1.97 tok/step/req, accept p1 96 % | prefill 2 prompts / 92 tok, 9 tok/s, 4.87 ms/tok, 224 ms avg (4 % of wall), 0 tok cached (0/2 hits) | live 1, queued 0 | pool 3/6144 blocks (0 %) | prefix cache 0/639 entries
2026-10-06 02:14:38.880 INFO  sched: request 'chatcmpl-c1222c5610810c73' retired (steps): 256 tok in 4.8 s — prefill 46 tok (0 cached) in 279 ms; decode 255 tok / 130 passes in 4.5 s: 56.8 tok/s, 17.6 ms/tok, 35 ms/pass, 1.96 tok/pass, accept p1 96 %
2026-10-06 02:14:38.936 INFO  sched: request 'chatcmpl-c1222c5610810c74' starting prefill in slot 0 (47 prompt tokens)
2026-10-06 02:14:38.936 INFO  sched: request 'chatcmpl-c1222c5610810c75' starting prefill in slot 1 (46 prompt tokens)
2026-10-06 02:14:39.156 INFO  sched: request 'chatcmpl-c1222c5610810c74' prefix cache miss — 2 cut(s), the cache is empty
2026-10-06 02:14:39.156 INFO  sched: request 'chatcmpl-c1222c5610810c74' admitted to slot 0 (reserve 3 blocks; pool 4/6144 blocks in use) — first token 785
2026-10-06 02:14:39.156 INFO  sched: request 'chatcmpl-c1222c5610810c75' prefix cache miss — 2 cut(s), the cache is empty
2026-10-06 02:14:39.156 INFO  sched: request 'chatcmpl-c1222c5610810c75' admitted to slot 1 (reserve 3 blocks; pool 6/6144 blocks in use) — first token 785
2026-10-06 02:14:39.156 INFO  sched: 2 requests admitted together in one prefill (220 ms)
2026-10-06 02:14:44.957 INFO  stats: rank 3 | 10.0 s | decode 67.3 tok/s, 14.2 ms/tok, 40.1 ms/step (239 steps / 674 tok, 96 % of wall) | mtp 1.88 tok/step/req, accept p1 87 % | prefill 2 prompts / 93 tok, 9 tok/s, 2.36 ms/tok, 110 ms avg (2 % of wall), 0 tok cached (0/2 hits) | live 2, queued 0 | pool 6/6144 blocks (0 %) | prefix cache 0/639 entries
2026-10-06 02:14:45.802 INFO  sched: request 'chatcmpl-c1222c5610810c75' retired (steps): 256 tok in 6.9 s — prefill 46 tok (0 cached) in 220 ms; decode 255 tok / 132 passes in 6.6 s: 38.4 tok/s, 26.1 ms/tok, 50 ms/pass, 1.93 tok/pass, accept p1 94 %
2026-10-06 02:14:46.405 INFO  sched: request 'chatcmpl-c1222c5610810c74' retired (steps): 256 tok in 7.5 s — prefill 47 tok (0 cached) in 220 ms; decode 255 tok / 145 passes in 7.2 s: 35.2 tok/s, 28.4 ms/tok, 50 ms/pass, 1.76 tok/pass, accept p1 76 %
2026-10-06 02:14:46.419 INFO  sched: request 'chatcmpl-c1222c5610810c76' starting prefill in slot 0 (47 prompt tokens)
2026-10-06 02:14:46.419 INFO  sched: request 'chatcmpl-c1222c5610810c77' starting prefill in slot 1 (46 prompt tokens)
2026-10-06 02:14:46.772 INFO  sched: request 'chatcmpl-c1222c5610810c76' prefix cache miss — 2 cut(s), the cache is empty
2026-10-06 02:14:46.772 INFO  sched: request 'chatcmpl-c1222c5610810c76' admitted to slot 0 (reserve 3 blocks; pool 4/6144 blocks in use) — first token 785
2026-10-06 02:14:46.772 INFO  sched: request 'chatcmpl-c1222c5610810c77' prefix cache miss — 2 cut(s), the cache is empty
2026-10-06 02:14:46.772 INFO  sched: request 'chatcmpl-c1222c5610810c77' admitted to slot 1 (reserve 3 blocks; pool 6/6144 blocks in use) — first token 785
2026-10-06 02:14:46.772 INFO  sched: 2 requests admitted together in one prefill (353 ms)
2026-10-06 02:14:53.314 INFO  sched: request 'chatcmpl-c1222c5610810c77' retired (steps): 256 tok in 6.9 s — prefill 46 tok (0 cached) in 353 ms; decode 255 tok / 132 passes in 6.5 s: 39.0 tok/s, 25.7 ms/tok, 50 ms/pass, 1.93 tok/pass, accept p1 94 %
2026-10-06 02:14:53.746 INFO  sched: request 'chatcmpl-c1222c5610810c76' retired (steps): 256 tok in 7.3 s — prefill 47 tok (0 cached) in 353 ms; decode 255 tok / 145 passes in 7.0 s: 36.6 tok/s, 27.3 ms/tok, 48 ms/pass, 1.76 tok/pass, accept p1 76 %
2026-10-06 02:14:53.776 INFO  sched: request 'chatcmpl-c1222c5610810c78' starting prefill in slot 0 (47 prompt tokens)
2026-10-06 02:14:53.776 INFO  sched: request 'chatcmpl-c1222c5610810c79' starting prefill in slot 1 (46 prompt tokens)
2026-10-06 02:14:53.997 INFO  sched: request 'chatcmpl-c1222c5610810c78' prefix cache miss — 2 cut(s), the cache is empty
2026-10-06 02:14:53.997 INFO  sched: request 'chatcmpl-c1222c5610810c78' admitted to slot 0 (reserve 3 blocks; pool 4/6144 blocks in use) — first token 785
2026-10-06 02:14:53.997 INFO  sched: request 'chatcmpl-c1222c5610810c79' prefix cache miss — 2 cut(s), the cache is empty
2026-10-06 02:14:53.997 INFO  sched: request 'chatcmpl-c1222c5610810c79' admitted to slot 1 (reserve 3 blocks; pool 6/6144 blocks in use) — first token 785
2026-10-06 02:14:53.997 INFO  sched: 2 requests admitted together in one prefill (221 ms)
2026-10-06 02:14:54.970 INFO  stats: rank 3 | 10.0 s | decode 66.9 tok/s, 13.8 ms/tok, 48.0 ms/step (193 steps / 670 tok, 92 % of wall) | mtp 1.86 tok/step/req, accept p1 86 % | prefill 4 prompts / 186 tok, 19 tok/s, 3.08 ms/tok, 143 ms avg (6 % of wall), 0 tok cached (0/4 hits) | live 2, queued 0 | pool 6/6144 blocks (0 %) | prefix cache 0/639 entries
2026-10-06 02:14:59.783 INFO  sched: request 'chatcmpl-c1222c5610810c79' retired (steps): 256 tok in 6.0 s — prefill 46 tok (0 cached) in 221 ms; decode 255 tok / 132 passes in 5.8 s: 44.1 tok/s, 22.7 ms/tok, 44 ms/pass, 1.93 tok/pass, accept p1 94 %
2026-10-06 02:15:00.206 INFO  sched: request 'chatcmpl-c1222c5610810c78' retired (steps): 256 tok in 6.4 s — prefill 47 tok (0 cached) in 221 ms; decode 255 tok / 145 passes in 6.2 s: 41.1 tok/s, 24.3 ms/tok, 43 ms/pass, 1.76 tok/pass, accept p1 76 %
2026-10-06 02:15:00.246 INFO  sched: request 'chatcmpl-c1222c5610810c7a' starting prefill in slot 0 (45 prompt tokens)
2026-10-06 02:15:00.246 INFO  sched: request 'chatcmpl-c1222c5610810c7b' starting prefill in slot 1 (33 prompt tokens)
2026-10-06 02:15:00.246 INFO  sched: request 'chatcmpl-c1222c5610810c7c' starting prefill in slot 2 (34 prompt tokens)
2026-10-06 02:15:00.246 INFO  sched: request 'chatcmpl-c1222c5610810c7d' starting prefill in slot 3 (36 prompt tokens)
2026-10-06 02:15:00.547 INFO  sched: request 'chatcmpl-c1222c5610810c7a' prefix cache miss — 2 cut(s), the cache is empty
2026-10-06 02:15:00.547 INFO  sched: request 'chatcmpl-c1222c5610810c7a' admitted to slot 0 (reserve 3 blocks; pool 6/6144 blocks in use) — first token 785
2026-10-06 02:15:00.547 INFO  sched: request 'chatcmpl-c1222c5610810c7b' prefix cache miss — 2 cut(s), the cache is empty
2026-10-06 02:15:00.547 INFO  sched: request 'chatcmpl-c1222c5610810c7b' admitted to slot 1 (reserve 3 blocks; pool 8/6144 blocks in use) — first token 785
2026-10-06 02:15:00.547 INFO  sched: request 'chatcmpl-c1222c5610810c7c' prefix cache miss — 2 cut(s), the cache is empty
2026-10-06 02:15:00.547 INFO  sched: request 'chatcmpl-c1222c5610810c7c' admitted to slot 2 (reserve 3 blocks; pool 10/6144 blocks in use) — first token 785
2026-10-06 02:15:00.547 INFO  sched: request 'chatcmpl-c1222c5610810c7d' prefix cache miss — 2 cut(s), the cache is empty
2026-10-06 02:15:00.547 INFO  sched: request 'chatcmpl-c1222c5610810c7d' admitted to slot 3 (reserve 3 blocks; pool 12/6144 blocks in use) — first token 785
2026-10-06 02:15:00.547 INFO  sched: 4 requests admitted together in one prefill (301 ms)
2026-10-06 02:15:05.026 INFO  stats: rank 3 | 10.1 s | decode 96.6 tok/s, 9.9 ms/tok, 49.9 ms/step (192 steps / 971 tok, 95 % of wall) | mtp 1.90 tok/step/req, accept p1 89 % | prefill 4 prompts / 148 tok, 15 tok/s, 2.03 ms/tok, 75 ms avg (3 % of wall), 0 tok cached (0/4 hits) | live 4, queued 0 | pool 12/6144 blocks (0 %) | prefix cache 0/639 entries
2026-10-06 02:15:09.927 INFO  sched: request 'chatcmpl-c1222c5610810c7a' retired (steps): 256 tok in 9.7 s — prefill 45 tok (0 cached) in 301 ms; decode 255 tok / 130 passes in 9.4 s: 27.2 tok/s, 36.8 ms/tok, 72 ms/pass, 1.96 tok/pass, accept p1 97 %
2026-10-06 02:15:09.928 INFO  sched: request 'chatcmpl-c1222c5610810c7c' retired (steps): 256 tok in 9.7 s — prefill 34 tok (0 cached) in 301 ms; decode 255 tok / 130 passes in 9.4 s: 27.2 tok/s, 36.8 ms/tok, 72 ms/pass, 1.96 tok/pass, accept p1 96 %
2026-10-06 02:15:10.031 INFO  sched: request 'chatcmpl-c1222c5610810c7b' retired (steps): 256 tok in 9.8 s — prefill 33 tok (0 cached) in 301 ms; decode 255 tok / 131 passes in 9.5 s: 26.9 tok/s, 37.2 ms/tok, 72 ms/pass, 1.95 tok/pass, accept p1 95 %
2026-10-06 02:15:10.132 INFO  sched: request 'chatcmpl-c1222c5610810c7d' retired (steps): 256 tok in 9.9 s — prefill 36 tok (0 cached) in 301 ms; decode 255 tok / 133 passes in 9.6 s: 26.6 tok/s, 37.6 ms/tok, 72 ms/pass, 1.92 tok/pass, accept p1 92 %
2026-10-06 02:15:10.146 INFO  sched: request 'chatcmpl-c1222c5610810c7e' starting prefill in slot 0 (45 prompt tokens)
2026-10-06 02:15:10.146 INFO  sched: request 'chatcmpl-c1222c5610810c7f' starting prefill in slot 1 (34 prompt tokens)
2026-10-06 02:15:10.146 INFO  sched: request 'chatcmpl-c1222c5610810c80' starting prefill in slot 2 (36 prompt tokens)
2026-10-06 02:15:10.146 INFO  sched: request 'chatcmpl-c1222c5610810c81' starting prefill in slot 3 (33 prompt tokens)
2026-10-06 02:15:10.676 INFO  sched: request 'chatcmpl-c1222c5610810c7e' prefix cache miss — 2 cut(s), the cache is empty
2026-10-06 02:15:10.676 INFO  sched: request 'chatcmpl-c1222c5610810c7e' admitted to slot 0 (reserve 3 blocks; pool 6/6144 blocks in use) — first token 785
2026-10-06 02:15:10.676 INFO  sched: request 'chatcmpl-c1222c5610810c7f' prefix cache miss — 2 cut(s), the cache is empty
2026-10-06 02:15:10.676 INFO  sched: request 'chatcmpl-c1222c5610810c7f' admitted to slot 1 (reserve 3 blocks; pool 8/6144 blocks in use) — first token 785
2026-10-06 02:15:10.676 INFO  sched: request 'chatcmpl-c1222c5610810c80' prefix cache miss — 2 cut(s), the cache is empty
2026-10-06 02:15:10.676 INFO  sched: request 'chatcmpl-c1222c5610810c80' admitted to slot 2 (reserve 3 blocks; pool 10/6144 blocks in use) — first token 785
2026-10-06 02:15:10.676 INFO  sched: request 'chatcmpl-c1222c5610810c81' prefix cache miss — 2 cut(s), the cache is empty
2026-10-06 02:15:10.676 INFO  sched: request 'chatcmpl-c1222c5610810c81' admitted to slot 3 (reserve 3 blocks; pool 12/6144 blocks in use) — first token 785
2026-10-06 02:15:10.676 INFO  sched: 4 requests admitted together in one prefill (530 ms)
2026-10-06 02:15:15.034 INFO  stats: rank 3 | 10.0 s | decode 92.7 tok/s, 10.1 ms/tok, 77.4 ms/step (121 steps / 928 tok, 94 % of wall) | mtp 1.95 tok/step/req, accept p1 95 % | prefill 4 prompts / 148 tok, 15 tok/s, 3.58 ms/tok, 133 ms avg (5 % of wall), 0 tok cached (0/4 hits) | live 4, queued 0 | pool 12/6144 blocks (0 %) | prefix cache 0/639 entries
2026-10-06 02:15:19.707 INFO  sched: request 'chatcmpl-c1222c5610810c7e' retired (steps): 256 tok in 9.6 s — prefill 45 tok (0 cached) in 530 ms; decode 255 tok / 130 passes in 9.0 s: 28.2 tok/s, 35.4 ms/tok, 69 ms/pass, 1.96 tok/pass, accept p1 97 %
2026-10-06 02:15:19.707 INFO  sched: request 'chatcmpl-c1222c5610810c7f' retired (steps): 256 tok in 9.6 s — prefill 34 tok (0 cached) in 530 ms; decode 255 tok / 130 passes in 9.0 s: 28.2 tok/s, 35.4 ms/tok, 69 ms/pass, 1.96 tok/pass, accept p1 96 %
2026-10-06 02:15:19.774 INFO  sched: request 'chatcmpl-c1222c5610810c81' retired (steps): 256 tok in 9.6 s — prefill 33 tok (0 cached) in 530 ms; decode 255 tok / 131 passes in 9.1 s: 28.0 tok/s, 35.7 ms/tok, 69 ms/pass, 1.95 tok/pass, accept p1 95 %
2026-10-06 02:15:19.841 INFO  sched: request 'chatcmpl-c1222c5610810c80' retired (steps): 256 tok in 9.7 s — prefill 36 tok (0 cached) in 530 ms; decode 255 tok / 133 passes in 9.2 s: 27.8 tok/s, 35.9 ms/tok, 69 ms/pass, 1.92 tok/pass, accept p1 92 %
2026-10-06 02:15:19.872 INFO  sched: request 'chatcmpl-c1222c5610810c82' starting prefill in slot 0 (45 prompt tokens)
2026-10-06 02:15:19.872 INFO  sched: request 'chatcmpl-c1222c5610810c83' starting prefill in slot 1 (34 prompt tokens)
2026-10-06 02:15:19.872 INFO  sched: request 'chatcmpl-c1222c5610810c84' starting prefill in slot 2 (36 prompt tokens)
2026-10-06 02:15:19.872 INFO  sched: request 'chatcmpl-c1222c5610810c85' starting prefill in slot 3 (33 prompt tokens)
2026-10-06 02:15:20.166 INFO  sched: request 'chatcmpl-c1222c5610810c82' prefix cache miss — 2 cut(s), the cache is empty
2026-10-06 02:15:20.166 INFO  sched: request 'chatcmpl-c1222c5610810c82' admitted to slot 0 (reserve 3 blocks; pool 6/6144 blocks in use) — first token 785
2026-10-06 02:15:20.166 INFO  sched: request 'chatcmpl-c1222c5610810c83' prefix cache miss — 2 cut(s), the cache is empty
2026-10-06 02:15:20.166 INFO  sched: request 'chatcmpl-c1222c5610810c83' admitted to slot 1 (reserve 3 blocks; pool 8/6144 blocks in use) — first token 785
2026-10-06 02:15:20.166 INFO  sched: request 'chatcmpl-c1222c5610810c84' prefix cache miss — 2 cut(s), the cache is empty
2026-10-06 02:15:20.166 INFO  sched: request 'chatcmpl-c1222c5610810c84' admitted to slot 2 (reserve 3 blocks; pool 10/6144 blocks in use) — first token 785
2026-10-06 02:15:20.166 INFO  sched: request 'chatcmpl-c1222c5610810c85' prefix cache miss — 2 cut(s), the cache is empty
2026-10-06 02:15:20.166 INFO  sched: request 'chatcmpl-c1222c5610810c85' admitted to slot 3 (reserve 3 blocks; pool 12/6144 blocks in use) — first token 785
2026-10-06 02:15:20.166 INFO  sched: 4 requests admitted together in one prefill (294 ms)
2026-10-06 02:15:25.037 INFO  stats: rank 3 | 10.0 s | decode 107.2 tok/s, 8.9 ms/tok, 68.9 ms/step (139 steps / 1072 tok, 96 % of wall) | mtp 1.96 tok/step/req, accept p1 95 % | prefill 4 prompts / 148 tok, 15 tok/s, 1.99 ms/tok, 74 ms avg (3 % of wall), 0 tok cached (0/4 hits) | live 4, queued 0 | pool 12/6144 blocks (0 %) | prefix cache 0/639 entries
2026-10-06 02:15:29.295 INFO  sched: request 'chatcmpl-c1222c5610810c82' retired (steps): 256 tok in 9.4 s — prefill 45 tok (0 cached) in 294 ms; decode 255 tok / 130 passes in 9.1 s: 27.9 tok/s, 35.8 ms/tok, 70 ms/pass, 1.96 tok/pass, accept p1 97 %
2026-10-06 02:15:29.295 INFO  sched: request 'chatcmpl-c1222c5610810c83' retired (steps): 256 tok in 9.4 s — prefill 34 tok (0 cached) in 294 ms; decode 255 tok / 130 passes in 9.1 s: 27.9 tok/s, 35.8 ms/tok, 70 ms/pass, 1.96 tok/pass, accept p1 96 %
2026-10-06 02:15:29.363 INFO  sched: request 'chatcmpl-c1222c5610810c85' retired (steps): 256 tok in 9.5 s — prefill 33 tok (0 cached) in 294 ms; decode 255 tok / 131 passes in 9.2 s: 27.7 tok/s, 36.1 ms/tok, 70 ms/pass, 1.95 tok/pass, accept p1 95 %
2026-10-06 02:15:29.431 INFO  sched: request 'chatcmpl-c1222c5610810c84' retired (steps): 256 tok in 9.6 s — prefill 36 tok (0 cached) in 294 ms; decode 255 tok / 133 passes in 9.3 s: 27.5 tok/s, 36.3 ms/tok, 70 ms/pass, 1.92 tok/pass, accept p1 92 %
2026-10-06 02:15:29.492 INFO  sched: request 'chatcmpl-c1222c5610810c86' starting prefill in slot 0 (34 prompt tokens)
2026-10-06 02:15:29.492 INFO  sched: request 'chatcmpl-c1222c5610810c87' starting prefill in slot 1 (34 prompt tokens)
2026-10-06 02:15:29.492 INFO  sched: request 'chatcmpl-c1222c5610810c88' starting prefill in slot 2 (33 prompt tokens)
2026-10-06 02:15:29.492 INFO  sched: request 'chatcmpl-c1222c5610810c89' starting prefill in slot 3 (34 prompt tokens)
2026-10-06 02:15:29.770 INFO  sched: request 'chatcmpl-c1222c5610810c86' prefix cache miss — 2 cut(s), the cache is empty
2026-10-06 02:15:29.770 INFO  sched: request 'chatcmpl-c1222c5610810c86' admitted to slot 0 (reserve 3 blocks; pool 6/6144 blocks in use) — first token 785
2026-10-06 02:15:29.770 INFO  sched: request 'chatcmpl-c1222c5610810c87' prefix cache miss — 2 cut(s), the cache is empty
2026-10-06 02:15:29.770 INFO  sched: request 'chatcmpl-c1222c5610810c87' admitted to slot 1 (reserve 3 blocks; pool 8/6144 blocks in use) — first token 785
2026-10-06 02:15:29.770 INFO  sched: request 'chatcmpl-c1222c5610810c88' prefix cache miss — 2 cut(s), the cache is empty
2026-10-06 02:15:29.770 INFO  sched: request 'chatcmpl-c1222c5610810c88' admitted to slot 2 (reserve 3 blocks; pool 10/6144 blocks in use) — first token 785
2026-10-06 02:15:29.770 INFO  sched: request 'chatcmpl-c1222c5610810c89' prefix cache miss — 2 cut(s), the cache is empty
2026-10-06 02:15:29.770 INFO  sched: request 'chatcmpl-c1222c5610810c89' admitted to slot 3 (reserve 3 blocks; pool 12/6144 blocks in use) — first token 785
2026-10-06 02:15:29.770 INFO  sched: 4 requests admitted together in one prefill (278 ms)
2026-10-06 02:15:29.820 INFO  sched: request 'chatcmpl-c1222c5610810c8a' deferred (needs 3 blocks, 6132 free, 0 slot(s) open) — admits when a peer retires
2026-10-06 02:15:35.083 INFO  stats: rank 3 | 10.0 s | decode 119.5 tok/s, 8.0 ms/tok, 61.9 ms/step (155 steps / 1200 tok, 95 % of wall) | mtp 1.96 tok/step/req, accept p1 96 % | prefill 4 prompts / 135 tok, 13 tok/s, 2.06 ms/tok, 70 ms avg (3 % of wall), 0 tok cached (0/4 hits) | live 4, queued 4 | pool 12/6144 blocks (0 %) | prefix cache 0/639 entries
2026-10-06 02:15:37.793 INFO  sched: request 'chatcmpl-c1222c5610810c86' retired (steps): 256 tok in 8.3 s — prefill 34 tok (0 cached) in 278 ms; decode 255 tok / 129 passes in 8.0 s: 31.8 tok/s, 31.5 ms/tok, 62 ms/pass, 1.98 tok/pass, accept p1 98 %
2026-10-06 02:15:37.794 INFO  sched: request 'chatcmpl-c1222c5610810c8a' starting prefill in slot 0 (33 prompt tokens)
2026-10-06 02:15:37.945 INFO  sched: request 'chatcmpl-c1222c5610810c8a' prefix cache miss — 2 cut(s), the cache is empty
2026-10-06 02:15:37.945 INFO  sched: request 'chatcmpl-c1222c5610810c8a' admitted to slot 0 (reserve 3 blocks; pool 12/6144 blocks in use) — first token 785
2026-10-06 02:15:38.011 INFO  sched: request 'chatcmpl-c1222c5610810c87' retired (steps): 256 tok in 8.5 s — prefill 34 tok (0 cached) in 278 ms; decode 255 tok / 130 passes in 8.2 s: 30.9 tok/s, 32.3 ms/tok, 63 ms/pass, 1.96 tok/pass, accept p1 96 %
2026-10-06 02:15:38.012 INFO  sched: request 'chatcmpl-c1222c5610810c8b' starting prefill in slot 1 (34 prompt tokens)
2026-10-06 02:15:38.160 INFO  sched: request 'chatcmpl-c1222c5610810c8b' prefix cache miss — 2 cut(s), the cache is empty
2026-10-06 02:15:38.160 INFO  sched: request 'chatcmpl-c1222c5610810c8b' admitted to slot 1 (reserve 3 blocks; pool 12/6144 blocks in use) — first token 785
2026-10-06 02:15:38.225 INFO  sched: request 'chatcmpl-c1222c5610810c88' retired (steps): 256 tok in 8.7 s — prefill 33 tok (0 cached) in 278 ms; decode 255 tok / 131 passes in 8.5 s: 30.2 tok/s, 33.2 ms/tok, 65 ms/pass, 1.95 tok/pass, accept p1 95 %
2026-10-06 02:15:38.226 INFO  sched: request 'chatcmpl-c1222c5610810c8c' starting prefill in slot 2 (34 prompt tokens)
2026-10-06 02:15:38.377 INFO  sched: request 'chatcmpl-c1222c5610810c8c' prefix cache miss — 2 cut(s), the cache is empty
2026-10-06 02:15:38.377 INFO  sched: request 'chatcmpl-c1222c5610810c8c' admitted to slot 2 (reserve 3 blocks; pool 12/6144 blocks in use) — first token 785
2026-10-06 02:15:38.439 INFO  sched: request 'chatcmpl-c1222c5610810c8d' deferred (needs 3 blocks, 6132 free, 0 slot(s) open) — admits when a peer retires
2026-10-06 02:15:38.696 INFO  sched: request 'chatcmpl-c1222c5610810c89' retired (steps): 256 tok in 9.2 s — prefill 34 tok (0 cached) in 278 ms; decode 255 tok / 136 passes in 8.9 s: 28.6 tok/s, 35.0 ms/tok, 66 ms/pass, 1.88 tok/pass, accept p1 88 %
2026-10-06 02:15:38.697 INFO  sched: request 'chatcmpl-c1222c5610810c8d' starting prefill in slot 3 (33 prompt tokens)
2026-10-06 02:15:38.853 INFO  sched: request 'chatcmpl-c1222c5610810c8d' prefix cache miss — 2 cut(s), the cache is empty
2026-10-06 02:15:38.853 INFO  sched: request 'chatcmpl-c1222c5610810c8d' admitted to slot 3 (reserve 3 blocks; pool 12/6144 blocks in use) — first token 785
2026-10-06 02:15:45.183 INFO  stats: rank 3 | 10.1 s | decode 111.9 tok/s, 8.3 ms/tok, 64.3 ms/step (146 steps / 1130 tok, 93 % of wall) | mtp 1.93 tok/step/req, accept p1 93 % | prefill 4 prompts / 134 tok, 13 tok/s, 4.53 ms/tok, 152 ms avg (6 % of wall), 0 tok cached (0/4 hits) | live 4, queued 0 | pool 12/6144 blocks (0 %) | prefix cache 0/639 entries
2026-10-06 02:15:48.175 INFO  sched: request 'chatcmpl-c1222c5610810c8b' retired (steps): 256 tok in 10.2 s — prefill 34 tok (0 cached) in 149 ms; decode 255 tok / 130 passes in 10.0 s: 25.5 tok/s, 39.3 ms/tok, 77 ms/pass, 1.96 tok/pass, accept p1 96 %
2026-10-06 02:15:48.495 INFO  sched: request 'chatcmpl-c1222c5610810c8a' retired (steps): 256 tok in 10.7 s — prefill 33 tok (0 cached) in 151 ms; decode 255 tok / 134 passes in 10.6 s: 24.2 tok/s, 41.4 ms/tok, 79 ms/pass, 1.90 tok/pass, accept p1 90 %
2026-10-06 02:15:48.601 INFO  sched: request 'chatcmpl-c1222c5610810c8c' retired (steps): 256 tok in 10.4 s — prefill 34 tok (0 cached) in 151 ms; decode 255 tok / 133 passes in 10.2 s: 24.9 tok/s, 40.1 ms/tok, 77 ms/pass, 1.92 tok/pass, accept p1 92 %
2026-10-06 02:15:48.749 INFO  sched: request 'chatcmpl-c1222c5610810c8d' retired (steps): 256 tok in 10.1 s — prefill 33 tok (0 cached) in 156 ms; decode 255 tok / 131 passes in 9.9 s: 25.8 tok/s, 38.8 ms/tok, 76 ms/pass, 1.95 tok/pass, accept p1 95 %
2026-10-06 02:15:48.768 INFO  sched: request 'chatcmpl-c1222c5610810c8e' starting prefill in slot 0 (34 prompt tokens)
2026-10-06 02:15:48.768 INFO  sched: request 'chatcmpl-c1222c5610810c8f' starting prefill in slot 1 (34 prompt tokens)
2026-10-06 02:15:48.768 INFO  sched: request 'chatcmpl-c1222c5610810c90' starting prefill in slot 2 (33 prompt tokens)
2026-10-06 02:15:48.768 INFO  sched: request 'chatcmpl-c1222c5610810c91' starting prefill in slot 3 (34 prompt tokens)
2026-10-06 02:15:49.269 INFO  sched: request 'chatcmpl-c1222c5610810c8e' prefix cache miss — 2 cut(s), the cache is empty
2026-10-06 02:15:49.269 INFO  sched: request 'chatcmpl-c1222c5610810c8e' admitted to slot 0 (reserve 3 blocks; pool 6/6144 blocks in use) — first token 785
2026-10-06 02:15:49.269 INFO  sched: request 'chatcmpl-c1222c5610810c8f' prefix cache miss — 2 cut(s), the cache is empty
2026-10-06 02:15:49.269 INFO  sched: request 'chatcmpl-c1222c5610810c8f' admitted to slot 1 (reserve 3 blocks; pool 8/6144 blocks in use) — first token 785
2026-10-06 02:15:49.269 INFO  sched: request 'chatcmpl-c1222c5610810c90' prefix cache miss — 2 cut(s), the cache is empty
2026-10-06 02:15:49.269 INFO  sched: request 'chatcmpl-c1222c5610810c90' admitted to slot 2 (reserve 3 blocks; pool 10/6144 blocks in use) — first token 785
2026-10-06 02:15:49.269 INFO  sched: request 'chatcmpl-c1222c5610810c91' prefix cache miss — 2 cut(s), the cache is empty
2026-10-06 02:15:49.269 INFO  sched: request 'chatcmpl-c1222c5610810c91' admitted to slot 3 (reserve 3 blocks; pool 12/6144 blocks in use) — first token 785
2026-10-06 02:15:49.269 INFO  sched: 4 requests admitted together in one prefill (500 ms)
2026-10-06 02:15:49.353 INFO  sched: request 'chatcmpl-c1222c5610810c92' deferred (needs 3 blocks, 6132 free, 0 slot(s) open) — admits when a peer retires
2026-10-06 02:15:55.214 INFO  stats: rank 3 | 10.0 s | decode 95.2 tok/s, 9.8 ms/tok, 74.6 ms/step (126 steps / 955 tok, 94 % of wall) | mtp 1.95 tok/step/req, accept p1 94 % | prefill 4 prompts / 135 tok, 13 tok/s, 3.71 ms/tok, 125 ms avg (5 % of wall), 0 tok cached (0/4 hits) | live 4, queued 4 | pool 12/6144 blocks (0 %) | prefix cache 0/639 entries
2026-10-06 02:15:58.801 INFO  sched: request 'chatcmpl-c1222c5610810c8e' retired (steps): 256 tok in 10.0 s — prefill 34 tok (0 cached) in 500 ms; decode 255 tok / 129 passes in 9.5 s: 26.8 tok/s, 37.4 ms/tok, 74 ms/pass, 1.98 tok/pass, accept p1 98 %
2026-10-06 02:15:58.802 INFO  sched: request 'chatcmpl-c1222c5610810c92' starting prefill in slot 0 (33 prompt tokens)
2026-10-06 02:15:59.037 INFO  sched: request 'chatcmpl-c1222c5610810c92' prefix cache miss — 2 cut(s), the cache is empty
2026-10-06 02:15:59.037 INFO  sched: request 'chatcmpl-c1222c5610810c92' admitted to slot 0 (reserve 3 blocks; pool 12/6144 blocks in use) — first token 785
2026-10-06 02:15:59.141 INFO  sched: request 'chatcmpl-c1222c5610810c91' retired (steps): 256 tok in 10.4 s — prefill 34 tok (0 cached) in 500 ms; decode 255 tok / 130 passes in 9.9 s: 25.8 tok/s, 38.7 ms/tok, 76 ms/pass, 1.96 tok/pass, accept p1 96 %
2026-10-06 02:15:59.142 INFO  sched: request 'chatcmpl-c1222c5610810c93' starting prefill in slot 3 (33 prompt tokens)
2026-10-06 02:15:59.373 INFO  sched: request 'chatcmpl-c1222c5610810c93' prefix cache miss — 2 cut(s), the cache is empty
2026-10-06 02:15:59.373 INFO  sched: request 'chatcmpl-c1222c5610810c93' admitted to slot 3 (reserve 3 blocks; pool 12/6144 blocks in use) — first token 785
2026-10-06 02:15:59.479 INFO  sched: request 'chatcmpl-c1222c5610810c90' retired (steps): 256 tok in 10.7 s — prefill 33 tok (0 cached) in 500 ms; decode 255 tok / 131 passes in 10.2 s: 25.0 tok/s, 40.0 ms/tok, 78 ms/pass, 1.95 tok/pass, accept p1 95 %
2026-10-06 02:15:59.480 INFO  sched: request 'chatcmpl-c1222c5610810c94' starting prefill in slot 2 (34 prompt tokens)
2026-10-06 02:15:59.718 INFO  sched: request 'chatcmpl-c1222c5610810c94' prefix cache miss — 2 cut(s), the cache is empty
2026-10-06 02:15:59.718 INFO  sched: request 'chatcmpl-c1222c5610810c94' admitted to slot 2 (reserve 3 blocks; pool 12/6144 blocks in use) — first token 785
2026-10-06 02:15:59.817 INFO  sched: request 'chatcmpl-c1222c5610810c95' deferred (needs 3 blocks, 6132 free, 0 slot(s) open) — admits when a peer retires
2026-10-06 02:16:00.244 INFO  sched: request 'chatcmpl-c1222c5610810c8f' retired (steps): 256 tok in 11.5 s — prefill 34 tok (0 cached) in 500 ms; decode 255 tok / 136 passes in 11.0 s: 23.2 tok/s, 43.0 ms/tok, 81 ms/pass, 1.88 tok/pass, accept p1 88 %
2026-10-06 02:16:00.244 INFO  sched: request 'chatcmpl-c1222c5610810c95' starting prefill in slot 1 (34 prompt tokens)
2026-10-06 02:16:00.404 INFO  sched: request 'chatcmpl-c1222c5610810c95' prefix cache miss — 2 cut(s), the cache is empty
2026-10-06 02:16:00.404 INFO  sched: request 'chatcmpl-c1222c5610810c95' admitted to slot 1 (reserve 3 blocks; pool 12/6144 blocks in use) — first token 785
2026-10-06 02:16:05.219 INFO  stats: rank 3 | 10.0 s | decode 93.2 tok/s, 9.7 ms/tok, 75.2 ms/step (120 steps / 932 tok, 90 % of wall) | mtp 1.94 tok/step/req, accept p1 94 % | prefill 4 prompts / 134 tok, 13 tok/s, 6.45 ms/tok, 216 ms avg (9 % of wall), 0 tok cached (0/4 hits) | live 4, queued 0 | pool 12/6144 blocks (0 %) | prefix cache 0/639 entries
2026-10-06 02:16:08.462 INFO  sched: request 'chatcmpl-c1222c5610810c93' retired (steps): 256 tok in 9.3 s — prefill 33 tok (0 cached) in 231 ms; decode 255 tok / 131 passes in 9.1 s: 28.1 tok/s, 35.6 ms/tok, 69 ms/pass, 1.95 tok/pass, accept p1 95 %
2026-10-06 02:16:08.571 INFO  sched: request 'chatcmpl-c1222c5610810c92' retired (steps): 256 tok in 9.8 s — prefill 33 tok (0 cached) in 235 ms; decode 255 tok / 134 passes in 9.5 s: 26.7 tok/s, 37.4 ms/tok, 71 ms/pass, 1.90 tok/pass, accept p1 90 %
2026-10-06 02:16:08.627 INFO  sched: request 'chatcmpl-c1222c5610810c94' retired (steps): 256 tok in 9.1 s — prefill 34 tok (0 cached) in 239 ms; decode 255 tok / 133 passes in 8.9 s: 28.6 tok/s, 34.9 ms/tok, 67 ms/pass, 1.92 tok/pass, accept p1 92 %
2026-10-06 02:16:08.693 INFO  sched: request 'chatcmpl-c1222c5610810c95' retired (steps): 256 tok in 8.4 s — prefill 34 tok (0 cached) in 160 ms; decode 255 tok / 130 passes in 8.3 s: 30.8 tok/s, 32.5 ms/tok, 64 ms/pass, 1.96 tok/pass, accept p1 96 %
2026-10-06 02:16:08.712 INFO  sched: request 'chatcmpl-c1222c5610810c96' starting prefill in slot 0 (34 prompt tokens)
2026-10-06 02:16:08.712 INFO  sched: request 'chatcmpl-c1222c5610810c97' starting prefill in slot 1 (34 prompt tokens)
2026-10-06 02:16:08.712 INFO  sched: request 'chatcmpl-c1222c5610810c98' starting prefill in slot 2 (33 prompt tokens)
2026-10-06 02:16:08.713 INFO  sched: request 'chatcmpl-c1222c5610810c99' starting prefill in slot 3 (34 prompt tokens)
2026-10-06 02:16:08.987 INFO  sched: request 'chatcmpl-c1222c5610810c96' prefix cache miss — 2 cut(s), the cache is empty
2026-10-06 02:16:08.987 INFO  sched: request 'chatcmpl-c1222c5610810c96' admitted to slot 0 (reserve 3 blocks; pool 6/6144 blocks in use) — first token 785
2026-10-06 02:16:08.987 INFO  sched: request 'chatcmpl-c1222c5610810c97' prefix cache miss — 2 cut(s), the cache is empty
2026-10-06 02:16:08.987 INFO  sched: request 'chatcmpl-c1222c5610810c97' admitted to slot 1 (reserve 3 blocks; pool 8/6144 blocks in use) — first token 785
2026-10-06 02:16:08.987 INFO  sched: request 'chatcmpl-c1222c5610810c98' prefix cache miss — 2 cut(s), the cache is empty
2026-10-06 02:16:08.987 INFO  sched: request 'chatcmpl-c1222c5610810c98' admitted to slot 2 (reserve 3 blocks; pool 10/6144 blocks in use) — first token 785
2026-10-06 02:16:08.987 INFO  sched: request 'chatcmpl-c1222c5610810c99' prefix cache miss — 2 cut(s), the cache is empty
2026-10-06 02:16:08.987 INFO  sched: request 'chatcmpl-c1222c5610810c99' admitted to slot 3 (reserve 3 blocks; pool 12/6144 blocks in use) — first token 785
2026-10-06 02:16:08.987 INFO  sched: 4 requests admitted together in one prefill (275 ms)
2026-10-06 02:16:09.036 INFO  sched: request 'chatcmpl-c1222c5610810c9a' deferred (needs 3 blocks, 6132 free, 0 slot(s) open) — admits when a peer retires
2026-10-06 02:16:15.255 INFO  stats: rank 3 | 10.0 s | decode 119.0 tok/s, 8.1 ms/tok, 61.7 ms/step (156 steps / 1194 tok, 96 % of wall) | mtp 1.94 tok/step/req, accept p1 94 % | prefill 4 prompts / 135 tok, 13 tok/s, 2.04 ms/tok, 69 ms avg (3 % of wall), 0 tok cached (0/4 hits) | live 4, queued 4 | pool 12/6144 blocks (0 %) | prefix cache 0/639 entries
2026-10-06 02:16:17.009 INFO  sched: request 'chatcmpl-c1222c5610810c96' retired (steps): 256 tok in 8.3 s — prefill 34 tok (0 cached) in 275 ms; decode 255 tok / 129 passes in 8.0 s: 31.8 tok/s, 31.5 ms/tok, 62 ms/pass, 1.98 tok/pass, accept p1 98 %
2026-10-06 02:16:17.009 INFO  sched: request 'chatcmpl-c1222c5610810c9a' starting prefill in slot 0 (33 prompt tokens)
2026-10-06 02:16:17.162 INFO  sched: request 'chatcmpl-c1222c5610810c9a' prefix cache miss — 2 cut(s), the cache is empty
2026-10-06 02:16:17.162 INFO  sched: request 'chatcmpl-c1222c5610810c9a' admitted to slot 0 (reserve 3 blocks; pool 12/6144 blocks in use) — first token 785
2026-10-06 02:16:17.229 INFO  sched: request 'chatcmpl-c1222c5610810c97' retired (steps): 256 tok in 8.5 s — prefill 34 tok (0 cached) in 275 ms; decode 255 tok / 130 passes in 8.2 s: 30.9 tok/s, 32.3 ms/tok, 63 ms/pass, 1.96 tok/pass, accept p1 96 %
2026-10-06 02:16:17.230 INFO  sched: request 'chatcmpl-c1222c5610810c9b' starting prefill in slot 1 (34 prompt tokens)
2026-10-06 02:16:17.384 INFO  sched: request 'chatcmpl-c1222c5610810c9b' prefix cache miss — 2 cut(s), the cache is empty
2026-10-06 02:16:17.384 INFO  sched: request 'chatcmpl-c1222c5610810c9b' admitted to slot 1 (reserve 3 blocks; pool 12/6144 blocks in use) — first token 785
2026-10-06 02:16:17.450 INFO  sched: request 'chatcmpl-c1222c5610810c98' retired (steps): 256 tok in 8.7 s — prefill 33 tok (0 cached) in 275 ms; decode 255 tok / 131 passes in 8.5 s: 30.1 tok/s, 33.2 ms/tok, 65 ms/pass, 1.95 tok/pass, accept p1 95 %
2026-10-06 02:16:17.451 INFO  sched: request 'chatcmpl-c1222c5610810c9c' starting prefill in slot 2 (33 prompt tokens)
2026-10-06 02:16:17.597 INFO  sched: request 'chatcmpl-c1222c5610810c9c' prefix cache miss — 2 cut(s), the cache is empty
2026-10-06 02:16:17.597 INFO  sched: request 'chatcmpl-c1222c5610810c9c' admitted to slot 2 (reserve 3 blocks; pool 12/6144 blocks in use) — first token 785
2026-10-06 02:16:17.659 INFO  sched: request 'chatcmpl-c1222c5610810c9d' deferred (needs 3 blocks, 6132 free, 0 slot(s) open) — admits when a peer retires
2026-10-06 02:16:17.922 INFO  sched: request 'chatcmpl-c1222c5610810c99' retired (steps): 256 tok in 9.2 s — prefill 34 tok (0 cached) in 275 ms; decode 255 tok / 136 passes in 8.9 s: 28.5 tok/s, 35.0 ms/tok, 66 ms/pass, 1.88 tok/pass, accept p1 88 %
2026-10-06 02:16:17.922 INFO  sched: request 'chatcmpl-c1222c5610810c9d' starting prefill in slot 3 (34 prompt tokens)
2026-10-06 02:16:18.074 INFO  sched: request 'chatcmpl-c1222c5610810c9d' prefix cache miss — 2 cut(s), the cache is empty
2026-10-06 02:16:18.074 INFO  sched: request 'chatcmpl-c1222c5610810c9d' admitted to slot 3 (reserve 3 blocks; pool 12/6144 blocks in use) — first token 785
2026-10-06 02:16:25.332 INFO  stats: rank 3 | 10.1 s | decode 99.1 tok/s, 9.4 ms/tok, 72.6 ms/step (129 steps / 999 tok, 93 % of wall) | mtp 1.94 tok/step/req, accept p1 93 % | prefill 4 prompts / 134 tok, 13 tok/s, 4.52 ms/tok, 151 ms avg (6 % of wall), 0 tok cached (0/4 hits) | live 4, queued 0 | pool 12/6144 blocks (0 %) | prefix cache 0/639 entries
2026-10-06 02:16:28.116 INFO  sched: request 'chatcmpl-c1222c5610810c9b' retired (steps): 256 tok in 10.9 s — prefill 34 tok (0 cached) in 154 ms; decode 255 tok / 130 passes in 10.7 s: 23.8 tok/s, 42.1 ms/tok, 83 ms/pass, 1.96 tok/pass, accept p1 96 %
2026-10-06 02:16:28.248 INFO  sched: request 'chatcmpl-c1222c5610810c9c' retired (steps): 256 tok in 10.8 s — prefill 33 tok (0 cached) in 146 ms; decode 255 tok / 131 passes in 10.7 s: 23.9 tok/s, 41.8 ms/tok, 81 ms/pass, 1.95 tok/pass, accept p1 95 %
2026-10-06 02:16:28.312 INFO  sched: request 'chatcmpl-c1222c5610810c9a' retired (steps): 256 tok in 11.3 s — prefill 33 tok (0 cached) in 153 ms; decode 255 tok / 134 passes in 11.1 s: 22.9 tok/s, 43.7 ms/tok, 83 ms/pass, 1.90 tok/pass, accept p1 90 %
2026-10-06 02:16:28.505 INFO  sched: request 'chatcmpl-c1222c5610810c9d' retired (steps): 256 tok in 10.6 s — prefill 34 tok (0 cached) in 152 ms; decode 255 tok / 133 passes in 10.4 s: 24.4 tok/s, 40.9 ms/tok, 78 ms/pass, 1.92 tok/pass, accept p1 92 %
2026-10-06 02:16:28.556 INFO  sched: request 'chatcmpl-c1222c5610810c9e' starting prefill in slot 0 (68 prompt tokens)
2026-10-06 02:16:28.754 INFO  sched: request 'chatcmpl-c1222c5610810c9e' prefix cache miss — 2 cut(s), the cache is empty
2026-10-06 02:16:28.754 INFO  sched: request 'chatcmpl-c1222c5610810c9e' admitted to slot 0 (reserve 3 blocks; pool 3/6144 blocks in use) — first token 785
2026-10-06 02:16:33.228 INFO  sched: request 'chatcmpl-c1222c5610810c9e' retired (steps): 256 tok in 4.7 s — prefill 68 tok (0 cached) in 198 ms; decode 255 tok / 133 passes in 4.5 s: 57.0 tok/s, 17.5 ms/tok, 34 ms/pass, 1.92 tok/pass, accept p1 92 %
2026-10-06 02:16:33.254 INFO  sched: request 'chatcmpl-c1222c5610810c9f' starting prefill in slot 0 (68 prompt tokens)
2026-10-06 02:16:33.578 INFO  sched: request 'chatcmpl-c1222c5610810c9f' prefix cache miss — 2 cut(s), the cache is empty
2026-10-06 02:16:33.578 INFO  sched: request 'chatcmpl-c1222c5610810c9f' admitted to slot 0 (reserve 3 blocks; pool 3/6144 blocks in use) — first token 785
2026-10-06 02:16:35.355 INFO  stats: rank 3 | 10.0 s | decode 58.7 tok/s, 15.8 ms/tok, 44.4 ms/step (209 steps / 588 tok, 93 % of wall) | mtp 1.93 tok/step/req, accept p1 93 % | prefill 2 prompts / 136 tok, 14 tok/s, 3.84 ms/tok, 261 ms avg (5 % of wall), 0 tok cached (0/2 hits) | live 1, queued 0 | pool 3/6144 blocks (0 %) | prefix cache 0/639 entries
2026-10-06 02:16:39.612 INFO  sched: request 'chatcmpl-c1222c5610810c9f' retired (steps): 256 tok in 6.4 s — prefill 68 tok (0 cached) in 325 ms; decode 255 tok / 133 passes in 6.0 s: 42.3 tok/s, 23.7 ms/tok, 45 ms/pass, 1.92 tok/pass, accept p1 92 %
2026-10-06 02:16:39.626 INFO  sched: request 'chatcmpl-c1222c5610810ca0' starting prefill in slot 0 (68 prompt tokens)
2026-10-06 02:16:39.823 INFO  sched: request 'chatcmpl-c1222c5610810ca0' prefix cache miss — 2 cut(s), the cache is empty
2026-10-06 02:16:39.823 INFO  sched: request 'chatcmpl-c1222c5610810ca0' admitted to slot 0 (reserve 3 blocks; pool 3/6144 blocks in use) — first token 785
2026-10-06 02:16:44.069 INFO  sched: request 'chatcmpl-c1222c5610810ca0' retired (steps): 256 tok in 4.4 s — prefill 68 tok (0 cached) in 197 ms; decode 255 tok / 133 passes in 4.2 s: 60.1 tok/s, 16.6 ms/tok, 32 ms/pass, 1.92 tok/pass, accept p1 92 %
2026-10-06 02:16:44.113 INFO  sched: request 'chatcmpl-c1222c5610810ca1' starting prefill in slot 0 (54 prompt tokens)
2026-10-06 02:16:44.114 INFO  sched: request 'chatcmpl-c1222c5610810ca2' starting prefill in slot 1 (61 prompt tokens)
2026-10-06 02:16:44.365 INFO  sched: request 'chatcmpl-c1222c5610810ca1' prefix cache miss — 2 cut(s), the cache is empty
2026-10-06 02:16:44.365 INFO  sched: request 'chatcmpl-c1222c5610810ca1' admitted to slot 0 (reserve 3 blocks; pool 4/6144 blocks in use) — first token 785
2026-10-06 02:16:44.365 INFO  sched: request 'chatcmpl-c1222c5610810ca2' prefix cache miss — 2 cut(s), the cache is empty
2026-10-06 02:16:44.365 INFO  sched: request 'chatcmpl-c1222c5610810ca2' admitted to slot 1 (reserve 3 blocks; pool 6/6144 blocks in use) — first token 785
2026-10-06 02:16:44.365 INFO  sched: 2 requests admitted together in one prefill (252 ms)
2026-10-06 02:16:45.360 INFO  stats: rank 3 | 10.0 s | decode 52.9 tok/s, 17.6 ms/tok, 37.0 ms/step (252 steps / 529 tok, 93 % of wall) | mtp 1.92 tok/step/req, accept p1 91 % | prefill 3 prompts / 183 tok, 18 tok/s, 2.45 ms/tok, 149 ms avg (4 % of wall), 0 tok cached (0/3 hits) | live 2, queued 0 | pool 6/6144 blocks (0 %) | prefix cache 0/639 entries
2026-10-06 02:16:50.056 INFO  sched: request 'chatcmpl-c1222c5610810ca1' retired (steps): 256 tok in 5.9 s — prefill 54 tok (0 cached) in 252 ms; decode 255 tok / 130 passes in 5.7 s: 44.8 tok/s, 22.3 ms/tok, 44 ms/pass, 1.96 tok/pass, accept p1 97 %
2026-10-06 02:16:50.089 INFO  sched: request 'chatcmpl-c1222c5610810ca2' retired (steps): 256 tok in 6.0 s — prefill 61 tok (0 cached) in 252 ms; decode 255 tok / 131 passes in 5.7 s: 44.6 tok/s, 22.4 ms/tok, 44 ms/pass, 1.95 tok/pass, accept p1 95 %
2026-10-06 02:16:50.109 INFO  sched: request 'chatcmpl-c1222c5610810ca3' starting prefill in slot 0 (61 prompt tokens)
2026-10-06 02:16:50.109 INFO  sched: request 'chatcmpl-c1222c5610810ca4' starting prefill in slot 1 (54 prompt tokens)
2026-10-06 02:16:50.361 INFO  sched: request 'chatcmpl-c1222c5610810ca3' prefix cache miss — 2 cut(s), the cache is empty
2026-10-06 02:16:50.361 INFO  sched: request 'chatcmpl-c1222c5610810ca3' admitted to slot 0 (reserve 3 blocks; pool 4/6144 blocks in use) — first token 785
2026-10-06 02:16:50.361 INFO  sched: request 'chatcmpl-c1222c5610810ca4' prefix cache miss — 2 cut(s), the cache is empty
2026-10-06 02:16:50.361 INFO  sched: request 'chatcmpl-c1222c5610810ca4' admitted to slot 1 (reserve 3 blocks; pool 6/6144 blocks in use) — first token 785
2026-10-06 02:16:50.361 INFO  sched: 2 requests admitted together in one prefill (253 ms)
2026-10-06 02:16:55.387 INFO  stats: rank 3 | 10.0 s | decode 87.3 tok/s, 11.0 ms/tok, 43.0 ms/step (223 steps / 875 tok, 96 % of wall) | mtp 1.97 tok/step/req, accept p1 96 % | prefill 2 prompts / 115 tok, 11 tok/s, 2.20 ms/tok, 126 ms avg (3 % of wall), 0 tok cached (0/2 hits) | live 2, queued 0 | pool 6/6144 blocks (0 %) | prefix cache 0/639 entries
2026-10-06 02:16:56.073 INFO  sched: request 'chatcmpl-c1222c5610810ca4' retired (steps): 256 tok in 6.0 s — prefill 54 tok (0 cached) in 253 ms; decode 255 tok / 130 passes in 5.7 s: 44.6 tok/s, 22.4 ms/tok, 44 ms/pass, 1.96 tok/pass, accept p1 97 %
2026-10-06 02:16:56.106 INFO  sched: request 'chatcmpl-c1222c5610810ca3' retired (steps): 256 tok in 6.0 s — prefill 61 tok (0 cached) in 253 ms; decode 255 tok / 131 passes in 5.7 s: 44.4 tok/s, 22.5 ms/tok, 44 ms/pass, 1.95 tok/pass, accept p1 95 %
2026-10-06 02:16:56.131 INFO  sched: request 'chatcmpl-c1222c5610810ca5' starting prefill in slot 0 (61 prompt tokens)
2026-10-06 02:16:56.131 INFO  sched: request 'chatcmpl-c1222c5610810ca6' starting prefill in slot 1 (54 prompt tokens)
2026-10-06 02:16:56.382 INFO  sched: request 'chatcmpl-c1222c5610810ca5' prefix cache miss — 2 cut(s), the cache is empty
2026-10-06 02:16:56.382 INFO  sched: request 'chatcmpl-c1222c5610810ca5' admitted to slot 0 (reserve 3 blocks; pool 4/6144 blocks in use) — first token 785
2026-10-06 02:16:56.382 INFO  sched: request 'chatcmpl-c1222c5610810ca6' prefix cache miss — 2 cut(s), the cache is empty
2026-10-06 02:16:56.382 INFO  sched: request 'chatcmpl-c1222c5610810ca6' admitted to slot 1 (reserve 3 blocks; pool 6/6144 blocks in use) — first token 785
2026-10-06 02:16:56.382 INFO  sched: 2 requests admitted together in one prefill (251 ms)
2026-10-06 02:17:03.763 INFO  sched: request 'chatcmpl-c1222c5610810ca6' retired (steps): 256 tok in 7.6 s — prefill 54 tok (0 cached) in 251 ms; decode 255 tok / 130 passes in 7.4 s: 34.5 tok/s, 28.9 ms/tok, 57 ms/pass, 1.96 tok/pass, accept p1 97 %
2026-10-06 02:17:03.813 INFO  sched: request 'chatcmpl-c1222c5610810ca5' retired (steps): 256 tok in 7.7 s — prefill 61 tok (0 cached) in 251 ms; decode 255 tok / 131 passes in 7.4 s: 34.3 tok/s, 29.1 ms/tok, 57 ms/pass, 1.95 tok/pass, accept p1 95 %
2026-10-06 02:17:03.865 INFO  sched: request 'chatcmpl-c1222c5610810ca7' starting prefill in slot 0 (54 prompt tokens)
2026-10-06 02:17:03.865 INFO  sched: request 'chatcmpl-c1222c5610810ca8' starting prefill in slot 1 (39 prompt tokens)
2026-10-06 02:17:03.865 INFO  sched: request 'chatcmpl-c1222c5610810ca9' starting prefill in slot 2 (35 prompt tokens)
2026-10-06 02:17:03.865 INFO  sched: request 'chatcmpl-c1222c5610810caa' starting prefill in slot 3 (37 prompt tokens)
2026-10-06 02:17:04.424 INFO  sched: request 'chatcmpl-c1222c5610810ca7' prefix cache miss — 2 cut(s), the cache is empty
2026-10-06 02:17:04.424 INFO  sched: request 'chatcmpl-c1222c5610810ca7' admitted to slot 0 (reserve 3 blocks; pool 6/6144 blocks in use) — first token 785
2026-10-06 02:17:04.424 INFO  sched: request 'chatcmpl-c1222c5610810ca8' prefix cache miss — 2 cut(s), the cache is empty
2026-10-06 02:17:04.424 INFO  sched: request 'chatcmpl-c1222c5610810ca8' admitted to slot 1 (reserve 3 blocks; pool 8/6144 blocks in use) — first token 785
2026-10-06 02:17:04.424 INFO  sched: request 'chatcmpl-c1222c5610810ca9' prefix cache miss — 2 cut(s), the cache is empty
2026-10-06 02:17:04.424 INFO  sched: request 'chatcmpl-c1222c5610810ca9' admitted to slot 2 (reserve 3 blocks; pool 10/6144 blocks in use) — first token 785
2026-10-06 02:17:04.424 INFO  sched: request 'chatcmpl-c1222c5610810caa' prefix cache miss — 2 cut(s), the cache is empty
2026-10-06 02:17:04.424 INFO  sched: request 'chatcmpl-c1222c5610810caa' admitted to slot 3 (reserve 3 blocks; pool 12/6144 blocks in use) — first token 785
2026-10-06 02:17:04.424 INFO  sched: 4 requests admitted together in one prefill (559 ms)
2026-10-06 02:17:05.425 INFO  stats: rank 3 | 10.0 s | decode 68.5 tok/s, 13.1 ms/tok, 55.7 ms/step (162 steps / 688 tok, 90 % of wall) | mtp 1.95 tok/step/req, accept p1 94 % | prefill 6 prompts / 280 tok, 28 tok/s, 2.89 ms/tok, 135 ms avg (8 % of wall), 0 tok cached (0/6 hits) | live 4, queued 0 | pool 12/6144 blocks (0 %) | prefix cache 0/639 entries
2026-10-06 02:17:14.352 INFO  sched: request 'chatcmpl-c1222c5610810ca7' retired (steps): 256 tok in 10.5 s — prefill 54 tok (0 cached) in 559 ms; decode 255 tok / 132 passes in 9.9 s: 25.7 tok/s, 38.9 ms/tok, 75 ms/pass, 1.93 tok/pass, accept p1 93 %
2026-10-06 02:17:14.352 INFO  sched: request 'chatcmpl-c1222c5610810ca8' retired (steps): 256 tok in 10.5 s — prefill 39 tok (0 cached) in 559 ms; decode 255 tok / 132 passes in 9.9 s: 25.7 tok/s, 38.9 ms/tok, 75 ms/pass, 1.93 tok/pass, accept p1 93 %
2026-10-06 02:17:14.649 INFO  sched: request 'chatcmpl-c1222c5610810caa' retired (steps): 256 tok in 10.8 s — prefill 37 tok (0 cached) in 559 ms; decode 255 tok / 135 passes in 10.2 s: 24.9 tok/s, 40.1 ms/tok, 76 ms/pass, 1.89 tok/pass, accept p1 90 %
2026-10-06 02:17:14.849 INFO  sched: request 'chatcmpl-c1222c5610810ca9' retired (steps): 256 tok in 11.0 s — prefill 35 tok (0 cached) in 559 ms; decode 255 tok / 139 passes in 10.4 s: 24.5 tok/s, 40.9 ms/tok, 75 ms/pass, 1.83 tok/pass, accept p1 84 %
2026-10-06 02:17:14.858 INFO  sched: request 'chatcmpl-c1222c5610810cab' starting prefill in slot 0 (54 prompt tokens)
2026-10-06 02:17:14.858 INFO  sched: request 'chatcmpl-c1222c5610810cac' starting prefill in slot 1 (39 prompt tokens)
2026-10-06 02:17:14.858 INFO  sched: request 'chatcmpl-c1222c5610810cad' starting prefill in slot 2 (37 prompt tokens)
2026-10-06 02:17:14.858 INFO  sched: request 'chatcmpl-c1222c5610810cae' starting prefill in slot 3 (35 prompt tokens)
2026-10-06 02:17:15.412 INFO  sched: request 'chatcmpl-c1222c5610810cab' prefix cache miss — 2 cut(s), the cache is empty
2026-10-06 02:17:15.413 INFO  sched: request 'chatcmpl-c1222c5610810cab' admitted to slot 0 (reserve 3 blocks; pool 6/6144 blocks in use) — first token 785
2026-10-06 02:17:15.413 INFO  sched: request 'chatcmpl-c1222c5610810cac' prefix cache miss — 2 cut(s), the cache is empty
2026-10-06 02:17:15.413 INFO  sched: request 'chatcmpl-c1222c5610810cac' admitted to slot 1 (reserve 3 blocks; pool 8/6144 blocks in use) — first token 785
2026-10-06 02:17:15.413 INFO  sched: request 'chatcmpl-c1222c5610810cad' prefix cache miss — 2 cut(s), the cache is empty
2026-10-06 02:17:15.413 INFO  sched: request 'chatcmpl-c1222c5610810cad' admitted to slot 2 (reserve 3 blocks; pool 10/6144 blocks in use) — first token 785
2026-10-06 02:17:15.413 INFO  sched: request 'chatcmpl-c1222c5610810cae' prefix cache miss — 2 cut(s), the cache is empty
2026-10-06 02:17:15.413 INFO  sched: request 'chatcmpl-c1222c5610810cae' admitted to slot 3 (reserve 3 blocks; pool 12/6144 blocks in use) — first token 785
2026-10-06 02:17:15.413 INFO  sched: 4 requests admitted together in one prefill (554 ms)
2026-10-06 02:17:15.499 INFO  stats: rank 3 | 10.1 s | decode 91.4 tok/s, 10.2 ms/tok, 75.2 ms/step (125 steps / 921 tok, 93 % of wall) | mtp 1.91 tok/step/req, accept p1 91 % | prefill 4 prompts / 165 tok, 16 tok/s, 3.36 ms/tok, 139 ms avg (6 % of wall), 0 tok cached (0/4 hits) | live 4, queued 0 | pool 12/6144 blocks (0 %) | prefix cache 0/639 entries
2026-10-06 02:17:24.664 INFO  sched: request 'chatcmpl-c1222c5610810cab' retired (steps): 256 tok in 9.8 s — prefill 54 tok (0 cached) in 554 ms; decode 255 tok / 132 passes in 9.3 s: 27.6 tok/s, 36.3 ms/tok, 70 ms/pass, 1.93 tok/pass, accept p1 93 %
2026-10-06 02:17:24.664 INFO  sched: request 'chatcmpl-c1222c5610810cac' retired (steps): 256 tok in 9.8 s — prefill 39 tok (0 cached) in 554 ms; decode 255 tok / 132 passes in 9.3 s: 27.6 tok/s, 36.3 ms/tok, 70 ms/pass, 1.93 tok/pass, accept p1 93 %
2026-10-06 02:17:24.853 INFO  sched: request 'chatcmpl-c1222c5610810cad' retired (steps): 256 tok in 10.0 s — prefill 37 tok (0 cached) in 554 ms; decode 255 tok / 135 passes in 9.4 s: 27.0 tok/s, 37.0 ms/tok, 70 ms/pass, 1.89 tok/pass, accept p1 90 %
2026-10-06 02:17:24.988 INFO  sched: request 'chatcmpl-c1222c5610810cae' retired (steps): 256 tok in 10.1 s — prefill 35 tok (0 cached) in 554 ms; decode 255 tok / 139 passes in 9.6 s: 26.6 tok/s, 37.6 ms/tok, 69 ms/pass, 1.83 tok/pass, accept p1 84 %
2026-10-06 02:17:25.003 INFO  sched: request 'chatcmpl-c1222c5610810caf' starting prefill in slot 0 (54 prompt tokens)
2026-10-06 02:17:25.003 INFO  sched: request 'chatcmpl-c1222c5610810cb0' starting prefill in slot 1 (37 prompt tokens)
2026-10-06 02:17:25.003 INFO  sched: request 'chatcmpl-c1222c5610810cb1' starting prefill in slot 2 (39 prompt tokens)
2026-10-06 02:17:25.003 INFO  sched: request 'chatcmpl-c1222c5610810cb2' starting prefill in slot 3 (35 prompt tokens)
2026-10-06 02:17:25.315 INFO  sched: request 'chatcmpl-c1222c5610810caf' prefix cache miss — 2 cut(s), the cache is empty
2026-10-06 02:17:25.315 INFO  sched: request 'chatcmpl-c1222c5610810caf' admitted to slot 0 (reserve 3 blocks; pool 6/6144 blocks in use) — first token 785
2026-10-06 02:17:25.315 INFO  sched: request 'chatcmpl-c1222c5610810cb0' prefix cache miss — 2 cut(s), the cache is empty
2026-10-06 02:17:25.315 INFO  sched: request 'chatcmpl-c1222c5610810cb0' admitted to slot 1 (reserve 3 blocks; pool 8/6144 blocks in use) — first token 785
2026-10-06 02:17:25.315 INFO  sched: request 'chatcmpl-c1222c5610810cb1' prefix cache miss — 2 cut(s), the cache is empty
2026-10-06 02:17:25.315 INFO  sched: request 'chatcmpl-c1222c5610810cb1' admitted to slot 2 (reserve 3 blocks; pool 10/6144 blocks in use) — first token 785
2026-10-06 02:17:25.315 INFO  sched: request 'chatcmpl-c1222c5610810cb2' prefix cache miss — 2 cut(s), the cache is empty
2026-10-06 02:17:25.315 INFO  sched: request 'chatcmpl-c1222c5610810cb2' admitted to slot 3 (reserve 3 blocks; pool 12/6144 blocks in use) — first token 785
2026-10-06 02:17:25.315 INFO  sched: 4 requests admitted together in one prefill (312 ms)
2026-10-06 02:17:25.531 INFO  stats: rank 3 | 10.0 s | decode 104.2 tok/s, 9.2 ms/tok, 67.7 ms/step (142 steps / 1045 tok, 96 % of wall) | mtp 1.90 tok/step/req, accept p1 90 % | prefill 4 prompts / 165 tok, 16 tok/s, 1.89 ms/tok, 78 ms avg (3 % of wall), 0 tok cached (0/4 hits) | live 4, queued 0 | pool 12/6144 blocks (0 %) | prefix cache 0/639 entries
2026-10-06 02:17:33.940 INFO  sched: request 'chatcmpl-c1222c5610810caf' retired (steps): 256 tok in 8.9 s — prefill 54 tok (0 cached) in 312 ms; decode 255 tok / 132 passes in 8.6 s: 29.6 tok/s, 33.8 ms/tok, 65 ms/pass, 1.93 tok/pass, accept p1 93 %
2026-10-06 02:17:33.940 INFO  sched: request 'chatcmpl-c1222c5610810cb1' retired (steps): 256 tok in 8.9 s — prefill 39 tok (0 cached) in 312 ms; decode 255 tok / 132 passes in 8.6 s: 29.6 tok/s, 33.8 ms/tok, 65 ms/pass, 1.93 tok/pass, accept p1 93 %
2026-10-06 02:17:34.125 INFO  sched: request 'chatcmpl-c1222c5610810cb0' retired (steps): 256 tok in 9.1 s — prefill 37 tok (0 cached) in 312 ms; decode 255 tok / 135 passes in 8.8 s: 28.9 tok/s, 34.6 ms/tok, 65 ms/pass, 1.89 tok/pass, accept p1 90 %
2026-10-06 02:17:34.258 INFO  sched: request 'chatcmpl-c1222c5610810cb2' retired (steps): 256 tok in 9.3 s — prefill 35 tok (0 cached) in 312 ms; decode 255 tok / 139 passes in 8.9 s: 28.5 tok/s, 35.1 ms/tok, 64 ms/pass, 1.83 tok/pass, accept p1 84 %
2026-10-06 02:17:34.352 INFO  sched: request 'chatcmpl-c1222c5610810cb3' starting prefill in slot 0 (39 prompt tokens)
2026-10-06 02:17:34.352 INFO  sched: request 'chatcmpl-c1222c5610810cb4' starting prefill in slot 1 (36 prompt tokens)
2026-10-06 02:17:34.352 INFO  sched: request 'chatcmpl-c1222c5610810cb5' starting prefill in slot 2 (42 prompt tokens)
2026-10-06 02:17:34.352 INFO  sched: request 'chatcmpl-c1222c5610810cb6' starting prefill in slot 3 (49 prompt tokens)
2026-10-06 02:17:34.661 INFO  sched: request 'chatcmpl-c1222c5610810cb3' prefix cache miss — 2 cut(s), the cache is empty
2026-10-06 02:17:34.661 INFO  sched: request 'chatcmpl-c1222c5610810cb3' admitted to slot 0 (reserve 3 blocks; pool 6/6144 blocks in use) — first token 785
2026-10-06 02:17:34.661 INFO  sched: request 'chatcmpl-c1222c5610810cb4' prefix cache miss — 2 cut(s), the cache is empty
2026-10-06 02:17:34.661 INFO  sched: request 'chatcmpl-c1222c5610810cb4' admitted to slot 1 (reserve 3 blocks; pool 8/6144 blocks in use) — first token 785
2026-10-06 02:17:34.661 INFO  sched: request 'chatcmpl-c1222c5610810cb5' prefix cache miss — 2 cut(s), the cache is empty
2026-10-06 02:17:34.661 INFO  sched: request 'chatcmpl-c1222c5610810cb5' admitted to slot 2 (reserve 3 blocks; pool 10/6144 blocks in use) — first token 785
2026-10-06 02:17:34.661 INFO  sched: request 'chatcmpl-c1222c5610810cb6' prefix cache miss — 2 cut(s), the cache is empty
2026-10-06 02:17:34.661 INFO  sched: request 'chatcmpl-c1222c5610810cb6' admitted to slot 3 (reserve 3 blocks; pool 12/6144 blocks in use) — first token 785
2026-10-06 02:17:34.661 INFO  sched: 4 requests admitted together in one prefill (309 ms)
2026-10-06 02:17:34.711 INFO  sched: request 'chatcmpl-c1222c5610810cb7' deferred (needs 3 blocks, 6132 free, 0 slot(s) open) — admits when a peer retires
2026-10-06 02:17:35.563 INFO  stats: rank 3 | 10.0 s | decode 110.9 tok/s, 8.5 ms/tok, 63.4 ms/step (150 steps / 1113 tok, 95 % of wall) | mtp 1.91 tok/step/req, accept p1 91 % | prefill 4 prompts / 166 tok, 17 tok/s, 1.86 ms/tok, 77 ms avg (3 % of wall), 0 tok cached (0/4 hits) | live 4, queued 4 | pool 12/6144 blocks (0 %) | prefix cache 0/639 entries
2026-10-06 02:17:45.224 INFO  sched: request 'chatcmpl-c1222c5610810cb6' retired (steps): 256 tok in 10.9 s — prefill 49 tok (0 cached) in 309 ms; decode 255 tok / 130 passes in 10.6 s: 24.1 tok/s, 41.4 ms/tok, 81 ms/pass, 1.96 tok/pass, accept p1 96 %
2026-10-06 02:17:45.225 INFO  sched: request 'chatcmpl-c1222c5610810cb7' starting prefill in slot 3 (42 prompt tokens)
2026-10-06 02:17:45.386 INFO  sched: request 'chatcmpl-c1222c5610810cb7' prefix cache miss — 2 cut(s), the cache is empty
2026-10-06 02:17:45.386 INFO  sched: request 'chatcmpl-c1222c5610810cb7' admitted to slot 3 (reserve 3 blocks; pool 12/6144 blocks in use) — first token 785
2026-10-06 02:17:45.452 INFO  sched: request 'chatcmpl-c1222c5610810cb8' deferred (needs 3 blocks, 6132 free, 0 slot(s) open) — admits when a peer retires
2026-10-06 02:17:45.581 INFO  stats: rank 3 | 10.0 s | decode 89.9 tok/s, 10.8 ms/tok, 82.7 ms/step (118 steps / 901 tok, 97 % of wall) | mtp 1.91 tok/step/req, accept p1 91 % | prefill 1 prompt / 42 tok, 4 tok/s, 3.82 ms/tok, 160 ms avg (2 % of wall), 0 tok cached (0/1 hit) | live 4, queued 3 | pool 12/6144 blocks (0 %) | prefix cache 0/639 entries
2026-10-06 02:17:45.648 INFO  sched: request 'chatcmpl-c1222c5610810cb4' retired (steps): 256 tok in 11.3 s — prefill 36 tok (0 cached) in 309 ms; decode 255 tok / 134 passes in 11.0 s: 23.2 tok/s, 43.1 ms/tok, 82 ms/pass, 1.90 tok/pass, accept p1 91 %
2026-10-06 02:17:45.649 INFO  sched: request 'chatcmpl-c1222c5610810cb8' starting prefill in slot 1 (37 prompt tokens)
2026-10-06 02:17:45.801 INFO  sched: request 'chatcmpl-c1222c5610810cb8' prefix cache miss — 2 cut(s), the cache is empty
2026-10-06 02:17:45.801 INFO  sched: request 'chatcmpl-c1222c5610810cb8' admitted to slot 1 (reserve 3 blocks; pool 12/6144 blocks in use) — first token 785
2026-10-06 02:17:45.868 INFO  sched: request 'chatcmpl-c1222c5610810cb3' retired (steps): 256 tok in 11.5 s — prefill 39 tok (0 cached) in 309 ms; decode 255 tok / 135 passes in 11.2 s: 22.8 tok/s, 43.9 ms/tok, 83 ms/pass, 1.89 tok/pass, accept p1 90 %
2026-10-06 02:17:45.868 INFO  sched: request 'chatcmpl-c1222c5610810cb5' retired (steps): 256 tok in 11.5 s — prefill 42 tok (0 cached) in 309 ms; decode 255 tok / 135 passes in 11.2 s: 22.8 tok/s, 43.9 ms/tok, 83 ms/pass, 1.89 tok/pass, accept p1 89 %
2026-10-06 02:17:45.869 INFO  sched: request 'chatcmpl-c1222c5610810cb9' starting prefill in slot 0 (38 prompt tokens)
2026-10-06 02:17:45.869 INFO  sched: request 'chatcmpl-c1222c5610810cba' starting prefill in slot 2 (40 prompt tokens)
2026-10-06 02:17:46.072 INFO  sched: request 'chatcmpl-c1222c5610810cb9' prefix cache miss — 2 cut(s), the cache is empty
2026-10-06 02:17:46.072 INFO  sched: request 'chatcmpl-c1222c5610810cb9' admitted to slot 0 (reserve 3 blocks; pool 10/6144 blocks in use) — first token 785
2026-10-06 02:17:46.072 INFO  sched: request 'chatcmpl-c1222c5610810cba' prefix cache miss — 2 cut(s), the cache is empty
2026-10-06 02:17:46.072 INFO  sched: request 'chatcmpl-c1222c5610810cba' admitted to slot 2 (reserve 3 blocks; pool 12/6144 blocks in use) — first token 785
2026-10-06 02:17:46.072 INFO  sched: 2 requests admitted together in one prefill (203 ms)
2026-10-06 02:17:55.680 INFO  stats: rank 3 | 10.1 s | decode 84.5 tok/s, 11.3 ms/tok, 85.3 ms/step (113 steps / 853 tok, 95 % of wall) | mtp 1.89 tok/step/req, accept p1 88 % | prefill 3 prompts / 115 tok, 11 tok/s, 3.08 ms/tok, 118 ms avg (4 % of wall), 0 tok cached (0/3 hits) | live 4, queued 0 | pool 12/6144 blocks (0 %) | prefix cache 0/639 entries
2026-10-06 02:17:57.064 INFO  sched: request 'chatcmpl-c1222c5610810cb7' retired (steps): 256 tok in 11.8 s — prefill 42 tok (0 cached) in 160 ms; decode 255 tok / 135 passes in 11.7 s: 21.8 tok/s, 45.8 ms/tok, 87 ms/pass, 1.89 tok/pass, accept p1 90 %
2026-10-06 02:17:57.231 INFO  sched: request 'chatcmpl-c1222c5610810cb9' retired (steps): 256 tok in 11.4 s — prefill 38 tok (0 cached) in 203 ms; decode 255 tok / 133 passes in 11.2 s: 22.9 tok/s, 43.8 ms/tok, 84 ms/pass, 1.92 tok/pass, accept p1 92 %
2026-10-06 02:17:57.442 INFO  sched: request 'chatcmpl-c1222c5610810cb8' retired (steps): 256 tok in 11.8 s — prefill 37 tok (0 cached) in 152 ms; decode 255 tok / 138 passes in 11.6 s: 21.9 tok/s, 45.7 ms/tok, 84 ms/pass, 1.85 tok/pass, accept p1 86 %
2026-10-06 02:17:57.442 INFO  sched: request 'chatcmpl-c1222c5610810cba' retired (steps): 256 tok in 11.6 s — prefill 40 tok (0 cached) in 203 ms; decode 255 tok / 137 passes in 11.4 s: 22.4 tok/s, 44.6 ms/tok, 83 ms/pass, 1.86 tok/pass, accept p1 86 %
2026-10-06 02:17:57.473 INFO  sched: request 'chatcmpl-c1222c5610810cbb' starting prefill in slot 0 (39 prompt tokens)
2026-10-06 02:17:57.473 INFO  sched: request 'chatcmpl-c1222c5610810cbc' starting prefill in slot 1 (36 prompt tokens)
2026-10-06 02:17:57.473 INFO  sched: request 'chatcmpl-c1222c5610810cbd' starting prefill in slot 2 (42 prompt tokens)
2026-10-06 02:17:57.473 INFO  sched: request 'chatcmpl-c1222c5610810cbe' starting prefill in slot 3 (37 prompt tokens)
2026-10-06 02:17:57.773 INFO  sched: request 'chatcmpl-c1222c5610810cbb' prefix cache miss — 2 cut(s), the cache is empty
2026-10-06 02:17:57.773 INFO  sched: request 'chatcmpl-c1222c5610810cbb' admitted to slot 0 (reserve 3 blocks; pool 6/6144 blocks in use) — first token 785
2026-10-06 02:17:57.773 INFO  sched: request 'chatcmpl-c1222c5610810cbc' prefix cache miss — 2 cut(s), the cache is empty
2026-10-06 02:17:57.773 INFO  sched: request 'chatcmpl-c1222c5610810cbc' admitted to slot 1 (reserve 3 blocks; pool 8/6144 blocks in use) — first token 785
2026-10-06 02:17:57.773 INFO  sched: request 'chatcmpl-c1222c5610810cbd' prefix cache miss — 2 cut(s), the cache is empty
2026-10-06 02:17:57.773 INFO  sched: request 'chatcmpl-c1222c5610810cbd' admitted to slot 2 (reserve 3 blocks; pool 10/6144 blocks in use) — first token 785
2026-10-06 02:17:57.773 INFO  sched: request 'chatcmpl-c1222c5610810cbe' prefix cache miss — 2 cut(s), the cache is empty
2026-10-06 02:17:57.773 INFO  sched: request 'chatcmpl-c1222c5610810cbe' admitted to slot 3 (reserve 3 blocks; pool 12/6144 blocks in use) — first token 785
2026-10-06 02:17:57.773 INFO  sched: 4 requests admitted together in one prefill (300 ms)
2026-10-06 02:17:57.824 INFO  sched: request 'chatcmpl-c1222c5610810cbf' deferred (needs 3 blocks, 6132 free, 0 slot(s) open) — admits when a peer retires
2026-10-06 02:18:05.682 INFO  stats: rank 3 | 10.0 s | decode 109.6 tok/s, 8.7 ms/tok, 64.6 ms/step (148 steps / 1096 tok, 96 % of wall) | mtp 1.89 tok/step/req, accept p1 88 % | prefill 4 prompts / 154 tok, 15 tok/s, 1.95 ms/tok, 75 ms avg (3 % of wall), 0 tok cached (0/4 hits) | live 4, queued 4 | pool 12/6144 blocks (0 %) | prefix cache 0/639 entries
2026-10-06 02:18:06.470 INFO  sched: request 'chatcmpl-c1222c5610810cbc' retired (steps): 256 tok in 9.0 s — prefill 36 tok (0 cached) in 300 ms; decode 255 tok / 134 passes in 8.7 s: 29.3 tok/s, 34.1 ms/tok, 65 ms/pass, 1.90 tok/pass, accept p1 91 %
2026-10-06 02:18:06.471 INFO  sched: request 'chatcmpl-c1222c5610810cbf' starting prefill in slot 1 (42 prompt tokens)
2026-10-06 02:18:06.631 INFO  sched: request 'chatcmpl-c1222c5610810cbf' prefix cache miss — 2 cut(s), the cache is empty
2026-10-06 02:18:06.631 INFO  sched: request 'chatcmpl-c1222c5610810cbf' admitted to slot 1 (reserve 3 blocks; pool 12/6144 blocks in use) — first token 785
2026-10-06 02:18:06.701 INFO  sched: request 'chatcmpl-c1222c5610810cbb' retired (steps): 256 tok in 9.2 s — prefill 39 tok (0 cached) in 300 ms; decode 255 tok / 135 passes in 8.9 s: 28.6 tok/s, 35.0 ms/tok, 66 ms/pass, 1.89 tok/pass, accept p1 90 %
2026-10-06 02:18:06.701 INFO  sched: request 'chatcmpl-c1222c5610810cbd' retired (steps): 256 tok in 9.2 s — prefill 42 tok (0 cached) in 300 ms; decode 255 tok / 135 passes in 8.9 s: 28.6 tok/s, 35.0 ms/tok, 66 ms/pass, 1.89 tok/pass, accept p1 90 %
2026-10-06 02:18:06.702 INFO  sched: request 'chatcmpl-c1222c5610810cc0' starting prefill in slot 0 (40 prompt tokens)
2026-10-06 02:18:06.702 INFO  sched: request 'chatcmpl-c1222c5610810cc1' starting prefill in slot 2 (49 prompt tokens)
2026-10-06 02:18:06.920 INFO  sched: request 'chatcmpl-c1222c5610810cc0' prefix cache miss — 2 cut(s), the cache is empty
2026-10-06 02:18:06.920 INFO  sched: request 'chatcmpl-c1222c5610810cc0' admitted to slot 0 (reserve 3 blocks; pool 10/6144 blocks in use) — first token 785
2026-10-06 02:18:06.920 INFO  sched: request 'chatcmpl-c1222c5610810cc1' prefix cache miss — 2 cut(s), the cache is empty
2026-10-06 02:18:06.920 INFO  sched: request 'chatcmpl-c1222c5610810cc1' admitted to slot 2 (reserve 3 blocks; pool 12/6144 blocks in use) — first token 785
2026-10-06 02:18:06.920 INFO  sched: 2 requests admitted together in one prefill (218 ms)
2026-10-06 02:18:06.979 INFO  sched: request 'chatcmpl-c1222c5610810cc2' deferred (needs 3 blocks, 6132 free, 0 slot(s) open) — admits when a peer retires
2026-10-06 02:18:07.102 INFO  sched: request 'chatcmpl-c1222c5610810cbe' retired (steps): 256 tok in 9.6 s — prefill 37 tok (0 cached) in 300 ms; decode 255 tok / 138 passes in 9.3 s: 27.3 tok/s, 36.6 ms/tok, 68 ms/pass, 1.85 tok/pass, accept p1 86 %
2026-10-06 02:18:07.102 INFO  sched: request 'chatcmpl-c1222c5610810cc2' starting prefill in slot 3 (38 prompt tokens)
2026-10-06 02:18:07.259 INFO  sched: request 'chatcmpl-c1222c5610810cc2' prefix cache miss — 2 cut(s), the cache is empty
2026-10-06 02:18:07.259 INFO  sched: request 'chatcmpl-c1222c5610810cc2' admitted to slot 3 (reserve 3 blocks; pool 12/6144 blocks in use) — first token 785
2026-10-06 02:18:15.779 INFO  stats: rank 3 | 10.1 s | decode 103.4 tok/s, 9.1 ms/tok, 69.0 ms/step (137 steps / 1044 tok, 94 % of wall) | mtp 1.91 tok/step/req, accept p1 91 % | prefill 4 prompts / 169 tok, 17 tok/s, 3.16 ms/tok, 134 ms avg (5 % of wall), 0 tok cached (0/4 hits) | live 4, queued 0 | pool 12/6144 blocks (0 %) | prefix cache 0/639 entries
2026-10-06 02:18:16.439 INFO  sched: request 'chatcmpl-c1222c5610810cc1' retired (steps): 256 tok in 9.7 s — prefill 49 tok (0 cached) in 218 ms; decode 255 tok / 130 passes in 9.5 s: 26.8 tok/s, 37.3 ms/tok, 73 ms/pass, 1.96 tok/pass, accept p1 96 %
2026-10-06 02:18:16.861 INFO  sched: request 'chatcmpl-c1222c5610810cbf' retired (steps): 256 tok in 10.4 s — prefill 42 tok (0 cached) in 160 ms; decode 255 tok / 135 passes in 10.2 s: 24.9 tok/s, 40.1 ms/tok, 76 ms/pass, 1.89 tok/pass, accept p1 89 %
2026-10-06 02:18:17.069 INFO  sched: request 'chatcmpl-c1222c5610810cc2' retired (steps): 256 tok in 10.0 s — prefill 38 tok (0 cached) in 156 ms; decode 255 tok / 133 passes in 9.8 s: 26.0 tok/s, 38.5 ms/tok, 74 ms/pass, 1.92 tok/pass, accept p1 92 %
2026-10-06 02:18:17.120 INFO  sched: request 'chatcmpl-c1222c5610810cc0' retired (steps): 256 tok in 10.4 s — prefill 40 tok (0 cached) in 218 ms; decode 255 tok / 137 passes in 10.2 s: 25.0 tok/s, 40.0 ms/tok, 74 ms/pass, 1.86 tok/pass, accept p1 86 %
2026-10-06 02:18:17.134 INFO  sched: request 'chatcmpl-c1222c5610810cc3' starting prefill in slot 0 (42 prompt tokens)
2026-10-06 02:18:17.134 INFO  sched: request 'chatcmpl-c1222c5610810cc4' starting prefill in slot 1 (37 prompt tokens)
2026-10-06 02:18:17.134 INFO  sched: request 'chatcmpl-c1222c5610810cc5' starting prefill in slot 2 (49 prompt tokens)
2026-10-06 02:18:17.134 INFO  sched: request 'chatcmpl-c1222c5610810cc6' starting prefill in slot 3 (39 prompt tokens)
2026-10-06 02:18:17.724 INFO  sched: request 'chatcmpl-c1222c5610810cc3' prefix cache miss — 2 cut(s), the cache is empty
2026-10-06 02:18:17.724 INFO  sched: request 'chatcmpl-c1222c5610810cc3' admitted to slot 0 (reserve 3 blocks; pool 6/6144 blocks in use) — first token 785
2026-10-06 02:18:17.724 INFO  sched: request 'chatcmpl-c1222c5610810cc4' prefix cache miss — 2 cut(s), the cache is empty
2026-10-06 02:18:17.724 INFO  sched: request 'chatcmpl-c1222c5610810cc4' admitted to slot 1 (reserve 3 blocks; pool 8/6144 blocks in use) — first token 785
2026-10-06 02:18:17.724 INFO  sched: request 'chatcmpl-c1222c5610810cc5' prefix cache miss — 2 cut(s), the cache is empty
2026-10-06 02:18:17.724 INFO  sched: request 'chatcmpl-c1222c5610810cc5' admitted to slot 2 (reserve 3 blocks; pool 10/6144 blocks in use) — first token 785
2026-10-06 02:18:17.724 INFO  sched: request 'chatcmpl-c1222c5610810cc6' prefix cache miss — 2 cut(s), the cache is empty
2026-10-06 02:18:17.724 INFO  sched: request 'chatcmpl-c1222c5610810cc6' admitted to slot 3 (reserve 3 blocks; pool 12/6144 blocks in use) — first token 785
2026-10-06 02:18:17.724 INFO  sched: 4 requests admitted together in one prefill (590 ms)
2026-10-06 02:18:17.813 INFO  sched: request 'chatcmpl-c1222c5610810cc7' deferred (needs 3 blocks, 6132 free, 0 slot(s) open) — admits when a peer retires
2026-10-06 02:18:25.827 INFO  stats: rank 3 | 10.0 s | decode 94.6 tok/s, 9.8 ms/tok, 73.5 ms/step (127 steps / 951 tok, 93 % of wall) | mtp 1.91 tok/step/req, accept p1 91 % | prefill 4 prompts / 167 tok, 17 tok/s, 3.53 ms/tok, 148 ms avg (6 % of wall), 0 tok cached (0/4 hits) | live 4, queued 4 | pool 12/6144 blocks (0 %) | prefix cache 0/639 entries
2026-10-06 02:18:26.889 INFO  sched: request 'chatcmpl-c1222c5610810cc5' retired (steps): 256 tok in 9.8 s — prefill 49 tok (0 cached) in 590 ms; decode 255 tok / 130 passes in 9.2 s: 27.8 tok/s, 35.9 ms/tok, 70 ms/pass, 1.96 tok/pass, accept p1 96 %
2026-10-06 02:18:26.890 INFO  sched: request 'chatcmpl-c1222c5610810cc7' starting prefill in slot 2 (40 prompt tokens)
2026-10-06 02:18:27.047 INFO  sched: request 'chatcmpl-c1222c5610810cc7' prefix cache miss — 2 cut(s), the cache is empty
2026-10-06 02:18:27.047 INFO  sched: request 'chatcmpl-c1222c5610810cc7' admitted to slot 2 (reserve 3 blocks; pool 12/6144 blocks in use) — first token 785
2026-10-06 02:18:27.112 INFO  sched: request 'chatcmpl-c1222c5610810cc8' deferred (needs 3 blocks, 6132 free, 0 slot(s) open) — admits when a peer retires
2026-10-06 02:18:27.383 INFO  sched: request 'chatcmpl-c1222c5610810cc3' retired (steps): 256 tok in 10.2 s — prefill 42 tok (0 cached) in 590 ms; decode 255 tok / 135 passes in 9.7 s: 26.4 tok/s, 37.9 ms/tok, 72 ms/pass, 1.89 tok/pass, accept p1 90 %
2026-10-06 02:18:27.383 INFO  sched: request 'chatcmpl-c1222c5610810cc6' retired (steps): 256 tok in 10.2 s — prefill 39 tok (0 cached) in 590 ms; decode 255 tok / 135 passes in 9.7 s: 26.4 tok/s, 37.9 ms/tok, 72 ms/pass, 1.89 tok/pass, accept p1 90 %
2026-10-06 02:18:27.384 INFO  sched: request 'chatcmpl-c1222c5610810cc8' starting prefill in slot 0 (42 prompt tokens)
2026-10-06 02:18:27.384 INFO  sched: request 'chatcmpl-c1222c5610810cc9' starting prefill in slot 3 (36 prompt tokens)
2026-10-06 02:18:27.593 INFO  sched: request 'chatcmpl-c1222c5610810cc8' prefix cache miss — 2 cut(s), the cache is empty
2026-10-06 02:18:27.593 INFO  sched: request 'chatcmpl-c1222c5610810cc8' admitted to slot 0 (reserve 3 blocks; pool 10/6144 blocks in use) — first token 785
2026-10-06 02:18:27.593 INFO  sched: request 'chatcmpl-c1222c5610810cc9' prefix cache miss — 2 cut(s), the cache is empty
2026-10-06 02:18:27.593 INFO  sched: request 'chatcmpl-c1222c5610810cc9' admitted to slot 3 (reserve 3 blocks; pool 12/6144 blocks in use) — first token 785
2026-10-06 02:18:27.593 INFO  sched: 2 requests admitted together in one prefill (209 ms)
2026-10-06 02:18:27.653 INFO  sched: request 'chatcmpl-c1222c5610810cca' deferred (needs 3 blocks, 6132 free, 0 slot(s) open) — admits when a peer retires
2026-10-06 02:18:27.782 INFO  sched: request 'chatcmpl-c1222c5610810cc4' retired (steps): 256 tok in 10.6 s — prefill 37 tok (0 cached) in 590 ms; decode 255 tok / 138 passes in 10.1 s: 25.4 tok/s, 39.4 ms/tok, 73 ms/pass, 1.85 tok/pass, accept p1 86 %
2026-10-06 02:18:27.783 INFO  sched: request 'chatcmpl-c1222c5610810cca' starting prefill in slot 1 (38 prompt tokens)
2026-10-06 02:18:27.936 INFO  sched: request 'chatcmpl-c1222c5610810cca' prefix cache miss — 2 cut(s), the cache is empty
2026-10-06 02:18:27.936 INFO  sched: request 'chatcmpl-c1222c5610810cca' admitted to slot 1 (reserve 3 blocks; pool 12/6144 blocks in use) — first token 785
2026-10-06 02:18:35.874 INFO  stats: rank 3 | 10.0 s | decode 80.6 tok/s, 11.7 ms/tok, 87.4 ms/step (108 steps / 810 tok, 94 % of wall) | mtp 1.88 tok/step/req, accept p1 87 % | prefill 4 prompts / 156 tok, 16 tok/s, 3.33 ms/tok, 130 ms avg (5 % of wall), 0 tok cached (0/4 hits) | live 4, queued 0 | pool 12/6144 blocks (0 %) | prefix cache 0/639 entries
2026-10-06 02:18:38.859 INFO  sched: request 'chatcmpl-c1222c5610810cc7' retired (steps): 256 tok in 12.0 s — prefill 40 tok (0 cached) in 157 ms; decode 255 tok / 137 passes in 11.8 s: 21.6 tok/s, 46.3 ms/tok, 86 ms/pass, 1.86 tok/pass, accept p1 86 %
2026-10-06 02:18:38.989 INFO  sched: request 'chatcmpl-c1222c5610810cc9' retired (steps): 256 tok in 11.6 s — prefill 36 tok (0 cached) in 209 ms; decode 255 tok / 134 passes in 11.4 s: 22.4 tok/s, 44.7 ms/tok, 85 ms/pass, 1.90 tok/pass, accept p1 91 %
2026-10-06 02:18:39.034 INFO  sched: request 'chatcmpl-c1222c5610810cc8' retired (steps): 256 tok in 11.7 s — prefill 42 tok (0 cached) in 209 ms; decode 255 tok / 135 passes in 11.4 s: 22.3 tok/s, 44.9 ms/tok, 85 ms/pass, 1.89 tok/pass, accept p1 89 %
2026-10-06 02:18:39.072 INFO  sched: request 'chatcmpl-c1222c5610810cca' retired (steps): 256 tok in 11.3 s — prefill 38 tok (0 cached) in 153 ms; decode 255 tok / 133 passes in 11.1 s: 22.9 tok/s, 43.7 ms/tok, 84 ms/pass, 1.92 tok/pass, accept p1 92 %
2026-10-06 02:18:39.150 INFO  sched: request 'chatcmpl-c1222c5610810ccb' starting prefill in slot 0 (40 prompt tokens)
2026-10-06 02:18:39.316 INFO  sched: request 'chatcmpl-c1222c5610810ccb' prefix cache miss — 2 cut(s), the cache is empty
2026-10-06 02:18:39.316 INFO  sched: request 'chatcmpl-c1222c5610810ccb' admitted to slot 0 (reserve 3 blocks; pool 3/6144 blocks in use) — first token 785
2026-10-06 02:18:43.811 INFO  sched: request 'chatcmpl-c1222c5610810ccb' retired (steps): 256 tok in 4.7 s — prefill 40 tok (0 cached) in 166 ms; decode 255 tok / 142 passes in 4.5 s: 56.7 tok/s, 17.6 ms/tok, 32 ms/pass, 1.80 tok/pass, accept p1 80 %
2026-10-06 02:18:43.842 INFO  sched: request 'chatcmpl-c1222c5610810ccc' starting prefill in slot 0 (40 prompt tokens)
2026-10-06 02:18:44.007 INFO  sched: request 'chatcmpl-c1222c5610810ccc' prefix cache miss — 2 cut(s), the cache is empty
2026-10-06 02:18:44.007 INFO  sched: request 'chatcmpl-c1222c5610810ccc' admitted to slot 0 (reserve 3 blocks; pool 3/6144 blocks in use) — first token 785
2026-10-06 02:18:45.895 INFO  stats: rank 3 | 10.0 s | decode 73.0 tok/s, 12.8 ms/tok, 37.6 ms/step (250 steps / 732 tok, 94 % of wall) | mtp 1.88 tok/step/req, accept p1 88 % | prefill 2 prompts / 80 tok, 8 tok/s, 4.15 ms/tok, 166 ms avg (3 % of wall), 0 tok cached (0/2 hits) | live 1, queued 0 | pool 3/6144 blocks (0 %) | prefix cache 0/639 entries
2026-10-06 02:18:48.500 INFO  sched: request 'chatcmpl-c1222c5610810ccc' retired (steps): 256 tok in 4.7 s — prefill 40 tok (0 cached) in 165 ms; decode 255 tok / 142 passes in 4.5 s: 56.8 tok/s, 17.6 ms/tok, 32 ms/pass, 1.80 tok/pass, accept p1 80 %
2026-10-06 02:18:48.536 INFO  sched: request 'chatcmpl-c1222c5610810ccd' starting prefill in slot 0 (40 prompt tokens)
2026-10-06 02:18:48.700 INFO  sched: request 'chatcmpl-c1222c5610810ccd' prefix cache miss — 2 cut(s), the cache is empty
2026-10-06 02:18:48.700 INFO  sched: request 'chatcmpl-c1222c5610810ccd' admitted to slot 0 (reserve 3 blocks; pool 3/6144 blocks in use) — first token 785
2026-10-06 02:18:54.050 INFO  sched: request 'chatcmpl-c1222c5610810ccd' retired (steps): 256 tok in 5.5 s — prefill 40 tok (0 cached) in 164 ms; decode 255 tok / 142 passes in 5.4 s: 47.7 tok/s, 21.0 ms/tok, 38 ms/pass, 1.80 tok/pass, accept p1 80 %
2026-10-06 02:18:54.117 INFO  sched: request 'chatcmpl-c1222c5610810cce' starting prefill in slot 0 (41 prompt tokens)
2026-10-06 02:18:54.117 INFO  sched: request 'chatcmpl-c1222c5610810ccf' starting prefill in slot 1 (40 prompt tokens)
2026-10-06 02:18:54.479 INFO  sched: request 'chatcmpl-c1222c5610810cce' prefix cache miss — 2 cut(s), the cache is empty
2026-10-06 02:18:54.479 INFO  sched: request 'chatcmpl-c1222c5610810cce' admitted to slot 0 (reserve 3 blocks; pool 4/6144 blocks in use) — first token 785
2026-10-06 02:18:54.479 INFO  sched: request 'chatcmpl-c1222c5610810ccf' prefix cache miss — 2 cut(s), the cache is empty
2026-10-06 02:18:54.479 INFO  sched: request 'chatcmpl-c1222c5610810ccf' admitted to slot 1 (reserve 3 blocks; pool 6/6144 blocks in use) — first token 785
2026-10-06 02:18:54.479 INFO  sched: 2 requests admitted together in one prefill (362 ms)
2026-10-06 02:18:55.898 INFO  stats: rank 3 | 10.0 s | decode 47.5 tok/s, 19.4 ms/tok, 37.6 ms/step (245 steps / 475 tok, 92 % of wall) | mtp 1.79 tok/step/req, accept p1 79 % | prefill 3 prompts / 121 tok, 12 tok/s, 4.34 ms/tok, 175 ms avg (5 % of wall), 0 tok cached (0/3 hits) | live 2, queued 0 | pool 6/6144 blocks (0 %) | prefix cache 0/639 entries
2026-10-06 02:19:01.434 INFO  sched: request 'chatcmpl-c1222c5610810cce' retired (steps): 256 tok in 7.3 s — prefill 41 tok (0 cached) in 362 ms; decode 255 tok / 142 passes in 7.0 s: 36.7 tok/s, 27.3 ms/tok, 49 ms/pass, 1.80 tok/pass, accept p1 80 %
2026-10-06 02:19:01.468 INFO  sched: request 'chatcmpl-c1222c5610810ccf' retired (steps): 256 tok in 7.4 s — prefill 40 tok (0 cached) in 362 ms; decode 255 tok / 143 passes in 7.0 s: 36.5 tok/s, 27.4 ms/tok, 49 ms/pass, 1.78 tok/pass, accept p1 78 %
2026-10-06 02:19:01.482 INFO  sched: request 'chatcmpl-c1222c5610810cd0' starting prefill in slot 0 (41 prompt tokens)
2026-10-06 02:19:01.482 INFO  sched: request 'chatcmpl-c1222c5610810cd1' starting prefill in slot 1 (40 prompt tokens)
2026-10-06 02:19:01.700 INFO  sched: request 'chatcmpl-c1222c5610810cd0' prefix cache miss — 2 cut(s), the cache is empty
2026-10-06 02:19:01.700 INFO  sched: request 'chatcmpl-c1222c5610810cd0' admitted to slot 0 (reserve 3 blocks; pool 4/6144 blocks in use) — first token 785
2026-10-06 02:19:01.700 INFO  sched: request 'chatcmpl-c1222c5610810cd1' prefix cache miss — 2 cut(s), the cache is empty
2026-10-06 02:19:01.700 INFO  sched: request 'chatcmpl-c1222c5610810cd1' admitted to slot 1 (reserve 3 blocks; pool 6/6144 blocks in use) — first token 785
2026-10-06 02:19:01.700 INFO  sched: 2 requests admitted together in one prefill (217 ms)
2026-10-06 02:19:05.938 INFO  stats: rank 3 | 10.0 s | decode 78.9 tok/s, 12.2 ms/tok, 43.6 ms/step (221 steps / 792 tok, 96 % of wall) | mtp 1.80 tok/step/req, accept p1 79 % | prefill 2 prompts / 81 tok, 8 tok/s, 2.68 ms/tok, 109 ms avg (2 % of wall), 0 tok cached (0/2 hits) | live 2, queued 0 | pool 6/6144 blocks (0 %) | prefix cache 0/639 entries
2026-10-06 02:19:08.257 INFO  sched: request 'chatcmpl-c1222c5610810cd0' retired (steps): 256 tok in 6.8 s — prefill 41 tok (0 cached) in 217 ms; decode 255 tok / 142 passes in 6.6 s: 38.9 tok/s, 25.7 ms/tok, 46 ms/pass, 1.80 tok/pass, accept p1 80 %
2026-10-06 02:19:08.304 INFO  sched: request 'chatcmpl-c1222c5610810cd1' retired (steps): 256 tok in 6.8 s — prefill 40 tok (0 cached) in 217 ms; decode 255 tok / 143 passes in 6.6 s: 38.6 tok/s, 25.9 ms/tok, 46 ms/pass, 1.78 tok/pass, accept p1 78 %
2026-10-06 02:19:08.340 INFO  sched: request 'chatcmpl-c1222c5610810cd2' starting prefill in slot 0 (41 prompt tokens)
2026-10-06 02:19:08.340 INFO  sched: request 'chatcmpl-c1222c5610810cd3' starting prefill in slot 1 (40 prompt tokens)
2026-10-06 02:19:08.701 INFO  sched: request 'chatcmpl-c1222c5610810cd2' prefix cache miss — 2 cut(s), the cache is empty
2026-10-06 02:19:08.701 INFO  sched: request 'chatcmpl-c1222c5610810cd2' admitted to slot 0 (reserve 3 blocks; pool 4/6144 blocks in use) — first token 785
2026-10-06 02:19:08.701 INFO  sched: request 'chatcmpl-c1222c5610810cd3' prefix cache miss — 2 cut(s), the cache is empty
2026-10-06 02:19:08.701 INFO  sched: request 'chatcmpl-c1222c5610810cd3' admitted to slot 1 (reserve 3 blocks; pool 6/6144 blocks in use) — first token 785
2026-10-06 02:19:08.701 INFO  sched: 2 requests admitted together in one prefill (360 ms)
2026-10-06 02:19:15.095 INFO  sched: request 'chatcmpl-c1222c5610810cd2' retired (steps): 256 tok in 6.8 s — prefill 41 tok (0 cached) in 360 ms; decode 255 tok / 142 passes in 6.4 s: 39.9 tok/s, 25.1 ms/tok, 45 ms/pass, 1.80 tok/pass, accept p1 80 %
2026-10-06 02:19:15.127 INFO  sched: request 'chatcmpl-c1222c5610810cd3' retired (steps): 256 tok in 6.8 s — prefill 40 tok (0 cached) in 360 ms; decode 255 tok / 143 passes in 6.4 s: 39.7 tok/s, 25.2 ms/tok, 45 ms/pass, 1.78 tok/pass, accept p1 78 %
2026-10-06 02:19:15.195 INFO  sched: request 'chatcmpl-c1222c5610810cd4' starting prefill in slot 0 (40 prompt tokens)
2026-10-06 02:19:15.195 INFO  sched: request 'chatcmpl-c1222c5610810cd5' starting prefill in slot 1 (31 prompt tokens)
2026-10-06 02:19:15.195 INFO  sched: request 'chatcmpl-c1222c5610810cd6' starting prefill in slot 2 (31 prompt tokens)
2026-10-06 02:19:15.195 INFO  sched: request 'chatcmpl-c1222c5610810cd7' starting prefill in slot 3 (31 prompt tokens)
2026-10-06 02:19:15.506 INFO  sched: request 'chatcmpl-c1222c5610810cd4' prefix cache miss — 2 cut(s), the cache is empty
2026-10-06 02:19:15.506 INFO  sched: request 'chatcmpl-c1222c5610810cd4' admitted to slot 0 (reserve 3 blocks; pool 6/6144 blocks in use) — first token 785
2026-10-06 02:19:15.506 INFO  sched: request 'chatcmpl-c1222c5610810cd5' prefix cache miss — 2 cut(s), the cache is empty
2026-10-06 02:19:15.506 INFO  sched: request 'chatcmpl-c1222c5610810cd5' admitted to slot 1 (reserve 3 blocks; pool 8/6144 blocks in use) — first token 785
2026-10-06 02:19:15.506 INFO  sched: request 'chatcmpl-c1222c5610810cd6' prefix cache miss — 2 cut(s), the cache is empty
2026-10-06 02:19:15.506 INFO  sched: request 'chatcmpl-c1222c5610810cd6' admitted to slot 2 (reserve 3 blocks; pool 10/6144 blocks in use) — first token 785
2026-10-06 02:19:15.506 INFO  sched: request 'chatcmpl-c1222c5610810cd7' prefix cache miss — 2 cut(s), the cache is empty
2026-10-06 02:19:15.506 INFO  sched: request 'chatcmpl-c1222c5610810cd7' admitted to slot 3 (reserve 3 blocks; pool 12/6144 blocks in use) — first token 785
2026-10-06 02:19:15.506 INFO  sched: 4 requests admitted together in one prefill (311 ms)
2026-10-06 02:19:15.988 INFO  stats: rank 3 | 10.0 s | decode 73.4 tok/s, 12.4 ms/tok, 46.6 ms/step (196 steps / 738 tok, 91 % of wall) | mtp 1.82 tok/step/req, accept p1 80 % | prefill 6 prompts / 214 tok, 21 tok/s, 3.14 ms/tok, 112 ms avg (7 % of wall), 0 tok cached (0/6 hits) | live 4, queued 0 | pool 12/6144 blocks (0 %) | prefix cache 0/639 entries
2026-10-06 02:19:24.505 INFO  sched: request 'chatcmpl-c1222c5610810cd6' retired (steps): 256 tok in 9.3 s — prefill 31 tok (0 cached) in 311 ms; decode 255 tok / 140 passes in 9.0 s: 28.3 tok/s, 35.3 ms/tok, 64 ms/pass, 1.82 tok/pass, accept p1 83 %
2026-10-06 02:19:24.575 INFO  sched: request 'chatcmpl-c1222c5610810cd5' retired (steps): 256 tok in 9.4 s — prefill 31 tok (0 cached) in 311 ms; decode 255 tok / 141 passes in 9.1 s: 28.1 tok/s, 35.6 ms/tok, 64 ms/pass, 1.81 tok/pass, accept p1 82 %
2026-10-06 02:19:24.809 INFO  sched: request 'chatcmpl-c1222c5610810cd7' retired (steps): 256 tok in 9.6 s — prefill 31 tok (0 cached) in 311 ms; decode 255 tok / 145 passes in 9.3 s: 27.4 tok/s, 36.5 ms/tok, 64 ms/pass, 1.76 tok/pass, accept p1 76 %
2026-10-06 02:19:24.842 INFO  sched: request 'chatcmpl-c1222c5610810cd4' retired (steps): 256 tok in 9.6 s — prefill 40 tok (0 cached) in 311 ms; decode 255 tok / 146 passes in 9.3 s: 27.3 tok/s, 36.6 ms/tok, 64 ms/pass, 1.75 tok/pass, accept p1 75 %
2026-10-06 02:19:24.862 INFO  sched: request 'chatcmpl-c1222c5610810cd8' starting prefill in slot 0 (40 prompt tokens)
2026-10-06 02:19:24.862 INFO  sched: request 'chatcmpl-c1222c5610810cd9' starting prefill in slot 1 (31 prompt tokens)
2026-10-06 02:19:24.862 INFO  sched: request 'chatcmpl-c1222c5610810cda' starting prefill in slot 2 (31 prompt tokens)
2026-10-06 02:19:24.863 INFO  sched: request 'chatcmpl-c1222c5610810cdb' starting prefill in slot 3 (31 prompt tokens)
2026-10-06 02:19:25.143 INFO  sched: request 'chatcmpl-c1222c5610810cd8' prefix cache miss — 2 cut(s), the cache is empty
2026-10-06 02:19:25.143 INFO  sched: request 'chatcmpl-c1222c5610810cd8' admitted to slot 0 (reserve 3 blocks; pool 6/6144 blocks in use) — first token 785
2026-10-06 02:19:25.143 INFO  sched: request 'chatcmpl-c1222c5610810cd9' prefix cache miss — 2 cut(s), the cache is empty
2026-10-06 02:19:25.143 INFO  sched: request 'chatcmpl-c1222c5610810cd9' admitted to slot 1 (reserve 3 blocks; pool 8/6144 blocks in use) — first token 785
2026-10-06 02:19:25.143 INFO  sched: request 'chatcmpl-c1222c5610810cda' prefix cache miss — 2 cut(s), the cache is empty
2026-10-06 02:19:25.143 INFO  sched: request 'chatcmpl-c1222c5610810cda' admitted to slot 2 (reserve 3 blocks; pool 10/6144 blocks in use) — first token 785
2026-10-06 02:19:25.143 INFO  sched: request 'chatcmpl-c1222c5610810cdb' prefix cache miss — 2 cut(s), the cache is empty
2026-10-06 02:19:25.143 INFO  sched: request 'chatcmpl-c1222c5610810cdb' admitted to slot 3 (reserve 3 blocks; pool 12/6144 blocks in use) — first token 785
2026-10-06 02:19:25.143 INFO  sched: 4 requests admitted together in one prefill (281 ms)
2026-10-06 02:19:25.998 INFO  stats: rank 3 | 10.0 s | decode 106.6 tok/s, 9.0 ms/tok, 63.1 ms/step (152 steps / 1067 tok, 96 % of wall) | mtp 1.79 tok/step/req, accept p1 79 % | prefill 4 prompts / 133 tok, 13 tok/s, 2.11 ms/tok, 70 ms avg (3 % of wall), 0 tok cached (0/4 hits) | live 4, queued 0 | pool 12/6144 blocks (0 %) | prefix cache 0/639 entries
2026-10-06 02:19:36.005 INFO  stats: rank 3 | 10.0 s | decode 87.5 tok/s, 11.3 ms/tok, 80.6 ms/step (123 steps / 876 tok, 99 % of wall) | mtp 1.78 tok/step/req, accept p1 78 % | prefill 0 prompts / 0 tok, 0 tok cached (0/0 hits) | live 4, queued 0 | pool 12/6144 blocks (0 %) | prefix cache 0/639 entries
2026-10-06 02:19:36.215 INFO  sched: request 'chatcmpl-c1222c5610810cd9' retired (steps): 256 tok in 11.4 s — prefill 31 tok (0 cached) in 281 ms; decode 255 tok / 140 passes in 11.1 s: 23.0 tok/s, 43.4 ms/tok, 79 ms/pass, 1.82 tok/pass, accept p1 83 %
2026-10-06 02:19:36.281 INFO  sched: request 'chatcmpl-c1222c5610810cdb' retired (steps): 256 tok in 11.4 s — prefill 31 tok (0 cached) in 281 ms; decode 255 tok / 141 passes in 11.1 s: 22.9 tok/s, 43.7 ms/tok, 79 ms/pass, 1.81 tok/pass, accept p1 82 %
2026-10-06 02:19:36.488 INFO  sched: request 'chatcmpl-c1222c5610810cda' retired (steps): 256 tok in 11.6 s — prefill 31 tok (0 cached) in 281 ms; decode 255 tok / 145 passes in 11.3 s: 22.5 tok/s, 44.5 ms/tok, 78 ms/pass, 1.76 tok/pass, accept p1 76 %
2026-10-06 02:19:36.521 INFO  sched: request 'chatcmpl-c1222c5610810cd8' retired (steps): 256 tok in 11.7 s — prefill 40 tok (0 cached) in 281 ms; decode 255 tok / 146 passes in 11.4 s: 22.4 tok/s, 44.6 ms/tok, 78 ms/pass, 1.75 tok/pass, accept p1 75 %
2026-10-06 02:19:36.541 INFO  sched: request 'chatcmpl-c1222c5610810cdc' starting prefill in slot 0 (40 prompt tokens)
2026-10-06 02:19:36.541 INFO  sched: request 'chatcmpl-c1222c5610810cdd' starting prefill in slot 1 (31 prompt tokens)
2026-10-06 02:19:36.541 INFO  sched: request 'chatcmpl-c1222c5610810cde' starting prefill in slot 2 (31 prompt tokens)
2026-10-06 02:19:36.541 INFO  sched: request 'chatcmpl-c1222c5610810cdf' starting prefill in slot 3 (31 prompt tokens)
2026-10-06 02:19:36.850 INFO  sched: request 'chatcmpl-c1222c5610810cdc' prefix cache miss — 2 cut(s), the cache is empty
2026-10-06 02:19:36.850 INFO  sched: request 'chatcmpl-c1222c5610810cdc' admitted to slot 0 (reserve 3 blocks; pool 6/6144 blocks in use) — first token 785
2026-10-06 02:19:36.850 INFO  sched: request 'chatcmpl-c1222c5610810cdd' prefix cache miss — 2 cut(s), the cache is empty
2026-10-06 02:19:36.850 INFO  sched: request 'chatcmpl-c1222c5610810cdd' admitted to slot 1 (reserve 3 blocks; pool 8/6144 blocks in use) — first token 785
2026-10-06 02:19:36.850 INFO  sched: request 'chatcmpl-c1222c5610810cde' prefix cache miss — 2 cut(s), the cache is empty
2026-10-06 02:19:36.850 INFO  sched: request 'chatcmpl-c1222c5610810cde' admitted to slot 2 (reserve 3 blocks; pool 10/6144 blocks in use) — first token 785
2026-10-06 02:19:36.850 INFO  sched: request 'chatcmpl-c1222c5610810cdf' prefix cache miss — 2 cut(s), the cache is empty
2026-10-06 02:19:36.850 INFO  sched: request 'chatcmpl-c1222c5610810cdf' admitted to slot 3 (reserve 3 blocks; pool 12/6144 blocks in use) — first token 785
2026-10-06 02:19:36.850 INFO  sched: 4 requests admitted together in one prefill (310 ms)
2026-10-06 02:19:46.007 INFO  stats: rank 3 | 10.0 s | decode 96.6 tok/s, 9.9 ms/tok, 69.3 ms/step (138 steps / 966 tok, 96 % of wall) | mtp 1.79 tok/step/req, accept p1 79 % | prefill 4 prompts / 133 tok, 13 tok/s, 2.33 ms/tok, 77 ms avg (3 % of wall), 0 tok cached (0/4 hits) | live 4, queued 0 | pool 12/6144 blocks (0 %) | prefix cache 0/639 entries
2026-10-06 02:19:46.732 INFO  sched: request 'chatcmpl-c1222c5610810cdf' retired (steps): 256 tok in 10.2 s — prefill 31 tok (0 cached) in 310 ms; decode 255 tok / 140 passes in 9.9 s: 25.8 tok/s, 38.8 ms/tok, 71 ms/pass, 1.82 tok/pass, accept p1 83 %
2026-10-06 02:19:46.788 INFO  sched: request 'chatcmpl-c1222c5610810cdd' retired (steps): 256 tok in 10.2 s — prefill 31 tok (0 cached) in 310 ms; decode 255 tok / 141 passes in 9.9 s: 25.7 tok/s, 39.0 ms/tok, 70 ms/pass, 1.81 tok/pass, accept p1 82 %
2026-10-06 02:19:46.997 INFO  sched: request 'chatcmpl-c1222c5610810cde' retired (steps): 256 tok in 10.5 s — prefill 31 tok (0 cached) in 310 ms; decode 255 tok / 145 passes in 10.1 s: 25.1 tok/s, 39.8 ms/tok, 70 ms/pass, 1.76 tok/pass, accept p1 76 %
2026-10-06 02:19:47.030 INFO  sched: request 'chatcmpl-c1222c5610810cdc' retired (steps): 256 tok in 10.5 s — prefill 40 tok (0 cached) in 310 ms; decode 255 tok / 146 passes in 10.2 s: 25.0 tok/s, 39.9 ms/tok, 70 ms/pass, 1.75 tok/pass, accept p1 75 %
2026-10-06 02:19:47.151 INFO  sched: request 'chatcmpl-c1222c5610810ce0' starting prefill in slot 0 (30 prompt tokens)
2026-10-06 02:19:47.151 INFO  sched: request 'chatcmpl-c1222c5610810ce1' starting prefill in slot 1 (31 prompt tokens)
2026-10-06 02:19:47.151 INFO  sched: request 'chatcmpl-c1222c5610810ce2' starting prefill in slot 2 (31 prompt tokens)
2026-10-06 02:19:47.151 INFO  sched: request 'chatcmpl-c1222c5610810ce3' starting prefill in slot 3 (30 prompt tokens)
2026-10-06 02:19:47.410 INFO  sched: request 'chatcmpl-c1222c5610810ce0' prefix cache miss — 2 cut(s), the cache is empty
2026-10-06 02:19:47.410 INFO  sched: request 'chatcmpl-c1222c5610810ce0' admitted to slot 0 (reserve 3 blocks; pool 6/6144 blocks in use) — first token 785
2026-10-06 02:19:47.410 INFO  sched: request 'chatcmpl-c1222c5610810ce1' prefix cache miss — 2 cut(s), the cache is empty
2026-10-06 02:19:47.410 INFO  sched: request 'chatcmpl-c1222c5610810ce1' admitted to slot 1 (reserve 3 blocks; pool 8/6144 blocks in use) — first token 785
2026-10-06 02:19:47.410 INFO  sched: request 'chatcmpl-c1222c5610810ce2' prefix cache miss — 2 cut(s), the cache is empty
2026-10-06 02:19:47.410 INFO  sched: request 'chatcmpl-c1222c5610810ce2' admitted to slot 2 (reserve 3 blocks; pool 10/6144 blocks in use) — first token 785
2026-10-06 02:19:47.410 INFO  sched: request 'chatcmpl-c1222c5610810ce3' prefix cache miss — 2 cut(s), the cache is empty
2026-10-06 02:19:47.410 INFO  sched: request 'chatcmpl-c1222c5610810ce3' admitted to slot 3 (reserve 3 blocks; pool 12/6144 blocks in use) — first token 785
2026-10-06 02:19:47.410 INFO  sched: 4 requests admitted together in one prefill (258 ms)
2026-10-06 02:19:47.461 INFO  sched: request 'chatcmpl-c1222c5610810ce4' deferred (needs 3 blocks, 6132 free, 0 slot(s) open) — admits when a peer retires
2026-10-06 02:19:56.013 INFO  stats: rank 3 | 10.0 s | decode 107.5 tok/s, 8.8 ms/tok, 62.9 ms/step (151 steps / 1076 tok, 95 % of wall) | mtp 1.82 tok/step/req, accept p1 82 % | prefill 4 prompts / 122 tok, 12 tok/s, 2.12 ms/tok, 65 ms avg (3 % of wall), 0 tok cached (0/4 hits) | live 4, queued 4 | pool 12/6144 blocks (0 %) | prefix cache 0/639 entries
2026-10-06 02:19:56.417 INFO  sched: request 'chatcmpl-c1222c5610810ce1' retired (steps): 256 tok in 9.3 s — prefill 31 tok (0 cached) in 258 ms; decode 255 tok / 140 passes in 9.0 s: 28.3 tok/s, 35.3 ms/tok, 64 ms/pass, 1.82 tok/pass, accept p1 82 %
2026-10-06 02:19:56.418 INFO  sched: request 'chatcmpl-c1222c5610810ce4' starting prefill in slot 1 (32 prompt tokens)
2026-10-06 02:19:56.561 INFO  sched: request 'chatcmpl-c1222c5610810ce4' prefix cache miss — 2 cut(s), the cache is empty
2026-10-06 02:19:56.561 INFO  sched: request 'chatcmpl-c1222c5610810ce4' admitted to slot 1 (reserve 3 blocks; pool 12/6144 blocks in use) — first token 785
2026-10-06 02:19:56.627 INFO  sched: request 'chatcmpl-c1222c5610810ce3' retired (steps): 256 tok in 9.5 s — prefill 30 tok (0 cached) in 258 ms; decode 255 tok / 141 passes in 9.2 s: 27.7 tok/s, 36.1 ms/tok, 65 ms/pass, 1.81 tok/pass, accept p1 82 %
2026-10-06 02:19:56.628 INFO  sched: request 'chatcmpl-c1222c5610810ce5' starting prefill in slot 3 (31 prompt tokens)
2026-10-06 02:19:56.769 INFO  sched: request 'chatcmpl-c1222c5610810ce5' prefix cache miss — 2 cut(s), the cache is empty
2026-10-06 02:19:56.769 INFO  sched: request 'chatcmpl-c1222c5610810ce5' admitted to slot 3 (reserve 3 blocks; pool 12/6144 blocks in use) — first token 785
2026-10-06 02:19:56.834 INFO  sched: request 'chatcmpl-c1222c5610810ce2' retired (steps): 256 tok in 9.7 s — prefill 31 tok (0 cached) in 258 ms; decode 255 tok / 142 passes in 9.4 s: 27.1 tok/s, 37.0 ms/tok, 66 ms/pass, 1.80 tok/pass, accept p1 80 %
2026-10-06 02:19:56.835 INFO  sched: request 'chatcmpl-c1222c5610810ce6' starting prefill in slot 2 (30 prompt tokens)
2026-10-06 02:19:56.976 INFO  sched: request 'chatcmpl-c1222c5610810ce6' prefix cache miss — 2 cut(s), the cache is empty
2026-10-06 02:19:56.976 INFO  sched: request 'chatcmpl-c1222c5610810ce6' admitted to slot 2 (reserve 3 blocks; pool 12/6144 blocks in use) — first token 785
2026-10-06 02:19:57.043 INFO  sched: request 'chatcmpl-c1222c5610810ce0' retired (steps): 256 tok in 9.9 s — prefill 30 tok (0 cached) in 258 ms; decode 255 tok / 143 passes in 9.6 s: 26.5 tok/s, 37.8 ms/tok, 67 ms/pass, 1.78 tok/pass, accept p1 78 %
2026-10-06 02:19:57.043 INFO  sched: request 'chatcmpl-c1222c5610810ce7' starting prefill in slot 0 (31 prompt tokens)
2026-10-06 02:19:57.184 INFO  sched: request 'chatcmpl-c1222c5610810ce7' prefix cache miss — 2 cut(s), the cache is empty
2026-10-06 02:19:57.184 INFO  sched: request 'chatcmpl-c1222c5610810ce7' admitted to slot 0 (reserve 3 blocks; pool 12/6144 blocks in use) — first token 785
2026-10-06 02:20:05.878 INFO  sched: request 'chatcmpl-c1222c5610810ce7' retired (steps): 256 tok in 8.8 s — prefill 31 tok (0 cached) in 141 ms; decode 255 tok / 135 passes in 8.7 s: 29.3 tok/s, 34.1 ms/tok, 64 ms/pass, 1.89 tok/pass, accept p1 90 %
2026-10-06 02:20:05.951 INFO  sched: request 'chatcmpl-c1222c5610810ce4' retired (steps): 256 tok in 9.5 s — prefill 32 tok (0 cached) in 143 ms; decode 255 tok / 139 passes in 9.4 s: 27.2 tok/s, 36.8 ms/tok, 68 ms/pass, 1.83 tok/pass, accept p1 83 %
2026-10-06 02:20:06.051 INFO  sched: request 'chatcmpl-c1222c5610810ce5' retired (steps): 256 tok in 9.4 s — prefill 31 tok (0 cached) in 141 ms; decode 255 tok / 139 passes in 9.3 s: 27.5 tok/s, 36.4 ms/tok, 67 ms/pass, 1.83 tok/pass, accept p1 83 %
2026-10-06 02:20:06.051 INFO  stats: rank 3 | 10.0 s | decode 106.3 tok/s, 8.8 ms/tok, 64.0 ms/step (146 steps / 1067 tok, 93 % of wall) | mtp 1.84 tok/step/req, accept p1 83 % | prefill 4 prompts / 124 tok, 12 tok/s, 4.56 ms/tok, 141 ms avg (6 % of wall), 0 tok cached (0/4 hits) | live 1, queued 0 | pool 3/6144 blocks (0 %) | prefix cache 0/639 entries
2026-10-06 02:20:06.102 INFO  sched: request 'chatcmpl-c1222c5610810ce6' retired (steps): 256 tok in 9.3 s — prefill 30 tok (0 cached) in 141 ms; decode 255 tok / 139 passes in 9.1 s: 27.9 tok/s, 35.8 ms/tok, 66 ms/pass, 1.83 tok/pass, accept p1 83 %
2026-10-06 02:20:06.122 INFO  sched: request 'chatcmpl-c1222c5610810ce8' starting prefill in slot 0 (31 prompt tokens)
2026-10-06 02:20:06.123 INFO  sched: request 'chatcmpl-c1222c5610810ce9' starting prefill in slot 1 (32 prompt tokens)
2026-10-06 02:20:06.123 INFO  sched: request 'chatcmpl-c1222c5610810cea' starting prefill in slot 2 (30 prompt tokens)
2026-10-06 02:20:06.123 INFO  sched: request 'chatcmpl-c1222c5610810ceb' starting prefill in slot 3 (31 prompt tokens)
2026-10-06 02:20:06.558 INFO  sched: request 'chatcmpl-c1222c5610810ce8' prefix cache miss — 2 cut(s), the cache is empty
2026-10-06 02:20:06.558 INFO  sched: request 'chatcmpl-c1222c5610810ce8' admitted to slot 0 (reserve 3 blocks; pool 6/6144 blocks in use) — first token 785
2026-10-06 02:20:06.558 INFO  sched: request 'chatcmpl-c1222c5610810ce9' prefix cache miss — 2 cut(s), the cache is empty
2026-10-06 02:20:06.558 INFO  sched: request 'chatcmpl-c1222c5610810ce9' admitted to slot 1 (reserve 3 blocks; pool 8/6144 blocks in use) — first token 785
2026-10-06 02:20:06.558 INFO  sched: request 'chatcmpl-c1222c5610810cea' prefix cache miss — 2 cut(s), the cache is empty
2026-10-06 02:20:06.558 INFO  sched: request 'chatcmpl-c1222c5610810cea' admitted to slot 2 (reserve 3 blocks; pool 10/6144 blocks in use) — first token 785
2026-10-06 02:20:06.558 INFO  sched: request 'chatcmpl-c1222c5610810ceb' prefix cache miss — 2 cut(s), the cache is empty
2026-10-06 02:20:06.558 INFO  sched: request 'chatcmpl-c1222c5610810ceb' admitted to slot 3 (reserve 3 blocks; pool 12/6144 blocks in use) — first token 785
2026-10-06 02:20:06.558 INFO  sched: 4 requests admitted together in one prefill (436 ms)
2026-10-06 02:20:06.642 INFO  sched: request 'chatcmpl-c1222c5610810cec' deferred (needs 3 blocks, 6132 free, 0 slot(s) open) — admits when a peer retires
2026-10-06 02:20:16.105 INFO  stats: rank 3 | 10.1 s | decode 87.6 tok/s, 10.8 ms/tok, 79.0 ms/step (120 steps / 881 tok, 94 % of wall) | mtp 1.85 tok/step/req, accept p1 84 % | prefill 4 prompts / 124 tok, 12 tok/s, 3.51 ms/tok, 109 ms avg (4 % of wall), 0 tok cached (0/4 hits) | live 4, queued 4 | pool 12/6144 blocks (0 %) | prefix cache 0/639 entries
2026-10-06 02:20:18.136 INFO  sched: request 'chatcmpl-c1222c5610810ce8' retired (steps): 256 tok in 12.0 s — prefill 31 tok (0 cached) in 436 ms; decode 255 tok / 139 passes in 11.6 s: 22.0 tok/s, 45.4 ms/tok, 83 ms/pass, 1.83 tok/pass, accept p1 83 %
2026-10-06 02:20:18.136 INFO  sched: request 'chatcmpl-c1222c5610810ce9' retired (steps): 256 tok in 12.0 s — prefill 32 tok (0 cached) in 436 ms; decode 255 tok / 139 passes in 11.6 s: 22.0 tok/s, 45.4 ms/tok, 83 ms/pass, 1.83 tok/pass, accept p1 83 %
2026-10-06 02:20:18.137 INFO  sched: request 'chatcmpl-c1222c5610810cec' starting prefill in slot 0 (30 prompt tokens)
2026-10-06 02:20:18.137 INFO  sched: request 'chatcmpl-c1222c5610810ced' starting prefill in slot 1 (30 prompt tokens)
2026-10-06 02:20:18.314 INFO  sched: request 'chatcmpl-c1222c5610810cec' prefix cache miss — 2 cut(s), the cache is empty
2026-10-06 02:20:18.314 INFO  sched: request 'chatcmpl-c1222c5610810cec' admitted to slot 0 (reserve 3 blocks; pool 10/6144 blocks in use) — first token 785
2026-10-06 02:20:18.314 INFO  sched: request 'chatcmpl-c1222c5610810ced' prefix cache miss — 2 cut(s), the cache is empty
2026-10-06 02:20:18.314 INFO  sched: request 'chatcmpl-c1222c5610810ced' admitted to slot 1 (reserve 3 blocks; pool 12/6144 blocks in use) — first token 785
2026-10-06 02:20:18.314 INFO  sched: 2 requests admitted together in one prefill (178 ms)
2026-10-06 02:20:18.379 INFO  sched: request 'chatcmpl-c1222c5610810ceb' retired (steps): 256 tok in 12.3 s — prefill 31 tok (0 cached) in 436 ms; decode 255 tok / 140 passes in 11.8 s: 21.6 tok/s, 46.4 ms/tok, 84 ms/pass, 1.82 tok/pass, accept p1 82 %
2026-10-06 02:20:18.379 INFO  sched: request 'chatcmpl-c1222c5610810cee' starting prefill in slot 3 (31 prompt tokens)
2026-10-06 02:20:18.522 INFO  sched: request 'chatcmpl-c1222c5610810cee' prefix cache miss — 2 cut(s), the cache is empty
2026-10-06 02:20:18.522 INFO  sched: request 'chatcmpl-c1222c5610810cee' admitted to slot 3 (reserve 3 blocks; pool 12/6144 blocks in use) — first token 785
2026-10-06 02:20:18.586 INFO  sched: request 'chatcmpl-c1222c5610810cea' retired (steps): 256 tok in 12.5 s — prefill 30 tok (0 cached) in 436 ms; decode 255 tok / 141 passes in 12.0 s: 21.2 tok/s, 47.2 ms/tok, 85 ms/pass, 1.81 tok/pass, accept p1 82 %
2026-10-06 02:20:18.587 INFO  sched: request 'chatcmpl-c1222c5610810cef' starting prefill in slot 2 (31 prompt tokens)
2026-10-06 02:20:18.730 INFO  sched: request 'chatcmpl-c1222c5610810cef' prefix cache miss — 2 cut(s), the cache is empty
2026-10-06 02:20:18.730 INFO  sched: request 'chatcmpl-c1222c5610810cef' admitted to slot 2 (reserve 3 blocks; pool 12/6144 blocks in use) — first token 785
2026-10-06 02:20:26.151 INFO  stats: rank 3 | 10.0 s | decode 99.7 tok/s, 9.5 ms/tok, 69.2 ms/step (137 steps / 1002 tok, 94 % of wall) | mtp 1.83 tok/step/req, accept p1 82 % | prefill 4 prompts / 122 tok, 12 tok/s, 3.80 ms/tok, 116 ms avg (5 % of wall), 0 tok cached (0/4 hits) | live 4, queued 0 | pool 12/6144 blocks (0 %) | prefix cache 0/639 entries
2026-10-06 02:20:27.406 INFO  sched: request 'chatcmpl-c1222c5610810cee' retired (steps): 256 tok in 9.0 s — prefill 31 tok (0 cached) in 143 ms; decode 255 tok / 135 passes in 8.9 s: 28.7 tok/s, 34.8 ms/tok, 66 ms/pass, 1.89 tok/pass, accept p1 90 %
2026-10-06 02:20:27.574 INFO  sched: request 'chatcmpl-c1222c5610810cec' retired (steps): 256 tok in 9.4 s — prefill 30 tok (0 cached) in 178 ms; decode 255 tok / 139 passes in 9.3 s: 27.5 tok/s, 36.3 ms/tok, 67 ms/pass, 1.83 tok/pass, accept p1 83 %
2026-10-06 02:20:27.783 INFO  sched: request 'chatcmpl-c1222c5610810ced' retired (steps): 256 tok in 9.6 s — prefill 30 tok (0 cached) in 178 ms; decode 255 tok / 143 passes in 9.5 s: 26.9 tok/s, 37.1 ms/tok, 66 ms/pass, 1.78 tok/pass, accept p1 78 %
2026-10-06 02:20:27.815 INFO  sched: request 'chatcmpl-c1222c5610810cef' retired (steps): 256 tok in 9.2 s — prefill 31 tok (0 cached) in 142 ms; decode 255 tok / 142 passes in 9.1 s: 28.1 tok/s, 35.6 ms/tok, 64 ms/pass, 1.80 tok/pass, accept p1 80 %
2026-10-06 02:20:27.851 INFO  sched: request 'chatcmpl-c1222c5610810cf0' starting prefill in slot 0 (30 prompt tokens)
2026-10-06 02:20:27.851 INFO  sched: request 'chatcmpl-c1222c5610810cf1' starting prefill in slot 1 (32 prompt tokens)
2026-10-06 02:20:27.851 INFO  sched: request 'chatcmpl-c1222c5610810cf2' starting prefill in slot 2 (31 prompt tokens)
2026-10-06 02:20:27.851 INFO  sched: request 'chatcmpl-c1222c5610810cf3' starting prefill in slot 3 (30 prompt tokens)
2026-10-06 02:20:28.109 INFO  sched: request 'chatcmpl-c1222c5610810cf0' prefix cache miss — 2 cut(s), the cache is empty
2026-10-06 02:20:28.109 INFO  sched: request 'chatcmpl-c1222c5610810cf0' admitted to slot 0 (reserve 3 blocks; pool 6/6144 blocks in use) — first token 785
2026-10-06 02:20:28.109 INFO  sched: request 'chatcmpl-c1222c5610810cf1' prefix cache miss — 2 cut(s), the cache is empty
2026-10-06 02:20:28.109 INFO  sched: request 'chatcmpl-c1222c5610810cf1' admitted to slot 1 (reserve 3 blocks; pool 8/6144 blocks in use) — first token 785
2026-10-06 02:20:28.109 INFO  sched: request 'chatcmpl-c1222c5610810cf2' prefix cache miss — 2 cut(s), the cache is empty
2026-10-06 02:20:28.109 INFO  sched: request 'chatcmpl-c1222c5610810cf2' admitted to slot 2 (reserve 3 blocks; pool 10/6144 blocks in use) — first token 785
2026-10-06 02:20:28.109 INFO  sched: request 'chatcmpl-c1222c5610810cf3' prefix cache miss — 2 cut(s), the cache is empty
2026-10-06 02:20:28.109 INFO  sched: request 'chatcmpl-c1222c5610810cf3' admitted to slot 3 (reserve 3 blocks; pool 12/6144 blocks in use) — first token 785
2026-10-06 02:20:28.109 INFO  sched: 4 requests admitted together in one prefill (258 ms)
2026-10-06 02:20:28.159 INFO  sched: request 'chatcmpl-c1222c5610810cf4' deferred (needs 3 blocks, 6132 free, 0 slot(s) open) — admits when a peer retires
2026-10-06 02:20:36.183 INFO  stats: rank 3 | 10.0 s | decode 108.1 tok/s, 8.9 ms/tok, 63.3 ms/step (152 steps / 1084 tok, 96 % of wall) | mtp 1.82 tok/step/req, accept p1 82 % | prefill 4 prompts / 123 tok, 12 tok/s, 2.10 ms/tok, 64 ms avg (3 % of wall), 0 tok cached (0/4 hits) | live 4, queued 4 | pool 12/6144 blocks (0 %) | prefix cache 0/639 entries
2026-10-06 02:20:37.113 INFO  sched: request 'chatcmpl-c1222c5610810cf1' retired (steps): 256 tok in 9.3 s — prefill 32 tok (0 cached) in 258 ms; decode 255 tok / 139 passes in 9.0 s: 28.3 tok/s, 35.3 ms/tok, 65 ms/pass, 1.83 tok/pass, accept p1 83 %
2026-10-06 02:20:37.113 INFO  sched: request 'chatcmpl-c1222c5610810cf3' retired (steps): 256 tok in 9.3 s — prefill 30 tok (0 cached) in 258 ms; decode 255 tok / 139 passes in 9.0 s: 28.3 tok/s, 35.3 ms/tok, 65 ms/pass, 1.83 tok/pass, accept p1 83 %
2026-10-06 02:20:37.114 INFO  sched: request 'chatcmpl-c1222c5610810cf4' starting prefill in slot 1 (31 prompt tokens)
2026-10-06 02:20:37.114 INFO  sched: request 'chatcmpl-c1222c5610810cf5' starting prefill in slot 3 (31 prompt tokens)
2026-10-06 02:20:37.296 INFO  sched: request 'chatcmpl-c1222c5610810cf4' prefix cache miss — 2 cut(s), the cache is empty
2026-10-06 02:20:37.296 INFO  sched: request 'chatcmpl-c1222c5610810cf4' admitted to slot 1 (reserve 3 blocks; pool 10/6144 blocks in use) — first token 785
2026-10-06 02:20:37.296 INFO  sched: request 'chatcmpl-c1222c5610810cf5' prefix cache miss — 2 cut(s), the cache is empty
2026-10-06 02:20:37.296 INFO  sched: request 'chatcmpl-c1222c5610810cf5' admitted to slot 3 (reserve 3 blocks; pool 12/6144 blocks in use) — first token 785
2026-10-06 02:20:37.296 INFO  sched: 2 requests admitted together in one prefill (182 ms)
2026-10-06 02:20:37.358 INFO  sched: request 'chatcmpl-c1222c5610810cf2' retired (steps): 256 tok in 9.5 s — prefill 31 tok (0 cached) in 258 ms; decode 255 tok / 140 passes in 9.2 s: 27.6 tok/s, 36.3 ms/tok, 66 ms/pass, 1.82 tok/pass, accept p1 82 %
2026-10-06 02:20:37.358 INFO  sched: request 'chatcmpl-c1222c5610810cf6' starting prefill in slot 2 (31 prompt tokens)
2026-10-06 02:20:37.500 INFO  sched: request 'chatcmpl-c1222c5610810cf6' prefix cache miss — 2 cut(s), the cache is empty
2026-10-06 02:20:37.500 INFO  sched: request 'chatcmpl-c1222c5610810cf6' admitted to slot 2 (reserve 3 blocks; pool 12/6144 blocks in use) — first token 785
2026-10-06 02:20:37.558 INFO  sched: request 'chatcmpl-c1222c5610810cf7' deferred (needs 3 blocks, 6132 free, 0 slot(s) open) — admits when a peer retires
2026-10-06 02:20:37.683 INFO  sched: request 'chatcmpl-c1222c5610810cf0' retired (steps): 256 tok in 9.8 s — prefill 30 tok (0 cached) in 258 ms; decode 255 tok / 143 passes in 9.6 s: 26.6 tok/s, 37.5 ms/tok, 67 ms/pass, 1.78 tok/pass, accept p1 78 %
2026-10-06 02:20:37.683 INFO  sched: request 'chatcmpl-c1222c5610810cf7' starting prefill in slot 0 (30 prompt tokens)
2026-10-06 02:20:37.824 INFO  sched: request 'chatcmpl-c1222c5610810cf7' prefix cache miss — 2 cut(s), the cache is empty
2026-10-06 02:20:37.824 INFO  sched: request 'chatcmpl-c1222c5610810cf7' admitted to slot 0 (reserve 3 blocks; pool 12/6144 blocks in use) — first token 785
2026-10-06 02:20:46.206 INFO  stats: rank 3 | 10.0 s | decode 95.9 tok/s, 9.8 ms/tok, 72.7 ms/step (130 steps / 961 tok, 94 % of wall) | mtp 1.85 tok/step/req, accept p1 84 % | prefill 4 prompts / 123 tok, 12 tok/s, 3.77 ms/tok, 116 ms avg (5 % of wall), 0 tok cached (0/4 hits) | live 4, queued 0 | pool 12/6144 blocks (0 %) | prefix cache 0/639 entries
2026-10-06 02:20:48.236 INFO  sched: request 'chatcmpl-c1222c5610810cf6' retired (steps): 256 tok in 10.9 s — prefill 31 tok (0 cached) in 141 ms; decode 255 tok / 135 passes in 10.7 s: 23.8 tok/s, 42.1 ms/tok, 80 ms/pass, 1.89 tok/pass, accept p1 90 %
2026-10-06 02:20:48.427 INFO  sched: request 'chatcmpl-c1222c5610810cf5' retired (steps): 256 tok in 11.3 s — prefill 31 tok (0 cached) in 182 ms; decode 255 tok / 139 passes in 11.1 s: 22.9 tok/s, 43.7 ms/tok, 80 ms/pass, 1.83 tok/pass, accept p1 83 %
2026-10-06 02:20:48.557 INFO  sched: request 'chatcmpl-c1222c5610810cf4' retired (steps): 256 tok in 11.4 s — prefill 31 tok (0 cached) in 182 ms; decode 255 tok / 142 passes in 11.3 s: 22.6 tok/s, 44.2 ms/tok, 79 ms/pass, 1.80 tok/pass, accept p1 80 %
2026-10-06 02:20:48.590 INFO  sched: request 'chatcmpl-c1222c5610810cf7' retired (steps): 256 tok in 10.9 s — prefill 30 tok (0 cached) in 141 ms; decode 255 tok / 139 passes in 10.8 s: 23.7 tok/s, 42.2 ms/tok, 77 ms/pass, 1.83 tok/pass, accept p1 84 %
2026-10-06 02:20:48.757 INFO  sched: request 'chatcmpl-c1222c5610810cf8' starting prefill in slot 0 (542 prompt tokens)
2026-10-06 02:20:49.218 INFO  sched: request 'chatcmpl-c1222c5610810cf8' prefix cache miss — 2 cut(s), the cache is empty
2026-10-06 02:20:49.218 INFO  sched: request 'chatcmpl-c1222c5610810cf8' admitted to slot 0 (reserve 5 blocks; pool 5/6144 blocks in use) — first token 785
2026-10-06 02:20:49.218 INFO  sched: request 'chatcmpl-c1222c5610810cf8' retired (steps): 1 tok in 0.5 s — prefill 542 tok (0 cached) in 461 ms; decode 0 tok / 0 passes in 0.0 s
2026-10-06 02:20:49.244 INFO  sched: request 'chatcmpl-c1222c5610810cf9' starting prefill in slot 0 (2019 prompt tokens)
2026-10-06 02:20:50.444 INFO  sched: request 'chatcmpl-c1222c5610810cf9' prefix cache miss — 2 cut(s), the cache is empty
2026-10-06 02:20:50.444 INFO  sched: request 'chatcmpl-c1222c5610810cf9' admitted to slot 0 (reserve 16 blocks; pool 17/6144 blocks in use) — first token 785
2026-10-06 02:20:50.444 INFO  sched: request 'chatcmpl-c1222c5610810cf9' retired (steps): 1 tok in 1.2 s — prefill 2019 tok (0 cached) in 1200 ms; decode 0 tok / 0 passes in 0.0 s
2026-10-06 02:20:50.465 INFO  sched: request 'chatcmpl-c1222c5610810cfa' starting prefill in slot 0 (2050 prompt tokens)
2026-10-06 02:20:50.465 INFO  sched: request 'chatcmpl-c1222c5610810cfa' prefix cache miss — 2 cut(s) probed against 1 entries; the nearest entry (position 2016) shares the first 38 of the prompt's 2050 tokens (the prompt differs from it from that token on)
2026-10-06 02:20:50.465 INFO  sched: request 'chatcmpl-c1222c5610810cfa' prefilling in slot 0 (2048 tokens/tick)
2026-10-06 02:20:52.642 INFO  sched: request 'chatcmpl-c1222c5610810cfa' admitted to slot 0 (reserve 17 blocks; pool 33/6144 blocks in use) — first token 785
2026-10-06 02:20:52.642 INFO  sched: request 'chatcmpl-c1222c5610810cfa' retired (steps): 1 tok in 2.2 s — prefill 2050 tok (0 cached) in 2177 ms; decode 0 tok / 0 passes in 0.0 s
2026-10-06 02:20:52.673 INFO  sched: request 'chatcmpl-c1222c5610810cfb' starting prefill in slot 0 (2026 prompt tokens)
2026-10-06 02:20:55.122 INFO  sched: request 'chatcmpl-c1222c5610810cfb' prefix cache miss — 2 cut(s) probed against 2 entries; the nearest entry (position 2048) shares the first 38 of the prompt's 2026 tokens (the prompt differs from it from that token on)
2026-10-06 02:20:55.122 INFO  sched: request 'chatcmpl-c1222c5610810cfb' admitted to slot 0 (reserve 16 blocks; pool 49/6144 blocks in use) — first token 785
2026-10-06 02:20:55.122 INFO  sched: request 'chatcmpl-c1222c5610810cfb' retired (steps): 1 tok in 2.4 s — prefill 2026 tok (0 cached) in 2449 ms; decode 0 tok / 0 passes in 0.0 s
2026-10-06 02:20:55.149 INFO  sched: request 'chatcmpl-c1222c5610810cfc' starting prefill in slot 0 (7986 prompt tokens)
2026-10-06 02:20:55.149 INFO  sched: request 'chatcmpl-c1222c5610810cfc' prefix cache miss — 5 cut(s) probed against 3 entries; the nearest entry (position 2048) shares the first 35 of the prompt's 7986 tokens (the prompt differs from it from that token on)
2026-10-06 02:20:55.149 INFO  sched: request 'chatcmpl-c1222c5610810cfc' prefilling in slot 0 (2048 tokens/tick)
2026-10-06 02:20:57.337 INFO  stats: rank 3 | 11.1 s | decode 15.6 tok/s, 13.5 ms/tok, 87.1 ms/step (27 steps / 174 tok, 21 % of wall) | mtp 1.81 tok/step/req, accept p1 79 % | prefill 4 prompts / 8685 tok, 780 tok/s, 0.98 ms/tok, 2119 ms avg (76 % of wall), 0 tok cached (0/5 hits) | live 1, queued 0 | pool 111/6144 blocks (2 %) | prefix cache 3/639 entries | 1 prefilling
2026-10-06 02:21:01.488 INFO  sched: request 'chatcmpl-c1222c5610810cfc' admitted to slot 0 (reserve 63 blocks; pool 112/6144 blocks in use) — first token 785
2026-10-06 02:21:01.488 INFO  sched: request 'chatcmpl-c1222c5610810cfc' retired (steps): 1 tok in 6.3 s — prefill 7986 tok (0 cached) in 6319 ms; decode 0 tok / 0 passes in 0.0 s
2026-10-06 02:21:01.503 INFO  sched: request 'chatcmpl-c1222c5610810cfd' starting prefill in slot 0 (8038 prompt tokens)
2026-10-06 02:21:01.503 INFO  sched: request 'chatcmpl-c1222c5610810cfd' prefix cache miss — 5 cut(s) probed against 4 entries; the nearest entry (position 7984) shares the first 39 of the prompt's 8038 tokens (the prompt differs from it from that token on)
2026-10-06 02:21:01.503 INFO  sched: request 'chatcmpl-c1222c5610810cfd' prefilling in slot 0 (2048 tokens/tick)
2026-10-06 02:21:06.659 INFO  sched: request 'chatcmpl-c1222c5610810cfd' admitted to slot 0 (reserve 63 blocks; pool 175/6144 blocks in use) — first token 785
2026-10-06 02:21:06.659 INFO  sched: request 'chatcmpl-c1222c5610810cfd' retired (steps): 1 tok in 5.2 s — prefill 8038 tok (0 cached) in 5154 ms; decode 0 tok / 0 passes in 0.0 s
2026-10-06 02:21:06.669 INFO  sched: request 'chatcmpl-c1222c5610810cfe' starting prefill in slot 0 (8174 prompt tokens)
2026-10-06 02:21:06.669 INFO  sched: request 'chatcmpl-c1222c5610810cfe' prefix cache miss — 5 cut(s) probed against 5 entries; the nearest entry (position 8036) shares the first 39 of the prompt's 8174 tokens (the prompt differs from it from that token on)
2026-10-06 02:21:06.669 INFO  sched: request 'chatcmpl-c1222c5610810cfe' prefilling in slot 0 (2048 tokens/tick)
2026-10-06 02:21:07.810 INFO  stats: rank 3 | 10.5 s | decode 0.2 tok/s, 0.0 ms/tok, 0.0 ms/step (0 steps / 2 tok, 0 % of wall) | prefill 2 prompts / 16024 tok, 1530 tok/s, 0.65 ms/tok, 5213 ms avg (100 % of wall), 0 tok cached (0/2 hits) | live 1, queued 0 | pool 238/6144 blocks (4 %) | prefix cache 5/639 entries | 1 prefilling
2026-10-06 02:21:11.913 INFO  sched: request 'chatcmpl-c1222c5610810cfe' admitted to slot 0 (reserve 64 blocks; pool 239/6144 blocks in use) — first token 785
2026-10-06 02:21:11.913 INFO  sched: request 'chatcmpl-c1222c5610810cfe' retired (steps): 1 tok in 5.2 s — prefill 8174 tok (0 cached) in 5243 ms; decode 0 tok / 0 passes in 0.0 s
2026-10-06 02:21:11.951 INFO  sched: request 'chatcmpl-c1222c5610810cff' starting prefill in slot 0 (32153 prompt tokens)
2026-10-06 02:21:11.951 INFO  sched: request 'chatcmpl-c1222c5610810cff' prefix cache miss — 17 cut(s) probed against 6 entries; the nearest entry (position 8172) shares the first 35 of the prompt's 32153 tokens (the prompt differs from it from that token on)
2026-10-06 02:21:11.951 INFO  sched: request 'chatcmpl-c1222c5610810cff' prefilling in slot 0 (2048 tokens/tick)
2026-10-06 02:21:18.564 INFO  stats: rank 3 | 10.8 s | decode 0.1 tok/s, 0.0 ms/tok, 0.0 ms/step (0 steps / 1 tok, 0 % of wall) | prefill 1 prompt / 16366 tok, 1522 tok/s, 0.65 ms/tok, 10712 ms avg (100 % of wall), 0 tok cached (0/1 hit) | live 1, queued 0 | pool 490/6144 blocks (8 %) | prefix cache 6/639 entries | 1 prefilling
2026-10-06 02:21:29.394 INFO  stats: rank 3 | 10.8 s | decode 0.0 tok/s, 0.0 ms/tok, 0.0 ms/step (0 steps / 0 tok, 0 % of wall) | prefill 0 prompts / 12288 tok, 1135 tok/s, 0.88 ms/tok (100 % of wall), 0 tok cached (0/0 hits) | live 1, queued 0 | pool 490/6144 blocks (8 %) | prefix cache 6/639 entries | 1 prefilling
2026-10-06 02:21:39.476 INFO  stats: rank 3 | 10.1 s | decode 0.0 tok/s, 0.0 ms/tok, 0.0 ms/step (0 steps / 0 tok, 0 % of wall) | prefill 0 prompts / 9620 tok, 954 tok/s, 1.05 ms/tok (100 % of wall), 0 tok cached (0/0 hits) | live 1, queued 0 | pool 491/6144 blocks (8 %) | prefix cache 6/639 entries | 1 prefilling
2026-10-06 02:21:39.666 INFO  sched: request 'chatcmpl-c1222c5610810cff' admitted to slot 0 (reserve 252 blocks; pool 491/6144 blocks in use) — first token 785
2026-10-06 02:21:39.667 INFO  sched: request 'chatcmpl-c1222c5610810cff' retired (steps): 1 tok in 27.7 s — prefill 32153 tok (0 cached) in 27636 ms; decode 0 tok / 0 passes in 0.1 s
2026-10-06 02:21:39.668 INFO  sched: request 'chatcmpl-c1222c5610810d00' starting prefill in slot 0 (32185 prompt tokens)
2026-10-06 02:21:39.668 INFO  sched: request 'chatcmpl-c1222c5610810d00' prefix cache miss — 17 cut(s) probed against 8 entries; the nearest entry (position 32148) shares the first 39 of the prompt's 32185 tokens (the prompt differs from it from that token on)
2026-10-06 02:21:39.668 INFO  sched: request 'chatcmpl-c1222c5610810d00' prefilling in slot 0 (2048 tokens/tick)
2026-10-06 02:21:50.717 INFO  stats: rank 3 | 11.2 s | decode 0.1 tok/s, 0.0 ms/tok, 0.0 ms/step (0 steps / 1 tok, 0 % of wall) | prefill 1 prompt / 16389 tok, 1458 tok/s, 0.68 ms/tok, 11226 ms avg (100 % of wall), 0 tok cached (0/1 hit) | live 1, queued 0 | pool 742/6144 blocks (12 %) | prefix cache 8/639 entries | 1 prefilling
2026-10-06 02:22:01.104 INFO  stats: rank 3 | 10.4 s | decode 0.0 tok/s, 0.0 ms/tok, 0.0 ms/step (0 steps / 0 tok, 0 % of wall) | prefill 0 prompts / 12288 tok, 1183 tok/s, 0.85 ms/tok (100 % of wall), 0 tok cached (0/0 hits) | live 1, queued 0 | pool 742/6144 blocks (12 %) | prefix cache 8/639 entries | 1 prefilling
2026-10-06 02:22:04.881 INFO  sched: request 'chatcmpl-c1222c5610810d00' admitted to slot 0 (reserve 252 blocks; pool 743/6144 blocks in use) — first token 785
2026-10-06 02:22:04.881 INFO  sched: request 'chatcmpl-c1222c5610810d00' retired (steps): 1 tok in 25.2 s — prefill 32185 tok (0 cached) in 25207 ms; decode 0 tok / 0 passes in 0.0 s
2026-10-06 02:22:04.883 INFO  sched: request 'chatcmpl-c1222c5610810d01' starting prefill in slot 0 (32149 prompt tokens)
2026-10-06 02:22:04.883 INFO  sched: request 'chatcmpl-c1222c5610810d01' prefix cache miss — 17 cut(s) probed against 10 entries; the nearest entry (position 32180) shares the first 39 of the prompt's 32149 tokens (the prompt differs from it from that token on)
2026-10-06 02:22:04.883 INFO  sched: request 'chatcmpl-c1222c5610810d01' prefilling in slot 0 (2048 tokens/tick)
2026-10-06 02:22:12.256 INFO  stats: rank 3 | 11.2 s | decode 0.1 tok/s, 0.0 ms/tok, 0.0 ms/step (0 steps / 1 tok, 0 % of wall) | prefill 1 prompt / 11705 tok, 1050 tok/s, 0.95 ms/tok, 11147 ms avg (100 % of wall), 0 tok cached (0/1 hit) | live 1, queued 0 | pool 994/6144 blocks (16 %) | prefix cache 10/639 entries | 1 prefilling
2026-10-06 02:22:23.028 INFO  stats: rank 3 | 10.8 s | decode 0.0 tok/s, 0.0 ms/tok, 0.0 ms/step (0 steps / 0 tok, 0 % of wall) | prefill 0 prompts / 14336 tok, 1331 tok/s, 0.75 ms/tok (100 % of wall), 0 tok cached (0/0 hits) | live 1, queued 0 | pool 994/6144 blocks (16 %) | prefix cache 10/639 entries | 1 prefilling
2026-10-06 02:22:31.973 INFO  sched: request 'chatcmpl-c1222c5610810d01' admitted to slot 0 (reserve 252 blocks; pool 995/6144 blocks in use) — first token 785
2026-10-06 02:22:31.973 INFO  sched: request 'chatcmpl-c1222c5610810d01' retired (steps): 1 tok in 27.1 s — prefill 32149 tok (0 cached) in 27085 ms; decode 0 tok / 0 passes in 0.0 s
2026-10-06 02:22:32.284 INFO  sched: request 'chatcmpl-c1222c5610810d02' starting prefill in slot 0 (95 prompt tokens)
2026-10-06 02:22:32.512 INFO  sched: request 'chatcmpl-c1222c5610810d02' prefix cache miss — 2 cut(s) probed against 12 entries; the nearest entry (position 32180) shares the first 10 of the prompt's 95 tokens (the prompt differs from it from that token on)
2026-10-06 02:22:32.512 INFO  sched: request 'chatcmpl-c1222c5610810d02' admitted to slot 0 (reserve 3 blocks; pool 997/6144 blocks in use) — first token 785
2026-10-06 02:22:33.033 INFO  stats: rank 3 | 10.0 s | decode 3.3 tok/s, 15.5 ms/tok, 31.9 ms/step (16 steps / 33 tok, 5 % of wall) | mtp 2.06 tok/step/req, accept p1 94 % | prefill 2 prompts / 9716 tok, 971 tok/s, 0.94 ms/tok, 4586 ms avg (92 % of wall), 0 tok cached (0/1 hit) | live 1, queued 0 | pool 997/6144 blocks (16 %) | prefix cache 12/639 entries
2026-10-06 02:22:36.888 INFO  sched: request 'chatcmpl-c1222c5610810d02' retired (steps): 256 tok in 4.6 s — prefill 95 tok (0 cached) in 228 ms; decode 255 tok / 137 passes in 4.4 s: 58.3 tok/s, 17.2 ms/tok, 32 ms/pass, 1.86 tok/pass, accept p1 87 %
2026-10-06 02:22:36.897 INFO  sched: request 'chatcmpl-c1222c5610810d03' starting prefill in slot 0 (95 prompt tokens)
2026-10-06 02:22:37.122 INFO  sched: request 'chatcmpl-c1222c5610810d03' prefix cache miss — 2 cut(s) probed against 12 entries; the nearest entry (position 32180) shares the first 10 of the prompt's 95 tokens (the prompt differs from it from that token on)
2026-10-06 02:22:37.122 INFO  sched: request 'chatcmpl-c1222c5610810d03' admitted to slot 0 (reserve 3 blocks; pool 997/6144 blocks in use) — first token 785
2026-10-06 02:22:41.494 INFO  sched: request 'chatcmpl-c1222c5610810d03' retired (steps): 256 tok in 4.6 s — prefill 95 tok (0 cached) in 225 ms; decode 255 tok / 137 passes in 4.4 s: 58.3 tok/s, 17.1 ms/tok, 32 ms/pass, 1.86 tok/pass, accept p1 87 %
2026-10-06 02:22:41.520 INFO  sched: request 'chatcmpl-c1222c5610810d04' starting prefill in slot 0 (95 prompt tokens)
2026-10-06 02:22:41.811 INFO  sched: request 'chatcmpl-c1222c5610810d04' prefix cache miss — 2 cut(s) probed against 12 entries; the nearest entry (position 32180) shares the first 10 of the prompt's 95 tokens (the prompt differs from it from that token on)
2026-10-06 02:22:41.811 INFO  sched: request 'chatcmpl-c1222c5610810d04' admitted to slot 0 (reserve 3 blocks; pool 997/6144 blocks in use) — first token 785
2026-10-06 02:22:43.033 INFO  stats: rank 3 | 10.0 s | decode 53.2 tok/s, 17.4 ms/tok, 32.6 ms/step (284 steps / 532 tok, 93 % of wall) | mtp 1.87 tok/step/req, accept p1 87 % | prefill 2 prompts / 190 tok, 19 tok/s, 2.71 ms/tok, 258 ms avg (5 % of wall), 0 tok cached (0/2 hits) | live 1, queued 0 | pool 997/6144 blocks (16 %) | prefix cache 12/639 entries
2026-10-06 02:22:46.857 INFO  sched: request 'chatcmpl-c1222c5610810d04' retired (steps): 256 tok in 5.3 s — prefill 95 tok (0 cached) in 291 ms; decode 255 tok / 137 passes in 5.0 s: 50.5 tok/s, 19.8 ms/tok, 37 ms/pass, 1.86 tok/pass, accept p1 87 %
2026-10-06 02:22:47.657 INFO  sched: request 'chatcmpl-c1222c5610810d05' starting prefill in slot 0 (32238 prompt tokens)
2026-10-06 02:22:47.657 INFO  sched: request 'chatcmpl-c1222c5610810d05' prefix cache miss — 17 cut(s) probed against 12 entries; the nearest entry (position 32180) shares the first 10 of the prompt's 32238 tokens (the prompt differs from it from that token on)
2026-10-06 02:22:47.657 INFO  sched: request 'chatcmpl-c1222c5610810d05' prefilling in slot 0 (2048 tokens/tick)
2026-10-06 02:22:54.180 INFO  stats: rank 3 | 11.1 s | decode 18.3 tok/s, 18.4 ms/tok, 33.8 ms/step (111 steps / 204 tok, 34 % of wall) | mtp 1.84 tok/step/req, accept p1 85 % | prefill 0 prompts / 10240 tok, 919 tok/s, 0.64 ms/tok (58 % of wall), 0 tok cached (0/1 hit) | live 1, queued 0 | pool 1248/6144 blocks (20 %) | prefix cache 12/639 entries | 1 prefilling
2026-10-06 02:23:05.243 INFO  stats: rank 3 | 11.1 s | decode 0.0 tok/s, 0.0 ms/tok, 0.0 ms/step (0 steps / 0 tok, 0 % of wall) | prefill 0 prompts / 14336 tok, 1296 tok/s, 0.77 ms/tok (100 % of wall), 0 tok cached (0/0 hits) | live 1, queued 0 | pool 1248/6144 blocks (20 %) | prefix cache 12/639 entries | 1 prefilling
2026-10-06 02:23:12.356 INFO  sched: request 'chatcmpl-c1222c5610810d05' admitted to slot 0 (reserve 254 blocks; pool 1249/6144 blocks in use) — first token 785
2026-10-06 02:23:15.275 INFO  stats: rank 3 | 10.0 s | decode 16.0 tok/s, 17.8 ms/tok, 35.0 ms/step (82 steps / 161 tok, 29 % of wall) | mtp 1.96 tok/step/req, accept p1 95 % | prefill 1 prompt / 7662 tok, 764 tok/s, 0.93 ms/tok, 7112 ms avg (71 % of wall), 0 tok cached (0/0 hits) | live 1, queued 0 | pool 1250/6144 blocks (20 %) | prefix cache 14/639 entries
2026-10-06 02:23:17.345 INFO  sched: request 'chatcmpl-c1222c5610810d05' retired (steps): 256 tok in 29.7 s — prefill 32238 tok (0 cached) in 24695 ms; decode 255 tok / 130 passes in 5.0 s: 51.1 tok/s, 19.6 ms/tok, 38 ms/pass, 1.96 tok/pass, accept p1 97 %
2026-10-06 02:23:17.369 INFO  sched: request 'chatcmpl-c1222c5610810d06' starting prefill in slot 0 (32238 prompt tokens)
2026-10-06 02:23:17.369 INFO  sched: request 'chatcmpl-c1222c5610810d06' prefilling in slot 0 (2048 tokens/tick)
2026-10-06 02:23:17.478 INFO  sched: request 'chatcmpl-c1222c5610810d06' admitted to slot 0 (reserve 254 blocks; pool 1252/6144 blocks in use) — first token 785
2026-10-06 02:23:22.835 INFO  sched: request 'chatcmpl-c1222c5610810d06' retired (steps): 256 tok in 5.5 s — prefill 32238 tok (32236 cached) in 100 ms; decode 255 tok / 130 passes in 5.4 s: 47.5 tok/s, 21.0 ms/tok, 41 ms/pass, 1.96 tok/pass, accept p1 97 %
2026-10-06 02:23:22.858 INFO  sched: request 'chatcmpl-c1222c5610810d07' starting prefill in slot 0 (32238 prompt tokens)
2026-10-06 02:23:22.858 INFO  sched: request 'chatcmpl-c1222c5610810d07' prefilling in slot 0 (2048 tokens/tick)
2026-10-06 02:23:22.918 INFO  sched: request 'chatcmpl-c1222c5610810d07' admitted to slot 0 (reserve 254 blocks; pool 1252/6144 blocks in use) — first token 785
2026-10-06 02:23:25.297 INFO  stats: rank 3 | 10.0 s | decode 48.9 tok/s, 19.6 ms/tok, 38.6 ms/step (249 steps / 490 tok, 96 % of wall) | mtp 1.97 tok/step/req, accept p1 97 % | prefill 2 prompts / 4 tok, 0 tok/s, 40.09 ms/tok, 80 ms avg (2 % of wall), 64472 tok cached (2/2 hits) | live 1, queued 0 | pool 1253/6144 blocks (20 %) | prefix cache 15/639 entries
2026-10-06 02:23:27.294 INFO  sched: request 'chatcmpl-c1222c5610810d07' retired (steps): 256 tok in 4.4 s — prefill 32238 tok (32236 cached) in 61 ms; decode 255 tok / 130 passes in 4.4 s: 58.3 tok/s, 17.2 ms/tok, 34 ms/pass, 1.96 tok/pass, accept p1 97 %
2026-10-06 02:23:28.480 INFO  sched: request 'chatcmpl-c1222c5610810d08' starting prefill in slot 0 (65009 prompt tokens)
2026-10-06 02:23:28.480 INFO  sched: request 'chatcmpl-c1222c5610810d08' prefix cache miss — 33 cut(s) probed against 15 entries; the nearest entry (position 32492) shares the first 12 of the prompt's 65009 tokens (the prompt differs from it from that token on)
2026-10-06 02:23:28.480 INFO  sched: request 'chatcmpl-c1222c5610810d08' prefilling in slot 0 (2048 tokens/tick)
2026-10-06 02:23:36.439 INFO  stats: rank 3 | 11.1 s | decode 10.5 tok/s, 16.7 ms/tok, 33.0 ms/step (59 steps / 117 tok, 17 % of wall) | mtp 1.98 tok/step/req, accept p1 100 % | prefill 0 prompts / 12288 tok, 1103 tok/s, 0.65 ms/tok (71 % of wall), 0 tok cached (0/1 hit) | live 1, queued 0 | pool 1759/6144 blocks (29 %) | prefix cache 15/639 entries | 1 prefilling
2026-10-06 02:23:47.719 INFO  stats: rank 3 | 11.3 s | decode 0.0 tok/s, 0.0 ms/tok, 0.0 ms/step (0 steps / 0 tok, 0 % of wall) | prefill 0 prompts / 14336 tok, 1271 tok/s, 0.79 ms/tok (100 % of wall), 0 tok cached (0/0 hits) | live 1, queued 0 | pool 1759/6144 blocks (29 %) | prefix cache 15/639 entries | 1 prefilling
2026-10-06 02:24:00.058 INFO  stats: rank 3 | 12.3 s | decode 0.0 tok/s, 0.0 ms/tok, 0.0 ms/step (0 steps / 0 tok, 0 % of wall) | prefill 0 prompts / 10240 tok, 830 tok/s, 1.20 ms/tok (100 % of wall), 0 tok cached (0/0 hits) | live 1, queued 0 | pool 1759/6144 blocks (29 %) | prefix cache 15/639 entries | 1 prefilling
2026-10-06 02:24:11.847 INFO  stats: rank 3 | 11.8 s | decode 0.0 tok/s, 0.0 ms/tok, 0.0 ms/step (0 steps / 0 tok, 0 % of wall) | prefill 0 prompts / 10240 tok, 869 tok/s, 1.15 ms/tok (100 % of wall), 0 tok cached (0/0 hits) | live 1, queued 0 | pool 1759/6144 blocks (29 %) | prefix cache 15/639 entries | 1 prefilling
2026-10-06 02:24:22.992 INFO  stats: rank 3 | 11.1 s | decode 0.0 tok/s, 0.0 ms/tok, 0.0 ms/step (0 steps / 0 tok, 0 % of wall) | prefill 0 prompts / 8192 tok, 735 tok/s, 1.36 ms/tok (100 % of wall), 0 tok cached (0/0 hits) | live 1, queued 0 | pool 1759/6144 blocks (29 %) | prefix cache 15/639 entries | 1 prefilling
2026-10-06 02:24:34.702 INFO  stats: rank 3 | 11.7 s | decode 0.0 tok/s, 0.0 ms/tok, 0.0 ms/step (0 steps / 0 tok, 0 % of wall) | prefill 0 prompts / 6144 tok, 525 tok/s, 1.90 ms/tok (100 % of wall), 0 tok cached (0/0 hits) | live 1, queued 0 | pool 1759/6144 blocks (29 %) | prefix cache 15/639 entries | 1 prefilling
2026-10-06 02:24:40.828 INFO  sched: request 'chatcmpl-c1222c5610810d08' admitted to slot 0 (reserve 510 blocks; pool 1760/6144 blocks in use) — first token 785
2026-10-06 02:24:44.718 INFO  stats: rank 3 | 10.0 s | decode 22.0 tok/s, 17.3 ms/tok, 34.0 ms/step (112 steps / 220 tok, 38 % of wall) | mtp 1.96 tok/step/req, accept p1 96 % | prefill 1 prompt / 3569 tok, 356 tok/s, 1.71 ms/tok, 6114 ms avg (61 % of wall), 0 tok cached (0/0 hits) | live 1, queued 0 | pool 1761/6144 blocks (29 %) | prefix cache 17/639 entries
2026-10-06 02:24:45.339 INFO  sched: request 'chatcmpl-c1222c5610810d08' retired (steps): 256 tok in 76.9 s — prefill 65009 tok (0 cached) in 72226 ms; decode 255 tok / 130 passes in 4.6 s: 55.0 tok/s, 18.2 ms/tok, 36 ms/pass, 1.96 tok/pass, accept p1 96 %
2026-10-06 02:24:45.369 INFO  sched: request 'chatcmpl-c1222c5610810d09' starting prefill in slot 0 (65009 prompt tokens)
2026-10-06 02:24:45.370 INFO  sched: request 'chatcmpl-c1222c5610810d09' prefilling in slot 0 (2048 tokens/tick)
2026-10-06 02:24:45.462 INFO  sched: request 'chatcmpl-c1222c5610810d09' admitted to slot 0 (reserve 510 blocks; pool 1763/6144 blocks in use) — first token 785
2026-10-06 02:24:49.944 INFO  sched: request 'chatcmpl-c1222c5610810d09' retired (steps): 256 tok in 4.6 s — prefill 65009 tok (65004 cached) in 92 ms; decode 255 tok / 130 passes in 4.5 s: 56.9 tok/s, 17.6 ms/tok, 34 ms/pass, 1.96 tok/pass, accept p1 96 %
2026-10-06 02:24:49.967 INFO  sched: request 'chatcmpl-c1222c5610810d0a' starting prefill in slot 0 (65009 prompt tokens)
2026-10-06 02:24:49.968 INFO  sched: request 'chatcmpl-c1222c5610810d0a' prefilling in slot 0 (2048 tokens/tick)
2026-10-06 02:24:50.060 INFO  sched: request 'chatcmpl-c1222c5610810d0a' admitted to slot 0 (reserve 510 blocks; pool 1763/6144 blocks in use) — first token 785
2026-10-06 02:24:54.540 INFO  sched: request 'chatcmpl-c1222c5610810d0a' retired (steps): 256 tok in 4.6 s — prefill 65009 tok (65004 cached) in 92 ms; decode 255 tok / 130 passes in 4.5 s: 56.9 tok/s, 17.6 ms/tok, 34 ms/pass, 1.96 tok/pass, accept p1 96 %
2026-10-06 02:24:54.721 INFO  stats: rank 3 | 10.0 s | decode 54.8 tok/s, 17.1 ms/tok, 33.7 ms/step (278 steps / 548 tok, 94 % of wall) | mtp 1.97 tok/step/req, accept p1 96 % | prefill 2 prompts / 10 tok, 1 tok/s, 18.49 ms/tok, 92 ms avg (2 % of wall), 130008 tok cached (2/2 hits) | live 0, queued 0 | pool 1760/6144 blocks (29 %) | prefix cache 18/639 entries
2026-10-06 02:24:56.644 INFO  sched: request 'chatcmpl-c1222c5610810d0b' starting prefill in slot 0 (130538 prompt tokens)
2026-10-06 02:24:56.644 INFO  sched: request 'chatcmpl-c1222c5610810d0b' prefix cache miss — 65 cut(s) probed against 18 entries; the nearest entry (position 65264) shares the first 13 of the prompt's 130538 tokens (the prompt differs from it from that token on)
2026-10-06 02:24:56.644 INFO  sched: request 'chatcmpl-c1222c5610810d0b' prefilling in slot 0 (2048 tokens/tick)
2026-10-06 02:25:05.004 INFO  stats: rank 3 | 10.3 s | decode 0.0 tok/s, 0.0 ms/tok, 0.0 ms/step (0 steps / 0 tok, 0 % of wall) | prefill 0 prompts / 12288 tok, 1195 tok/s, 0.68 ms/tok (81 % of wall), 0 tok cached (0/1 hit) | live 1, queued 0 | pool 2782/6144 blocks (45 %) | prefix cache 18/639 entries | 1 prefilling
2026-10-06 02:25:16.274 INFO  stats: rank 3 | 11.3 s | decode 0.0 tok/s, 0.0 ms/tok, 0.0 ms/step (0 steps / 0 tok, 0 % of wall) | prefill 0 prompts / 14336 tok, 1272 tok/s, 0.79 ms/tok (100 % of wall), 0 tok cached (0/0 hits) | live 1, queued 0 | pool 2782/6144 blocks (45 %) | prefix cache 18/639 entries | 1 prefilling
2026-10-06 02:25:28.156 INFO  stats: rank 3 | 11.9 s | decode 0.0 tok/s, 0.0 ms/tok, 0.0 ms/step (0 steps / 0 tok, 0 % of wall) | prefill 0 prompts / 12288 tok, 1034 tok/s, 0.97 ms/tok (100 % of wall), 0 tok cached (0/0 hits) | live 1, queued 0 | pool 2782/6144 blocks (45 %) | prefix cache 18/639 entries | 1 prefilling
2026-10-06 02:25:40.246 INFO  stats: rank 3 | 12.1 s | decode 0.0 tok/s, 0.0 ms/tok, 0.0 ms/step (0 steps / 0 tok, 0 % of wall) | prefill 0 prompts / 8192 tok, 678 tok/s, 1.48 ms/tok (100 % of wall), 0 tok cached (0/0 hits) | live 1, queued 0 | pool 2782/6144 blocks (45 %) | prefix cache 18/639 entries | 1 prefilling
2026-10-06 02:25:51.310 INFO  stats: rank 3 | 11.1 s | decode 0.0 tok/s, 0.0 ms/tok, 0.0 ms/step (0 steps / 0 tok, 0 % of wall) | prefill 0 prompts / 8192 tok, 740 tok/s, 1.35 ms/tok (100 % of wall), 0 tok cached (0/0 hits) | live 1, queued 0 | pool 2782/6144 blocks (45 %) | prefix cache 18/639 entries | 1 prefilling
2026-10-06 02:26:04.179 INFO  stats: rank 3 | 12.9 s | decode 0.0 tok/s, 0.0 ms/tok, 0.0 ms/step (0 steps / 0 tok, 0 % of wall) | prefill 0 prompts / 8192 tok, 637 tok/s, 1.57 ms/tok (100 % of wall), 0 tok cached (0/0 hits) | live 1, queued 0 | pool 2782/6144 blocks (45 %) | prefix cache 18/639 entries | 1 prefilling
2026-10-06 02:26:17.005 INFO  stats: rank 3 | 12.8 s | decode 0.0 tok/s, 0.0 ms/tok, 0.0 ms/step (0 steps / 0 tok, 0 % of wall) | prefill 0 prompts / 6144 tok, 479 tok/s, 2.09 ms/tok (100 % of wall), 0 tok cached (0/0 hits) | live 1, queued 0 | pool 2782/6144 blocks (45 %) | prefix cache 18/639 entries | 1 prefilling
2026-10-06 02:26:31.499 INFO  stats: rank 3 | 14.5 s | decode 0.0 tok/s, 0.0 ms/tok, 0.0 ms/step (0 steps / 0 tok, 0 % of wall) | prefill 0 prompts / 6144 tok, 424 tok/s, 2.36 ms/tok (100 % of wall), 0 tok cached (0/0 hits) | live 1, queued 0 | pool 2782/6144 blocks (45 %) | prefix cache 18/639 entries | 1 prefilling
2026-10-06 02:26:46.255 INFO  stats: rank 3 | 14.8 s | decode 0.0 tok/s, 0.0 ms/tok, 0.0 ms/step (0 steps / 0 tok, 0 % of wall) | prefill 0 prompts / 6144 tok, 416 tok/s, 2.40 ms/tok (100 % of wall), 0 tok cached (0/0 hits) | live 1, queued 0 | pool 2782/6144 blocks (45 %) | prefix cache 18/639 entries | 1 prefilling
2026-10-06 02:26:57.751 INFO  stats: rank 3 | 11.5 s | decode 0.0 tok/s, 0.0 ms/tok, 0.0 ms/step (0 steps / 0 tok, 0 % of wall) | prefill 0 prompts / 4096 tok, 356 tok/s, 2.81 ms/tok (100 % of wall), 0 tok cached (0/0 hits) | live 1, queued 0 | pool 2782/6144 blocks (45 %) | prefix cache 18/639 entries | 1 prefilling
2026-10-06 02:27:08.943 INFO  hunt qp: rank 3 seq 1134097 pool=bulk  p0l0[RTS sq_psn=15403852 rq_psn=15403722 ack_timeout=14 retry_cnt=7 rnr_retry=7 min_rnr=12 sq_draining=0] p0l1[RTS sq_psn=14686552 rq_psn=14686422 ack_timeout=14 retry_cnt=7 rnr_retry=7 min_rnr=12 sq_draining=0] p1l0[RTS sq_psn=15075712 rq_psn=15075712 ack_timeout=14 retry_cnt=7 rnr_retry=7 min_rnr=12 sq_draining=0] p1l1[RTS sq_psn=14561812 rq_psn=14561812 ack_timeout=14 retry_cnt=7 rnr_retry=7 min_rnr=12 sq_draining=0] p2l0[RTS sq_psn=14966914 rq_psn=14966914 ack_timeout=14 retry_cnt=7 rnr_retry=7 min_rnr=12 sq_draining=0] p2l1[RTS sq_psn=14512906 rq_psn=14512906 ack_timeout=14 retry_cnt=7 rnr_retry=7 min_rnr=12 sq_draining=0]
2026-10-06 02:27:08.943 INFO  allreduce: rank 3 seq 1134097 bulk RS seg 1/4 STALLED 503ms launched=true tx_retired=1362178/1362178 ctl(done=0 status=0 gate_redos=0)  p0:posted=4/staged=4/expected=4 p1:posted=4/staged=4/expected=4 p2:posted=4/staged=4/expected=4  p0l0:[137375c1127220/137375=0x3f2ebea6.137375c1127221/137375=0xbc86bf63.137375c1127222/137375=0x00360034.137374c1127215/137374=0xbe05be10.137374c1127216/137374=0x3eb0be9c.137374c1127217/137374=0x3c2bbe9d.137374c1127218/137374=0x3f5ebf97.137374c1127219/137374=0x00130038. B[29433/29433.29432/29432!29432/29432!29432/29432.29432/29432.29432/29432.29432/29432.29432/29432.] p0l1:[0c0/0=0000000000.0c0/0=0000000000.0c0/0=0000000000.0c0/0=0000000000.0c0/0=0000000000.0c0/0=0000000000.0c0/0=0000000000.0c0/0=0000000000. B[27852/27852.27852/27852.27852/27852.27852/27852.27852/27852.27851/27851!27851/27851!27851/27851.] p1l0:[137375c1127220/137375=0x3f033e71.137375c1127221/137375=0xbf753f99.137375c1127222/137375=0000000000.137374c1127215/137374=0x3d883e0b.137374c1127216/137374=0xbdc7bd2c.137374c1127217/137374=0x3d3f3cf0.137374c1127218/137374=0xbeea3f0c.137374c1127219/137374=0000000000. B[29163/29163.29163/29162!29163/29162!29162/29162.29162/29162.29162/29162.29162/29162.29162/29162.] p1l1:[0c0/0=0000000000.0c0/0=0000000000.0c0/0=0000000000.0c0/0=0000000000.0c0/0=0000000000.0c0/0=0000000000.0c0/0=0000000000.0c0/0=0000000000. B[27616/27616.27616/27616.27616/27616.27616/27615!27616/27615!27615/27615.27615/27615.27615/27615.] p2l0:[137375c1127220/137375=0xbec7bd88.137375c1127221/137375=0xbf0fbf90.137375c1127222/137375=0000000000.137374c1127215/137374=0xbe1e3e35.137374c1127216/137374=0xbdc63e30.137374c1127217/137374=0x3e95bb76.137374c1127218/137374=0xbe1a3e8e.137374c1127219/137374=0000000000. B[28687/28687.28687/28687.28687/28687.28687/28687.28687/28687.28687/28687.28687/28686!28687/28686!] p2l1:[0c0/0=0000000000.0c0/0=0000000000.0c0/0=0000000000.0c0/0=0000000000.0c0/0=0000000000.0c0/0=0000000000.0c0/0=0000000000.0c0/0=0000000000. B[27523/27523.27523/27523.27523/27523.27523/27523.27523/27523.27523/27523.27523/27522!27523/27522!]
2026-10-06 02:27:10.633 INFO  hunt qp: rank 3 seq 1134111 pool=bulk  p0l0[RTS sq_psn=15412300 rq_psn=15412170 ack_timeout=14 retry_cnt=7 rnr_retry=7 min_rnr=12 sq_draining=0] p0l1[RTS sq_psn=14695000 rq_psn=14694870 ack_timeout=14 retry_cnt=7 rnr_retry=7 min_rnr=12 sq_draining=0] p1l0[RTS sq_psn=15084160 rq_psn=15084160 ack_timeout=14 retry_cnt=7 rnr_retry=7 min_rnr=12 sq_draining=0] p1l1[RTS sq_psn=14570260 rq_psn=14570260 ack_timeout=14 retry_cnt=7 rnr_retry=7 min_rnr=12 sq_draining=0] p2l0[RTS sq_psn=14975362 rq_psn=14975362 ack_timeout=14 retry_cnt=7 rnr_retry=7 min_rnr=12 sq_draining=0] p2l1[RTS sq_psn=14521354 rq_psn=14521354 ack_timeout=14 retry_cnt=7 rnr_retry=7 min_rnr=12 sq_draining=0]
2026-10-06 02:27:10.633 INFO  allreduce: rank 3 seq 1134111 bulk RS seg 1/4 STALLED 504ms launched=true tx_retired=1362946/1362946 ctl(done=0 status=0 gate_redos=0)  p0:posted=4/staged=4/expected=4 p1:posted=4/staged=4/expected=4 p2:posted=4/staged=4/expected=4  p0l0:[137375c1127220/137375=0x3f2ebea6.137375c1127221/137375=0xbc86bf63.137375c1127222/137375=0x00360034.137374c1127215/137374=0xbe05be10.137374c1127216/137374=0x3eb0be9c.137374c1127217/137374=0x3c2bbe9d.137374c1127218/137374=0x3f5ebf97.137374c1127219/137374=0x00130038. B[29449/29449.29448/29448!29448/29448!29448/29448.29448/29448.29448/29448.29448/29448.29448/29448.] p0l1:[0c0/0=0000000000.0c0/0=0000000000.0c0/0=0000000000.0c0/0=0000000000.0c0/0=0000000000.0c0/0=0000000000.0c0/0=0000000000.0c0/0=0000000000. B[27868/27868.27868/27868.27868/27868.27868/27868.27868/27868.27867/27867!27867/27867!27867/27867.] p1l0:[137375c1127220/137375=0x3f033e71.137375c1127221/137375=0xbf753f99.137375c1127222/137375=0000000000.137374c1127215/137374=0x3d883e0b.137374c1127216/137374=0xbdc7bd2c.137374c1127217/137374=0x3d3f3cf0.137374c1127218/137374=0xbeea3f0c.137374c1127219/137374=0000000000. B[29179/29179.29179/29178!29179/29178!29178/29178.29178/29178.29178/29178.29178/29178.29178/29178.] p1l1:[0c0/0=0000000000.0c0/0=0000000000.0c0/0=0000000000.0c0/0=0000000000.0c0/0=0000000000.0c0/0=0000000000.0c0/0=0000000000.0c0/0=0000000000. B[27632/27632.27632/27632.27632/27632.27632/27631!27632/27631!27631/27631.27631/27631.27631/27631.] p2l0:[137375c1127220/137375=0xbec7bd88.137375c1127221/137375=0xbf0fbf90.137375c1127222/137375=0000000000.137374c1127215/137374=0xbe1e3e35.137374c1127216/137374=0xbdc63e30.137374c1127217/137374=0x3e95bb76.137374c1127218/137374=0xbe1a3e8e.137374c1127219/137374=0000000000. B[28703/28703.28703/28703.28703/28703.28703/28703.28703/28703.28703/28703.28703/28702!28703/28702!] p2l1:[0c0/0=0000000000.0c0/0=0000000000.0c0/0=0000000000.0c0/0=0000000000.0c0/0=0000000000.0c0/0=0000000000.0c0/0=0000000000.0c0/0=0000000000. B[27539/27539.27539/27539.27539/27539.27539/27539.27539/27539.27539/27539.27539/27538!27539/27538!]
2026-10-06 02:27:11.133 INFO  hunt qp: rank 3 seq 1134111 pool=bulk  p0l0[RTS sq_psn=15412300 rq_psn=15412170 ack_timeout=14 retry_cnt=7 rnr_retry=7 min_rnr=12 sq_draining=0] p0l1[RTS sq_psn=14695000 rq_psn=14694870 ack_timeout=14 retry_cnt=7 rnr_retry=7 min_rnr=12 sq_draining=0] p1l0[RTS sq_psn=15084160 rq_psn=15084160 ack_timeout=14 retry_cnt=7 rnr_retry=7 min_rnr=12 sq_draining=0] p1l1[RTS sq_psn=14570260 rq_psn=14570260 ack_timeout=14 retry_cnt=7 rnr_retry=7 min_rnr=12 sq_draining=0] p2l0[RTS sq_psn=14975362 rq_psn=14975362 ack_timeout=14 retry_cnt=7 rnr_retry=7 min_rnr=12 sq_draining=0] p2l1[RTS sq_psn=14521354 rq_psn=14521354 ack_timeout=14 retry_cnt=7 rnr_retry=7 min_rnr=12 sq_draining=0]
2026-10-06 02:27:11.133 INFO  allreduce: rank 3 seq 1134111 bulk RS seg 1/4 STALLED 1004ms launched=true tx_retired=1362946/1362946 ctl(done=0 status=0 gate_redos=0)  p0:posted=4/staged=4/expected=4 p1:posted=4/staged=4/expected=4 p2:posted=4/staged=4/expected=4  p0l0:[137375c1127220/137375=0x3f2ebea6.137375c1127221/137375=0xbc86bf63.137375c1127222/137375=0x00360034.137374c1127215/137374=0xbe05be10.137374c1127216/137374=0x3eb0be9c.137374c1127217/137374=0x3c2bbe9d.137374c1127218/137374=0x3f5ebf97.137374c1127219/137374=0x00130038. B[29449/29449.29448/29448!29448/29448!29448/29448.29448/29448.29448/29448.29448/29448.29448/29448.] p0l1:[0c0/0=0000000000.0c0/0=0000000000.0c0/0=0000000000.0c0/0=0000000000.0c0/0=0000000000.0c0/0=0000000000.0c0/0=0000000000.0c0/0=0000000000. B[27868/27868.27868/27868.27868/27868.27868/27868.27868/27868.27867/27867!27867/27867!27867/27867.] p1l0:[137375c1127220/137375=0x3f033e71.137375c1127221/137375=0xbf753f99.137375c1127222/137375=0000000000.137374c1127215/137374=0x3d883e0b.137374c1127216/137374=0xbdc7bd2c.137374c1127217/137374=0x3d3f3cf0.137374c1127218/137374=0xbeea3f0c.137374c1127219/137374=0000000000. B[29179/29179.29179/29178!29179/29178!29178/29178.29178/29178.29178/29178.29178/29178.29178/29178.] p1l1:[0c0/0=0000000000.0c0/0=0000000000.0c0/0=0000000000.0c0/0=0000000000.0c0/0=0000000000.0c0/0=0000000000.0c0/0=0000000000.0c0/0=0000000000. B[27632/27632.27632/27632.27632/27632.27632/27631!27632/27631!27631/27631.27631/27631.27631/27631.] p2l0:[137375c1127220/137375=0xbec7bd88.137375c1127221/137375=0xbf0fbf90.137375c1127222/137375=0000000000.137374c1127215/137374=0xbe1e3e35.137374c1127216/137374=0xbdc63e30.137374c1127217/137374=0x3e95bb76.137374c1127218/137374=0xbe1a3e8e.137374c1127219/137374=0000000000. B[28703/28703.28703/28703.28703/28703.28703/28703.28703/28703.28703/28703.28703/28702!28703/28702!] p2l1:[0c0/0=0000000000.0c0/0=0000000000.0c0/0=0000000000.0c0/0=0000000000.0c0/0=0000000000.0c0/0=0000000000.0c0/0=0000000000.0c0/0=0000000000. B[27539/27539.27539/27539.27539/27539.27539/27539.27539/27539.27539/27539.27539/27538!27539/27538!]
2026-10-06 02:27:12.332 INFO  hunt qp: rank 3 seq 1134125 pool=bulk  p0l0[RTS sq_psn=15420748 rq_psn=15420618 ack_timeout=14 retry_cnt=7 rnr_retry=7 min_rnr=12 sq_draining=0] p0l1[RTS sq_psn=14703448 rq_psn=14703318 ack_timeout=14 retry_cnt=7 rnr_retry=7 min_rnr=12 sq_draining=0] p1l0[RTS sq_psn=15092608 rq_psn=15092608 ack_timeout=14 retry_cnt=7 rnr_retry=7 min_rnr=12 sq_draining=0] p1l1[RTS sq_psn=14578708 rq_psn=14578708 ack_timeout=14 retry_cnt=7 rnr_retry=7 min_rnr=12 sq_draining=0] p2l0[RTS sq_psn=14983810 rq_psn=14983810 ack_timeout=14 retry_cnt=7 rnr_retry=7 min_rnr=12 sq_draining=0] p2l1[RTS sq_psn=14529802 rq_psn=14529802 ack_timeout=14 retry_cnt=7 rnr_retry=7 min_rnr=12 sq_draining=0]
2026-10-06 02:27:12.332 INFO  allreduce: rank 3 seq 1134125 bulk RS seg 1/4 STALLED 505ms launched=true tx_retired=1363714/1363714 ctl(done=0 status=0 gate_redos=0)  p0:posted=4/staged=4/expected=4 p1:posted=4/staged=4/expected=4 p2:posted=4/staged=4/expected=4  p0l0:[137375c1127220/137375=0x3f2ebea6.137375c1127221/137375=0xbc86bf63.137375c1127222/137375=0x00360034.137374c1127215/137374=0xbe05be10.137374c1127216/137374=0x3eb0be9c.137374c1127217/137374=0x3c2bbe9d.137374c1127218/137374=0x3f5ebf97.137374c1127219/137374=0x00130038. B[29465/29465.29464/29464!29464/29464!29464/29464.29464/29464.29464/29464.29464/29464.29464/29464.] p0l1:[0c0/0=0000000000.0c0/0=0000000000.0c0/0=0000000000.0c0/0=0000000000.0c0/0=0000000000.0c0/0=0000000000.0c0/0=0000000000.0c0/0=0000000000. B[27884/27884.27884/27884.27884/27884.27884/27884.27884/27884.27883/27883!27883/27883!27883/27883.] p1l0:[137375c1127220/137375=0x3f033e71.137375c1127221/137375=0xbf753f99.137375c1127222/137375=0000000000.137374c1127215/137374=0x3d883e0b.137374c1127216/137374=0xbdc7bd2c.137374c1127217/137374=0x3d3f3cf0.137374c1127218/137374=0xbeea3f0c.137374c1127219/137374=0000000000. B[29195/29195.29195/29194!29195/29194!29194/29194.29194/29194.29194/29194.29194/29194.29194/29194.] p1l1:[0c0/0=0000000000.0c0/0=0000000000.0c0/0=0000000000.0c0/0=0000000000.0c0/0=0000000000.0c0/0=0000000000.0c0/0=0000000000.0c0/0=0000000000. B[27648/27648.27648/27648.27648/27648.27648/27647!27648/27647!27647/27647.27647/27647.27647/27647.] p2l0:[137375c1127220/137375=0xbec7bd88.137375c1127221/137375=0xbf0fbf90.137375c1127222/137375=0000000000.137374c1127215/137374=0xbe1e3e35.137374c1127216/137374=0xbdc63e30.137374c1127217/137374=0x3e95bb76.137374c1127218/137374=0xbe1a3e8e.137374c1127219/137374=0000000000. B[28719/28719.28719/28719.28719/28719.28719/28719.28719/28719.28719/28719.28719/28718!28719/28718!] p2l1:[0c0/0=0000000000.0c0/0=0000000000.0c0/0=0000000000.0c0/0=0000000000.0c0/0=0000000000.0c0/0=0000000000.0c0/0=0000000000.0c0/0=0000000000. B[27555/27555.27555/27555.27555/27555.27555/27555.27555/27555.27555/27555.27555/27554!27555/27554!]
2026-10-06 02:27:12.468 INFO  stats: rank 3 | 14.7 s | decode 0.0 tok/s, 0.0 ms/tok, 0.0 ms/step (0 steps / 0 tok, 0 % of wall) | prefill 0 prompts / 4096 tok, 278 tok/s, 3.59 ms/tok (100 % of wall), 0 tok cached (0/0 hits) | live 1, queued 0 | pool 2782/6144 blocks (45 %) | prefix cache 18/639 entries | 1 prefilling
2026-10-06 02:27:17.392 INFO  hunt qp: rank 3 seq 1134198 pool=bulk  p0l0[RTS sq_psn=15465100 rq_psn=15464970 ack_timeout=14 retry_cnt=7 rnr_retry=7 min_rnr=12 sq_draining=0] p0l1[RTS sq_psn=14747800 rq_psn=14747670 ack_timeout=14 retry_cnt=7 rnr_retry=7 min_rnr=12 sq_draining=0] p1l0[RTS sq_psn=15136960 rq_psn=15136960 ack_timeout=14 retry_cnt=7 rnr_retry=7 min_rnr=12 sq_draining=0] p1l1[RTS sq_psn=14623060 rq_psn=14623060 ack_timeout=14 retry_cnt=7 rnr_retry=7 min_rnr=12 sq_draining=0] p2l0[RTS sq_psn=15028162 rq_psn=15028162 ack_timeout=14 retry_cnt=7 rnr_retry=7 min_rnr=12 sq_draining=0] p2l1[RTS sq_psn=14574154 rq_psn=14574154 ack_timeout=14 retry_cnt=7 rnr_retry=7 min_rnr=12 sq_draining=0]
2026-10-06 02:27:17.392 INFO  allreduce: rank 3 seq 1134198 bulk RS seg 1/4 STALLED 507ms launched=true tx_retired=1367746/1367746 ctl(done=0 status=0 gate_redos=0)  p0:posted=4/staged=4/expected=4 p1:posted=4/staged=4/expected=4 p2:posted=4/staged=4/expected=4  p0l0:[137375c1127220/137375=0x3f2ebea6.137375c1127221/137375=0xbc86bf63.137375c1127222/137375=0x00360034.137374c1127215/137374=0xbe05be10.137374c1127216/137374=0x3eb0be9c.137374c1127217/137374=0x3c2bbe9d.137374c1127218/137374=0x3f5ebf97.137374c1127219/137374=0x00130038. B[29549/29549.29548/29548!29548/29548!29548/29548.29548/29548.29548/29548.29548/29548.29548/29548.] p0l1:[0c0/0=0000000000.0c0/0=0000000000.0c0/0=0000000000.0c0/0=0000000000.0c0/0=0000000000.0c0/0=0000000000.0c0/0=0000000000.0c0/0=0000000000. B[27968/27968.27968/27968.27968/27968.27968/27968.27968/27968.27967/27967!27967/27967!27967/27967.] p1l0:[137375c1127220/137375=0x3f033e71.137375c1127221/137375=0xbf753f99.137375c1127222/137375=0000000000.137374c1127215/137374=0x3d883e0b.137374c1127216/137374=0xbdc7bd2c.137374c1127217/137374=0x3d3f3cf0.137374c1127218/137374=0xbeea3f0c.137374c1127219/137374=0000000000. B[29279/29279.29279/29278!29279/29278!29278/29278.29278/29278.29278/29278.29278/29278.29278/29278.] p1l1:[0c0/0=0000000000.0c0/0=0000000000.0c0/0=0000000000.0c0/0=0000000000.0c0/0=0000000000.0c0/0=0000000000.0c0/0=0000000000.0c0/0=0000000000. B[27732/27732.27732/27732.27732/27732.27732/27731!27732/27731!27731/27731.27731/27731.27731/27731.] p2l0:[137375c1127220/137375=0xbec7bd88.137375c1127221/137375=0xbf0fbf90.137375c1127222/137375=0000000000.137374c1127215/137374=0xbe1e3e35.137374c1127216/137374=0xbdc63e30.137374c1127217/137374=0x3e95bb76.137374c1127218/137374=0xbe1a3e8e.137374c1127219/137374=0000000000. B[28803/28803.28803/28803.28803/28803.28803/28803.28803/28803.28803/28803.28803/28802!28803/28802!] p2l1:[0c0/0=0000000000.0c0/0=0000000000.0c0/0=0000000000.0c0/0=0000000000.0c0/0=0000000000.0c0/0=0000000000.0c0/0=0000000000.0c0/0=0000000000. B[27639/27639.27639/27639.27639/27639.27639/27639.27639/27639.27639/27639.27639/27638!27639/27638!]
2026-10-06 02:27:26.082 INFO  stats: rank 3 | 13.6 s | decode 0.0 tok/s, 0.0 ms/tok, 0.0 ms/step (0 steps / 0 tok, 0 % of wall) | prefill 0 prompts / 4096 tok, 301 tok/s, 3.32 ms/tok (100 % of wall), 0 tok cached (0/0 hits) | live 1, queued 0 | pool 2782/6144 blocks (45 %) | prefix cache 18/639 entries | 1 prefilling
2026-10-06 02:27:39.336 INFO  stats: rank 3 | 13.3 s | decode 0.0 tok/s, 0.0 ms/tok, 0.0 ms/step (0 steps / 0 tok, 0 % of wall) | prefill 0 prompts / 4096 tok, 309 tok/s, 3.23 ms/tok (100 % of wall), 0 tok cached (0/0 hits) | live 1, queued 0 | pool 2782/6144 blocks (45 %) | prefix cache 18/639 entries | 1 prefilling
2026-10-06 02:27:53.532 INFO  stats: rank 3 | 14.2 s | decode 0.0 tok/s, 0.0 ms/tok, 0.0 ms/step (0 steps / 0 tok, 0 % of wall) | prefill 0 prompts / 4096 tok, 289 tok/s, 3.46 ms/tok (100 % of wall), 0 tok cached (0/0 hits) | live 1, queued 0 | pool 2782/6144 blocks (45 %) | prefix cache 18/639 entries | 1 prefilling
2026-10-06 02:28:10.319 INFO  stats: rank 3 | 16.8 s | decode 0.0 tok/s, 0.0 ms/tok, 0.0 ms/step (0 steps / 0 tok, 0 % of wall) | prefill 0 prompts / 4096 tok, 244 tok/s, 4.09 ms/tok (100 % of wall), 0 tok cached (0/0 hits) | live 1, queued 0 | pool 2782/6144 blocks (45 %) | prefix cache 18/639 entries | 1 prefilling
2026-10-06 02:28:25.862 INFO  stats: rank 3 | 15.5 s | decode 0.0 tok/s, 0.0 ms/tok, 0.0 ms/step (0 steps / 0 tok, 0 % of wall) | prefill 0 prompts / 4096 tok, 264 tok/s, 3.79 ms/tok (100 % of wall), 0 tok cached (0/0 hits) | live 1, queued 0 | pool 2782/6144 blocks (45 %) | prefix cache 18/639 entries | 1 prefilling
2026-10-06 02:28:34.848 INFO  hunt qp: rank 3 seq 1135869 pool=bulk  p0l0[RTS sq_psn=16476748 rq_psn=16476618 ack_timeout=14 retry_cnt=7 rnr_retry=7 min_rnr=12 sq_draining=0] p0l1[RTS sq_psn=15759448 rq_psn=15759318 ack_timeout=14 retry_cnt=7 rnr_retry=7 min_rnr=12 sq_draining=0] p1l0[RTS sq_psn=16148608 rq_psn=16148608 ack_timeout=14 retry_cnt=7 rnr_retry=7 min_rnr=12 sq_draining=0] p1l1[RTS sq_psn=15634708 rq_psn=15634708 ack_timeout=14 retry_cnt=7 rnr_retry=7 min_rnr=12 sq_draining=0] p2l0[RTS sq_psn=16039810 rq_psn=16039810 ack_timeout=14 retry_cnt=7 rnr_retry=7 min_rnr=12 sq_draining=0] p2l1[RTS sq_psn=15585802 rq_psn=15585802 ack_timeout=14 retry_cnt=7 rnr_retry=7 min_rnr=12 sq_draining=0]
2026-10-06 02:28:34.848 INFO  allreduce: rank 3 seq 1135869 bulk RS seg 1/4 STALLED 507ms launched=true tx_retired=1459714/1459714 ctl(done=0 status=0 gate_redos=0)  p0:posted=4/staged=4/expected=4 p1:posted=4/staged=4/expected=4 p2:posted=4/staged=4/expected=4  p0l0:[137375c1127220/137375=0x3f2ebea6.137375c1127221/137375=0xbc86bf63.137375c1127222/137375=0x00360034.137374c1127215/137374=0xbe05be10.137374c1127216/137374=0x3eb0be9c.137374c1127217/137374=0x3c2bbe9d.137374c1127218/137374=0x3f5ebf97.137374c1127219/137374=0x00130038. B[31465/31465.31464/31464!31464/31464!31464/31464.31464/31464.31464/31464.31464/31464.31464/31464.] p0l1:[0c0/0=0000000000.0c0/0=0000000000.0c0/0=0000000000.0c0/0=0000000000.0c0/0=0000000000.0c0/0=0000000000.0c0/0=0000000000.0c0/0=0000000000. B[29884/29884.29884/29884.29884/29884.29884/29884.29884/29884.29883/29883!29883/29883!29883/29883.] p1l0:[137375c1127220/137375=0x3f033e71.137375c1127221/137375=0xbf753f99.137375c1127222/137375=0000000000.137374c1127215/137374=0x3d883e0b.137374c1127216/137374=0xbdc7bd2c.137374c1127217/137374=0x3d3f3cf0.137374c1127218/137374=0xbeea3f0c.137374c1127219/137374=0000000000. B[31195/31195.31195/31194!31195/31194!31194/31194.31194/31194.31194/31194.31194/31194.31194/31194.] p1l1:[0c0/0=0000000000.0c0/0=0000000000.0c0/0=0000000000.0c0/0=0000000000.0c0/0=0000000000.0c0/0=0000000000.0c0/0=0000000000.0c0/0=0000000000. B[29648/29648.29648/29648.29648/29648.29648/29647!29648/29647!29647/29647.29647/29647.29647/29647.] p2l0:[137375c1127220/137375=0xbec7bd88.137375c1127221/137375=0xbf0fbf90.137375c1127222/137375=0000000000.137374c1127215/137374=0xbe1e3e35.137374c1127216/137374=0xbdc63e30.137374c1127217/137374=0x3e95bb76.137374c1127218/137374=0xbe1a3e8e.137374c1127219/137374=0000000000. B[30719/30719.30719/30719.30719/30719.30719/30719.30719/30719.30719/30719.30719/30718!30719/30718!] p2l1:[0c0/0=0000000000.0c0/0=0000000000.0c0/0=0000000000.0c0/0=0000000000.0c0/0=0000000000.0c0/0=0000000000.0c0/0=0000000000.0c0/0=0000000000. B[29555/29555.29555/29555.29555/29555.29555/29555.29555/29555.29555/29555.29555/29554!29555/29554!]
2026-10-06 02:28:36.463 INFO  hunt qp: rank 3 seq 1135883 pool=bulk  p0l0[RTS sq_psn=16485196 rq_psn=16485066 ack_timeout=14 retry_cnt=7 rnr_retry=7 min_rnr=12 sq_draining=0] p0l1[RTS sq_psn=15767896 rq_psn=15767766 ack_timeout=14 retry_cnt=7 rnr_retry=7 min_rnr=12 sq_draining=0] p1l0[RTS sq_psn=16157056 rq_psn=16157056 ack_timeout=14 retry_cnt=7 rnr_retry=7 min_rnr=12 sq_draining=0] p1l1[RTS sq_psn=15643156 rq_psn=15643156 ack_timeout=14 retry_cnt=7 rnr_retry=7 min_rnr=12 sq_draining=0] p2l0[RTS sq_psn=16048258 rq_psn=16048258 ack_timeout=14 retry_cnt=7 rnr_retry=7 min_rnr=12 sq_draining=0] p2l1[RTS sq_psn=15594250 rq_psn=15594250 ack_timeout=14 retry_cnt=7 rnr_retry=7 min_rnr=12 sq_draining=0]
2026-10-06 02:28:36.463 INFO  allreduce: rank 3 seq 1135883 bulk RS seg 1/4 STALLED 504ms launched=true tx_retired=1460482/1460482 ctl(done=0 status=0 gate_redos=0)  p0:posted=4/staged=4/expected=4 p1:posted=4/staged=4/expected=4 p2:posted=4/staged=4/expected=4  p0l0:[137375c1127220/137375=0x3f2ebea6.137375c1127221/137375=0xbc86bf63.137375c1127222/137375=0x00360034.137374c1127215/137374=0xbe05be10.137374c1127216/137374=0x3eb0be9c.137374c1127217/137374=0x3c2bbe9d.137374c1127218/137374=0x3f5ebf97.137374c1127219/137374=0x00130038. B[31481/31481.31480/31480!31480/31480!31480/31480.31480/31480.31480/31480.31480/31480.31480/31480.] p0l1:[0c0/0=0000000000.0c0/0=0000000000.0c0/0=0000000000.0c0/0=0000000000.0c0/0=0000000000.0c0/0=0000000000.0c0/0=0000000000.0c0/0=0000000000. B[29900/29900.29900/29900.29900/29900.29900/29900.29900/29900.29899/29899!29899/29899!29899/29899.] p1l0:[137375c1127220/137375=0x3f033e71.137375c1127221/137375=0xbf753f99.137375c1127222/137375=0000000000.137374c1127215/137374=0x3d883e0b.137374c1127216/137374=0xbdc7bd2c.137374c1127217/137374=0x3d3f3cf0.137374c1127218/137374=0xbeea3f0c.137374c1127219/137374=0000000000. B[31211/31211.31211/31210!31211/31210!31210/31210.31210/31210.31210/31210.31210/31210.31210/31210.] p1l1:[0c0/0=0000000000.0c0/0=0000000000.0c0/0=0000000000.0c0/0=0000000000.0c0/0=0000000000.0c0/0=0000000000.0c0/0=0000000000.0c0/0=0000000000. B[29664/29664.29664/29664.29664/29664.29664/29663!29664/29663!29663/29663.29663/29663.29663/29663.] p2l0:[137375c1127220/137375=0xbec7bd88.137375c1127221/137375=0xbf0fbf90.137375c1127222/137375=0000000000.137374c1127215/137374=0xbe1e3e35.137374c1127216/137374=0xbdc63e30.137374c1127217/137374=0x3e95bb76.137374c1127218/137374=0xbe1a3e8e.137374c1127219/137374=0000000000. B[30735/30735.30735/30735.30735/30735.30735/30735.30735/30735.30735/30735.30735/30734!30735/30734!] p2l1:[0c0/0=0000000000.0c0/0=0000000000.0c0/0=0000000000.0c0/0=0000000000.0c0/0=0000000000.0c0/0=0000000000.0c0/0=0000000000.0c0/0=0000000000. B[29571/29571.29571/29571.29571/29571.29571/29571.29571/29571.29571/29571.29571/29570!29571/29570!]
2026-10-06 02:28:39.288 INFO  hunt qp: rank 3 seq 1135911 pool=bulk  p0l0[RTS sq_psn=16502092 rq_psn=16501962 ack_timeout=14 retry_cnt=7 rnr_retry=7 min_rnr=12 sq_draining=0] p0l1[RTS sq_psn=15784792 rq_psn=15784662 ack_timeout=14 retry_cnt=7 rnr_retry=7 min_rnr=12 sq_draining=0] p1l0[RTS sq_psn=16173952 rq_psn=16173952 ack_timeout=14 retry_cnt=7 rnr_retry=7 min_rnr=12 sq_draining=0] p1l1[RTS sq_psn=15660052 rq_psn=15660052 ack_timeout=14 retry_cnt=7 rnr_retry=7 min_rnr=12 sq_draining=0] p2l0[RTS sq_psn=16065154 rq_psn=16065154 ack_timeout=14 retry_cnt=7 rnr_retry=7 min_rnr=12 sq_draining=0] p2l1[RTS sq_psn=15611146 rq_psn=15611146 ack_timeout=14 retry_cnt=7 rnr_retry=7 min_rnr=12 sq_draining=0]
2026-10-06 02:28:39.288 INFO  allreduce: rank 3 seq 1135911 bulk RS seg 1/4 STALLED 506ms launched=true tx_retired=1462018/1462018 ctl(done=0 status=0 gate_redos=0)  p0:posted=4/staged=4/expected=4 p1:posted=4/staged=4/expected=4 p2:posted=4/staged=4/expected=4  p0l0:[137375c1127220/137375=0x3f2ebea6.137375c1127221/137375=0xbc86bf63.137375c1127222/137375=0x00360034.137374c1127215/137374=0xbe05be10.137374c1127216/137374=0x3eb0be9c.137374c1127217/137374=0x3c2bbe9d.137374c1127218/137374=0x3f5ebf97.137374c1127219/137374=0x00130038. B[31513/31513.31512/31512!31512/31512!31512/31512.31512/31512.31512/31512.31512/31512.31512/31512.] p0l1:[0c0/0=0000000000.0c0/0=0000000000.0c0/0=0000000000.0c0/0=0000000000.0c0/0=0000000000.0c0/0=0000000000.0c0/0=0000000000.0c0/0=0000000000. B[29932/29932.29932/29932.29932/29932.29932/29932.29932/29932.29931/29931!29931/29931!29931/29931.] p1l0:[137375c1127220/137375=0x3f033e71.137375c1127221/137375=0xbf753f99.137375c1127222/137375=0000000000.137374c1127215/137374=0x3d883e0b.137374c1127216/137374=0xbdc7bd2c.137374c1127217/137374=0x3d3f3cf0.137374c1127218/137374=0xbeea3f0c.137374c1127219/137374=0000000000. B[31243/31243.31243/31242!31243/31242!31242/31242.31242/31242.31242/31242.31242/31242.31242/31242.] p1l1:[0c0/0=0000000000.0c0/0=0000000000.0c0/0=0000000000.0c0/0=0000000000.0c0/0=0000000000.0c0/0=0000000000.0c0/0=0000000000.0c0/0=0000000000. B[29696/29696.29696/29696.29696/29696.29696/29695!29696/29695!29695/29695.29695/29695.29695/29695.] p2l0:[137375c1127220/137375=0xbec7bd88.137375c1127221/137375=0xbf0fbf90.137375c1127222/137375=0000000000.137374c1127215/137374=0xbe1e3e35.137374c1127216/137374=0xbdc63e30.137374c1127217/137374=0x3e95bb76.137374c1127218/137374=0xbe1a3e8e.137374c1127219/137374=0000000000. B[30767/30767.30767/30767.30767/30767.30767/30767.30767/30767.30767/30767.30767/30766!30767/30766!] p2l1:[0c0/0=0000000000.0c0/0=0000000000.0c0/0=0000000000.0c0/0=0000000000.0c0/0=0000000000.0c0/0=0000000000.0c0/0=0000000000.0c0/0=0000000000. B[29603/29603.29603/29603.29603/29603.29603/29603.29603/29603.29603/29603.29603/29602!29603/29602!]
2026-10-06 02:28:44.514 INFO  stats: rank 3 | 18.7 s | decode 0.0 tok/s, 0.0 ms/tok, 0.0 ms/step (0 steps / 0 tok, 0 % of wall) | prefill 0 prompts / 4096 tok, 220 tok/s, 4.55 ms/tok (100 % of wall), 0 tok cached (0/0 hits) | live 1, queued 0 | pool 2782/6144 blocks (45 %) | prefix cache 18/639 entries | 1 prefilling
2026-10-06 02:29:02.431 INFO  stats: rank 3 | 17.9 s | decode 0.0 tok/s, 0.0 ms/tok, 0.0 ms/step (0 steps / 0 tok, 0 % of wall) | prefill 0 prompts / 4096 tok, 229 tok/s, 4.37 ms/tok (100 % of wall), 0 tok cached (0/0 hits) | live 1, queued 0 | pool 2782/6144 blocks (45 %) | prefix cache 18/639 entries | 1 prefilling
2026-10-06 02:29:03.623 INFO  hunt qp: rank 3 seq 1136340 pool=bulk  p0l0[RTS sq_psn=16761868 rq_psn=16761868 ack_timeout=14 retry_cnt=7 rnr_retry=7 min_rnr=12 sq_draining=0] p0l1[RTS sq_psn=16044568 rq_psn=16044568 ack_timeout=14 retry_cnt=7 rnr_retry=7 min_rnr=12 sq_draining=0] p1l0[RTS sq_psn=16433728 rq_psn=16433598 ack_timeout=14 retry_cnt=7 rnr_retry=7 min_rnr=12 sq_draining=0] p1l1[RTS sq_psn=15919828 rq_psn=15919698 ack_timeout=14 retry_cnt=7 rnr_retry=7 min_rnr=12 sq_draining=0] p2l0[RTS sq_psn=16324930 rq_psn=16324930 ack_timeout=14 retry_cnt=7 rnr_retry=7 min_rnr=12 sq_draining=0] p2l1[RTS sq_psn=15870922 rq_psn=15870922 ack_timeout=14 retry_cnt=7 rnr_retry=7 min_rnr=12 sq_draining=0]
2026-10-06 02:29:03.623 INFO  allreduce: rank 3 seq 1136340 bulk RS seg 1/4 STALLED 507ms launched=true tx_retired=1485634/1485634 ctl(done=0 status=0 gate_redos=0)  p0:posted=4/staged=4/expected=4 p1:posted=4/staged=4/expected=4 p2:posted=4/staged=4/expected=4  p0l0:[137375c1127220/137375=0x3f2ebea6.137375c1127221/137375=0xbc86bf63.137375c1127222/137375=0x00360034.137374c1127215/137374=0xbe05be10.137374c1127216/137374=0x3eb0be9c.137374c1127217/137374=0x3c2bbe9d.137374c1127218/137374=0x3f5ebf97.137374c1127219/137374=0x00130038. B[32005/32005.32005/32004!32005/32004!32004/32004.32004/32004.32004/32004.32004/32004.32004/32004.] p0l1:[0c0/0=0000000000.0c0/0=0000000000.0c0/0=0000000000.0c0/0=0000000000.0c0/0=0000000000.0c0/0=0000000000.0c0/0=0000000000.0c0/0=0000000000. B[30424/30424.30424/30424.30424/30424.30424/30424.30424/30424.30424/30423!30424/30423!30423/30423.] p1l0:[137375c1127220/137375=0x3f033e71.137375c1127221/137375=0xbf753f99.137375c1127222/137375=0000000000.137374c1127215/137374=0x3d883e0b.137374c1127216/137374=0xbdc7bd2c.137374c1127217/137374=0x3d3f3cf0.137374c1127218/137374=0xbeea3f0c.137374c1127219/137374=0000000000. B[31735/31735.31734/31734!31734/31734!31734/31734.31734/31734.31734/31734.31734/31734.31734/31734.] p1l1:[0c0/0=0000000000.0c0/0=0000000000.0c0/0=0000000000.0c0/0=0000000000.0c0/0=0000000000.0c0/0=0000000000.0c0/0=0000000000.0c0/0=0000000000. B[30188/30188.30188/30188.30188/30188.30187/30187!30187/30187!30187/30187.30187/30187.30187/30187.] p2l0:[137375c1127220/137375=0xbec7bd88.137375c1127221/137375=0xbf0fbf90.137375c1127222/137375=0000000000.137374c1127215/137374=0xbe1e3e35.137374c1127216/137374=0xbdc63e30.137374c1127217/137374=0x3e95bb76.137374c1127218/137374=0xbe1a3e8e.137374c1127219/137374=0000000000. B[31259/31259.31259/31259.31259/31259.31259/31259.31259/31259.31259/31259.31259/31258!31259/31258!] p2l1:[0c0/0=0000000000.0c0/0=0000000000.0c0/0=0000000000.0c0/0=0000000000.0c0/0=0000000000.0c0/0=0000000000.0c0/0=0000000000.0c0/0=0000000000. B[30095/30095.30095/30095.30095/30095.30095/30095.30095/30095.30095/30095.30095/30094!30095/30094!]
2026-10-06 02:29:05.021 INFO  hunt qp: rank 3 seq 1136354 pool=bulk  p0l0[RTS sq_psn=16770316 rq_psn=16770316 ack_timeout=14 retry_cnt=7 rnr_retry=7 min_rnr=12 sq_draining=0] p0l1[RTS sq_psn=16053016 rq_psn=16053016 ack_timeout=14 retry_cnt=7 rnr_retry=7 min_rnr=12 sq_draining=0] p1l0[RTS sq_psn=16442176 rq_psn=16442046 ack_timeout=14 retry_cnt=7 rnr_retry=7 min_rnr=12 sq_draining=0] p1l1[RTS sq_psn=15928276 rq_psn=15928146 ack_timeout=14 retry_cnt=7 rnr_retry=7 min_rnr=12 sq_draining=0] p2l0[RTS sq_psn=16333378 rq_psn=16333378 ack_timeout=14 retry_cnt=7 rnr_retry=7 min_rnr=12 sq_draining=0] p2l1[RTS sq_psn=15879370 rq_psn=15879370 ack_timeout=14 retry_cnt=7 rnr_retry=7 min_rnr=12 sq_draining=0]
2026-10-06 02:29:05.021 INFO  allreduce: rank 3 seq 1136354 bulk RS seg 1/4 STALLED 506ms launched=true tx_retired=1486402/1486402 ctl(done=0 status=0 gate_redos=0)  p0:posted=4/staged=4/expected=4 p1:posted=4/staged=4/expected=4 p2:posted=4/staged=4/expected=4  p0l0:[137375c1127220/137375=0x3f2ebea6.137375c1127221/137375=0xbc86bf63.137375c1127222/137375=0x00360034.137374c1127215/137374=0xbe05be10.137374c1127216/137374=0x3eb0be9c.137374c1127217/137374=0x3c2bbe9d.137374c1127218/137374=0x3f5ebf97.137374c1127219/137374=0x00130038. B[32021/32021.32021/32020!32021/32020!32020/32020.32020/32020.32020/32020.32020/32020.32020/32020.] p0l1:[0c0/0=0000000000.0c0/0=0000000000.0c0/0=0000000000.0c0/0=0000000000.0c0/0=0000000000.0c0/0=0000000000.0c0/0=0000000000.0c0/0=0000000000. B[30440/30440.30440/30440.30440/30440.30440/30440.30440/30440.30440/30439!30440/30439!30439/30439.] p1l0:[137375c1127220/137375=0x3f033e71.137375c1127221/137375=0xbf753f99.137375c1127222/137375=0000000000.137374c1127215/137374=0x3d883e0b.137374c1127216/137374=0xbdc7bd2c.137374c1127217/137374=0x3d3f3cf0.137374c1127218/137374=0xbeea3f0c.137374c1127219/137374=0000000000. B[31751/31751.31750/31750!31750/31750!31750/31750.31750/31750.31750/31750.31750/31750.31750/31750.] p1l1:[0c0/0=0000000000.0c0/0=0000000000.0c0/0=0000000000.0c0/0=0000000000.0c0/0=0000000000.0c0/0=0000000000.0c0/0=0000000000.0c0/0=0000000000. B[30204/30204.30204/30204.30204/30204.30203/30203!30203/30203!30203/30203.30203/30203.30203/30203.] p2l0:[137375c1127220/137375=0xbec7bd88.137375c1127221/137375=0xbf0fbf90.137375c1127222/137375=0000000000.137374c1127215/137374=0xbe1e3e35.137374c1127216/137374=0xbdc63e30.137374c1127217/137374=0x3e95bb76.137374c1127218/137374=0xbe1a3e8e.137374c1127219/137374=0000000000. B[31275/31275.31275/31275.31275/31275.31275/31275.31275/31275.31275/31275.31275/31274!31275/31274!] p2l1:[0c0/0=0000000000.0c0/0=0000000000.0c0/0=0000000000.0c0/0=0000000000.0c0/0=0000000000.0c0/0=0000000000.0c0/0=0000000000.0c0/0=0000000000. B[30111/30111.30111/30111.30111/30111.30111/30111.30111/30111.30111/30111.30111/30110!30111/30110!]
2026-10-06 02:29:22.359 INFO  stats: rank 3 | 19.9 s | decode 0.0 tok/s, 0.0 ms/tok, 0.0 ms/step (0 steps / 0 tok, 0 % of wall) | prefill 0 prompts / 4096 tok, 206 tok/s, 4.86 ms/tok (100 % of wall), 0 tok cached (0/0 hits) | live 1, queued 0 | pool 2782/6144 blocks (45 %) | prefix cache 18/639 entries | 1 prefilling
2026-10-06 02:29:31.006 INFO  hunt qp: rank 3 seq 1136766 pool=bulk  p0l0[RTS sq_psn=242316 rq_psn=242316 ack_timeout=14 retry_cnt=7 rnr_retry=7 min_rnr=12 sq_draining=0] p0l1[RTS sq_psn=16302232 rq_psn=16302232 ack_timeout=14 retry_cnt=7 rnr_retry=7 min_rnr=12 sq_draining=0] p1l0[RTS sq_psn=16691392 rq_psn=16691392 ack_timeout=14 retry_cnt=7 rnr_retry=7 min_rnr=12 sq_draining=0] p1l1[RTS sq_psn=16177492 rq_psn=16177492 ack_timeout=14 retry_cnt=7 rnr_retry=7 min_rnr=12 sq_draining=0] p2l0[RTS sq_psn=16582594 rq_psn=16582464 ack_timeout=14 retry_cnt=7 rnr_retry=7 min_rnr=12 sq_draining=0] p2l1[RTS sq_psn=16128586 rq_psn=16128456 ack_timeout=14 retry_cnt=7 rnr_retry=7 min_rnr=12 sq_draining=0]
2026-10-06 02:29:31.006 INFO  allreduce: rank 3 seq 1136766 bulk RS seg 1/4 STALLED 502ms launched=true tx_retired=1509058/1509058 ctl(done=0 status=0 gate_redos=0)  p0:posted=4/staged=4/expected=4 p1:posted=4/staged=4/expected=4 p2:posted=4/staged=4/expected=4  p0l0:[137375c1127220/137375=0x3f2ebea6.137375c1127221/137375=0xbc86bf63.137375c1127222/137375=0x00360034.137374c1127215/137374=0xbe05be10.137374c1127216/137374=0x3eb0be9c.137374c1127217/137374=0x3c2bbe9d.137374c1127218/137374=0x3f5ebf97.137374c1127219/137374=0x00130038. B[32493/32493.32493/32492!32493/32492!32492/32492.32492/32492.32492/32492.32492/32492.32492/32492.] p0l1:[0c0/0=0000000000.0c0/0=0000000000.0c0/0=0000000000.0c0/0=0000000000.0c0/0=0000000000.0c0/0=0000000000.0c0/0=0000000000.0c0/0=0000000000. B[30912/30912.30912/30912.30912/30912.30912/30912.30912/30912.30912/30911!30912/30911!30911/30911.] p1l0:[137375c1127220/137375=0x3f033e71.137375c1127221/137375=0xbf753f99.137375c1127222/137375=0000000000.137374c1127215/137374=0x3d883e0b.137374c1127216/137374=0xbdc7bd2c.137374c1127217/137374=0x3d3f3cf0.137374c1127218/137374=0xbeea3f0c.137374c1127219/137374=0000000000. B[32223/32223.32223/32222!32223/32222!32222/32222.32222/32222.32222/32222.32222/32222.32222/32222.] p1l1:[0c0/0=0000000000.0c0/0=0000000000.0c0/0=0000000000.0c0/0=0000000000.0c0/0=0000000000.0c0/0=0000000000.0c0/0=0000000000.0c0/0=0000000000. B[30676/30676.30676/30676.30676/30676.30676/30675!30676/30675!30675/30675.30675/30675.30675/30675.] p2l0:[137375c1127220/137375=0xbec7bd88.137375c1127221/137375=0xbf0fbf90.137375c1127222/137375=0000000000.137374c1127215/137374=0xbe1e3e35.137374c1127216/137374=0xbdc63e30.137374c1127217/137374=0x3e95bb76.137374c1127218/137374=0xbe1a3e8e.137374c1127219/137374=0000000000. B[31747/31747.31747/31747.31747/31747.31747/31747.31747/31747.31747/31747.31746/31746!31746/31746!] p2l1:[0c0/0=0000000000.0c0/0=0000000000.0c0/0=0000000000.0c0/0=0000000000.0c0/0=0000000000.0c0/0=0000000000.0c0/0=0000000000.0c0/0=0000000000. B[30583/30583.30583/30583.30583/30583.30583/30583.30583/30583.30583/30583.30582/30582!30582/30582!]
2026-10-06 02:29:33.583 INFO  stats: rank 3 | 11.2 s | decode 0.0 tok/s, 0.0 ms/tok, 0.0 ms/step (0 steps / 0 tok, 0 % of wall) | prefill 0 prompts / 2048 tok, 182 tok/s, 5.48 ms/tok (100 % of wall), 0 tok cached (0/0 hits) | live 1, queued 0 | pool 2782/6144 blocks (45 %) | prefix cache 18/639 entries | 1 prefilling
2026-10-06 02:29:47.386 INFO  hunt qp: rank 3 seq 1137010 pool=bulk  p0l0[RTS sq_psn=390156 rq_psn=390026 ack_timeout=14 retry_cnt=7 rnr_retry=7 min_rnr=12 sq_draining=0] p0l1[RTS sq_psn=16450072 rq_psn=16449942 ack_timeout=14 retry_cnt=7 rnr_retry=7 min_rnr=12 sq_draining=0] p1l0[RTS sq_psn=62016 rq_psn=62016 ack_timeout=14 retry_cnt=7 rnr_retry=7 min_rnr=12 sq_draining=0] p1l1[RTS sq_psn=16325332 rq_psn=16325332 ack_timeout=14 retry_cnt=7 rnr_retry=7 min_rnr=12 sq_draining=0] p2l0[RTS sq_psn=16730434 rq_psn=16730434 ack_timeout=14 retry_cnt=7 rnr_retry=7 min_rnr=12 sq_draining=0] p2l1[RTS sq_psn=16276426 rq_psn=16276426 ack_timeout=14 retry_cnt=7 rnr_retry=7 min_rnr=12 sq_draining=0]
2026-10-06 02:29:47.386 INFO  allreduce: rank 3 seq 1137010 bulk RS seg 1/4 STALLED 501ms launched=true tx_retired=1522498/1522498 ctl(done=0 status=0 gate_redos=0)  p0:posted=4/staged=4/expected=4 p1:posted=4/staged=4/expected=4 p2:posted=4/staged=4/expected=4  p0l0:[137375c1127220/137375=0x3f2ebea6.137375c1127221/137375=0xbc86bf63.137375c1127222/137375=0x00360034.137374c1127215/137374=0xbe05be10.137374c1127216/137374=0x3eb0be9c.137374c1127217/137374=0x3c2bbe9d.137374c1127218/137374=0x3f5ebf97.137374c1127219/137374=0x00130038. B[32773/32773.32772/32772!32772/32772!32772/32772.32772/32772.32772/32772.32772/32772.32772/32772.] p0l1:[0c0/0=0000000000.0c0/0=0000000000.0c0/0=0000000000.0c0/0=0000000000.0c0/0=0000000000.0c0/0=0000000000.0c0/0=0000000000.0c0/0=0000000000. B[31192/31192.31192/31192.31192/31192.31192/31192.31192/31192.31191/31191!31191/31191!31191/31191.] p1l0:[137375c1127220/137375=0x3f033e71.137375c1127221/137375=0xbf753f99.137375c1127222/137375=0000000000.137374c1127215/137374=0x3d883e0b.137374c1127216/137374=0xbdc7bd2c.137374c1127217/137374=0x3d3f3cf0.137374c1127218/137374=0xbeea3f0c.137374c1127219/137374=0000000000. B[32503/32503.32503/32502!32503/32502!32502/32502.32502/32502.32502/32502.32502/32502.32502/32502.] p1l1:[0c0/0=0000000000.0c0/0=0000000000.0c0/0=0000000000.0c0/0=0000000000.0c0/0=0000000000.0c0/0=0000000000.0c0/0=0000000000.0c0/0=0000000000. B[30956/30956.30956/30956.30956/30956.30956/30955!30956/30955!30955/30955.30955/30955.30955/30955.] p2l0:[137375c1127220/137375=0xbec7bd88.137375c1127221/137375=0xbf0fbf90.137375c1127222/137375=0000000000.137374c1127215/137374=0xbe1e3e35.137374c1127216/137374=0xbdc63e30.137374c1127217/137374=0x3e95bb76.137374c1127218/137374=0xbe1a3e8e.137374c1127219/137374=0000000000. B[32027/32027.32027/32027.32027/32027.32027/32027.32027/32027.32027/32027.32027/32026!32027/32026!] p2l1:[0c0/0=0000000000.0c0/0=0000000000.0c0/0=0000000000.0c0/0=0000000000.0c0/0=0000000000.0c0/0=0000000000.0c0/0=0000000000.0c0/0=0000000000. B[30863/30863.30863/30863.30863/30863.30863/30863.30863/30863.30863/30863.30863/30862!30863/30862!]
2026-10-06 02:29:53.853 INFO  stats: rank 3 | 20.3 s | decode 0.0 tok/s, 0.0 ms/tok, 0.0 ms/step (0 steps / 0 tok, 0 % of wall) | prefill 0 prompts / 4096 tok, 202 tok/s, 4.95 ms/tok (100 % of wall), 0 tok cached (0/0 hits) | live 1, queued 0 | pool 2782/6144 blocks (45 %) | prefix cache 18/639 entries | 1 prefilling
2026-10-06 02:30:02.833 INFO  sched: request 'chatcmpl-c1222c5610810d0b' admitted to slot 0 (reserve 1022 blocks; pool 2783/6144 blocks in use) — first token 785
2026-10-06 02:30:03.859 INFO  stats: rank 3 | 10.0 s | decode 5.4 tok/s, 18.6 ms/tok, 35.9 ms/step (28 steps / 54 tok, 10 % of wall) | mtp 1.93 tok/step/req, accept p1 89 % | prefill 1 prompt / 1514 tok, 151 tok/s, 5.89 ms/tok, 8923 ms avg (89 % of wall), 0 tok cached (0/0 hits) | live 1, queued 0 | pool 2784/6144 blocks (45 %) | prefix cache 20/639 entries
2026-10-06 02:30:07.609 INFO  sched: request 'chatcmpl-c1222c5610810d0b' retired (steps): 256 tok in 311.0 s — prefill 130538 tok (0 cached) in 305926 ms; decode 255 tok / 130 passes in 5.0 s: 50.6 tok/s, 19.8 ms/tok, 39 ms/pass, 1.96 tok/pass, accept p1 96 %
2026-10-06 02:30:08.098 INFO  sched: request 'chatcmpl-c1222c5610810d0c' starting prefill in slot 0 (130538 prompt tokens)
2026-10-06 02:30:08.099 INFO  sched: request 'chatcmpl-c1222c5610810d0c' prefilling in slot 0 (2048 tokens/tick)
2026-10-06 02:30:08.208 INFO  sched: request 'chatcmpl-c1222c5610810d0c' admitted to slot 0 (reserve 1022 blocks; pool 2786/6144 blocks in use) — first token 785
2026-10-06 02:30:12.886 INFO  sched: request 'chatcmpl-c1222c5610810d0c' retired (steps): 256 tok in 4.8 s — prefill 130538 tok (130536 cached) in 109 ms; decode 255 tok / 130 passes in 4.7 s: 54.5 tok/s, 18.3 ms/tok, 36 ms/pass, 1.96 tok/pass, accept p1 96 %
2026-10-06 02:30:12.957 INFO  sched: request 'chatcmpl-c1222c5610810d0d' starting prefill in slot 0 (130538 prompt tokens)
2026-10-06 02:30:12.958 INFO  sched: request 'chatcmpl-c1222c5610810d0d' prefilling in slot 0 (2048 tokens/tick)
2026-10-06 02:30:13.054 INFO  sched: request 'chatcmpl-c1222c5610810d0d' admitted to slot 0 (reserve 1022 blocks; pool 2786/6144 blocks in use) — first token 785
2026-10-06 02:30:13.868 INFO  stats: rank 3 | 10.0 s | decode 50.2 tok/s, 17.9 ms/tok, 35.3 ms/step (255 steps / 502 tok, 90 % of wall) | mtp 1.97 tok/step/req, accept p1 96 % | prefill 2 prompts / 4 tok, 0 tok/s, 51.51 ms/tok, 103 ms avg (2 % of wall), 261072 tok cached (2/2 hits) | live 1, queued 0 | pool 2787/6144 blocks (45 %) | prefix cache 21/639 entries
2026-10-06 02:30:17.727 INFO  sched: request 'chatcmpl-c1222c5610810d0d' retired (steps): 256 tok in 4.8 s — prefill 130538 tok (130536 cached) in 97 ms; decode 255 tok / 130 passes in 4.7 s: 54.6 tok/s, 18.3 ms/tok, 36 ms/pass, 1.96 tok/pass, accept p1 96 %
2026-10-06 02:30:22.261 INFO  sched: request 'chatcmpl-c1222c5610810d0e' starting prefill in slot 0 (261629 prompt tokens)
2026-10-06 02:30:22.262 INFO  sched: request 'chatcmpl-c1222c5610810d0e' prefix cache miss — 129 cut(s) probed against 21 entries; the nearest entry (position 130792) shares the first 12 of the prompt's 261629 tokens (the prompt differs from it from that token on)
2026-10-06 02:30:22.265 INFO  sched: request 'chatcmpl-c1222c5610810d0e' prefilling in slot 0 (2048 tokens/tick)
2026-10-06 02:30:24.005 INFO  stats: rank 3 | 10.1 s | decode 20.9 tok/s, 17.8 ms/tok, 35.3 ms/step (107 steps / 212 tok, 37 % of wall) | mtp 1.98 tok/step/req, accept p1 98 % | prefill 0 prompts / 2048 tok, 202 tok/s, 0.85 ms/tok (17 % of wall), 0 tok cached (0/1 hit) | live 1, queued 0 | pool 4829/6144 blocks (79 %) | prefix cache 21/639 entries | 1 prefilling
2026-10-06 02:30:35.625 INFO  stats: rank 3 | 11.6 s | decode 0.0 tok/s, 0.0 ms/tok, 0.0 ms/step (0 steps / 0 tok, 0 % of wall) | prefill 0 prompts / 10240 tok, 881 tok/s, 1.12 ms/tok (99 % of wall), 0 tok cached (0/0 hits) | live 1, queued 0 | pool 4829/6144 blocks (79 %) | prefix cache 21/639 entries | 1 prefilling
2026-10-06 02:30:47.807 INFO  stats: rank 3 | 12.2 s | decode 0.0 tok/s, 0.0 ms/tok, 0.0 ms/step (0 steps / 0 tok, 0 % of wall) | prefill 0 prompts / 10240 tok, 841 tok/s, 1.19 ms/tok (100 % of wall), 0 tok cached (0/0 hits) | live 1, queued 0 | pool 4829/6144 blocks (79 %) | prefix cache 21/639 entries | 1 prefilling
2026-10-06 02:30:58.274 INFO  stats: rank 3 | 10.5 s | decode 0.0 tok/s, 0.0 ms/tok, 0.0 ms/step (0 steps / 0 tok, 0 % of wall) | prefill 0 prompts / 8192 tok, 783 tok/s, 1.28 ms/tok (100 % of wall), 0 tok cached (0/0 hits) | live 1, queued 0 | pool 4829/6144 blocks (79 %) | prefix cache 21/639 entries | 1 prefilling
2026-10-06 02:31:11.060 INFO  stats: rank 3 | 12.8 s | decode 0.0 tok/s, 0.0 ms/tok, 0.0 ms/step (0 steps / 0 tok, 0 % of wall) | prefill 0 prompts / 8192 tok, 641 tok/s, 1.56 ms/tok (100 % of wall), 0 tok cached (0/0 hits) | live 1, queued 0 | pool 4829/6144 blocks (79 %) | prefix cache 21/639 entries | 1 prefilling
2026-10-06 02:31:25.782 INFO  stats: rank 3 | 14.7 s | decode 0.0 tok/s, 0.0 ms/tok, 0.0 ms/step (0 steps / 0 tok, 0 % of wall) | prefill 0 prompts / 8192 tok, 556 tok/s, 1.80 ms/tok (100 % of wall), 0 tok cached (0/0 hits) | live 1, queued 0 | pool 4829/6144 blocks (79 %) | prefix cache 21/639 entries | 1 prefilling
2026-10-06 02:31:36.112 INFO  stats: rank 3 | 10.3 s | decode 0.0 tok/s, 0.0 ms/tok, 0.0 ms/step (0 steps / 0 tok, 0 % of wall) | prefill 0 prompts / 6144 tok, 595 tok/s, 1.68 ms/tok (100 % of wall), 0 tok cached (0/0 hits) | live 1, queued 0 | pool 4829/6144 blocks (79 %) | prefix cache 21/639 entries | 1 prefilling
2026-10-06 02:31:52.115 INFO  stats: rank 3 | 16.0 s | decode 0.0 tok/s, 0.0 ms/tok, 0.0 ms/step (0 steps / 0 tok, 0 % of wall) | prefill 0 prompts / 6144 tok, 384 tok/s, 2.60 ms/tok (100 % of wall), 0 tok cached (0/0 hits) | live 1, queued 0 | pool 4829/6144 blocks (79 %) | prefix cache 21/639 entries | 1 prefilling
2026-10-06 02:32:04.031 INFO  stats: rank 3 | 11.9 s | decode 0.0 tok/s, 0.0 ms/tok, 0.0 ms/step (0 steps / 0 tok, 0 % of wall) | prefill 0 prompts / 4096 tok, 344 tok/s, 2.91 ms/tok (100 % of wall), 0 tok cached (0/0 hits) | live 1, queued 0 | pool 4829/6144 blocks (79 %) | prefix cache 21/639 entries | 1 prefilling
2026-10-06 02:32:17.942 INFO  stats: rank 3 | 13.9 s | decode 0.0 tok/s, 0.0 ms/tok, 0.0 ms/step (0 steps / 0 tok, 0 % of wall) | prefill 0 prompts / 6144 tok, 442 tok/s, 2.26 ms/tok (100 % of wall), 0 tok cached (0/0 hits) | live 1, queued 0 | pool 4829/6144 blocks (79 %) | prefix cache 21/639 entries | 1 prefilling
2026-10-06 02:32:29.067 INFO  stats: rank 3 | 11.1 s | decode 0.0 tok/s, 0.0 ms/tok, 0.0 ms/step (0 steps / 0 tok, 0 % of wall) | prefill 0 prompts / 4096 tok, 368 tok/s, 2.72 ms/tok (100 % of wall), 0 tok cached (0/0 hits) | live 1, queued 0 | pool 4829/6144 blocks (79 %) | prefix cache 21/639 entries | 1 prefilling
2026-10-06 02:32:39.084 INFO  stats: rank 3 | 10.0 s | decode 0.0 tok/s, 0.0 ms/tok, 0.0 ms/step (0 steps / 0 tok, 0 % of wall) | prefill 0 prompts / 4096 tok, 409 tok/s, 2.45 ms/tok (100 % of wall), 0 tok cached (0/0 hits) | live 1, queued 0 | pool 4829/6144 blocks (79 %) | prefix cache 21/639 entries | 1 prefilling
2026-10-06 02:32:49.221 INFO  stats: rank 3 | 10.1 s | decode 0.0 tok/s, 0.0 ms/tok, 0.0 ms/step (0 steps / 0 tok, 0 % of wall) | prefill 0 prompts / 4096 tok, 404 tok/s, 2.47 ms/tok (100 % of wall), 0 tok cached (0/0 hits) | live 1, queued 0 | pool 4829/6144 blocks (79 %) | prefix cache 21/639 entries | 1 prefilling
2026-10-06 02:33:01.197 INFO  stats: rank 3 | 12.0 s | decode 0.0 tok/s, 0.0 ms/tok, 0.0 ms/step (0 steps / 0 tok, 0 % of wall) | prefill 0 prompts / 4096 tok, 342 tok/s, 2.92 ms/tok (100 % of wall), 0 tok cached (0/0 hits) | live 1, queued 0 | pool 4829/6144 blocks (79 %) | prefix cache 21/639 entries | 1 prefilling
2026-10-06 02:33:14.746 INFO  stats: rank 3 | 13.5 s | decode 0.0 tok/s, 0.0 ms/tok, 0.0 ms/step (0 steps / 0 tok, 0 % of wall) | prefill 0 prompts / 4096 tok, 302 tok/s, 3.31 ms/tok (100 % of wall), 0 tok cached (0/0 hits) | live 1, queued 0 | pool 4829/6144 blocks (79 %) | prefix cache 21/639 entries | 1 prefilling
2026-10-06 02:33:27.715 INFO  stats: rank 3 | 13.0 s | decode 0.0 tok/s, 0.0 ms/tok, 0.0 ms/step (0 steps / 0 tok, 0 % of wall) | prefill 0 prompts / 4096 tok, 316 tok/s, 3.17 ms/tok (100 % of wall), 0 tok cached (0/0 hits) | live 1, queued 0 | pool 4829/6144 blocks (79 %) | prefix cache 21/639 entries | 1 prefilling
2026-10-06 02:33:42.282 INFO  stats: rank 3 | 14.6 s | decode 0.0 tok/s, 0.0 ms/tok, 0.0 ms/step (0 steps / 0 tok, 0 % of wall) | prefill 0 prompts / 4096 tok, 281 tok/s, 3.56 ms/tok (100 % of wall), 0 tok cached (0/0 hits) | live 1, queued 0 | pool 4829/6144 blocks (79 %) | prefix cache 21/639 entries | 1 prefilling
2026-10-06 02:33:44.531 INFO  hunt qp: rank 3 seq 1181791 pool=bulk  p0l0[RTS sq_psn=5109948 rq_psn=5109818 ack_timeout=14 retry_cnt=7 rnr_retry=7 min_rnr=12 sq_draining=0] p0l1[RTS sq_psn=4388328 rq_psn=4388198 ack_timeout=14 retry_cnt=7 rnr_retry=7 min_rnr=12 sq_draining=0] p1l0[RTS sq_psn=4781808 rq_psn=4781808 ack_timeout=14 retry_cnt=7 rnr_retry=7 min_rnr=12 sq_draining=0] p1l1[RTS sq_psn=4263588 rq_psn=4263588 ack_timeout=14 retry_cnt=7 rnr_retry=7 min_rnr=12 sq_draining=0] p2l0[RTS sq_psn=4673010 rq_psn=4673010 ack_timeout=14 retry_cnt=7 rnr_retry=7 min_rnr=12 sq_draining=0] p2l1[RTS sq_psn=4214682 rq_psn=4214682 ack_timeout=14 retry_cnt=7 rnr_retry=7 min_rnr=12 sq_draining=0]
2026-10-06 02:33:44.531 INFO  allreduce: rank 3 seq 1181791 bulk RS seg 1/4 STALLED 502ms launched=true tx_retired=1951570/1951570 ctl(done=0 status=0 gate_redos=0)  p0:posted=4/staged=4/expected=4 p1:posted=4/staged=4/expected=4 p2:posted=4/staged=4/expected=4  p0l0:[141993c1174212/141993=0x0014001a.141993c1174213/141993=0x3f3cbe5e.141993c1174214/141993=0xbe08be9c.141993c1174215/141993=0x00130000.141992c1174208/141992=0x3e53bcfe.141992c1174209/141992=0xbde83db9.141992c1174210/141992=0xbc7dbefe.141992c1174211/141992=0xbdc13d05. B[41712/41712.41711/41711!41711/41711!41711/41711.41711/41711.41711/41711.41711/41711.41711/41711.] p0l1:[0c0/0=0000000000.0c0/0=0000000000.0c0/0=0000000000.0c0/0=0000000000.0c0/0=0000000000.0c0/0=0000000000.0c0/0=0000000000.0c0/0=0000000000. B[40131/40131.40131/40131.40131/40131.40131/40131.40131/40131.40130/40130!40130/40130!40130/40130.] p1l0:[141993c1174212/141993=0000000000.141993c1174213/141993=0x3ecf3d93.141993c1174214/141993=0xbf0b3ed1.141993c1174215/141993=0000000000.141992c1174208/141992=0xbf103e97.141992c1174209/141992=0xbf033ec0.141992c1174210/141992=0xbc5a3d5b.141992c1174211/141992=0xbf0fbf5e. B[41442/41442.41442/41441!41442/41441!41441/41441.41441/41441.41441/41441.41441/41441.41441/41441.] p1l1:[0c0/0=0000000000.0c0/0=0000000000.0c0/0=0000000000.0c0/0=0000000000.0c0/0=0000000000.0c0/0=0000000000.0c0/0=0000000000.0c0/0=0000000000. B[39895/39895.39895/39895.39895/39895.39895/39894!39895/39894!39894/39894.39894/39894.39894/39894.] p2l0:[141993c1174212/141993=0000000000.141993c1174213/141993=0xbe733e94.141993c1174214/141993=0xbee4bf03.141993c1174215/141993=0000000000.141992c1174208/141992=0xbda13e9a.141992c1174209/141992=0xbee33e68.141992c1174210/141992=0x3ebc3d74.141992c1174211/141992=0xbf11bf26. B[40966/40966.40966/40966.40966/40966.40966/40966.40966/40966.40966/40966.40966/40965!40966/40965!] p2l1:[0c0/0=0000000000.0c0/0=0000000000.0c0/0=0000000000.0c0/0=0000000000.0c0/0=0000000000.0c0/0=0000000000.0c0/0=0000000000.0c0/0=0000000000. B[39802/39802.39802/39802.39802/39802.39802/39802.39802/39802.39802/39802.39802/39801!39802/39801!]
2026-10-06 02:33:48.688 INFO  hunt qp: rank 3 seq 1181847 pool=bulk  p0l0[RTS sq_psn=5143740 rq_psn=5143610 ack_timeout=14 retry_cnt=7 rnr_retry=7 min_rnr=12 sq_draining=0] p0l1[RTS sq_psn=4422120 rq_psn=4421990 ack_timeout=14 retry_cnt=7 rnr_retry=7 min_rnr=12 sq_draining=0] p1l0[RTS sq_psn=4815600 rq_psn=4815600 ack_timeout=14 retry_cnt=7 rnr_retry=7 min_rnr=12 sq_draining=0] p1l1[RTS sq_psn=4297380 rq_psn=4297380 ack_timeout=14 retry_cnt=7 rnr_retry=7 min_rnr=12 sq_draining=0] p2l0[RTS sq_psn=4706802 rq_psn=4706802 ack_timeout=14 retry_cnt=7 rnr_retry=7 min_rnr=12 sq_draining=0] p2l1[RTS sq_psn=4248474 rq_psn=4248474 ack_timeout=14 retry_cnt=7 rnr_retry=7 min_rnr=12 sq_draining=0]
2026-10-06 02:33:48.688 INFO  allreduce: rank 3 seq 1181847 bulk RS seg 1/4 STALLED 504ms launched=true tx_retired=1954642/1954642 ctl(done=0 status=0 gate_redos=0)  p0:posted=4/staged=4/expected=4 p1:posted=4/staged=4/expected=4 p2:posted=4/staged=4/expected=4  p0l0:[141993c1174212/141993=0x0014001a.141993c1174213/141993=0x3f3cbe5e.141993c1174214/141993=0xbe08be9c.141993c1174215/141993=0x00130000.141992c1174208/141992=0x3e53bcfe.141992c1174209/141992=0xbde83db9.141992c1174210/141992=0xbc7dbefe.141992c1174211/141992=0xbdc13d05. B[41776/41776.41775/41775!41775/41775!41775/41775.41775/41775.41775/41775.41775/41775.41775/41775.] p0l1:[0c0/0=0000000000.0c0/0=0000000000.0c0/0=0000000000.0c0/0=0000000000.0c0/0=0000000000.0c0/0=0000000000.0c0/0=0000000000.0c0/0=0000000000. B[40195/40195.40195/40195.40195/40195.40195/40195.40195/40195.40194/40194!40194/40194!40194/40194.] p1l0:[141993c1174212/141993=0000000000.141993c1174213/141993=0x3ecf3d93.141993c1174214/141993=0xbf0b3ed1.141993c1174215/141993=0000000000.141992c1174208/141992=0xbf103e97.141992c1174209/141992=0xbf033ec0.141992c1174210/141992=0xbc5a3d5b.141992c1174211/141992=0xbf0fbf5e. B[41506/41506.41506/41505!41506/41505!41505/41505.41505/41505.41505/41505.41505/41505.41505/41505.] p1l1:[0c0/0=0000000000.0c0/0=0000000000.0c0/0=0000000000.0c0/0=0000000000.0c0/0=0000000000.0c0/0=0000000000.0c0/0=0000000000.0c0/0=0000000000. B[39959/39959.39959/39959.39959/39959.39959/39958!39959/39958!39958/39958.39958/39958.39958/39958.] p2l0:[141993c1174212/141993=0000000000.141993c1174213/141993=0xbe733e94.141993c1174214/141993=0xbee4bf03.141993c1174215/141993=0000000000.141992c1174208/141992=0xbda13e9a.141992c1174209/141992=0xbee33e68.141992c1174210/141992=0x3ebc3d74.141992c1174211/141992=0xbf11bf26. B[41030/41030.41030/41030.41030/41030.41030/41030.41030/41030.41030/41030.41030/41029!41030/41029!] p2l1:[0c0/0=0000000000.0c0/0=0000000000.0c0/0=0000000000.0c0/0=0000000000.0c0/0=0000000000.0c0/0=0000000000.0c0/0=0000000000.0c0/0=0000000000. B[39866/39866.39866/39866.39866/39866.39866/39866.39866/39866.39866/39866.39866/39865!39866/39865!]
2026-10-06 02:33:49.186 INFO  hunt qp: rank 3 seq 1181847 pool=bulk  p0l0[RTS sq_psn=5143740 rq_psn=5143610 ack_timeout=14 retry_cnt=7 rnr_retry=7 min_rnr=12 sq_draining=0] p0l1[RTS sq_psn=4422120 rq_psn=4421990 ack_timeout=14 retry_cnt=7 rnr_retry=7 min_rnr=12 sq_draining=0] p1l0[RTS sq_psn=4815600 rq_psn=4815600 ack_timeout=14 retry_cnt=7 rnr_retry=7 min_rnr=12 sq_draining=0] p1l1[RTS sq_psn=4297380 rq_psn=4297380 ack_timeout=14 retry_cnt=7 rnr_retry=7 min_rnr=12 sq_draining=0] p2l0[RTS sq_psn=4706802 rq_psn=4706802 ack_timeout=14 retry_cnt=7 rnr_retry=7 min_rnr=12 sq_draining=0] p2l1[RTS sq_psn=4248474 rq_psn=4248474 ack_timeout=14 retry_cnt=7 rnr_retry=7 min_rnr=12 sq_draining=0]
2026-10-06 02:33:49.186 INFO  allreduce: rank 3 seq 1181847 bulk RS seg 1/4 STALLED 1003ms launched=true tx_retired=1954642/1954642 ctl(done=0 status=0 gate_redos=0)  p0:posted=4/staged=4/expected=4 p1:posted=4/staged=4/expected=4 p2:posted=4/staged=4/expected=4  p0l0:[141993c1174212/141993=0x0014001a.141993c1174213/141993=0x3f3cbe5e.141993c1174214/141993=0xbe08be9c.141993c1174215/141993=0x00130000.141992c1174208/141992=0x3e53bcfe.141992c1174209/141992=0xbde83db9.141992c1174210/141992=0xbc7dbefe.141992c1174211/141992=0xbdc13d05. B[41776/41776.41775/41775!41775/41775!41775/41775.41775/41775.41775/41775.41775/41775.41775/41775.] p0l1:[0c0/0=0000000000.0c0/0=0000000000.0c0/0=0000000000.0c0/0=0000000000.0c0/0=0000000000.0c0/0=0000000000.0c0/0=0000000000.0c0/0=0000000000. B[40195/40195.40195/40195.40195/40195.40195/40195.40195/40195.40194/40194!40194/40194!40194/40194.] p1l0:[141993c1174212/141993=0000000000.141993c1174213/141993=0x3ecf3d93.141993c1174214/141993=0xbf0b3ed1.141993c1174215/141993=0000000000.141992c1174208/141992=0xbf103e97.141992c1174209/141992=0xbf033ec0.141992c1174210/141992=0xbc5a3d5b.141992c1174211/141992=0xbf0fbf5e. B[41506/41506.41506/41505!41506/41505!41505/41505.41505/41505.41505/41505.41505/41505.41505/41505.] p1l1:[0c0/0=0000000000.0c0/0=0000000000.0c0/0=0000000000.0c0/0=0000000000.0c0/0=0000000000.0c0/0=0000000000.0c0/0=0000000000.0c0/0=0000000000. B[39959/39959.39959/39959.39959/39959.39959/39958!39959/39958!39958/39958.39958/39958.39958/39958.] p2l0:[141993c1174212/141993=0000000000.141993c1174213/141993=0xbe733e94.141993c1174214/141993=0xbee4bf03.141993c1174215/141993=0000000000.141992c1174208/141992=0xbda13e9a.141992c1174209/141992=0xbee33e68.141992c1174210/141992=0x3ebc3d74.141992c1174211/141992=0xbf11bf26. B[41030/41030.41030/41030.41030/41030.41030/41030.41030/41030.41030/41030.41030/41029!41030/41029!] p2l1:[0c0/0=0000000000.0c0/0=0000000000.0c0/0=0000000000.0c0/0=0000000000.0c0/0=0000000000.0c0/0=0000000000.0c0/0=0000000000.0c0/0=0000000000. B[39866/39866.39866/39866.39866/39866.39866/39866.39866/39866.39866/39866.39866/39865!39866/39865!]
2026-10-06 02:33:51.331 INFO  hunt qp: rank 3 seq 1181875 pool=bulk  p0l0[RTS sq_psn=5160636 rq_psn=5160506 ack_timeout=14 retry_cnt=7 rnr_retry=7 min_rnr=12 sq_draining=0] p0l1[RTS sq_psn=4439016 rq_psn=4438886 ack_timeout=14 retry_cnt=7 rnr_retry=7 min_rnr=12 sq_draining=0] p1l0[RTS sq_psn=4832496 rq_psn=4832496 ack_timeout=14 retry_cnt=7 rnr_retry=7 min_rnr=12 sq_draining=0] p1l1[RTS sq_psn=4314276 rq_psn=4314276 ack_timeout=14 retry_cnt=7 rnr_retry=7 min_rnr=12 sq_draining=0] p2l0[RTS sq_psn=4723698 rq_psn=4723698 ack_timeout=14 retry_cnt=7 rnr_retry=7 min_rnr=12 sq_draining=0] p2l1[RTS sq_psn=4265370 rq_psn=4265370 ack_timeout=14 retry_cnt=7 rnr_retry=7 min_rnr=12 sq_draining=0]
2026-10-06 02:33:51.331 INFO  allreduce: rank 3 seq 1181875 bulk RS seg 1/4 STALLED 505ms launched=true tx_retired=1956178/1956178 ctl(done=0 status=0 gate_redos=0)  p0:posted=4/staged=4/expected=4 p1:posted=4/staged=4/expected=4 p2:posted=4/staged=4/expected=4  p0l0:[141993c1174212/141993=0x0014001a.141993c1174213/141993=0x3f3cbe5e.141993c1174214/141993=0xbe08be9c.141993c1174215/141993=0x00130000.141992c1174208/141992=0x3e53bcfe.141992c1174209/141992=0xbde83db9.141992c1174210/141992=0xbc7dbefe.141992c1174211/141992=0xbdc13d05. B[41808/41808.41807/41807!41807/41807!41807/41807.41807/41807.41807/41807.41807/41807.41807/41807.] p0l1:[0c0/0=0000000000.0c0/0=0000000000.0c0/0=0000000000.0c0/0=0000000000.0c0/0=0000000000.0c0/0=0000000000.0c0/0=0000000000.0c0/0=0000000000. B[40227/40227.40227/40227.40227/40227.40227/40227.40227/40227.40226/40226!40226/40226!40226/40226.] p1l0:[141993c1174212/141993=0000000000.141993c1174213/141993=0x3ecf3d93.141993c1174214/141993=0xbf0b3ed1.141993c1174215/141993=0000000000.141992c1174208/141992=0xbf103e97.141992c1174209/141992=0xbf033ec0.141992c1174210/141992=0xbc5a3d5b.141992c1174211/141992=0xbf0fbf5e. B[41538/41538.41538/41537!41538/41537!41537/41537.41537/41537.41537/41537.41537/41537.41537/41537.] p1l1:[0c0/0=0000000000.0c0/0=0000000000.0c0/0=0000000000.0c0/0=0000000000.0c0/0=0000000000.0c0/0=0000000000.0c0/0=0000000000.0c0/0=0000000000. B[39991/39991.39991/39991.39991/39991.39991/39990!39991/39990!39990/39990.39990/39990.39990/39990.] p2l0:[141993c1174212/141993=0000000000.141993c1174213/141993=0xbe733e94.141993c1174214/141993=0xbee4bf03.141993c1174215/141993=0000000000.141992c1174208/141992=0xbda13e9a.141992c1174209/141992=0xbee33e68.141992c1174210/141992=0x3ebc3d74.141992c1174211/141992=0xbf11bf26. B[41062/41062.41062/41062.41062/41062.41062/41062.41062/41062.41062/41062.41062/41061!41062/41061!] p2l1:[0c0/0=0000000000.0c0/0=0000000000.0c0/0=0000000000.0c0/0=0000000000.0c0/0=0000000000.0c0/0=0000000000.0c0/0=0000000000.0c0/0=0000000000. B[39898/39898.39898/39898.39898/39898.39898/39898.39898/39898.39898/39898.39898/39897!39898/39897!]
2026-10-06 02:33:53.440 INFO  stats: rank 3 | 11.2 s | decode 0.0 tok/s, 0.0 ms/tok, 0.0 ms/step (0 steps / 0 tok, 0 % of wall) | prefill 0 prompts / 2048 tok, 184 tok/s, 5.45 ms/tok (100 % of wall), 0 tok cached (0/0 hits) | live 1, queued 0 | pool 4829/6144 blocks (79 %) | prefix cache 21/639 entries | 1 prefilling
2026-10-06 02:34:08.322 INFO  stats: rank 3 | 14.9 s | decode 0.0 tok/s, 0.0 ms/tok, 0.0 ms/step (0 steps / 0 tok, 0 % of wall) | prefill 0 prompts / 4096 tok, 275 tok/s, 3.63 ms/tok (100 % of wall), 0 tok cached (0/0 hits) | live 1, queued 0 | pool 4829/6144 blocks (79 %) | prefix cache 21/639 entries | 1 prefilling
2026-10-06 02:34:08.835 INFO  hunt qp: rank 3 seq 1182223 pool=bulk  p0l0[RTS sq_psn=5371836 rq_psn=5371836 ack_timeout=14 retry_cnt=7 rnr_retry=7 min_rnr=12 sq_draining=0] p0l1[RTS sq_psn=4650216 rq_psn=4650216 ack_timeout=14 retry_cnt=7 rnr_retry=7 min_rnr=12 sq_draining=0] p1l0[RTS sq_psn=5043696 rq_psn=5043696 ack_timeout=14 retry_cnt=7 rnr_retry=7 min_rnr=12 sq_draining=0] p1l1[RTS sq_psn=4525476 rq_psn=4525476 ack_timeout=14 retry_cnt=7 rnr_retry=7 min_rnr=12 sq_draining=0] p2l0[RTS sq_psn=4934898 rq_psn=4934768 ack_timeout=14 retry_cnt=7 rnr_retry=7 min_rnr=12 sq_draining=0] p2l1[RTS sq_psn=4476570 rq_psn=4476440 ack_timeout=14 retry_cnt=7 rnr_retry=7 min_rnr=12 sq_draining=0]
2026-10-06 02:34:08.835 INFO  allreduce: rank 3 seq 1182223 bulk RS seg 1/2 STALLED 508ms launched=true tx_retired=1975378/1975378 ctl(done=0 status=0 gate_redos=0)  p0:posted=4/staged=4/expected=4 p1:posted=4/staged=4/expected=4 p2:posted=4/staged=4/expected=4  p0l0:[141993c1174212/141993=0x0014001a.141993c1174213/141993=0x3f3cbe5e.141993c1174214/141993=0xbe08be9c.141993c1174215/141993=0x00130000.141992c1174208/141992=0x3e53bcfe.141992c1174209/141992=0xbde83db9.141992c1174210/141992=0xbc7dbefe.141992c1174211/141992=0xbdc13d05. B[42208/42208.42208/42207!42208/42207!42207/42207.42207/42207.42207/42207.42207/42207.42207/42207.] p0l1:[0c0/0=0000000000.0c0/0=0000000000.0c0/0=0000000000.0c0/0=0000000000.0c0/0=0000000000.0c0/0=0000000000.0c0/0=0000000000.0c0/0=0000000000. B[40627/40627.40627/40627.40627/40627.40627/40627.40627/40627.40627/40626!40627/40626!40626/40626.] p1l0:[141993c1174212/141993=0000000000.141993c1174213/141993=0x3ecf3d93.141993c1174214/141993=0xbf0b3ed1.141993c1174215/141993=0000000000.141992c1174208/141992=0xbf103e97.141992c1174209/141992=0xbf033ec0.141992c1174210/141992=0xbc5a3d5b.141992c1174211/141992=0xbf0fbf5e. B[41938/41938.41938/41937!41938/41937!41937/41937.41937/41937.41937/41937.41937/41937.41937/41937.] p1l1:[0c0/0=0000000000.0c0/0=0000000000.0c0/0=0000000000.0c0/0=0000000000.0c0/0=0000000000.0c0/0=0000000000.0c0/0=0000000000.0c0/0=0000000000. B[40391/40391.40391/40391.40391/40391.40391/40390!40391/40390!40390/40390.40390/40390.40390/40390.] p2l0:[141993c1174212/141993=0000000000.141993c1174213/141993=0xbe733e94.141993c1174214/141993=0xbee4bf03.141993c1174215/141993=0000000000.141992c1174208/141992=0xbda13e9a.141992c1174209/141992=0xbee33e68.141992c1174210/141992=0x3ebc3d74.141992c1174211/141992=0xbf11bf26. B[41462/41462.41462/41462.41462/41462.41462/41462.41462/41462.41462/41462.41461/41461!41461/41461!] p2l1:[0c0/0=0000000000.0c0/0=0000000000.0c0/0=0000000000.0c0/0=0000000000.0c0/0=0000000000.0c0/0=0000000000.0c0/0=0000000000.0c0/0=0000000000. B[40298/40298.40298/40298.40298/40298.40298/40298.40298/40298.40298/40298.40297/40297!40297/40297!]
2026-10-06 02:34:18.690 INFO  hunt qp: rank 3 seq 1182380 pool=bulk  p0l0[RTS sq_psn=5466876 rq_psn=5466876 ack_timeout=14 retry_cnt=7 rnr_retry=7 min_rnr=12 sq_draining=0] p0l1[RTS sq_psn=4745256 rq_psn=4745256 ack_timeout=14 retry_cnt=7 rnr_retry=7 min_rnr=12 sq_draining=0] p1l0[RTS sq_psn=5138736 rq_psn=5138736 ack_timeout=14 retry_cnt=7 rnr_retry=7 min_rnr=12 sq_draining=0] p1l1[RTS sq_psn=4620516 rq_psn=4620516 ack_timeout=14 retry_cnt=7 rnr_retry=7 min_rnr=12 sq_draining=0] p2l0[RTS sq_psn=5029938 rq_psn=5029808 ack_timeout=14 retry_cnt=7 rnr_retry=7 min_rnr=12 sq_draining=0] p2l1[RTS sq_psn=4571610 rq_psn=4571480 ack_timeout=14 retry_cnt=7 rnr_retry=7 min_rnr=12 sq_draining=0]
2026-10-06 02:34:18.701 INFO  allreduce: rank 3 seq 1182380 bulk RS seg 1/2 STALLED 518ms launched=true tx_retired=1984018/1984018 ctl(done=0 status=0 gate_redos=0)  p0:posted=4/staged=4/expected=4 p1:posted=4/staged=4/expected=4 p2:posted=4/staged=4/expected=4  p0l0:[141993c1174212/141993=0x0014001a.141993c1174213/141993=0x3f3cbe5e.141993c1174214/141993=0xbe08be9c.141993c1174215/141993=0x00130000.141992c1174208/141992=0x3e53bcfe.141992c1174209/141992=0xbde83db9.141992c1174210/141992=0xbc7dbefe.141992c1174211/141992=0xbdc13d05. B[42388/42388.42388/42387!42388/42387!42387/42387.42387/42387.42387/42387.42387/42387.42387/42387.] p0l1:[0c0/0=0000000000.0c0/0=0000000000.0c0/0=0000000000.0c0/0=0000000000.0c0/0=0000000000.0c0/0=0000000000.0c0/0=0000000000.0c0/0=0000000000. B[40807/40807.40807/40807.40807/40807.40807/40807.40807/40807.40807/40806!40807/40806!40806/40806.] p1l0:[141993c1174212/141993=0000000000.141993c1174213/141993=0x3ecf3d93.141993c1174214/141993=0xbf0b3ed1.141993c1174215/141993=0000000000.141992c1174208/141992=0xbf103e97.141992c1174209/141992=0xbf033ec0.141992c1174210/141992=0xbc5a3d5b.141992c1174211/141992=0xbf0fbf5e. B[42118/42118.42118/42117!42118/42117!42117/42117.42117/42117.42117/42117.42117/42117.42117/42117.] p1l1:[0c0/0=0000000000.0c0/0=0000000000.0c0/0=0000000000.0c0/0=0000000000.0c0/0=0000000000.0c0/0=0000000000.0c0/0=0000000000.0c0/0=0000000000. B[40571/40571.40571/40571.40571/40571.40571/40570!40571/40570!40570/40570.40570/40570.40570/40570.] p2l0:[141993c1174212/141993=0000000000.141993c1174213/141993=0xbe733e94.141993c1174214/141993=0xbee4bf03.141993c1174215/141993=0000000000.141992c1174208/141992=0xbda13e9a.141992c1174209/141992=0xbee33e68.141992c1174210/141992=0x3ebc3d74.141992c1174211/141992=0xbf11bf26. B[41642/41642.41642/41642.41642/41642.41642/41642.41642/41642.41642/41642.41641/41641!41641/41641!] p2l1:[0c0/0=0000000000.0c0/0=0000000000.0c0/0=0000000000.0c0/0=0000000000.0c0/0=0000000000.0c0/0=0000000000.0c0/0=0000000000.0c0/0=0000000000. B[40478/40478.40478/40478.40478/40478.40478/40478.40478/40478.40478/40478.40477/40477!40477/40477!]
2026-10-06 02:34:26.415 INFO  stats: rank 3 | 18.1 s | decode 0.0 tok/s, 0.0 ms/tok, 0.0 ms/step (0 steps / 0 tok, 0 % of wall) | prefill 0 prompts / 4096 tok, 226 tok/s, 4.42 ms/tok (100 % of wall), 0 tok cached (0/0 hits) | live 1, queued 0 | pool 4829/6144 blocks (79 %) | prefix cache 21/639 entries | 1 prefilling
2026-10-06 02:34:26.927 INFO  hunt qp: rank 3 seq 1182537 pool=bulk  p0l0[RTS sq_psn=5561916 rq_psn=5561916 ack_timeout=14 retry_cnt=7 rnr_retry=7 min_rnr=12 sq_draining=0] p0l1[RTS sq_psn=4840296 rq_psn=4840296 ack_timeout=14 retry_cnt=7 rnr_retry=7 min_rnr=12 sq_draining=0] p1l0[RTS sq_psn=5233776 rq_psn=5233776 ack_timeout=14 retry_cnt=7 rnr_retry=7 min_rnr=12 sq_draining=0] p1l1[RTS sq_psn=4715556 rq_psn=4715556 ack_timeout=14 retry_cnt=7 rnr_retry=7 min_rnr=12 sq_draining=0] p2l0[RTS sq_psn=5124978 rq_psn=5124848 ack_timeout=14 retry_cnt=7 rnr_retry=7 min_rnr=12 sq_draining=0] p2l1[RTS sq_psn=4666650 rq_psn=4666520 ack_timeout=14 retry_cnt=7 rnr_retry=7 min_rnr=12 sq_draining=0]
2026-10-06 02:34:26.927 INFO  allreduce: rank 3 seq 1182537 bulk RS seg 1/2 STALLED 508ms launched=true tx_retired=1992658/1992658 ctl(done=0 status=0 gate_redos=0)  p0:posted=4/staged=4/expected=4 p1:posted=4/staged=4/expected=4 p2:posted=4/staged=4/expected=4  p0l0:[141993c1174212/141993=0x0014001a.141993c1174213/141993=0x3f3cbe5e.141993c1174214/141993=0xbe08be9c.141993c1174215/141993=0x00130000.141992c1174208/141992=0x3e53bcfe.141992c1174209/141992=0xbde83db9.141992c1174210/141992=0xbc7dbefe.141992c1174211/141992=0xbdc13d05. B[42568/42568.42568/42567!42568/42567!42567/42567.42567/42567.42567/42567.42567/42567.42567/42567.] p0l1:[0c0/0=0000000000.0c0/0=0000000000.0c0/0=0000000000.0c0/0=0000000000.0c0/0=0000000000.0c0/0=0000000000.0c0/0=0000000000.0c0/0=0000000000. B[40987/40987.40987/40987.40987/40987.40987/40987.40987/40987.40987/40986!40987/40986!40986/40986.] p1l0:[141993c1174212/141993=0000000000.141993c1174213/141993=0x3ecf3d93.141993c1174214/141993=0xbf0b3ed1.141993c1174215/141993=0000000000.141992c1174208/141992=0xbf103e97.141992c1174209/141992=0xbf033ec0.141992c1174210/141992=0xbc5a3d5b.141992c1174211/141992=0xbf0fbf5e. B[42298/42298.42298/42297!42298/42297!42297/42297.42297/42297.42297/42297.42297/42297.42297/42297.] p1l1:[0c0/0=0000000000.0c0/0=0000000000.0c0/0=0000000000.0c0/0=0000000000.0c0/0=0000000000.0c0/0=0000000000.0c0/0=0000000000.0c0/0=0000000000. B[40751/40751.40751/40751.40751/40751.40751/40750!40751/40750!40750/40750.40750/40750.40750/40750.] p2l0:[141993c1174212/141993=0000000000.141993c1174213/141993=0xbe733e94.141993c1174214/141993=0xbee4bf03.141993c1174215/141993=0000000000.141992c1174208/141992=0xbda13e9a.141992c1174209/141992=0xbee33e68.141992c1174210/141992=0x3ebc3d74.141992c1174211/141992=0xbf11bf26. B[41822/41822.41822/41822.41822/41822.41822/41822.41822/41822.41822/41822.41821/41821!41821/41821!] p2l1:[0c0/0=0000000000.0c0/0=0000000000.0c0/0=0000000000.0c0/0=0000000000.0c0/0=0000000000.0c0/0=0000000000.0c0/0=0000000000.0c0/0=0000000000. B[40658/40658.40658/40658.40658/40658.40658/40658.40658/40658.40658/40658.40657/40657!40657/40657!]
2026-10-06 02:34:27.424 INFO  hunt qp: rank 3 seq 1182537 pool=bulk  p0l0[RTS sq_psn=5561916 rq_psn=5561916 ack_timeout=14 retry_cnt=7 rnr_retry=7 min_rnr=12 sq_draining=0] p0l1[RTS sq_psn=4840296 rq_psn=4840296 ack_timeout=14 retry_cnt=7 rnr_retry=7 min_rnr=12 sq_draining=0] p1l0[RTS sq_psn=5233776 rq_psn=5233776 ack_timeout=14 retry_cnt=7 rnr_retry=7 min_rnr=12 sq_draining=0] p1l1[RTS sq_psn=4715556 rq_psn=4715556 ack_timeout=14 retry_cnt=7 rnr_retry=7 min_rnr=12 sq_draining=0] p2l0[RTS sq_psn=5124978 rq_psn=5124848 ack_timeout=14 retry_cnt=7 rnr_retry=7 min_rnr=12 sq_draining=0] p2l1[RTS sq_psn=4666650 rq_psn=4666520 ack_timeout=14 retry_cnt=7 rnr_retry=7 min_rnr=12 sq_draining=0]
2026-10-06 02:34:27.424 INFO  allreduce: rank 3 seq 1182537 bulk RS seg 1/2 STALLED 1005ms launched=true tx_retired=1992658/1992658 ctl(done=0 status=0 gate_redos=0)  p0:posted=4/staged=4/expected=4 p1:posted=4/staged=4/expected=4 p2:posted=4/staged=4/expected=4  p0l0:[141993c1174212/141993=0x0014001a.141993c1174213/141993=0x3f3cbe5e.141993c1174214/141993=0xbe08be9c.141993c1174215/141993=0x00130000.141992c1174208/141992=0x3e53bcfe.141992c1174209/141992=0xbde83db9.141992c1174210/141992=0xbc7dbefe.141992c1174211/141992=0xbdc13d05. B[42568/42568.42568/42567!42568/42567!42567/42567.42567/42567.42567/42567.42567/42567.42567/42567.] p0l1:[0c0/0=0000000000.0c0/0=0000000000.0c0/0=0000000000.0c0/0=0000000000.0c0/0=0000000000.0c0/0=0000000000.0c0/0=0000000000.0c0/0=0000000000. B[40987/40987.40987/40987.40987/40987.40987/40987.40987/40987.40987/40986!40987/40986!40986/40986.] p1l0:[141993c1174212/141993=0000000000.141993c1174213/141993=0x3ecf3d93.141993c1174214/141993=0xbf0b3ed1.141993c1174215/141993=0000000000.141992c1174208/141992=0xbf103e97.141992c1174209/141992=0xbf033ec0.141992c1174210/141992=0xbc5a3d5b.141992c1174211/141992=0xbf0fbf5e. B[42298/42298.42298/42297!42298/42297!42297/42297.42297/42297.42297/42297.42297/42297.42297/42297.] p1l1:[0c0/0=0000000000.0c0/0=0000000000.0c0/0=0000000000.0c0/0=0000000000.0c0/0=0000000000.0c0/0=0000000000.0c0/0=0000000000.0c0/0=0000000000. B[40751/40751.40751/40751.40751/40751.40751/40750!40751/40750!40750/40750.40750/40750.40750/40750.] p2l0:[141993c1174212/141993=0000000000.141993c1174213/141993=0xbe733e94.141993c1174214/141993=0xbee4bf03.141993c1174215/141993=0000000000.141992c1174208/141992=0xbda13e9a.141992c1174209/141992=0xbee33e68.141992c1174210/141992=0x3ebc3d74.141992c1174211/141992=0xbf11bf26. B[41822/41822.41822/41822.41822/41822.41822/41822.41822/41822.41822/41822.41821/41821!41821/41821!] p2l1:[0c0/0=0000000000.0c0/0=0000000000.0c0/0=0000000000.0c0/0=0000000000.0c0/0=0000000000.0c0/0=0000000000.0c0/0=0000000000.0c0/0=0000000000. B[40658/40658.40658/40658.40658/40658.40658/40658.40658/40658.40658/40658.40657/40657!40657/40657!]
2026-10-06 02:34:32.750 INFO  hunt qp: rank 3 seq 1182632 pool=bulk  p0l0[RTS sq_psn=5618940 rq_psn=5618940 ack_timeout=14 retry_cnt=7 rnr_retry=7 min_rnr=12 sq_draining=0] p0l1[RTS sq_psn=4897320 rq_psn=4897320 ack_timeout=14 retry_cnt=7 rnr_retry=7 min_rnr=12 sq_draining=0] p1l0[RTS sq_psn=5290800 rq_psn=5290800 ack_timeout=14 retry_cnt=7 rnr_retry=7 min_rnr=12 sq_draining=0] p1l1[RTS sq_psn=4772580 rq_psn=4772712 ack_timeout=14 retry_cnt=7 rnr_retry=7 min_rnr=12 sq_draining=0] p2l0[RTS sq_psn=5182002 rq_psn=5182134 ack_timeout=14 retry_cnt=7 rnr_retry=7 min_rnr=12 sq_draining=0] p2l1[RTS sq_psn=4723674 rq_psn=4723806 ack_timeout=14 retry_cnt=7 rnr_retry=7 min_rnr=12 sq_draining=0]
2026-10-06 02:34:32.750 INFO  allreduce: rank 3 seq 1182632 bulk RS seg 1/4 STALLED 507ms launched=true tx_retired=1997842/1997842 ctl(done=1182632 status=0 gate_redos=0)  p0:posted=4/staged=4/expected=4 p1:posted=4/staged=4/expected=4 p2:posted=4/staged=4/expected=4  p0l0:[141993c1174212/141993=0x0014001a.141993c1174213/141993=0x3f3cbe5e.141993c1174214/141993=0xbe08be9c.141993c1174215/141993=0x00130000.141992c1174208/141992=0x3e53bcfe.141992c1174209/141992=0xbde83db9.141992c1174210/141992=0xbc7dbefe.141992c1174211/141992=0xbdc13d05. B[42676/42676.42676/42675!42676/42675!42675/42675.42675/42675.42675/42675.42675/42675.42675/42675.] p0l1:[0c0/0=0000000000.0c0/0=0000000000.0c0/0=0000000000.0c0/0=0000000000.0c0/0=0000000000.0c0/0=0000000000.0c0/0=0000000000.0c0/0=0000000000. B[41095/41095.41095/41095.41095/41095.41095/41095.41095/41095.41095/41094!41095/41094!41094/41094.] p1l0:[141993c1174212/141993=0000000000.141993c1174213/141993=0x3ecf3d93.141993c1174214/141993=0xbf0b3ed1.141993c1174215/141993=0000000000.141992c1174208/141992=0xbf103e97.141992c1174209/141992=0xbf033ec0.141992c1174210/141992=0xbc5a3d5b.141992c1174211/141992=0xbf0fbf5e. B[42406/42406.42406/42405!42406/42405!42405/42405.42405/42405.42405/42405.42405/42405.42405/42405.] p1l1:[0c0/0=0000000000.0c0/0=0000000000.0c0/0=0000000000.0c0/0=0000000000.0c0/0=0000000000.0c0/0=0000000000.0c0/0=0000000000.0c0/0=0000000000. B[40859/40859.40859/40859.40859/40859.40859/40858!40859/40858!40858/40858.40858/40858.40858/40858.] p2l0:[141993c1174212/141993=0000000000.141993c1174213/141993=0xbe733e94.141993c1174214/141993=0xbee4bf03.141993c1174215/141993=0000000000.141992c1174208/141992=0xbda13e9a.141992c1174209/141992=0xbee33e68.141992c1174210/141992=0x3ebc3d74.141992c1174211/141992=0xbf11bf26. B[41930/41930.41930/41930.41930/41930.41930/41930.41930/41930.41930/41930.41929/41929!41929/41929!] p2l1:[0c0/0=0000000000.0c0/0=0000000000.0c0/0=0000000000.0c0/0=0000000000.0c0/0=0000000000.0c0/0=0000000000.0c0/0=0000000000.0c0/0=0000000000. B[40766/40766.40766/40766.40766/40766.40766/40766.40766/40766.40766/40766.40765/40765!40765/40765!]
2026-10-06 02:34:36.783 INFO  stats: rank 3 | 10.4 s | decode 0.0 tok/s, 0.0 ms/tok, 0.0 ms/step (0 steps / 0 tok, 0 % of wall) | prefill 0 prompts / 2048 tok, 198 tok/s, 5.06 ms/tok (100 % of wall), 0 tok cached (0/0 hits) | live 1, queued 0 | pool 4829/6144 blocks (79 %) | prefix cache 21/639 entries | 1 prefilling
2026-10-06 02:34:54.088 INFO  stats: rank 3 | 17.3 s | decode 0.0 tok/s, 0.0 ms/tok, 0.0 ms/step (0 steps / 0 tok, 0 % of wall) | prefill 0 prompts / 4096 tok, 237 tok/s, 4.22 ms/tok (100 % of wall), 0 tok cached (0/0 hits) | live 1, queued 0 | pool 4829/6144 blocks (79 %) | prefix cache 21/639 entries | 1 prefilling
2026-10-06 02:34:55.614 INFO  hunt qp: rank 3 seq 1183019 pool=bulk  p0l0[RTS sq_psn=5853372 rq_psn=5853242 ack_timeout=14 retry_cnt=7 rnr_retry=7 min_rnr=12 sq_draining=0] p0l1[RTS sq_psn=5131752 rq_psn=5131622 ack_timeout=14 retry_cnt=7 rnr_retry=7 min_rnr=12 sq_draining=0] p1l0[RTS sq_psn=5525232 rq_psn=5525232 ack_timeout=14 retry_cnt=7 rnr_retry=7 min_rnr=12 sq_draining=0] p1l1[RTS sq_psn=5007012 rq_psn=5007012 ack_timeout=14 retry_cnt=7 rnr_retry=7 min_rnr=12 sq_draining=0] p2l0[RTS sq_psn=5416434 rq_psn=5416434 ack_timeout=14 retry_cnt=7 rnr_retry=7 min_rnr=12 sq_draining=0] p2l1[RTS sq_psn=4958106 rq_psn=4958106 ack_timeout=14 retry_cnt=7 rnr_retry=7 min_rnr=12 sq_draining=0]
2026-10-06 02:34:55.614 INFO  allreduce: rank 3 seq 1183019 bulk RS seg 1/4 STALLED 507ms launched=true tx_retired=2019154/2019154 ctl(done=0 status=0 gate_redos=0)  p0:posted=4/staged=4/expected=4 p1:posted=4/staged=4/expected=4 p2:posted=4/staged=4/expected=4  p0l0:[141993c1174212/141993=0x0014001a.141993c1174213/141993=0x3f3cbe5e.141993c1174214/141993=0xbe08be9c.141993c1174215/141993=0x00130000.141992c1174208/141992=0x3e53bcfe.141992c1174209/141992=0xbde83db9.141992c1174210/141992=0xbc7dbefe.141992c1174211/141992=0xbdc13d05. B[43120/43120.43119/43119!43119/43119!43119/43119.43119/43119.43119/43119.43119/43119.43119/43119.] p0l1:[0c0/0=0000000000.0c0/0=0000000000.0c0/0=0000000000.0c0/0=0000000000.0c0/0=0000000000.0c0/0=0000000000.0c0/0=0000000000.0c0/0=0000000000. B[41539/41539.41539/41539.41539/41539.41539/41539.41539/41539.41538/41538!41538/41538!41538/41538.] p1l0:[141993c1174212/141993=0000000000.141993c1174213/141993=0x3ecf3d93.141993c1174214/141993=0xbf0b3ed1.141993c1174215/141993=0000000000.141992c1174208/141992=0xbf103e97.141992c1174209/141992=0xbf033ec0.141992c1174210/141992=0xbc5a3d5b.141992c1174211/141992=0xbf0fbf5e. B[42850/42850.42850/42849!42850/42849!42849/42849.42849/42849.42849/42849.42849/42849.42849/42849.] p1l1:[0c0/0=0000000000.0c0/0=0000000000.0c0/0=0000000000.0c0/0=0000000000.0c0/0=0000000000.0c0/0=0000000000.0c0/0=0000000000.0c0/0=0000000000. B[41303/41303.41303/41303.41303/41303.41303/41302!41303/41302!41302/41302.41302/41302.41302/41302.] p2l0:[141993c1174212/141993=0000000000.141993c1174213/141993=0xbe733e94.141993c1174214/141993=0xbee4bf03.141993c1174215/141993=0000000000.141992c1174208/141992=0xbda13e9a.141992c1174209/141992=0xbee33e68.141992c1174210/141992=0x3ebc3d74.141992c1174211/141992=0xbf11bf26. B[42374/42374.42374/42374.42374/42374.42374/42374.42374/42374.42374/42374.42374/42373!42374/42373!] p2l1:[0c0/0=0000000000.0c0/0=0000000000.0c0/0=0000000000.0c0/0=0000000000.0c0/0=0000000000.0c0/0=0000000000.0c0/0=0000000000.0c0/0=0000000000. B[41210/41210.41210/41210.41210/41210.41210/41210.41210/41210.41210/41210.41210/41209!41210/41209!]
2026-10-06 02:35:13.081 INFO  stats: rank 3 | 19.0 s | decode 0.0 tok/s, 0.0 ms/tok, 0.0 ms/step (0 steps / 0 tok, 0 % of wall) | prefill 0 prompts / 4096 tok, 216 tok/s, 4.64 ms/tok (100 % of wall), 0 tok cached (0/0 hits) | live 1, queued 0 | pool 4829/6144 blocks (79 %) | prefix cache 21/639 entries | 1 prefilling
2026-10-06 02:35:31.454 INFO  stats: rank 3 | 18.4 s | decode 0.0 tok/s, 0.0 ms/tok, 0.0 ms/step (0 steps / 0 tok, 0 % of wall) | prefill 0 prompts / 4096 tok, 223 tok/s, 4.49 ms/tok (100 % of wall), 0 tok cached (0/0 hits) | live 1, queued 0 | pool 4829/6144 blocks (79 %) | prefix cache 21/639 entries | 1 prefilling
2026-10-06 02:35:43.075 INFO  stats: rank 3 | 11.6 s | decode 0.0 tok/s, 0.0 ms/tok, 0.0 ms/step (0 steps / 0 tok, 0 % of wall) | prefill 0 prompts / 2048 tok, 176 tok/s, 5.67 ms/tok (100 % of wall), 0 tok cached (0/0 hits) | live 1, queued 0 | pool 4829/6144 blocks (79 %) | prefix cache 21/639 entries | 1 prefilling
2026-10-06 02:36:02.475 INFO  stats: rank 3 | 19.4 s | decode 0.0 tok/s, 0.0 ms/tok, 0.0 ms/step (0 steps / 0 tok, 0 % of wall) | prefill 0 prompts / 4096 tok, 211 tok/s, 4.74 ms/tok (100 % of wall), 0 tok cached (0/0 hits) | live 1, queued 0 | pool 4829/6144 blocks (79 %) | prefix cache 21/639 entries | 1 prefilling
2026-10-06 02:36:04.040 INFO  hunt qp: rank 3 seq 1184118 pool=bulk  p0l0[RTS sq_psn=6518652 rq_psn=6518652 ack_timeout=14 retry_cnt=7 rnr_retry=7 min_rnr=12 sq_draining=0] p0l1[RTS sq_psn=5797032 rq_psn=5797032 ack_timeout=14 retry_cnt=7 rnr_retry=7 min_rnr=12 sq_draining=0] p1l0[RTS sq_psn=6190512 rq_psn=6190382 ack_timeout=14 retry_cnt=7 rnr_retry=7 min_rnr=12 sq_draining=0] p1l1[RTS sq_psn=5672292 rq_psn=5672162 ack_timeout=14 retry_cnt=7 rnr_retry=7 min_rnr=12 sq_draining=0] p2l0[RTS sq_psn=6081714 rq_psn=6081714 ack_timeout=14 retry_cnt=7 rnr_retry=7 min_rnr=12 sq_draining=0] p2l1[RTS sq_psn=5623386 rq_psn=5623386 ack_timeout=14 retry_cnt=7 rnr_retry=7 min_rnr=12 sq_draining=0]
2026-10-06 02:36:04.040 INFO  allreduce: rank 3 seq 1184118 bulk RS seg 1/4 STALLED 506ms launched=true tx_retired=2079634/2079634 ctl(done=0 status=0 gate_redos=0)  p0:posted=4/staged=4/expected=4 p1:posted=4/staged=4/expected=4 p2:posted=4/staged=4/expected=4  p0l0:[141993c1174212/141993=0x0014001a.141993c1174213/141993=0x3f3cbe5e.141993c1174214/141993=0xbe08be9c.141993c1174215/141993=0x00130000.141992c1174208/141992=0x3e53bcfe.141992c1174209/141992=0xbde83db9.141992c1174210/141992=0xbc7dbefe.141992c1174211/141992=0xbdc13d05. B[44380/44380.44380/44379!44380/44379!44379/44379.44379/44379.44379/44379.44379/44379.44379/44379.] p0l1:[0c0/0=0000000000.0c0/0=0000000000.0c0/0=0000000000.0c0/0=0000000000.0c0/0=0000000000.0c0/0=0000000000.0c0/0=0000000000.0c0/0=0000000000. B[42799/42799.42799/42799.42799/42799.42799/42799.42799/42799.42799/42798!42799/42798!42798/42798.] p1l0:[141993c1174212/141993=0000000000.141993c1174213/141993=0x3ecf3d93.141993c1174214/141993=0xbf0b3ed1.141993c1174215/141993=0000000000.141992c1174208/141992=0xbf103e97.141992c1174209/141992=0xbf033ec0.141992c1174210/141992=0xbc5a3d5b.141992c1174211/141992=0xbf0fbf5e. B[44110/44110.44109/44109!44109/44109!44109/44109.44109/44109.44109/44109.44109/44109.44109/44109.] p1l1:[0c0/0=0000000000.0c0/0=0000000000.0c0/0=0000000000.0c0/0=0000000000.0c0/0=0000000000.0c0/0=0000000000.0c0/0=0000000000.0c0/0=0000000000. B[42563/42563.42563/42563.42563/42563.42562/42562!42562/42562!42562/42562.42562/42562.42562/42562.] p2l0:[141993c1174212/141993=0000000000.141993c1174213/141993=0xbe733e94.141993c1174214/141993=0xbee4bf03.141993c1174215/141993=0000000000.141992c1174208/141992=0xbda13e9a.141992c1174209/141992=0xbee33e68.141992c1174210/141992=0x3ebc3d74.141992c1174211/141992=0xbf11bf26. B[43634/43634.43634/43634.43634/43634.43634/43634.43634/43634.43634/43634.43634/43633!43634/43633!] p2l1:[0c0/0=0000000000.0c0/0=0000000000.0c0/0=0000000000.0c0/0=0000000000.0c0/0=0000000000.0c0/0=0000000000.0c0/0=0000000000.0c0/0=0000000000. B[42470/42470.42470/42470.42470/42470.42470/42470.42470/42470.42470/42470.42470/42469!42470/42469!]
2026-10-06 02:36:07.688 INFO  hunt qp: rank 3 seq 1184160 pool=bulk  p0l0[RTS sq_psn=6543996 rq_psn=6543866 ack_timeout=14 retry_cnt=7 rnr_retry=7 min_rnr=12 sq_draining=0] p0l1[RTS sq_psn=5822376 rq_psn=5822246 ack_timeout=14 retry_cnt=7 rnr_retry=7 min_rnr=12 sq_draining=0] p1l0[RTS sq_psn=6215856 rq_psn=6215856 ack_timeout=14 retry_cnt=7 rnr_retry=7 min_rnr=12 sq_draining=0] p1l1[RTS sq_psn=5697636 rq_psn=5697636 ack_timeout=14 retry_cnt=7 rnr_retry=7 min_rnr=12 sq_draining=0] p2l0[RTS sq_psn=6107058 rq_psn=6107058 ack_timeout=14 retry_cnt=7 rnr_retry=7 min_rnr=12 sq_draining=0] p2l1[RTS sq_psn=5648730 rq_psn=5648730 ack_timeout=14 retry_cnt=7 rnr_retry=7 min_rnr=12 sq_draining=0]
2026-10-06 02:36:07.688 INFO  allreduce: rank 3 seq 1184160 bulk RS seg 1/4 STALLED 508ms launched=true tx_retired=2081938/2081938 ctl(done=0 status=0 gate_redos=0)  p0:posted=4/staged=4/expected=4 p1:posted=4/staged=4/expected=4 p2:posted=4/staged=4/expected=4  p0l0:[141993c1174212/141993=0x0014001a.141993c1174213/141993=0x3f3cbe5e.141993c1174214/141993=0xbe08be9c.141993c1174215/141993=0x00130000.141992c1174208/141992=0x3e53bcfe.141992c1174209/141992=0xbde83db9.141992c1174210/141992=0xbc7dbefe.141992c1174211/141992=0xbdc13d05. B[44428/44428.44427/44427!44427/44427!44427/44427.44427/44427.44427/44427.44427/44427.44427/44427.] p0l1:[0c0/0=0000000000.0c0/0=0000000000.0c0/0=0000000000.0c0/0=0000000000.0c0/0=0000000000.0c0/0=0000000000.0c0/0=0000000000.0c0/0=0000000000. B[42847/42847.42847/42847.42847/42847.42847/42847.42847/42847.42846/42846!42846/42846!42846/42846.] p1l0:[141993c1174212/141993=0000000000.141993c1174213/141993=0x3ecf3d93.141993c1174214/141993=0xbf0b3ed1.141993c1174215/141993=0000000000.141992c1174208/141992=0xbf103e97.141992c1174209/141992=0xbf033ec0.141992c1174210/141992=0xbc5a3d5b.141992c1174211/141992=0xbf0fbf5e. B[44158/44158.44158/44157!44158/44157!44157/44157.44157/44157.44157/44157.44157/44157.44157/44157.] p1l1:[0c0/0=0000000000.0c0/0=0000000000.0c0/0=0000000000.0c0/0=0000000000.0c0/0=0000000000.0c0/0=0000000000.0c0/0=0000000000.0c0/0=0000000000. B[42611/42611.42611/42611.42611/42611.42611/42610!42611/42610!42610/42610.42610/42610.42610/42610.] p2l0:[141993c1174212/141993=0000000000.141993c1174213/141993=0xbe733e94.141993c1174214/141993=0xbee4bf03.141993c1174215/141993=0000000000.141992c1174208/141992=0xbda13e9a.141992c1174209/141992=0xbee33e68.141992c1174210/141992=0x3ebc3d74.141992c1174211/141992=0xbf11bf26. B[43682/43682.43682/43682.43682/43682.43682/43682.43682/43682.43682/43682.43682/43681!43682/43681!] p2l1:[0c0/0=0000000000.0c0/0=0000000000.0c0/0=0000000000.0c0/0=0000000000.0c0/0=0000000000.0c0/0=0000000000.0c0/0=0000000000.0c0/0=0000000000. B[42518/42518.42518/42518.42518/42518.42518/42518.42518/42518.42518/42518.42518/42517!42518/42517!]
2026-10-06 02:36:15.196 INFO  stats: rank 3 | 12.7 s | decode 0.0 tok/s, 0.0 ms/tok, 0.0 ms/step (0 steps / 0 tok, 0 % of wall) | prefill 0 prompts / 2048 tok, 161 tok/s, 6.21 ms/tok (100 % of wall), 0 tok cached (0/0 hits) | live 1, queued 0 | pool 4829/6144 blocks (79 %) | prefix cache 21/639 entries | 1 prefilling
2026-10-06 02:36:25.399 INFO  stats: rank 3 | 10.2 s | decode 0.0 tok/s, 0.0 ms/tok, 0.0 ms/step (0 steps / 0 tok, 0 % of wall) | prefill 0 prompts / 2048 tok, 201 tok/s, 4.97 ms/tok (100 % of wall), 0 tok cached (0/0 hits) | live 1, queued 0 | pool 4829/6144 blocks (79 %) | prefix cache 21/639 entries | 1 prefilling
2026-10-06 02:36:35.690 INFO  stats: rank 3 | 10.3 s | decode 0.0 tok/s, 0.0 ms/tok, 0.0 ms/step (0 steps / 0 tok, 0 % of wall) | prefill 0 prompts / 2048 tok, 199 tok/s, 5.02 ms/tok (100 % of wall), 0 tok cached (0/0 hits) | live 1, queued 0 | pool 4829/6144 blocks (79 %) | prefix cache 21/639 entries | 1 prefilling
2026-10-06 02:36:41.020 INFO  hunt qp: rank 3 seq 1184617 pool=bulk  p0l0[RTS sq_psn=6820668 rq_psn=6820668 ack_timeout=14 retry_cnt=7 rnr_retry=7 min_rnr=12 sq_draining=0] p0l1[RTS sq_psn=6099048 rq_psn=6099048 ack_timeout=14 retry_cnt=7 rnr_retry=7 min_rnr=12 sq_draining=0] p1l0[RTS sq_psn=6492528 rq_psn=6492528 ack_timeout=14 retry_cnt=7 rnr_retry=7 min_rnr=12 sq_draining=0] p1l1[RTS sq_psn=5974308 rq_psn=5974308 ack_timeout=14 retry_cnt=7 rnr_retry=7 min_rnr=12 sq_draining=0] p2l0[RTS sq_psn=6383730 rq_psn=6383600 ack_timeout=14 retry_cnt=7 rnr_retry=7 min_rnr=12 sq_draining=0] p2l1[RTS sq_psn=5925402 rq_psn=5925272 ack_timeout=14 retry_cnt=7 rnr_retry=7 min_rnr=12 sq_draining=0]
2026-10-06 02:36:41.020 INFO  allreduce: rank 3 seq 1184617 bulk RS seg 1/4 STALLED 508ms launched=true tx_retired=2107090/2107090 ctl(done=0 status=0 gate_redos=0)  p0:posted=4/staged=4/expected=4 p1:posted=4/staged=4/expected=4 p2:posted=4/staged=4/expected=4  p0l0:[141993c1174212/141993=0x0014001a.141993c1174213/141993=0x3f3cbe5e.141993c1174214/141993=0xbe08be9c.141993c1174215/141993=0x00130000.141992c1174208/141992=0x3e53bcfe.141992c1174209/141992=0xbde83db9.141992c1174210/141992=0xbc7dbefe.141992c1174211/141992=0xbdc13d05. B[44952/44952.44952/44951!44952/44951!44951/44951.44951/44951.44951/44951.44951/44951.44951/44951.] p0l1:[0c0/0=0000000000.0c0/0=0000000000.0c0/0=0000000000.0c0/0=0000000000.0c0/0=0000000000.0c0/0=0000000000.0c0/0=0000000000.0c0/0=0000000000. B[43371/43371.43371/43371.43371/43371.43371/43371.43371/43371.43371/43370!43371/43370!43370/43370.] p1l0:[141993c1174212/141993=0000000000.141993c1174213/141993=0x3ecf3d93.141993c1174214/141993=0xbf0b3ed1.141993c1174215/141993=0000000000.141992c1174208/141992=0xbf103e97.141992c1174209/141992=0xbf033ec0.141992c1174210/141992=0xbc5a3d5b.141992c1174211/141992=0xbf0fbf5e. B[44682/44682.44682/44681!44682/44681!44681/44681.44681/44681.44681/44681.44681/44681.44681/44681.] p1l1:[0c0/0=0000000000.0c0/0=0000000000.0c0/0=0000000000.0c0/0=0000000000.0c0/0=0000000000.0c0/0=0000000000.0c0/0=0000000000.0c0/0=0000000000. B[43135/43135.43135/43135.43135/43135.43135/43134!43135/43134!43134/43134.43134/43134.43134/43134.] p2l0:[141993c1174212/141993=0000000000.141993c1174213/141993=0xbe733e94.141993c1174214/141993=0xbee4bf03.141993c1174215/141993=0000000000.141992c1174208/141992=0xbda13e9a.141992c1174209/141992=0xbee33e68.141992c1174210/141992=0x3ebc3d74.141992c1174211/141992=0xbf11bf26. B[44206/44206.44206/44206.44206/44206.44206/44206.44206/44206.44206/44206.44205/44205!44205/44205!] p2l1:[0c0/0=0000000000.0c0/0=0000000000.0c0/0=0000000000.0c0/0=0000000000.0c0/0=0000000000.0c0/0=0000000000.0c0/0=0000000000.0c0/0=0000000000. B[43042/43042.43042/43042.43042/43042.43042/43042.43042/43042.43042/43042.43041/43041!43041/43041!]
2026-10-06 02:36:41.520 INFO  hunt qp: rank 3 seq 1184617 pool=bulk  p0l0[RTS sq_psn=6820668 rq_psn=6820668 ack_timeout=14 retry_cnt=7 rnr_retry=7 min_rnr=12 sq_draining=0] p0l1[RTS sq_psn=6099048 rq_psn=6099048 ack_timeout=14 retry_cnt=7 rnr_retry=7 min_rnr=12 sq_draining=0] p1l0[RTS sq_psn=6492528 rq_psn=6492528 ack_timeout=14 retry_cnt=7 rnr_retry=7 min_rnr=12 sq_draining=0] p1l1[RTS sq_psn=5974308 rq_psn=5974308 ack_timeout=14 retry_cnt=7 rnr_retry=7 min_rnr=12 sq_draining=0] p2l0[RTS sq_psn=6383730 rq_psn=6383600 ack_timeout=14 retry_cnt=7 rnr_retry=7 min_rnr=12 sq_draining=0] p2l1[RTS sq_psn=5925402 rq_psn=5925272 ack_timeout=14 retry_cnt=7 rnr_retry=7 min_rnr=12 sq_draining=0]
2026-10-06 02:36:41.520 INFO  allreduce: rank 3 seq 1184617 bulk RS seg 1/4 STALLED 1008ms launched=true tx_retired=2107090/2107090 ctl(done=0 status=0 gate_redos=0)  p0:posted=4/staged=4/expected=4 p1:posted=4/staged=4/expected=4 p2:posted=4/staged=4/expected=4  p0l0:[141993c1174212/141993=0x0014001a.141993c1174213/141993=0x3f3cbe5e.141993c1174214/141993=0xbe08be9c.141993c1174215/141993=0x00130000.141992c1174208/141992=0x3e53bcfe.141992c1174209/141992=0xbde83db9.141992c1174210/141992=0xbc7dbefe.141992c1174211/141992=0xbdc13d05. B[44952/44952.44952/44951!44952/44951!44951/44951.44951/44951.44951/44951.44951/44951.44951/44951.] p0l1:[0c0/0=0000000000.0c0/0=0000000000.0c0/0=0000000000.0c0/0=0000000000.0c0/0=0000000000.0c0/0=0000000000.0c0/0=0000000000.0c0/0=0000000000. B[43371/43371.43371/43371.43371/43371.43371/43371.43371/43371.43371/43370!43371/43370!43370/43370.] p1l0:[141993c1174212/141993=0000000000.141993c1174213/141993=0x3ecf3d93.141993c1174214/141993=0xbf0b3ed1.141993c1174215/141993=0000000000.141992c1174208/141992=0xbf103e97.141992c1174209/141992=0xbf033ec0.141992c1174210/141992=0xbc5a3d5b.141992c1174211/141992=0xbf0fbf5e. B[44682/44682.44682/44681!44682/44681!44681/44681.44681/44681.44681/44681.44681/44681.44681/44681.] p1l1:[0c0/0=0000000000.0c0/0=0000000000.0c0/0=0000000000.0c0/0=0000000000.0c0/0=0000000000.0c0/0=0000000000.0c0/0=0000000000.0c0/0=0000000000. B[43135/43135.43135/43135.43135/43135.43135/43134!43135/43134!43134/43134.43134/43134.43134/43134.] p2l0:[141993c1174212/141993=0000000000.141993c1174213/141993=0xbe733e94.141993c1174214/141993=0xbee4bf03.141993c1174215/141993=0000000000.141992c1174208/141992=0xbda13e9a.141992c1174209/141992=0xbee33e68.141992c1174210/141992=0x3ebc3d74.141992c1174211/141992=0xbf11bf26. B[44206/44206.44206/44206.44206/44206.44206/44206.44206/44206.44206/44206.44205/44205!44205/44205!] p2l1:[0c0/0=0000000000.0c0/0=0000000000.0c0/0=0000000000.0c0/0=0000000000.0c0/0=0000000000.0c0/0=0000000000.0c0/0=0000000000.0c0/0=0000000000. B[43042/43042.43042/43042.43042/43042.43042/43042.43042/43042.43042/43042.43041/43041!43041/43041!]
2026-10-06 02:36:42.021 INFO  hunt qp: rank 3 seq 1184617 pool=bulk  p0l0[RTS sq_psn=6820668 rq_psn=6820668 ack_timeout=14 retry_cnt=7 rnr_retry=7 min_rnr=12 sq_draining=0] p0l1[RTS sq_psn=6099048 rq_psn=6099048 ack_timeout=14 retry_cnt=7 rnr_retry=7 min_rnr=12 sq_draining=0] p1l0[RTS sq_psn=6492528 rq_psn=6492528 ack_timeout=14 retry_cnt=7 rnr_retry=7 min_rnr=12 sq_draining=0] p1l1[RTS sq_psn=5974308 rq_psn=5974308 ack_timeout=14 retry_cnt=7 rnr_retry=7 min_rnr=12 sq_draining=0] p2l0[RTS sq_psn=6383730 rq_psn=6383600 ack_timeout=14 retry_cnt=7 rnr_retry=7 min_rnr=12 sq_draining=0] p2l1[RTS sq_psn=5925402 rq_psn=5925272 ack_timeout=14 retry_cnt=7 rnr_retry=7 min_rnr=12 sq_draining=0]
2026-10-06 02:36:42.021 INFO  allreduce: rank 3 seq 1184617 bulk RS seg 1/4 STALLED 1508ms launched=true tx_retired=2107090/2107090 ctl(done=0 status=0 gate_redos=0)  p0:posted=4/staged=4/expected=4 p1:posted=4/staged=4/expected=4 p2:posted=4/staged=4/expected=4  p0l0:[141993c1174212/141993=0x0014001a.141993c1174213/141993=0x3f3cbe5e.141993c1174214/141993=0xbe08be9c.141993c1174215/141993=0x00130000.141992c1174208/141992=0x3e53bcfe.141992c1174209/141992=0xbde83db9.141992c1174210/141992=0xbc7dbefe.141992c1174211/141992=0xbdc13d05. B[44952/44952.44952/44951!44952/44951!44951/44951.44951/44951.44951/44951.44951/44951.44951/44951.] p0l1:[0c0/0=0000000000.0c0/0=0000000000.0c0/0=0000000000.0c0/0=0000000000.0c0/0=0000000000.0c0/0=0000000000.0c0/0=0000000000.0c0/0=0000000000. B[43371/43371.43371/43371.43371/43371.43371/43371.43371/43371.43371/43370!43371/43370!43370/43370.] p1l0:[141993c1174212/141993=0000000000.141993c1174213/141993=0x3ecf3d93.141993c1174214/141993=0xbf0b3ed1.141993c1174215/141993=0000000000.141992c1174208/141992=0xbf103e97.141992c1174209/141992=0xbf033ec0.141992c1174210/141992=0xbc5a3d5b.141992c1174211/141992=0xbf0fbf5e. B[44682/44682.44682/44681!44682/44681!44681/44681.44681/44681.44681/44681.44681/44681.44681/44681.] p1l1:[0c0/0=0000000000.0c0/0=0000000000.0c0/0=0000000000.0c0/0=0000000000.0c0/0=0000000000.0c0/0=0000000000.0c0/0=0000000000.0c0/0=0000000000. B[43135/43135.43135/43135.43135/43135.43135/43134!43135/43134!43134/43134.43134/43134.43134/43134.] p2l0:[141993c1174212/141993=0000000000.141993c1174213/141993=0xbe733e94.141993c1174214/141993=0xbee4bf03.141993c1174215/141993=0000000000.141992c1174208/141992=0xbda13e9a.141992c1174209/141992=0xbee33e68.141992c1174210/141992=0x3ebc3d74.141992c1174211/141992=0xbf11bf26. B[44206/44206.44206/44206.44206/44206.44206/44206.44206/44206.44206/44206.44205/44205!44205/44205!] p2l1:[0c0/0=0000000000.0c0/0=0000000000.0c0/0=0000000000.0c0/0=0000000000.0c0/0=0000000000.0c0/0=0000000000.0c0/0=0000000000.0c0/0=0000000000. B[43042/43042.43042/43042.43042/43042.43042/43042.43042/43042.43042/43042.43041/43041!43041/43041!]
2026-10-06 02:36:43.905 INFO  hunt qp: rank 3 seq 1184631 pool=bulk  p0l0[RTS sq_psn=6829116 rq_psn=6829116 ack_timeout=14 retry_cnt=7 rnr_retry=7 min_rnr=12 sq_draining=0] p0l1[RTS sq_psn=6107496 rq_psn=6107496 ack_timeout=14 retry_cnt=7 rnr_retry=7 min_rnr=12 sq_draining=0] p1l0[RTS sq_psn=6500976 rq_psn=6500976 ack_timeout=14 retry_cnt=7 rnr_retry=7 min_rnr=12 sq_draining=0] p1l1[RTS sq_psn=5982756 rq_psn=5982756 ack_timeout=14 retry_cnt=7 rnr_retry=7 min_rnr=12 sq_draining=0] p2l0[RTS sq_psn=6392178 rq_psn=6392048 ack_timeout=14 retry_cnt=7 rnr_retry=7 min_rnr=12 sq_draining=0] p2l1[RTS sq_psn=5933850 rq_psn=5933720 ack_timeout=14 retry_cnt=7 rnr_retry=7 min_rnr=12 sq_draining=0]
2026-10-06 02:36:43.905 INFO  allreduce: rank 3 seq 1184631 bulk RS seg 1/4 STALLED 507ms launched=true tx_retired=2107858/2107858 ctl(done=0 status=0 gate_redos=0)  p0:posted=4/staged=4/expected=4 p1:posted=4/staged=4/expected=4 p2:posted=4/staged=4/expected=4  p0l0:[141993c1174212/141993=0x0014001a.141993c1174213/141993=0x3f3cbe5e.141993c1174214/141993=0xbe08be9c.141993c1174215/141993=0x00130000.141992c1174208/141992=0x3e53bcfe.141992c1174209/141992=0xbde83db9.141992c1174210/141992=0xbc7dbefe.141992c1174211/141992=0xbdc13d05. B[44968/44968.44968/44967!44968/44967!44967/44967.44967/44967.44967/44967.44967/44967.44967/44967.] p0l1:[0c0/0=0000000000.0c0/0=0000000000.0c0/0=0000000000.0c0/0=0000000000.0c0/0=0000000000.0c0/0=0000000000.0c0/0=0000000000.0c0/0=0000000000. B[43387/43387.43387/43387.43387/43387.43387/43387.43387/43387.43387/43386!43387/43386!43386/43386.] p1l0:[141993c1174212/141993=0000000000.141993c1174213/141993=0x3ecf3d93.141993c1174214/141993=0xbf0b3ed1.141993c1174215/141993=0000000000.141992c1174208/141992=0xbf103e97.141992c1174209/141992=0xbf033ec0.141992c1174210/141992=0xbc5a3d5b.141992c1174211/141992=0xbf0fbf5e. B[44698/44698.44698/44697!44698/44697!44697/44697.44697/44697.44697/44697.44697/44697.44697/44697.] p1l1:[0c0/0=0000000000.0c0/0=0000000000.0c0/0=0000000000.0c0/0=0000000000.0c0/0=0000000000.0c0/0=0000000000.0c0/0=0000000000.0c0/0=0000000000. B[43151/43151.43151/43151.43151/43151.43151/43150!43151/43150!43150/43150.43150/43150.43150/43150.] p2l0:[141993c1174212/141993=0000000000.141993c1174213/141993=0xbe733e94.141993c1174214/141993=0xbee4bf03.141993c1174215/141993=0000000000.141992c1174208/141992=0xbda13e9a.141992c1174209/141992=0xbee33e68.141992c1174210/141992=0x3ebc3d74.141992c1174211/141992=0xbf11bf26. B[44222/44222.44222/44222.44222/44222.44222/44222.44222/44222.44222/44222.44221/44221!44221/44221!] p2l1:[0c0/0=0000000000.0c0/0=0000000000.0c0/0=0000000000.0c0/0=0000000000.0c0/0=0000000000.0c0/0=0000000000.0c0/0=0000000000.0c0/0=0000000000. B[43058/43058.43058/43058.43058/43058.43058/43058.43058/43058.43058/43058.43057/43057!43057/43057!]
2026-10-06 02:36:45.585 INFO  hunt qp: rank 3 seq 1184645 pool=bulk  p0l0[RTS sq_psn=6837564 rq_psn=6837564 ack_timeout=14 retry_cnt=7 rnr_retry=7 min_rnr=12 sq_draining=0] p0l1[RTS sq_psn=6115944 rq_psn=6115944 ack_timeout=14 retry_cnt=7 rnr_retry=7 min_rnr=12 sq_draining=0] p1l0[RTS sq_psn=6509424 rq_psn=6509424 ack_timeout=14 retry_cnt=7 rnr_retry=7 min_rnr=12 sq_draining=0] p1l1[RTS sq_psn=5991204 rq_psn=5991204 ack_timeout=14 retry_cnt=7 rnr_retry=7 min_rnr=12 sq_draining=0] p2l0[RTS sq_psn=6400626 rq_psn=6400496 ack_timeout=14 retry_cnt=7 rnr_retry=7 min_rnr=12 sq_draining=0] p2l1[RTS sq_psn=5942298 rq_psn=5942168 ack_timeout=14 retry_cnt=7 rnr_retry=7 min_rnr=12 sq_draining=0]
2026-10-06 02:36:45.585 INFO  allreduce: rank 3 seq 1184645 bulk RS seg 1/4 STALLED 507ms launched=true tx_retired=2108626/2108626 ctl(done=0 status=0 gate_redos=0)  p0:posted=4/staged=4/expected=4 p1:posted=4/staged=4/expected=4 p2:posted=4/staged=4/expected=4  p0l0:[141993c1174212/141993=0x0014001a.141993c1174213/141993=0x3f3cbe5e.141993c1174214/141993=0xbe08be9c.141993c1174215/141993=0x00130000.141992c1174208/141992=0x3e53bcfe.141992c1174209/141992=0xbde83db9.141992c1174210/141992=0xbc7dbefe.141992c1174211/141992=0xbdc13d05. B[44984/44984.44984/44983!44984/44983!44983/44983.44983/44983.44983/44983.44983/44983.44983/44983.] p0l1:[0c0/0=0000000000.0c0/0=0000000000.0c0/0=0000000000.0c0/0=0000000000.0c0/0=0000000000.0c0/0=0000000000.0c0/0=0000000000.0c0/0=0000000000. B[43403/43403.43403/43403.43403/43403.43403/43403.43403/43403.43403/43402!43403/43402!43402/43402.] p1l0:[141993c1174212/141993=0000000000.141993c1174213/141993=0x3ecf3d93.141993c1174214/141993=0xbf0b3ed1.141993c1174215/141993=0000000000.141992c1174208/141992=0xbf103e97.141992c1174209/141992=0xbf033ec0.141992c1174210/141992=0xbc5a3d5b.141992c1174211/141992=0xbf0fbf5e. B[44714/44714.44714/44713!44714/44713!44713/44713.44713/44713.44713/44713.44713/44713.44713/44713.] p1l1:[0c0/0=0000000000.0c0/0=0000000000.0c0/0=0000000000.0c0/0=0000000000.0c0/0=0000000000.0c0/0=0000000000.0c0/0=0000000000.0c0/0=0000000000. B[43167/43167.43167/43167.43167/43167.43167/43166!43167/43166!43166/43166.43166/43166.43166/43166.] p2l0:[141993c1174212/141993=0000000000.141993c1174213/141993=0xbe733e94.141993c1174214/141993=0xbee4bf03.141993c1174215/141993=0000000000.141992c1174208/141992=0xbda13e9a.141992c1174209/141992=0xbee33e68.141992c1174210/141992=0x3ebc3d74.141992c1174211/141992=0xbf11bf26. B[44238/44238.44238/44238.44238/44238.44238/44238.44238/44238.44238/44238.44237/44237!44237/44237!] p2l1:[0c0/0=0000000000.0c0/0=0000000000.0c0/0=0000000000.0c0/0=0000000000.0c0/0=0000000000.0c0/0=0000000000.0c0/0=0000000000.0c0/0=0000000000. B[43074/43074.43074/43074.43074/43074.43074/43074.43074/43074.43074/43074.43073/43073!43073/43073!]
2026-10-06 02:36:51.547 INFO  stats: rank 3 | 15.9 s | decode 0.0 tok/s, 0.0 ms/tok, 0.0 ms/step (0 steps / 0 tok, 0 % of wall) | prefill 0 prompts / 2048 tok, 129 tok/s, 7.74 ms/tok (100 % of wall), 0 tok cached (0/0 hits) | live 1, queued 0 | pool 4829/6144 blocks (79 %) | prefix cache 21/639 entries | 1 prefilling
2026-10-06 02:37:02.042 INFO  stats: rank 3 | 10.5 s | decode 0.0 tok/s, 0.0 ms/tok, 0.0 ms/step (0 steps / 0 tok, 0 % of wall) | prefill 0 prompts / 2048 tok, 195 tok/s, 5.12 ms/tok (100 % of wall), 0 tok cached (0/0 hits) | live 1, queued 0 | pool 4829/6144 blocks (79 %) | prefix cache 21/639 entries | 1 prefilling
2026-10-06 02:37:03.488 INFO  hunt qp: rank 3 seq 1184903 pool=bulk  p0l0[RTS sq_psn=6993852 rq_psn=6993852 ack_timeout=14 retry_cnt=7 rnr_retry=7 min_rnr=12 sq_draining=0] p0l1[RTS sq_psn=6272232 rq_psn=6272232 ack_timeout=14 retry_cnt=7 rnr_retry=7 min_rnr=12 sq_draining=0] p1l0[RTS sq_psn=6665712 rq_psn=6665582 ack_timeout=14 retry_cnt=7 rnr_retry=7 min_rnr=12 sq_draining=0] p1l1[RTS sq_psn=6147492 rq_psn=6147362 ack_timeout=14 retry_cnt=7 rnr_retry=7 min_rnr=12 sq_draining=0] p2l0[RTS sq_psn=6556914 rq_psn=6556914 ack_timeout=14 retry_cnt=7 rnr_retry=7 min_rnr=12 sq_draining=0] p2l1[RTS sq_psn=6098586 rq_psn=6098586 ack_timeout=14 retry_cnt=7 rnr_retry=7 min_rnr=12 sq_draining=0]
2026-10-06 02:37:03.488 INFO  allreduce: rank 3 seq 1184903 bulk RS seg 1/4 STALLED 507ms launched=true tx_retired=2122834/2122834 ctl(done=0 status=0 gate_redos=0)  p0:posted=4/staged=4/expected=4 p1:posted=4/staged=4/expected=4 p2:posted=4/staged=4/expected=4  p0l0:[141993c1174212/141993=0x0014001a.141993c1174213/141993=0x3f3cbe5e.141993c1174214/141993=0xbe08be9c.141993c1174215/141993=0x00130000.141992c1174208/141992=0x3e53bcfe.141992c1174209/141992=0xbde83db9.141992c1174210/141992=0xbc7dbefe.141992c1174211/141992=0xbdc13d05. B[45280/45280.45280/45279!45280/45279!45279/45279.45279/45279.45279/45279.45279/45279.45279/45279.] p0l1:[0c0/0=0000000000.0c0/0=0000000000.0c0/0=0000000000.0c0/0=0000000000.0c0/0=0000000000.0c0/0=0000000000.0c0/0=0000000000.0c0/0=0000000000. B[43699/43699.43699/43699.43699/43699.43699/43699.43699/43699.43699/43698!43699/43698!43698/43698.] p1l0:[141993c1174212/141993=0000000000.141993c1174213/141993=0x3ecf3d93.141993c1174214/141993=0xbf0b3ed1.141993c1174215/141993=0000000000.141992c1174208/141992=0xbf103e97.141992c1174209/141992=0xbf033ec0.141992c1174210/141992=0xbc5a3d5b.141992c1174211/141992=0xbf0fbf5e. B[45010/45010.45009/45009!45009/45009!45009/45009.45009/45009.45009/45009.45009/45009.45009/45009.] p1l1:[0c0/0=0000000000.0c0/0=0000000000.0c0/0=0000000000.0c0/0=0000000000.0c0/0=0000000000.0c0/0=0000000000.0c0/0=0000000000.0c0/0=0000000000. B[43463/43463.43463/43463.43463/43463.43462/43462!43462/43462!43462/43462.43462/43462.43462/43462.] p2l0:[141993c1174212/141993=0000000000.141993c1174213/141993=0xbe733e94.141993c1174214/141993=0xbee4bf03.141993c1174215/141993=0000000000.141992c1174208/141992=0xbda13e9a.141992c1174209/141992=0xbee33e68.141992c1174210/141992=0x3ebc3d74.141992c1174211/141992=0xbf11bf26. B[44534/44534.44534/44534.44534/44534.44534/44534.44534/44534.44534/44534.44534/44533!44534/44533!] p2l1:[0c0/0=0000000000.0c0/0=0000000000.0c0/0=0000000000.0c0/0=0000000000.0c0/0=0000000000.0c0/0=0000000000.0c0/0=0000000000.0c0/0=0000000000. B[43370/43370.43370/43370.43370/43370.43370/43370.43370/43370.43370/43370.43370/43369!43370/43369!]
2026-10-06 02:37:14.109 INFO  stats: rank 3 | 12.1 s | decode 0.0 tok/s, 0.0 ms/tok, 0.0 ms/step (0 steps / 0 tok, 0 % of wall) | prefill 0 prompts / 2048 tok, 170 tok/s, 5.89 ms/tok (100 % of wall), 0 tok cached (0/0 hits) | live 1, queued 0 | pool 4829/6144 blocks (79 %) | prefix cache 21/639 entries | 1 prefilling
2026-10-06 02:37:15.619 INFO  hunt qp: rank 3 seq 1185060 pool=bulk  p0l0[RTS sq_psn=7088892 rq_psn=7088892 ack_timeout=14 retry_cnt=7 rnr_retry=7 min_rnr=12 sq_draining=0] p0l1[RTS sq_psn=6367272 rq_psn=6367272 ack_timeout=14 retry_cnt=7 rnr_retry=7 min_rnr=12 sq_draining=0] p1l0[RTS sq_psn=6760752 rq_psn=6760752 ack_timeout=14 retry_cnt=7 rnr_retry=7 min_rnr=12 sq_draining=0] p1l1[RTS sq_psn=6242532 rq_psn=6242532 ack_timeout=14 retry_cnt=7 rnr_retry=7 min_rnr=12 sq_draining=0] p2l0[RTS sq_psn=6651954 rq_psn=6651824 ack_timeout=14 retry_cnt=7 rnr_retry=7 min_rnr=12 sq_draining=0] p2l1[RTS sq_psn=6193626 rq_psn=6193496 ack_timeout=14 retry_cnt=7 rnr_retry=7 min_rnr=12 sq_draining=0]
2026-10-06 02:37:15.619 INFO  allreduce: rank 3 seq 1185060 bulk RS seg 1/4 STALLED 504ms launched=true tx_retired=2131474/2131474 ctl(done=0 status=0 gate_redos=0)  p0:posted=4/staged=4/expected=4 p1:posted=4/staged=4/expected=4 p2:posted=4/staged=4/expected=4  p0l0:[141993c1174212/141993=0x0014001a.141993c1174213/141993=0x3f3cbe5e.141993c1174214/141993=0xbe08be9c.141993c1174215/141993=0x00130000.141992c1174208/141992=0x3e53bcfe.141992c1174209/141992=0xbde83db9.141992c1174210/141992=0xbc7dbefe.141992c1174211/141992=0xbdc13d05. B[45460/45460.45460/45459!45460/45459!45459/45459.45459/45459.45459/45459.45459/45459.45459/45459.] p0l1:[0c0/0=0000000000.0c0/0=0000000000.0c0/0=0000000000.0c0/0=0000000000.0c0/0=0000000000.0c0/0=0000000000.0c0/0=0000000000.0c0/0=0000000000. B[43879/43879.43879/43879.43879/43879.43879/43879.43879/43879.43879/43878!43879/43878!43878/43878.] p1l0:[141993c1174212/141993=0000000000.141993c1174213/141993=0x3ecf3d93.141993c1174214/141993=0xbf0b3ed1.141993c1174215/141993=0000000000.141992c1174208/141992=0xbf103e97.141992c1174209/141992=0xbf033ec0.141992c1174210/141992=0xbc5a3d5b.141992c1174211/141992=0xbf0fbf5e. B[45190/45190.45190/45189!45190/45189!45189/45189.45189/45189.45189/45189.45189/45189.45189/45189.] p1l1:[0c0/0=0000000000.0c0/0=0000000000.0c0/0=0000000000.0c0/0=0000000000.0c0/0=0000000000.0c0/0=0000000000.0c0/0=0000000000.0c0/0=0000000000. B[43643/43643.43643/43643.43643/43643.43643/43642!43643/43642!43642/43642.43642/43642.43642/43642.] p2l0:[141993c1174212/141993=0000000000.141993c1174213/141993=0xbe733e94.141993c1174214/141993=0xbee4bf03.141993c1174215/141993=0000000000.141992c1174208/141992=0xbda13e9a.141992c1174209/141992=0xbee33e68.141992c1174210/141992=0x3ebc3d74.141992c1174211/141992=0xbf11bf26. B[44714/44714.44714/44714.44714/44714.44714/44714.44714/44714.44714/44714.44713/44713!44713/44713!] p2l1:[0c0/0=0000000000.0c0/0=0000000000.0c0/0=0000000000.0c0/0=0000000000.0c0/0=0000000000.0c0/0=0000000000.0c0/0=0000000000.0c0/0=0000000000. B[43550/43550.43550/43550.43550/43550.43550/43550.43550/43550.43550/43550.43549/43549!43549/43549!]
2026-10-06 02:37:26.530 INFO  stats: rank 3 | 12.4 s | decode 0.0 tok/s, 0.0 ms/tok, 0.0 ms/step (0 steps / 0 tok, 0 % of wall) | prefill 0 prompts / 2048 tok, 165 tok/s, 6.06 ms/tok (100 % of wall), 0 tok cached (0/0 hits) | live 1, queued 0 | pool 4829/6144 blocks (79 %) | prefix cache 21/639 entries | 1 prefilling
2026-10-06 02:37:39.222 INFO  stats: rank 3 | 12.7 s | decode 0.0 tok/s, 0.0 ms/tok, 0.0 ms/step (0 steps / 0 tok, 0 % of wall) | prefill 0 prompts / 2048 tok, 161 tok/s, 6.19 ms/tok (100 % of wall), 0 tok cached (0/0 hits) | live 1, queued 0 | pool 4829/6144 blocks (79 %) | prefix cache 21/639 entries | 1 prefilling
2026-10-06 02:37:44.489 INFO  hunt qp: rank 3 seq 1185416 pool=bulk  p0l0[RTS sq_psn=7304316 rq_psn=7304186 ack_timeout=14 retry_cnt=7 rnr_retry=7 min_rnr=12 sq_draining=0] p0l1[RTS sq_psn=6582696 rq_psn=6582566 ack_timeout=14 retry_cnt=7 rnr_retry=7 min_rnr=12 sq_draining=0] p1l0[RTS sq_psn=6976176 rq_psn=6976176 ack_timeout=14 retry_cnt=7 rnr_retry=7 min_rnr=12 sq_draining=0] p1l1[RTS sq_psn=6457956 rq_psn=6457956 ack_timeout=14 retry_cnt=7 rnr_retry=7 min_rnr=12 sq_draining=0] p2l0[RTS sq_psn=6867378 rq_psn=6867378 ack_timeout=14 retry_cnt=7 rnr_retry=7 min_rnr=12 sq_draining=0] p2l1[RTS sq_psn=6409050 rq_psn=6409050 ack_timeout=14 retry_cnt=7 rnr_retry=7 min_rnr=12 sq_draining=0]
2026-10-06 02:37:44.489 INFO  allreduce: rank 3 seq 1185416 bulk RS seg 1/4 STALLED 504ms launched=true tx_retired=2151058/2151058 ctl(done=0 status=0 gate_redos=0)  p0:posted=4/staged=4/expected=4 p1:posted=4/staged=4/expected=4 p2:posted=4/staged=4/expected=4  p0l0:[141993c1174212/141993=0x0014001a.141993c1174213/141993=0x3f3cbe5e.141993c1174214/141993=0xbe08be9c.141993c1174215/141993=0x00130000.141992c1174208/141992=0x3e53bcfe.141992c1174209/141992=0xbde83db9.141992c1174210/141992=0xbc7dbefe.141992c1174211/141992=0xbdc13d05. B[45868/45868.45867/45867!45867/45867!45867/45867.45867/45867.45867/45867.45867/45867.45867/45867.] p0l1:[0c0/0=0000000000.0c0/0=0000000000.0c0/0=0000000000.0c0/0=0000000000.0c0/0=0000000000.0c0/0=0000000000.0c0/0=0000000000.0c0/0=0000000000. B[44287/44287.44287/44287.44287/44287.44287/44287.44287/44287.44286/44286!44286/44286!44286/44286.] p1l0:[141993c1174212/141993=0000000000.141993c1174213/141993=0x3ecf3d93.141993c1174214/141993=0xbf0b3ed1.141993c1174215/141993=0000000000.141992c1174208/141992=0xbf103e97.141992c1174209/141992=0xbf033ec0.141992c1174210/141992=0xbc5a3d5b.141992c1174211/141992=0xbf0fbf5e. B[45598/45598.45598/45597!45598/45597!45597/45597.45597/45597.45597/45597.45597/45597.45597/45597.] p1l1:[0c0/0=0000000000.0c0/0=0000000000.0c0/0=0000000000.0c0/0=0000000000.0c0/0=0000000000.0c0/0=0000000000.0c0/0=0000000000.0c0/0=0000000000. B[44051/44051.44051/44051.44051/44051.44051/44050!44051/44050!44050/44050.44050/44050.44050/44050.] p2l0:[141993c1174212/141993=0000000000.141993c1174213/141993=0xbe733e94.141993c1174214/141993=0xbee4bf03.141993c1174215/141993=0000000000.141992c1174208/141992=0xbda13e9a.141992c1174209/141992=0xbee33e68.141992c1174210/141992=0x3ebc3d74.141992c1174211/141992=0xbf11bf26. B[45122/45122.45122/45122.45122/45122.45122/45122.45122/45122.45122/45122.45122/45121!45122/45121!] p2l1:[0c0/0=0000000000.0c0/0=0000000000.0c0/0=0000000000.0c0/0=0000000000.0c0/0=0000000000.0c0/0=0000000000.0c0/0=0000000000.0c0/0=0000000000. B[43958/43958.43958/43958.43958/43958.43958/43958.43958/43958.43958/43958.43958/43957!43958/43957!]
2026-10-06 02:37:52.714 INFO  stats: rank 3 | 13.5 s | decode 0.0 tok/s, 0.0 ms/tok, 0.0 ms/step (0 steps / 0 tok, 0 % of wall) | prefill 0 prompts / 2048 tok, 152 tok/s, 6.59 ms/tok (100 % of wall), 0 tok cached (0/0 hits) | live 1, queued 0 | pool 4829/6144 blocks (79 %) | prefix cache 21/639 entries | 1 prefilling
2026-10-06 02:38:05.249 INFO  stats: rank 3 | 12.5 s | decode 0.0 tok/s, 0.0 ms/tok, 0.0 ms/step (0 steps / 0 tok, 0 % of wall) | prefill 0 prompts / 2048 tok, 163 tok/s, 6.12 ms/tok (100 % of wall), 0 tok cached (0/0 hits) | live 1, queued 0 | pool 4829/6144 blocks (79 %) | prefix cache 21/639 entries | 1 prefilling
2026-10-06 02:38:18.338 INFO  stats: rank 3 | 13.1 s | decode 0.0 tok/s, 0.0 ms/tok, 0.0 ms/step (0 steps / 0 tok, 0 % of wall) | prefill 0 prompts / 2048 tok, 156 tok/s, 6.39 ms/tok (100 % of wall), 0 tok cached (0/0 hits) | live 1, queued 0 | pool 4829/6144 blocks (79 %) | prefix cache 21/639 entries | 1 prefilling
2026-10-06 02:38:31.058 INFO  stats: rank 3 | 12.7 s | decode 0.0 tok/s, 0.0 ms/tok, 0.0 ms/step (0 steps / 0 tok, 0 % of wall) | prefill 0 prompts / 2048 tok, 161 tok/s, 6.21 ms/tok (100 % of wall), 0 tok cached (0/0 hits) | live 1, queued 0 | pool 4829/6144 blocks (79 %) | prefix cache 21/639 entries | 1 prefilling
2026-10-06 02:38:43.381 INFO  stats: rank 3 | 12.3 s | decode 0.0 tok/s, 0.0 ms/tok, 0.0 ms/step (0 steps / 0 tok, 0 % of wall) | prefill 0 prompts / 2048 tok, 166 tok/s, 6.02 ms/tok (100 % of wall), 0 tok cached (0/0 hits) | live 1, queued 0 | pool 4829/6144 blocks (79 %) | prefix cache 21/639 entries | 1 prefilling
2026-10-06 02:38:58.416 INFO  stats: rank 3 | 15.0 s | decode 0.0 tok/s, 0.0 ms/tok, 0.0 ms/step (0 steps / 0 tok, 0 % of wall) | prefill 0 prompts / 2048 tok, 136 tok/s, 7.34 ms/tok (100 % of wall), 0 tok cached (0/0 hits) | live 1, queued 0 | pool 4829/6144 blocks (79 %) | prefix cache 21/639 entries | 1 prefilling
2026-10-06 02:39:00.126 INFO  hunt qp: rank 3 seq 1186316 pool=bulk  p0l0[RTS sq_psn=7849212 rq_psn=7849212 ack_timeout=14 retry_cnt=7 rnr_retry=7 min_rnr=12 sq_draining=0] p0l1[RTS sq_psn=7127592 rq_psn=7127592 ack_timeout=14 retry_cnt=7 rnr_retry=7 min_rnr=12 sq_draining=0] p1l0[RTS sq_psn=7521072 rq_psn=7521072 ack_timeout=14 retry_cnt=7 rnr_retry=7 min_rnr=12 sq_draining=0] p1l1[RTS sq_psn=7002852 rq_psn=7002852 ack_timeout=14 retry_cnt=7 rnr_retry=7 min_rnr=12 sq_draining=0] p2l0[RTS sq_psn=7412274 rq_psn=7412144 ack_timeout=14 retry_cnt=7 rnr_retry=7 min_rnr=12 sq_draining=0] p2l1[RTS sq_psn=6953946 rq_psn=6953816 ack_timeout=14 retry_cnt=7 rnr_retry=7 min_rnr=12 sq_draining=0]
2026-10-06 02:39:00.126 INFO  allreduce: rank 3 seq 1186316 bulk RS seg 1/4 STALLED 506ms launched=true tx_retired=2200594/2200594 ctl(done=0 status=0 gate_redos=0)  p0:posted=4/staged=4/expected=4 p1:posted=4/staged=4/expected=4 p2:posted=4/staged=4/expected=4  p0l0:[141993c1174212/141993=0x0014001a.141993c1174213/141993=0x3f3cbe5e.141993c1174214/141993=0xbe08be9c.141993c1174215/141993=0x00130000.141992c1174208/141992=0x3e53bcfe.141992c1174209/141992=0xbde83db9.141992c1174210/141992=0xbc7dbefe.141992c1174211/141992=0xbdc13d05. B[46900/46900.46900/46899!46900/46899!46899/46899.46899/46899.46899/46899.46899/46899.46899/46899.] p0l1:[0c0/0=0000000000.0c0/0=0000000000.0c0/0=0000000000.0c0/0=0000000000.0c0/0=0000000000.0c0/0=0000000000.0c0/0=0000000000.0c0/0=0000000000. B[45319/45319.45319/45319.45319/45319.45319/45319.45319/45319.45319/45318!45319/45318!45318/45318.] p1l0:[141993c1174212/141993=0000000000.141993c1174213/141993=0x3ecf3d93.141993c1174214/141993=0xbf0b3ed1.141993c1174215/141993=0000000000.141992c1174208/141992=0xbf103e97.141992c1174209/141992=0xbf033ec0.141992c1174210/141992=0xbc5a3d5b.141992c1174211/141992=0xbf0fbf5e. B[46630/46630.46630/46629!46630/46629!46629/46629.46629/46629.46629/46629.46629/46629.46629/46629.] p1l1:[0c0/0=0000000000.0c0/0=0000000000.0c0/0=0000000000.0c0/0=0000000000.0c0/0=0000000000.0c0/0=0000000000.0c0/0=0000000000.0c0/0=0000000000. B[45083/45083.45083/45083.45083/45083.45083/45082!45083/45082!45082/45082.45082/45082.45082/45082.] p2l0:[141993c1174212/141993=0000000000.141993c1174213/141993=0xbe733e94.141993c1174214/141993=0xbee4bf03.141993c1174215/141993=0000000000.141992c1174208/141992=0xbda13e9a.141992c1174209/141992=0xbee33e68.141992c1174210/141992=0x3ebc3d74.141992c1174211/141992=0xbf11bf26. B[46154/46154.46154/46154.46154/46154.46154/46154.46154/46154.46154/46154.46153/46153!46153/46153!] p2l1:[0c0/0=0000000000.0c0/0=0000000000.0c0/0=0000000000.0c0/0=0000000000.0c0/0=0000000000.0c0/0=0000000000.0c0/0=0000000000.0c0/0=0000000000. B[44990/44990.44990/44990.44990/44990.44990/44990.44990/44990.44990/44990.44989/44989!44989/44989!]
2026-10-06 02:39:12.584 INFO  stats: rank 3 | 14.2 s | decode 0.0 tok/s, 0.0 ms/tok, 0.0 ms/step (0 steps / 0 tok, 0 % of wall) | prefill 0 prompts / 2048 tok, 145 tok/s, 6.91 ms/tok (100 % of wall), 0 tok cached (0/0 hits) | live 1, queued 0 | pool 4829/6144 blocks (79 %) | prefix cache 21/639 entries | 1 prefilling
2026-10-06 02:39:27.913 INFO  stats: rank 3 | 15.3 s | decode 0.0 tok/s, 0.0 ms/tok, 0.0 ms/step (0 steps / 0 tok, 0 % of wall) | prefill 0 prompts / 2048 tok, 134 tok/s, 7.49 ms/tok (100 % of wall), 0 tok cached (0/0 hits) | live 1, queued 0 | pool 4829/6144 blocks (79 %) | prefix cache 21/639 entries | 1 prefilling
2026-10-06 02:39:42.344 INFO  stats: rank 3 | 14.4 s | decode 0.0 tok/s, 0.0 ms/tok, 0.0 ms/step (0 steps / 0 tok, 0 % of wall) | prefill 0 prompts / 2048 tok, 142 tok/s, 7.05 ms/tok (100 % of wall), 0 tok cached (0/0 hits) | live 1, queued 0 | pool 4829/6144 blocks (79 %) | prefix cache 21/639 entries | 1 prefilling
2026-10-06 02:39:53.732 INFO  hunt qp: rank 3 seq 1186885 pool=bulk  p0l0[RTS sq_psn=8193468 rq_psn=8193468 ack_timeout=14 retry_cnt=7 rnr_retry=7 min_rnr=12 sq_draining=0] p0l1[RTS sq_psn=7471848 rq_psn=7471848 ack_timeout=14 retry_cnt=7 rnr_retry=7 min_rnr=12 sq_draining=0] p1l0[RTS sq_psn=7865328 rq_psn=7865328 ack_timeout=14 retry_cnt=7 rnr_retry=7 min_rnr=12 sq_draining=0] p1l1[RTS sq_psn=7347108 rq_psn=7347108 ack_timeout=14 retry_cnt=7 rnr_retry=7 min_rnr=12 sq_draining=0] p2l0[RTS sq_psn=7756530 rq_psn=7756400 ack_timeout=14 retry_cnt=7 rnr_retry=7 min_rnr=12 sq_draining=0] p2l1[RTS sq_psn=7298202 rq_psn=7298072 ack_timeout=14 retry_cnt=7 rnr_retry=7 min_rnr=12 sq_draining=0]
2026-10-06 02:39:53.732 INFO  allreduce: rank 3 seq 1186885 bulk RS seg 1/4 STALLED 509ms launched=true tx_retired=2231890/2231890 ctl(done=0 status=0 gate_redos=0)  p0:posted=4/staged=4/expected=4 p1:posted=4/staged=4/expected=4 p2:posted=4/staged=4/expected=4  p0l0:[141993c1174212/141993=0x0014001a.141993c1174213/141993=0x3f3cbe5e.141993c1174214/141993=0xbe08be9c.141993c1174215/141993=0x00130000.141992c1174208/141992=0x3e53bcfe.141992c1174209/141992=0xbde83db9.141992c1174210/141992=0xbc7dbefe.141992c1174211/141992=0xbdc13d05. B[47552/47552.47552/47551!47552/47551!47551/47551.47551/47551.47551/47551.47551/47551.47551/47551.] p0l1:[0c0/0=0000000000.0c0/0=0000000000.0c0/0=0000000000.0c0/0=0000000000.0c0/0=0000000000.0c0/0=0000000000.0c0/0=0000000000.0c0/0=0000000000. B[45971/45971.45971/45971.45971/45971.45971/45971.45971/45971.45971/45970!45971/45970!45970/45970.] p1l0:[141993c1174212/141993=0000000000.141993c1174213/141993=0x3ecf3d93.141993c1174214/141993=0xbf0b3ed1.141993c1174215/141993=0000000000.141992c1174208/141992=0xbf103e97.141992c1174209/141992=0xbf033ec0.141992c1174210/141992=0xbc5a3d5b.141992c1174211/141992=0xbf0fbf5e. B[47282/47282.47282/47281!47282/47281!47281/47281.47281/47281.47281/47281.47281/47281.47281/47281.] p1l1:[0c0/0=0000000000.0c0/0=0000000000.0c0/0=0000000000.0c0/0=0000000000.0c0/0=0000000000.0c0/0=0000000000.0c0/0=0000000000.0c0/0=0000000000. B[45735/45735.45735/45735.45735/45735.45735/45734!45735/45734!45734/45734.45734/45734.45734/45734.] p2l0:[141993c1174212/141993=0000000000.141993c1174213/141993=0xbe733e94.141993c1174214/141993=0xbee4bf03.141993c1174215/141993=0000000000.141992c1174208/141992=0xbda13e9a.141992c1174209/141992=0xbee33e68.141992c1174210/141992=0x3ebc3d74.141992c1174211/141992=0xbf11bf26. B[46806/46806.46806/46806.46806/46806.46806/46806.46806/46806.46806/46806.46805/46805!46805/46805!] p2l1:[0c0/0=0000000000.0c0/0=0000000000.0c0/0=0000000000.0c0/0=0000000000.0c0/0=0000000000.0c0/0=0000000000.0c0/0=0000000000.0c0/0=0000000000. B[45642/45642.45642/45642.45642/45642.45642/45642.45642/45642.45642/45642.45641/45641!45641/45641!]
2026-10-06 02:39:58.663 INFO  stats: rank 3 | 16.3 s | decode 0.0 tok/s, 0.0 ms/tok, 0.0 ms/step (0 steps / 0 tok, 0 % of wall) | prefill 0 prompts / 2048 tok, 126 tok/s, 7.97 ms/tok (100 % of wall), 0 tok cached (0/0 hits) | live 1, queued 0 | pool 4829/6144 blocks (79 %) | prefix cache 21/639 entries | 1 prefilling
2026-10-06 02:40:12.970 INFO  stats: rank 3 | 14.3 s | decode 0.0 tok/s, 0.0 ms/tok, 0.0 ms/step (0 steps / 0 tok, 0 % of wall) | prefill 0 prompts / 2048 tok, 143 tok/s, 6.99 ms/tok (100 % of wall), 0 tok cached (0/0 hits) | live 1, queued 0 | pool 4829/6144 blocks (79 %) | prefix cache 21/639 entries | 1 prefilling
2026-10-06 02:40:14.757 INFO  hunt qp: rank 3 seq 1187101 pool=bulk  p0l0[RTS sq_psn=8324412 rq_psn=8324412 ack_timeout=14 retry_cnt=7 rnr_retry=7 min_rnr=12 sq_draining=0] p0l1[RTS sq_psn=7602792 rq_psn=7602792 ack_timeout=14 retry_cnt=7 rnr_retry=7 min_rnr=12 sq_draining=0] p1l0[RTS sq_psn=7996272 rq_psn=7996142 ack_timeout=14 retry_cnt=7 rnr_retry=7 min_rnr=12 sq_draining=0] p1l1[RTS sq_psn=7478052 rq_psn=7477922 ack_timeout=14 retry_cnt=7 rnr_retry=7 min_rnr=12 sq_draining=0] p2l0[RTS sq_psn=7887474 rq_psn=7887474 ack_timeout=14 retry_cnt=7 rnr_retry=7 min_rnr=12 sq_draining=0] p2l1[RTS sq_psn=7429146 rq_psn=7429146 ack_timeout=14 retry_cnt=7 rnr_retry=7 min_rnr=12 sq_draining=0]
2026-10-06 02:40:14.757 INFO  allreduce: rank 3 seq 1187101 bulk RS seg 1/4 STALLED 508ms launched=true tx_retired=2243794/2243794 ctl(done=0 status=0 gate_redos=0)  p0:posted=4/staged=4/expected=4 p1:posted=4/staged=4/expected=4 p2:posted=4/staged=4/expected=4  p0l0:[141993c1174212/141993=0x0014001a.141993c1174213/141993=0x3f3cbe5e.141993c1174214/141993=0xbe08be9c.141993c1174215/141993=0x00130000.141992c1174208/141992=0x3e53bcfe.141992c1174209/141992=0xbde83db9.141992c1174210/141992=0xbc7dbefe.141992c1174211/141992=0xbdc13d05. B[47800/47800.47800/47799!47800/47799!47799/47799.47799/47799.47799/47799.47799/47799.47799/47799.] p0l1:[0c0/0=0000000000.0c0/0=0000000000.0c0/0=0000000000.0c0/0=0000000000.0c0/0=0000000000.0c0/0=0000000000.0c0/0=0000000000.0c0/0=0000000000. B[46219/46219.46219/46219.46219/46219.46219/46219.46219/46219.46219/46218!46219/46218!46218/46218.] p1l0:[141993c1174212/141993=0000000000.141993c1174213/141993=0x3ecf3d93.141993c1174214/141993=0xbf0b3ed1.141993c1174215/141993=0000000000.141992c1174208/141992=0xbf103e97.141992c1174209/141992=0xbf033ec0.141992c1174210/141992=0xbc5a3d5b.141992c1174211/141992=0xbf0fbf5e. B[47530/47530.47529/47529!47529/47529!47529/47529.47529/47529.47529/47529.47529/47529.47529/47529.] p1l1:[0c0/0=0000000000.0c0/0=0000000000.0c0/0=0000000000.0c0/0=0000000000.0c0/0=0000000000.0c0/0=0000000000.0c0/0=0000000000.0c0/0=0000000000. B[45983/45983.45983/45983.45983/45983.45982/45982!45982/45982!45982/45982.45982/45982.45982/45982.] p2l0:[141993c1174212/141993=0000000000.141993c1174213/141993=0xbe733e94.141993c1174214/141993=0xbee4bf03.141993c1174215/141993=0000000000.141992c1174208/141992=0xbda13e9a.141992c1174209/141992=0xbee33e68.141992c1174210/141992=0x3ebc3d74.141992c1174211/141992=0xbf11bf26. B[47054/47054.47054/47054.47054/47054.47054/47054.47054/47054.47054/47054.47054/47053!47054/47053!] p2l1:[0c0/0=0000000000.0c0/0=0000000000.0c0/0=0000000000.0c0/0=0000000000.0c0/0=0000000000.0c0/0=0000000000.0c0/0=0000000000.0c0/0=0000000000. B[45890/45890.45890/45890.45890/45890.45890/45890.45890/45890.45890/45890.45890/45889!45890/45889!]
2026-10-06 02:40:24.008 INFO  hunt qp: rank 3 seq 1187185 pool=bulk  p0l0[RTS sq_psn=8375100 rq_psn=8374970 ack_timeout=14 retry_cnt=7 rnr_retry=7 min_rnr=12 sq_draining=0] p0l1[RTS sq_psn=7653480 rq_psn=7653350 ack_timeout=14 retry_cnt=7 rnr_retry=7 min_rnr=12 sq_draining=0] p1l0[RTS sq_psn=8046960 rq_psn=8046960 ack_timeout=14 retry_cnt=7 rnr_retry=7 min_rnr=12 sq_draining=0] p1l1[RTS sq_psn=7528740 rq_psn=7528740 ack_timeout=14 retry_cnt=7 rnr_retry=7 min_rnr=12 sq_draining=0] p2l0[RTS sq_psn=7938162 rq_psn=7938162 ack_timeout=14 retry_cnt=7 rnr_retry=7 min_rnr=12 sq_draining=0] p2l1[RTS sq_psn=7479834 rq_psn=7479834 ack_timeout=14 retry_cnt=7 rnr_retry=7 min_rnr=12 sq_draining=0]
2026-10-06 02:40:24.008 INFO  allreduce: rank 3 seq 1187185 bulk RS seg 1/4 STALLED 509ms launched=true tx_retired=2248402/2248402 ctl(done=0 status=0 gate_redos=0)  p0:posted=4/staged=4/expected=4 p1:posted=4/staged=4/expected=4 p2:posted=4/staged=4/expected=4  p0l0:[141993c1174212/141993=0x0014001a.141993c1174213/141993=0x3f3cbe5e.141993c1174214/141993=0xbe08be9c.141993c1174215/141993=0x00130000.141992c1174208/141992=0x3e53bcfe.141992c1174209/141992=0xbde83db9.141992c1174210/141992=0xbc7dbefe.141992c1174211/141992=0xbdc13d05. B[47896/47896.47895/47895!47895/47895!47895/47895.47895/47895.47895/47895.47895/47895.47895/47895.] p0l1:[0c0/0=0000000000.0c0/0=0000000000.0c0/0=0000000000.0c0/0=0000000000.0c0/0=0000000000.0c0/0=0000000000.0c0/0=0000000000.0c0/0=0000000000. B[46315/46315.46315/46315.46315/46315.46315/46315.46315/46315.46314/46314!46314/46314!46314/46314.] p1l0:[141993c1174212/141993=0000000000.141993c1174213/141993=0x3ecf3d93.141993c1174214/141993=0xbf0b3ed1.141993c1174215/141993=0000000000.141992c1174208/141992=0xbf103e97.141992c1174209/141992=0xbf033ec0.141992c1174210/141992=0xbc5a3d5b.141992c1174211/141992=0xbf0fbf5e. B[47626/47626.47626/47625!47626/47625!47625/47625.47625/47625.47625/47625.47625/47625.47625/47625.] p1l1:[0c0/0=0000000000.0c0/0=0000000000.0c0/0=0000000000.0c0/0=0000000000.0c0/0=0000000000.0c0/0=0000000000.0c0/0=0000000000.0c0/0=0000000000. B[46079/46079.46079/46079.46079/46079.46079/46078!46079/46078!46078/46078.46078/46078.46078/46078.] p2l0:[141993c1174212/141993=0000000000.141993c1174213/141993=0xbe733e94.141993c1174214/141993=0xbee4bf03.141993c1174215/141993=0000000000.141992c1174208/141992=0xbda13e9a.141992c1174209/141992=0xbee33e68.141992c1174210/141992=0x3ebc3d74.141992c1174211/141992=0xbf11bf26. B[47150/47150.47150/47150.47150/47150.47150/47150.47150/47150.47150/47150.47150/47149!47150/47149!] p2l1:[0c0/0=0000000000.0c0/0=0000000000.0c0/0=0000000000.0c0/0=0000000000.0c0/0=0000000000.0c0/0=0000000000.0c0/0=0000000000.0c0/0=0000000000. B[45986/45986.45986/45986.45986/45986.45986/45986.45986/45986.45986/45986.45986/45985!45986/45985!]
2026-10-06 02:40:26.050 INFO  hunt qp: rank 3 seq 1187199 pool=bulk  p0l0[RTS sq_psn=8383548 rq_psn=8383418 ack_timeout=14 retry_cnt=7 rnr_retry=7 min_rnr=12 sq_draining=0] p0l1[RTS sq_psn=7661928 rq_psn=7661798 ack_timeout=14 retry_cnt=7 rnr_retry=7 min_rnr=12 sq_draining=0] p1l0[RTS sq_psn=8055408 rq_psn=8055408 ack_timeout=14 retry_cnt=7 rnr_retry=7 min_rnr=12 sq_draining=0] p1l1[RTS sq_psn=7537188 rq_psn=7537188 ack_timeout=14 retry_cnt=7 rnr_retry=7 min_rnr=12 sq_draining=0] p2l0[RTS sq_psn=7946610 rq_psn=7946610 ack_timeout=14 retry_cnt=7 rnr_retry=7 min_rnr=12 sq_draining=0] p2l1[RTS sq_psn=7488282 rq_psn=7488282 ack_timeout=14 retry_cnt=7 rnr_retry=7 min_rnr=12 sq_draining=0]
2026-10-06 02:40:26.050 INFO  allreduce: rank 3 seq 1187199 bulk RS seg 1/4 STALLED 509ms launched=true tx_retired=2249170/2249170 ctl(done=0 status=0 gate_redos=0)  p0:posted=4/staged=4/expected=4 p1:posted=4/staged=4/expected=4 p2:posted=4/staged=4/expected=4  p0l0:[141993c1174212/141993=0x0014001a.141993c1174213/141993=0x3f3cbe5e.141993c1174214/141993=0xbe08be9c.141993c1174215/141993=0x00130000.141992c1174208/141992=0x3e53bcfe.141992c1174209/141992=0xbde83db9.141992c1174210/141992=0xbc7dbefe.141992c1174211/141992=0xbdc13d05. B[47912/47912.47911/47911!47911/47911!47911/47911.47911/47911.47911/47911.47911/47911.47911/47911.] p0l1:[0c0/0=0000000000.0c0/0=0000000000.0c0/0=0000000000.0c0/0=0000000000.0c0/0=0000000000.0c0/0=0000000000.0c0/0=0000000000.0c0/0=0000000000. B[46331/46331.46331/46331.46331/46331.46331/46331.46331/46331.46330/46330!46330/46330!46330/46330.] p1l0:[141993c1174212/141993=0000000000.141993c1174213/141993=0x3ecf3d93.141993c1174214/141993=0xbf0b3ed1.141993c1174215/141993=0000000000.141992c1174208/141992=0xbf103e97.141992c1174209/141992=0xbf033ec0.141992c1174210/141992=0xbc5a3d5b.141992c1174211/141992=0xbf0fbf5e. B[47642/47642.47642/47641!47642/47641!47641/47641.47641/47641.47641/47641.47641/47641.47641/47641.] p1l1:[0c0/0=0000000000.0c0/0=0000000000.0c0/0=0000000000.0c0/0=0000000000.0c0/0=0000000000.0c0/0=0000000000.0c0/0=0000000000.0c0/0=0000000000. B[46095/46095.46095/46095.46095/46095.46095/46094!46095/46094!46094/46094.46094/46094.46094/46094.] p2l0:[141993c1174212/141993=0000000000.141993c1174213/141993=0xbe733e94.141993c1174214/141993=0xbee4bf03.141993c1174215/141993=0000000000.141992c1174208/141992=0xbda13e9a.141992c1174209/141992=0xbee33e68.141992c1174210/141992=0x3ebc3d74.141992c1174211/141992=0xbf11bf26. B[47166/47166.47166/47166.47166/47166.47166/47166.47166/47166.47166/47166.47166/47165!47166/47165!] p2l1:[0c0/0=0000000000.0c0/0=0000000000.0c0/0=0000000000.0c0/0=0000000000.0c0/0=0000000000.0c0/0=0000000000.0c0/0=0000000000.0c0/0=0000000000. B[46002/46002.46002/46002.46002/46002.46002/46002.46002/46002.46002/46002.46002/46001!46002/46001!]
2026-10-06 02:40:30.173 INFO  stats: rank 3 | 17.2 s | decode 0.0 tok/s, 0.0 ms/tok, 0.0 ms/step (0 steps / 0 tok, 0 % of wall) | prefill 0 prompts / 2048 tok, 119 tok/s, 8.40 ms/tok (100 % of wall), 0 tok cached (0/0 hits) | live 1, queued 0 | pool 4829/6144 blocks (79 %) | prefix cache 21/639 entries | 1 prefilling
2026-10-06 02:40:45.869 INFO  stats: rank 3 | 15.7 s | decode 0.0 tok/s, 0.0 ms/tok, 0.0 ms/step (0 steps / 0 tok, 0 % of wall) | prefill 0 prompts / 2048 tok, 130 tok/s, 7.66 ms/tok (100 % of wall), 0 tok cached (0/0 hits) | live 1, queued 0 | pool 4829/6144 blocks (79 %) | prefix cache 21/639 entries | 1 prefilling
2026-10-06 02:41:01.621 INFO  stats: rank 3 | 15.8 s | decode 0.0 tok/s, 0.0 ms/tok, 0.0 ms/step (0 steps / 0 tok, 0 % of wall) | prefill 0 prompts / 2048 tok, 130 tok/s, 7.69 ms/tok (100 % of wall), 0 tok cached (0/0 hits) | live 1, queued 0 | pool 4829/6144 blocks (79 %) | prefix cache 21/639 entries | 1 prefilling
2026-10-06 02:41:03.645 INFO  hunt qp: rank 3 seq 1187572 pool=bulk  p0l0[RTS sq_psn=8609532 rq_psn=8609532 ack_timeout=14 retry_cnt=7 rnr_retry=7 min_rnr=12 sq_draining=0] p0l1[RTS sq_psn=7887912 rq_psn=7887912 ack_timeout=14 retry_cnt=7 rnr_retry=7 min_rnr=12 sq_draining=0] p1l0[RTS sq_psn=8281392 rq_psn=8281262 ack_timeout=14 retry_cnt=7 rnr_retry=7 min_rnr=12 sq_draining=0] p1l1[RTS sq_psn=7763172 rq_psn=7763042 ack_timeout=14 retry_cnt=7 rnr_retry=7 min_rnr=12 sq_draining=0] p2l0[RTS sq_psn=8172594 rq_psn=8172594 ack_timeout=14 retry_cnt=7 rnr_retry=7 min_rnr=12 sq_draining=0] p2l1[RTS sq_psn=7714266 rq_psn=7714266 ack_timeout=14 retry_cnt=7 rnr_retry=7 min_rnr=12 sq_draining=0]
2026-10-06 02:41:03.645 INFO  allreduce: rank 3 seq 1187572 bulk RS seg 1/4 STALLED 506ms launched=true tx_retired=2269714/2269714 ctl(done=0 status=0 gate_redos=0)  p0:posted=4/staged=4/expected=4 p1:posted=4/staged=4/expected=4 p2:posted=4/staged=4/expected=4  p0l0:[141993c1174212/141993=0x0014001a.141993c1174213/141993=0x3f3cbe5e.141993c1174214/141993=0xbe08be9c.141993c1174215/141993=0x00130000.141992c1174208/141992=0x3e53bcfe.141992c1174209/141992=0xbde83db9.141992c1174210/141992=0xbc7dbefe.141992c1174211/141992=0xbdc13d05. B[48340/48340.48340/48339!48340/48339!48339/48339.48339/48339.48339/48339.48339/48339.48339/48339.] p0l1:[0c0/0=0000000000.0c0/0=0000000000.0c0/0=0000000000.0c0/0=0000000000.0c0/0=0000000000.0c0/0=0000000000.0c0/0=0000000000.0c0/0=0000000000. B[46759/46759.46759/46759.46759/46759.46759/46759.46759/46759.46759/46758!46759/46758!46758/46758.] p1l0:[141993c1174212/141993=0000000000.141993c1174213/141993=0x3ecf3d93.141993c1174214/141993=0xbf0b3ed1.141993c1174215/141993=0000000000.141992c1174208/141992=0xbf103e97.141992c1174209/141992=0xbf033ec0.141992c1174210/141992=0xbc5a3d5b.141992c1174211/141992=0xbf0fbf5e. B[48070/48070.48069/48069!48069/48069!48069/48069.48069/48069.48069/48069.48069/48069.48069/48069.] p1l1:[0c0/0=0000000000.0c0/0=0000000000.0c0/0=0000000000.0c0/0=0000000000.0c0/0=0000000000.0c0/0=0000000000.0c0/0=0000000000.0c0/0=0000000000. B[46523/46523.46523/46523.46523/46523.46522/46522!46522/46522!46522/46522.46522/46522.46522/46522.] p2l0:[141993c1174212/141993=0000000000.141993c1174213/141993=0xbe733e94.141993c1174214/141993=0xbee4bf03.141993c1174215/141993=0000000000.141992c1174208/141992=0xbda13e9a.141992c1174209/141992=0xbee33e68.141992c1174210/141992=0x3ebc3d74.141992c1174211/141992=0xbf11bf26. B[47594/47594.47594/47594.47594/47594.47594/47594.47594/47594.47594/47594.47594/47593!47594/47593!] p2l1:[0c0/0=0000000000.0c0/0=0000000000.0c0/0=0000000000.0c0/0=0000000000.0c0/0=0000000000.0c0/0=0000000000.0c0/0=0000000000.0c0/0=0000000000. B[46430/46430.46430/46430.46430/46430.46430/46430.46430/46430.46430/46430.46430/46429!46430/46429!]
2026-10-06 02:41:19.100 INFO  stats: rank 3 | 17.5 s | decode 0.0 tok/s, 0.0 ms/tok, 0.0 ms/step (0 steps / 0 tok, 0 % of wall) | prefill 0 prompts / 2048 tok, 117 tok/s, 8.53 ms/tok (100 % of wall), 0 tok cached (0/0 hits) | live 1, queued 0 | pool 4829/6144 blocks (79 %) | prefix cache 21/639 entries | 1 prefilling
2026-10-06 02:41:21.122 INFO  hunt qp: rank 3 seq 1187729 pool=bulk  p0l0[RTS sq_psn=8704572 rq_psn=8704442 ack_timeout=14 retry_cnt=7 rnr_retry=7 min_rnr=12 sq_draining=0] p0l1[RTS sq_psn=7982952 rq_psn=7982822 ack_timeout=14 retry_cnt=7 rnr_retry=7 min_rnr=12 sq_draining=0] p1l0[RTS sq_psn=8376432 rq_psn=8376432 ack_timeout=14 retry_cnt=7 rnr_retry=7 min_rnr=12 sq_draining=0] p1l1[RTS sq_psn=7858212 rq_psn=7858212 ack_timeout=14 retry_cnt=7 rnr_retry=7 min_rnr=12 sq_draining=0] p2l0[RTS sq_psn=8267634 rq_psn=8267634 ack_timeout=14 retry_cnt=7 rnr_retry=7 min_rnr=12 sq_draining=0] p2l1[RTS sq_psn=7809306 rq_psn=7809306 ack_timeout=14 retry_cnt=7 rnr_retry=7 min_rnr=12 sq_draining=0]
2026-10-06 02:41:21.122 INFO  allreduce: rank 3 seq 1187729 bulk RS seg 1/4 STALLED 506ms launched=true tx_retired=2278354/2278354 ctl(done=0 status=0 gate_redos=0)  p0:posted=4/staged=4/expected=4 p1:posted=4/staged=4/expected=4 p2:posted=4/staged=4/expected=4  p0l0:[141993c1174212/141993=0x0014001a.141993c1174213/141993=0x3f3cbe5e.141993c1174214/141993=0xbe08be9c.141993c1174215/141993=0x00130000.141992c1174208/141992=0x3e53bcfe.141992c1174209/141992=0xbde83db9.141992c1174210/141992=0xbc7dbefe.141992c1174211/141992=0xbdc13d05. B[48520/48520.48519/48519!48519/48519!48519/48519.48519/48519.48519/48519.48519/48519.48519/48519.] p0l1:[0c0/0=0000000000.0c0/0=0000000000.0c0/0=0000000000.0c0/0=0000000000.0c0/0=0000000000.0c0/0=0000000000.0c0/0=0000000000.0c0/0=0000000000. B[46939/46939.46939/46939.46939/46939.46939/46939.46939/46939.46938/46938!46938/46938!46938/46938.] p1l0:[141993c1174212/141993=0000000000.141993c1174213/141993=0x3ecf3d93.141993c1174214/141993=0xbf0b3ed1.141993c1174215/141993=0000000000.141992c1174208/141992=0xbf103e97.141992c1174209/141992=0xbf033ec0.141992c1174210/141992=0xbc5a3d5b.141992c1174211/141992=0xbf0fbf5e. B[48250/48250.48250/48249!48250/48249!48249/48249.48249/48249.48249/48249.48249/48249.48249/48249.] p1l1:[0c0/0=0000000000.0c0/0=0000000000.0c0/0=0000000000.0c0/0=0000000000.0c0/0=0000000000.0c0/0=0000000000.0c0/0=0000000000.0c0/0=0000000000. B[46703/46703.46703/46703.46703/46703.46703/46702!46703/46702!46702/46702.46702/46702.46702/46702.] p2l0:[141993c1174212/141993=0000000000.141993c1174213/141993=0xbe733e94.141993c1174214/141993=0xbee4bf03.141993c1174215/141993=0000000000.141992c1174208/141992=0xbda13e9a.141992c1174209/141992=0xbee33e68.141992c1174210/141992=0x3ebc3d74.141992c1174211/141992=0xbf11bf26. B[47774/47774.47774/47774.47774/47774.47774/47774.47774/47774.47774/47774.47774/47773!47774/47773!] p2l1:[0c0/0=0000000000.0c0/0=0000000000.0c0/0=0000000000.0c0/0=0000000000.0c0/0=0000000000.0c0/0=0000000000.0c0/0=0000000000.0c0/0=0000000000. B[46610/46610.46610/46610.46610/46610.46610/46610.46610/46610.46610/46610.46610/46609!46610/46609!]
2026-10-06 02:41:36.433 INFO  stats: rank 3 | 17.3 s | decode 0.0 tok/s, 0.0 ms/tok, 0.0 ms/step (0 steps / 0 tok, 0 % of wall) | prefill 0 prompts / 2048 tok, 118 tok/s, 8.46 ms/tok (100 % of wall), 0 tok cached (0/0 hits) | live 1, queued 0 | pool 4829/6144 blocks (79 %) | prefix cache 21/639 entries | 1 prefilling
2026-10-06 02:41:38.458 INFO  hunt qp: rank 3 seq 1187886 pool=bulk  p0l0[RTS sq_psn=8799612 rq_psn=8799612 ack_timeout=14 retry_cnt=7 rnr_retry=7 min_rnr=12 sq_draining=0] p0l1[RTS sq_psn=8077992 rq_psn=8077992 ack_timeout=14 retry_cnt=7 rnr_retry=7 min_rnr=12 sq_draining=0] p1l0[RTS sq_psn=8471472 rq_psn=8471342 ack_timeout=14 retry_cnt=7 rnr_retry=7 min_rnr=12 sq_draining=0] p1l1[RTS sq_psn=7953252 rq_psn=7953122 ack_timeout=14 retry_cnt=7 rnr_retry=7 min_rnr=12 sq_draining=0] p2l0[RTS sq_psn=8362674 rq_psn=8362674 ack_timeout=14 retry_cnt=7 rnr_retry=7 min_rnr=12 sq_draining=0] p2l1[RTS sq_psn=7904346 rq_psn=7904346 ack_timeout=14 retry_cnt=7 rnr_retry=7 min_rnr=12 sq_draining=0]
2026-10-06 02:41:38.458 INFO  allreduce: rank 3 seq 1187886 bulk RS seg 1/4 STALLED 506ms launched=true tx_retired=2286994/2286994 ctl(done=0 status=0 gate_redos=0)  p0:posted=4/staged=4/expected=4 p1:posted=4/staged=4/expected=4 p2:posted=4/staged=4/expected=4  p0l0:[141993c1174212/141993=0x0014001a.141993c1174213/141993=0x3f3cbe5e.141993c1174214/141993=0xbe08be9c.141993c1174215/141993=0x00130000.141992c1174208/141992=0x3e53bcfe.141992c1174209/141992=0xbde83db9.141992c1174210/141992=0xbc7dbefe.141992c1174211/141992=0xbdc13d05. B[48700/48700.48700/48699!48700/48699!48699/48699.48699/48699.48699/48699.48699/48699.48699/48699.] p0l1:[0c0/0=0000000000.0c0/0=0000000000.0c0/0=0000000000.0c0/0=0000000000.0c0/0=0000000000.0c0/0=0000000000.0c0/0=0000000000.0c0/0=0000000000. B[47119/47119.47119/47119.47119/47119.47119/47119.47119/47119.47119/47118!47119/47118!47118/47118.] p1l0:[141993c1174212/141993=0000000000.141993c1174213/141993=0x3ecf3d93.141993c1174214/141993=0xbf0b3ed1.141993c1174215/141993=0000000000.141992c1174208/141992=0xbf103e97.141992c1174209/141992=0xbf033ec0.141992c1174210/141992=0xbc5a3d5b.141992c1174211/141992=0xbf0fbf5e. B[48430/48430.48429/48429!48429/48429!48429/48429.48429/48429.48429/48429.48429/48429.48429/48429.] p1l1:[0c0/0=0000000000.0c0/0=0000000000.0c0/0=0000000000.0c0/0=0000000000.0c0/0=0000000000.0c0/0=0000000000.0c0/0=0000000000.0c0/0=0000000000. B[46883/46883.46883/46883.46883/46883.46882/46882!46882/46882!46882/46882.46882/46882.46882/46882.] p2l0:[141993c1174212/141993=0000000000.141993c1174213/141993=0xbe733e94.141993c1174214/141993=0xbee4bf03.141993c1174215/141993=0000000000.141992c1174208/141992=0xbda13e9a.141992c1174209/141992=0xbee33e68.141992c1174210/141992=0x3ebc3d74.141992c1174211/141992=0xbf11bf26. B[47954/47954.47954/47954.47954/47954.47954/47954.47954/47954.47954/47954.47954/47953!47954/47953!] p2l1:[0c0/0=0000000000.0c0/0=0000000000.0c0/0=0000000000.0c0/0=0000000000.0c0/0=0000000000.0c0/0=0000000000.0c0/0=0000000000.0c0/0=0000000000. B[46790/46790.46790/46790.46790/46790.46790/46790.46790/46790.46790/46790.46790/46789!46790/46789!]
2026-10-06 02:41:38.959 INFO  hunt qp: rank 3 seq 1187886 pool=bulk  p0l0[RTS sq_psn=8799612 rq_psn=8799612 ack_timeout=14 retry_cnt=7 rnr_retry=7 min_rnr=12 sq_draining=0] p0l1[RTS sq_psn=8077992 rq_psn=8077992 ack_timeout=14 retry_cnt=7 rnr_retry=7 min_rnr=12 sq_draining=0] p1l0[RTS sq_psn=8471472 rq_psn=8471342 ack_timeout=14 retry_cnt=7 rnr_retry=7 min_rnr=12 sq_draining=0] p1l1[RTS sq_psn=7953252 rq_psn=7953122 ack_timeout=14 retry_cnt=7 rnr_retry=7 min_rnr=12 sq_draining=0] p2l0[RTS sq_psn=8362674 rq_psn=8362674 ack_timeout=14 retry_cnt=7 rnr_retry=7 min_rnr=12 sq_draining=0] p2l1[RTS sq_psn=7904346 rq_psn=7904346 ack_timeout=14 retry_cnt=7 rnr_retry=7 min_rnr=12 sq_draining=0]
2026-10-06 02:41:38.960 INFO  allreduce: rank 3 seq 1187886 bulk RS seg 1/4 STALLED 1007ms launched=true tx_retired=2286994/2286994 ctl(done=0 status=0 gate_redos=0)  p0:posted=4/staged=4/expected=4 p1:posted=4/staged=4/expected=4 p2:posted=4/staged=4/expected=4  p0l0:[141993c1174212/141993=0x0014001a.141993c1174213/141993=0x3f3cbe5e.141993c1174214/141993=0xbe08be9c.141993c1174215/141993=0x00130000.141992c1174208/141992=0x3e53bcfe.141992c1174209/141992=0xbde83db9.141992c1174210/141992=0xbc7dbefe.141992c1174211/141992=0xbdc13d05. B[48700/48700.48700/48699!48700/48699!48699/48699.48699/48699.48699/48699.48699/48699.48699/48699.] p0l1:[0c0/0=0000000000.0c0/0=0000000000.0c0/0=0000000000.0c0/0=0000000000.0c0/0=0000000000.0c0/0=0000000000.0c0/0=0000000000.0c0/0=0000000000. B[47119/47119.47119/47119.47119/47119.47119/47119.47119/47119.47119/47118!47119/47118!47118/47118.] p1l0:[141993c1174212/141993=0000000000.141993c1174213/141993=0x3ecf3d93.141993c1174214/141993=0xbf0b3ed1.141993c1174215/141993=0000000000.141992c1174208/141992=0xbf103e97.141992c1174209/141992=0xbf033ec0.141992c1174210/141992=0xbc5a3d5b.141992c1174211/141992=0xbf0fbf5e. B[48430/48430.48429/48429!48429/48429!48429/48429.48429/48429.48429/48429.48429/48429.48429/48429.] p1l1:[0c0/0=0000000000.0c0/0=0000000000.0c0/0=0000000000.0c0/0=0000000000.0c0/0=0000000000.0c0/0=0000000000.0c0/0=0000000000.0c0/0=0000000000. B[46883/46883.46883/46883.46883/46883.46882/46882!46882/46882!46882/46882.46882/46882.46882/46882.] p2l0:[141993c1174212/141993=0000000000.141993c1174213/141993=0xbe733e94.141993c1174214/141993=0xbee4bf03.141993c1174215/141993=0000000000.141992c1174208/141992=0xbda13e9a.141992c1174209/141992=0xbee33e68.141992c1174210/141992=0x3ebc3d74.141992c1174211/141992=0xbf11bf26. B[47954/47954.47954/47954.47954/47954.47954/47954.47954/47954.47954/47954.47954/47953!47954/47953!] p2l1:[0c0/0=0000000000.0c0/0=0000000000.0c0/0=0000000000.0c0/0=0000000000.0c0/0=0000000000.0c0/0=0000000000.0c0/0=0000000000.0c0/0=0000000000. B[46790/46790.46790/46790.46790/46790.46790/46790.46790/46790.46790/46790.46790/46789!46790/46789!]
2026-10-06 02:41:55.118 INFO  stats: rank 3 | 18.7 s | decode 0.0 tok/s, 0.0 ms/tok, 0.0 ms/step (0 steps / 0 tok, 0 % of wall) | prefill 0 prompts / 2048 tok, 110 tok/s, 9.12 ms/tok (100 % of wall), 0 tok cached (0/0 hits) | live 1, queued 0 | pool 4829/6144 blocks (79 %) | prefix cache 21/639 entries | 1 prefilling
2026-10-06 02:42:13.374 INFO  stats: rank 3 | 18.3 s | decode 0.0 tok/s, 0.0 ms/tok, 0.0 ms/step (0 steps / 0 tok, 0 % of wall) | prefill 0 prompts / 2048 tok, 112 tok/s, 8.91 ms/tok (100 % of wall), 0 tok cached (0/0 hits) | live 1, queued 0 | pool 4829/6144 blocks (79 %) | prefix cache 21/639 entries | 1 prefilling
2026-10-06 02:42:31.578 INFO  stats: rank 3 | 18.2 s | decode 0.0 tok/s, 0.0 ms/tok, 0.0 ms/step (0 steps / 0 tok, 0 % of wall) | prefill 0 prompts / 2048 tok, 113 tok/s, 8.88 ms/tok (100 % of wall), 0 tok cached (0/0 hits) | live 1, queued 0 | pool 4829/6144 blocks (79 %) | prefix cache 21/639 entries | 1 prefilling
2026-10-06 02:42:50.208 INFO  stats: rank 3 | 18.6 s | decode 0.0 tok/s, 0.0 ms/tok, 0.0 ms/step (0 steps / 0 tok, 0 % of wall) | prefill 0 prompts / 2048 tok, 110 tok/s, 9.09 ms/tok (100 % of wall), 0 tok cached (0/0 hits) | live 1, queued 0 | pool 4829/6144 blocks (79 %) | prefix cache 21/639 entries | 1 prefilling
2026-10-06 02:43:09.405 INFO  stats: rank 3 | 19.2 s | decode 0.0 tok/s, 0.0 ms/tok, 0.0 ms/step (0 steps / 0 tok, 0 % of wall) | prefill 0 prompts / 2048 tok, 107 tok/s, 9.37 ms/tok (100 % of wall), 0 tok cached (0/0 hits) | live 1, queued 0 | pool 4829/6144 blocks (79 %) | prefix cache 21/639 entries | 1 prefilling
2026-10-06 02:43:11.510 INFO  hunt qp: rank 3 seq 1188671 pool=bulk  p0l0[RTS sq_psn=9274812 rq_psn=9274812 ack_timeout=14 retry_cnt=7 rnr_retry=7 min_rnr=12 sq_draining=0] p0l1[RTS sq_psn=8553192 rq_psn=8553192 ack_timeout=14 retry_cnt=7 rnr_retry=7 min_rnr=12 sq_draining=0] p1l0[RTS sq_psn=8946672 rq_psn=8946542 ack_timeout=14 retry_cnt=7 rnr_retry=7 min_rnr=12 sq_draining=0] p1l1[RTS sq_psn=8428452 rq_psn=8428322 ack_timeout=14 retry_cnt=7 rnr_retry=7 min_rnr=12 sq_draining=0] p2l0[RTS sq_psn=8837874 rq_psn=8837744 ack_timeout=14 retry_cnt=7 rnr_retry=7 min_rnr=12 sq_draining=0] p2l1[RTS sq_psn=8379546 rq_psn=8379416 ack_timeout=14 retry_cnt=7 rnr_retry=7 min_rnr=12 sq_draining=0]
2026-10-06 02:43:11.511 INFO  allreduce: rank 3 seq 1188671 bulk RS seg 1/4 STALLED 507ms launched=true tx_retired=2330194/2330194 ctl(done=0 status=0 gate_redos=0)  p0:posted=4/staged=4/expected=4 p1:posted=4/staged=4/expected=4 p2:posted=4/staged=4/expected=4  p0l0:[141993c1174212/141993=0x0014001a.141993c1174213/141993=0x3f3cbe5e.141993c1174214/141993=0xbe08be9c.141993c1174215/141993=0x00130000.141992c1174208/141992=0x3e53bcfe.141992c1174209/141992=0xbde83db9.141992c1174210/141992=0xbc7dbefe.141992c1174211/141992=0xbdc13d05. B[49600/49600.49600/49599!49600/49599!49599/49599.49599/49599.49599/49599.49599/49599.49599/49599.] p0l1:[0c0/0=0000000000.0c0/0=0000000000.0c0/0=0000000000.0c0/0=0000000000.0c0/0=0000000000.0c0/0=0000000000.0c0/0=0000000000.0c0/0=0000000000. B[48019/48019.48019/48019.48019/48019.48019/48019.48019/48019.48019/48018!48019/48018!48018/48018.] p1l0:[141993c1174212/141993=0000000000.141993c1174213/141993=0x3ecf3d93.141993c1174214/141993=0xbf0b3ed1.141993c1174215/141993=0000000000.141992c1174208/141992=0xbf103e97.141992c1174209/141992=0xbf033ec0.141992c1174210/141992=0xbc5a3d5b.141992c1174211/141992=0xbf0fbf5e. B[49330/49330.49329/49329!49329/49329!49329/49329.49329/49329.49329/49329.49329/49329.49329/49329.] p1l1:[0c0/0=0000000000.0c0/0=0000000000.0c0/0=0000000000.0c0/0=0000000000.0c0/0=0000000000.0c0/0=0000000000.0c0/0=0000000000.0c0/0=0000000000. B[47783/47783.47783/47783.47783/47783.47782/47782!47782/47782!47782/47782.47782/47782.47782/47782.] p2l0:[141993c1174212/141993=0000000000.141993c1174213/141993=0xbe733e94.141993c1174214/141993=0xbee4bf03.141993c1174215/141993=0000000000.141992c1174208/141992=0xbda13e9a.141992c1174209/141992=0xbee33e68.141992c1174210/141992=0x3ebc3d74.141992c1174211/141992=0xbf11bf26. B[48854/48854.48854/48854.48854/48854.48854/48854.48854/48854.48854/48854.48853/48853!48853/48853!] p2l1:[0c0/0=0000000000.0c0/0=0000000000.0c0/0=0000000000.0c0/0=0000000000.0c0/0=0000000000.0c0/0=0000000000.0c0/0=0000000000.0c0/0=0000000000. B[47690/47690.47690/47690.47690/47690.47690/47690.47690/47690.47690/47690.47689/47689!47689/47689!]
2026-10-06 02:43:27.979 INFO  stats: rank 3 | 18.6 s | decode 0.0 tok/s, 0.0 ms/tok, 0.0 ms/step (0 steps / 0 tok, 0 % of wall) | prefill 0 prompts / 2048 tok, 110 tok/s, 9.06 ms/tok (100 % of wall), 0 tok cached (0/0 hits) | live 1, queued 0 | pool 4829/6144 blocks (79 %) | prefix cache 21/639 entries | 1 prefilling
2026-10-06 02:43:33.416 INFO  hunt qp: rank 3 seq 1188856 pool=bulk  p0l0[RTS sq_psn=9386748 rq_psn=9386618 ack_timeout=14 retry_cnt=7 rnr_retry=7 min_rnr=12 sq_draining=0] p0l1[RTS sq_psn=8665128 rq_psn=8664998 ack_timeout=14 retry_cnt=7 rnr_retry=7 min_rnr=12 sq_draining=0] p1l0[RTS sq_psn=9058608 rq_psn=9058608 ack_timeout=14 retry_cnt=7 rnr_retry=7 min_rnr=12 sq_draining=0] p1l1[RTS sq_psn=8540388 rq_psn=8540388 ack_timeout=14 retry_cnt=7 rnr_retry=7 min_rnr=12 sq_draining=0] p2l0[RTS sq_psn=8949810 rq_psn=8949810 ack_timeout=14 retry_cnt=7 rnr_retry=7 min_rnr=12 sq_draining=0] p2l1[RTS sq_psn=8491482 rq_psn=8491482 ack_timeout=14 retry_cnt=7 rnr_retry=7 min_rnr=12 sq_draining=0]
2026-10-06 02:43:33.416 INFO  allreduce: rank 3 seq 1188856 bulk RS seg 1/4 STALLED 507ms launched=true tx_retired=2340370/2340370 ctl(done=0 status=0 gate_redos=0)  p0:posted=4/staged=4/expected=4 p1:posted=4/staged=4/expected=4 p2:posted=4/staged=4/expected=4  p0l0:[141993c1174212/141993=0x0014001a.141993c1174213/141993=0x3f3cbe5e.141993c1174214/141993=0xbe08be9c.141993c1174215/141993=0x00130000.141992c1174208/141992=0x3e53bcfe.141992c1174209/141992=0xbde83db9.141992c1174210/141992=0xbc7dbefe.141992c1174211/141992=0xbdc13d05. B[49812/49812.49811/49811!49811/49811!49811/49811.49811/49811.49811/49811.49811/49811.49811/49811.] p0l1:[0c0/0=0000000000.0c0/0=0000000000.0c0/0=0000000000.0c0/0=0000000000.0c0/0=0000000000.0c0/0=0000000000.0c0/0=0000000000.0c0/0=0000000000. B[48231/48231.48231/48231.48231/48231.48231/48231.48231/48231.48230/48230!48230/48230!48230/48230.] p1l0:[141993c1174212/141993=0000000000.141993c1174213/141993=0x3ecf3d93.141993c1174214/141993=0xbf0b3ed1.141993c1174215/141993=0000000000.141992c1174208/141992=0xbf103e97.141992c1174209/141992=0xbf033ec0.141992c1174210/141992=0xbc5a3d5b.141992c1174211/141992=0xbf0fbf5e. B[49542/49542.49542/49541!49542/49541!49541/49541.49541/49541.49541/49541.49541/49541.49541/49541.] p1l1:[0c0/0=0000000000.0c0/0=0000000000.0c0/0=0000000000.0c0/0=0000000000.0c0/0=0000000000.0c0/0=0000000000.0c0/0=0000000000.0c0/0=0000000000. B[47995/47995.47995/47995.47995/47995.47995/47994!47995/47994!47994/47994.47994/47994.47994/47994.] p2l0:[141993c1174212/141993=0000000000.141993c1174213/141993=0xbe733e94.141993c1174214/141993=0xbee4bf03.141993c1174215/141993=0000000000.141992c1174208/141992=0xbda13e9a.141992c1174209/141992=0xbee33e68.141992c1174210/141992=0x3ebc3d74.141992c1174211/141992=0xbf11bf26. B[49066/49066.49066/49066.49066/49066.49066/49066.49066/49066.49066/49066.49066/49065!49066/49065!] p2l1:[0c0/0=0000000000.0c0/0=0000000000.0c0/0=0000000000.0c0/0=0000000000.0c0/0=0000000000.0c0/0=0000000000.0c0/0=0000000000.0c0/0=0000000000. B[47902/47902.47902/47902.47902/47902.47902/47902.47902/47902.47902/47902.47902/47901!47902/47901!]
2026-10-06 02:43:47.865 INFO  stats: rank 3 | 19.9 s | decode 0.0 tok/s, 0.0 ms/tok, 0.0 ms/step (0 steps / 0 tok, 0 % of wall) | prefill 0 prompts / 2048 tok, 103 tok/s, 9.71 ms/tok (100 % of wall), 0 tok cached (0/0 hits) | live 1, queued 0 | pool 4829/6144 blocks (79 %) | prefix cache 21/639 entries | 1 prefilling
2026-10-06 02:43:49.947 INFO  hunt qp: rank 3 seq 1188985 pool=bulk  p0l0[RTS sq_psn=9464892 rq_psn=9464892 ack_timeout=14 retry_cnt=7 rnr_retry=7 min_rnr=12 sq_draining=0] p0l1[RTS sq_psn=8743272 rq_psn=8743272 ack_timeout=14 retry_cnt=7 rnr_retry=7 min_rnr=12 sq_draining=0] p1l0[RTS sq_psn=9136752 rq_psn=9136622 ack_timeout=14 retry_cnt=7 rnr_retry=7 min_rnr=12 sq_draining=0] p1l1[RTS sq_psn=8618532 rq_psn=8618402 ack_timeout=14 retry_cnt=7 rnr_retry=7 min_rnr=12 sq_draining=0] p2l0[RTS sq_psn=9027954 rq_psn=9027954 ack_timeout=14 retry_cnt=7 rnr_retry=7 min_rnr=12 sq_draining=0] p2l1[RTS sq_psn=8569626 rq_psn=8569626 ack_timeout=14 retry_cnt=7 rnr_retry=7 min_rnr=12 sq_draining=0]
2026-10-06 02:43:49.947 INFO  allreduce: rank 3 seq 1188985 bulk RS seg 1/4 STALLED 506ms launched=true tx_retired=2347474/2347474 ctl(done=0 status=0 gate_redos=0)  p0:posted=4/staged=4/expected=4 p1:posted=4/staged=4/expected=4 p2:posted=4/staged=4/expected=4  p0l0:[141993c1174212/141993=0x0014001a.141993c1174213/141993=0x3f3cbe5e.141993c1174214/141993=0xbe08be9c.141993c1174215/141993=0x00130000.141992c1174208/141992=0x3e53bcfe.141992c1174209/141992=0xbde83db9.141992c1174210/141992=0xbc7dbefe.141992c1174211/141992=0xbdc13d05. B[49960/49960.49960/49959!49960/49959!49959/49959.49959/49959.49959/49959.49959/49959.49959/49959.] p0l1:[0c0/0=0000000000.0c0/0=0000000000.0c0/0=0000000000.0c0/0=0000000000.0c0/0=0000000000.0c0/0=0000000000.0c0/0=0000000000.0c0/0=0000000000. B[48379/48379.48379/48379.48379/48379.48379/48379.48379/48379.48379/48378!48379/48378!48378/48378.] p1l0:[141993c1174212/141993=0000000000.141993c1174213/141993=0x3ecf3d93.141993c1174214/141993=0xbf0b3ed1.141993c1174215/141993=0000000000.141992c1174208/141992=0xbf103e97.141992c1174209/141992=0xbf033ec0.141992c1174210/141992=0xbc5a3d5b.141992c1174211/141992=0xbf0fbf5e. B[49690/49690.49689/49689!49689/49689!49689/49689.49689/49689.49689/49689.49689/49689.49689/49689.] p1l1:[0c0/0=0000000000.0c0/0=0000000000.0c0/0=0000000000.0c0/0=0000000000.0c0/0=0000000000.0c0/0=0000000000.0c0/0=0000000000.0c0/0=0000000000. B[48143/48143.48143/48143.48143/48143.48142/48142!48142/48142!48142/48142.48142/48142.48142/48142.] p2l0:[141993c1174212/141993=0000000000.141993c1174213/141993=0xbe733e94.141993c1174214/141993=0xbee4bf03.141993c1174215/141993=0000000000.141992c1174208/141992=0xbda13e9a.141992c1174209/141992=0xbee33e68.141992c1174210/141992=0x3ebc3d74.141992c1174211/141992=0xbf11bf26. B[49214/49214.49214/49214.49214/49214.49214/49214.49214/49214.49214/49214.49214/49213!49214/49213!] p2l1:[0c0/0=0000000000.0c0/0=0000000000.0c0/0=0000000000.0c0/0=0000000000.0c0/0=0000000000.0c0/0=0000000000.0c0/0=0000000000.0c0/0=0000000000. B[48050/48050.48050/48050.48050/48050.48050/48050.48050/48050.48050/48050.48050/48049!48050/48049!]
2026-10-06 02:44:05.218 INFO  hunt qp: rank 3 seq 1189111 pool=bulk  p0l0[RTS sq_psn=9540924 rq_psn=9540924 ack_timeout=14 retry_cnt=7 rnr_retry=7 min_rnr=12 sq_draining=0] p0l1[RTS sq_psn=8819304 rq_psn=8819304 ack_timeout=14 retry_cnt=7 rnr_retry=7 min_rnr=12 sq_draining=0] p1l0[RTS sq_psn=9212784 rq_psn=9212784 ack_timeout=14 retry_cnt=7 rnr_retry=7 min_rnr=12 sq_draining=0] p1l1[RTS sq_psn=8694564 rq_psn=8694564 ack_timeout=14 retry_cnt=7 rnr_retry=7 min_rnr=12 sq_draining=0] p2l0[RTS sq_psn=9103986 rq_psn=9103856 ack_timeout=14 retry_cnt=7 rnr_retry=7 min_rnr=12 sq_draining=0] p2l1[RTS sq_psn=8645658 rq_psn=8645528 ack_timeout=14 retry_cnt=7 rnr_retry=7 min_rnr=12 sq_draining=0]
2026-10-06 02:44:05.218 INFO  allreduce: rank 3 seq 1189111 bulk RS seg 1/4 STALLED 506ms launched=true tx_retired=2354386/2354386 ctl(done=0 status=0 gate_redos=0)  p0:posted=4/staged=4/expected=4 p1:posted=4/staged=4/expected=4 p2:posted=4/staged=4/expected=4  p0l0:[141993c1174212/141993=0x0014001a.141993c1174213/141993=0x3f3cbe5e.141993c1174214/141993=0xbe08be9c.141993c1174215/141993=0x00130000.141992c1174208/141992=0x3e53bcfe.141992c1174209/141992=0xbde83db9.141992c1174210/141992=0xbc7dbefe.141992c1174211/141992=0xbdc13d05. B[50104/50104.50104/50103!50104/50103!50103/50103.50103/50103.50103/50103.50103/50103.50103/50103.] p0l1:[0c0/0=0000000000.0c0/0=0000000000.0c0/0=0000000000.0c0/0=0000000000.0c0/0=0000000000.0c0/0=0000000000.0c0/0=0000000000.0c0/0=0000000000. B[48523/48523.48523/48523.48523/48523.48523/48523.48523/48523.48523/48522!48523/48522!48522/48522.] p1l0:[141993c1174212/141993=0000000000.141993c1174213/141993=0x3ecf3d93.141993c1174214/141993=0xbf0b3ed1.141993c1174215/141993=0000000000.141992c1174208/141992=0xbf103e97.141992c1174209/141992=0xbf033ec0.141992c1174210/141992=0xbc5a3d5b.141992c1174211/141992=0xbf0fbf5e. B[49834/49834.49834/49833!49834/49833!49833/49833.49833/49833.49833/49833.49833/49833.49833/49833.] p1l1:[0c0/0=0000000000.0c0/0=0000000000.0c0/0=0000000000.0c0/0=0000000000.0c0/0=0000000000.0c0/0=0000000000.0c0/0=0000000000.0c0/0=0000000000. B[48287/48287.48287/48287.48287/48287.48287/48286!48287/48286!48286/48286.48286/48286.48286/48286.] p2l0:[141993c1174212/141993=0000000000.141993c1174213/141993=0xbe733e94.141993c1174214/141993=0xbee4bf03.141993c1174215/141993=0000000000.141992c1174208/141992=0xbda13e9a.141992c1174209/141992=0xbee33e68.141992c1174210/141992=0x3ebc3d74.141992c1174211/141992=0xbf11bf26. B[49358/49358.49358/49358.49358/49358.49358/49358.49358/49358.49358/49358.49357/49357!49357/49357!] p2l1:[0c0/0=0000000000.0c0/0=0000000000.0c0/0=0000000000.0c0/0=0000000000.0c0/0=0000000000.0c0/0=0000000000.0c0/0=0000000000.0c0/0=0000000000. B[48194/48194.48194/48194.48194/48194.48194/48194.48194/48194.48194/48194.48193/48193!48193/48193!]
2026-10-06 02:44:07.060 INFO  stats: rank 3 | 19.2 s | decode 0.0 tok/s, 0.0 ms/tok, 0.0 ms/step (0 steps / 0 tok, 0 % of wall) | prefill 0 prompts / 2048 tok, 107 tok/s, 9.37 ms/tok (100 % of wall), 0 tok cached (0/0 hits) | live 1, queued 0 | pool 4829/6144 blocks (79 %) | prefix cache 21/639 entries | 1 prefilling
2026-10-06 02:44:26.423 INFO  stats: rank 3 | 19.4 s | decode 0.0 tok/s, 0.0 ms/tok, 0.0 ms/step (0 steps / 0 tok, 0 % of wall) | prefill 0 prompts / 2048 tok, 106 tok/s, 9.45 ms/tok (100 % of wall), 0 tok cached (0/0 hits) | live 1, queued 0 | pool 4829/6144 blocks (79 %) | prefix cache 21/639 entries | 1 prefilling
2026-10-06 02:44:28.723 INFO  hunt qp: rank 3 seq 1189299 pool=bulk  p0l0[RTS sq_psn=9654972 rq_psn=9654972 ack_timeout=14 retry_cnt=7 rnr_retry=7 min_rnr=12 sq_draining=0] p0l1[RTS sq_psn=8933352 rq_psn=8933352 ack_timeout=14 retry_cnt=7 rnr_retry=7 min_rnr=12 sq_draining=0] p1l0[RTS sq_psn=9326832 rq_psn=9326702 ack_timeout=14 retry_cnt=7 rnr_retry=7 min_rnr=12 sq_draining=0] p1l1[RTS sq_psn=8808612 rq_psn=8808482 ack_timeout=14 retry_cnt=7 rnr_retry=7 min_rnr=12 sq_draining=0] p2l0[RTS sq_psn=9218034 rq_psn=9218034 ack_timeout=14 retry_cnt=7 rnr_retry=7 min_rnr=12 sq_draining=0] p2l1[RTS sq_psn=8759706 rq_psn=8759706 ack_timeout=14 retry_cnt=7 rnr_retry=7 min_rnr=12 sq_draining=0]
2026-10-06 02:44:28.723 INFO  allreduce: rank 3 seq 1189299 bulk RS seg 1/4 STALLED 505ms launched=true tx_retired=2364754/2364754 ctl(done=0 status=0 gate_redos=0)  p0:posted=4/staged=4/expected=4 p1:posted=4/staged=4/expected=4 p2:posted=4/staged=4/expected=4  p0l0:[141993c1174212/141993=0x0014001a.141993c1174213/141993=0x3f3cbe5e.141993c1174214/141993=0xbe08be9c.141993c1174215/141993=0x00130000.141992c1174208/141992=0x3e53bcfe.141992c1174209/141992=0xbde83db9.141992c1174210/141992=0xbc7dbefe.141992c1174211/141992=0xbdc13d05. B[50320/50320.50320/50319!50320/50319!50319/50319.50319/50319.50319/50319.50319/50319.50319/50319.] p0l1:[0c0/0=0000000000.0c0/0=0000000000.0c0/0=0000000000.0c0/0=0000000000.0c0/0=0000000000.0c0/0=0000000000.0c0/0=0000000000.0c0/0=0000000000. B[48739/48739.48739/48739.48739/48739.48739/48739.48739/48739.48739/48738!48739/48738!48738/48738.] p1l0:[141993c1174212/141993=0000000000.141993c1174213/141993=0x3ecf3d93.141993c1174214/141993=0xbf0b3ed1.141993c1174215/141993=0000000000.141992c1174208/141992=0xbf103e97.141992c1174209/141992=0xbf033ec0.141992c1174210/141992=0xbc5a3d5b.141992c1174211/141992=0xbf0fbf5e. B[50050/50050.50049/50049!50049/50049!50049/50049.50049/50049.50049/50049.50049/50049.50049/50049.] p1l1:[0c0/0=0000000000.0c0/0=0000000000.0c0/0=0000000000.0c0/0=0000000000.0c0/0=0000000000.0c0/0=0000000000.0c0/0=0000000000.0c0/0=0000000000. B[48503/48503.48503/48503.48503/48503.48502/48502!48502/48502!48502/48502.48502/48502.48502/48502.] p2l0:[141993c1174212/141993=0000000000.141993c1174213/141993=0xbe733e94.141993c1174214/141993=0xbee4bf03.141993c1174215/141993=0000000000.141992c1174208/141992=0xbda13e9a.141992c1174209/141992=0xbee33e68.141992c1174210/141992=0x3ebc3d74.141992c1174211/141992=0xbf11bf26. B[49574/49574.49574/49574.49574/49574.49574/49574.49574/49574.49574/49574.49574/49573!49574/49573!] p2l1:[0c0/0=0000000000.0c0/0=0000000000.0c0/0=0000000000.0c0/0=0000000000.0c0/0=0000000000.0c0/0=0000000000.0c0/0=0000000000.0c0/0=0000000000. B[48410/48410.48410/48410.48410/48410.48410/48410.48410/48410.48410/48410.48410/48409!48410/48409!]
2026-10-06 02:44:48.093 INFO  stats: rank 3 | 21.7 s | decode 0.0 tok/s, 0.0 ms/tok, 0.0 ms/step (0 steps / 0 tok, 0 % of wall) | prefill 0 prompts / 2048 tok, 95 tok/s, 10.58 ms/tok (100 % of wall), 0 tok cached (0/0 hits) | live 1, queued 0 | pool 4829/6144 blocks (79 %) | prefix cache 21/639 entries | 1 prefilling
2026-10-06 02:44:50.458 INFO  hunt qp: rank 3 seq 1189456 pool=bulk  p0l0[RTS sq_psn=9750012 rq_psn=9750012 ack_timeout=14 retry_cnt=7 rnr_retry=7 min_rnr=12 sq_draining=0] p0l1[RTS sq_psn=9028392 rq_psn=9028392 ack_timeout=14 retry_cnt=7 rnr_retry=7 min_rnr=12 sq_draining=0] p1l0[RTS sq_psn=9421872 rq_psn=9421872 ack_timeout=14 retry_cnt=7 rnr_retry=7 min_rnr=12 sq_draining=0] p1l1[RTS sq_psn=8903652 rq_psn=8903652 ack_timeout=14 retry_cnt=7 rnr_retry=7 min_rnr=12 sq_draining=0] p2l0[RTS sq_psn=9313074 rq_psn=9312944 ack_timeout=14 retry_cnt=7 rnr_retry=7 min_rnr=12 sq_draining=0] p2l1[RTS sq_psn=8854746 rq_psn=8854616 ack_timeout=14 retry_cnt=7 rnr_retry=7 min_rnr=12 sq_draining=0]
2026-10-06 02:44:50.458 INFO  allreduce: rank 3 seq 1189456 bulk RS seg 1/4 STALLED 506ms launched=true tx_retired=2373394/2373394 ctl(done=0 status=0 gate_redos=0)  p0:posted=4/staged=4/expected=4 p1:posted=4/staged=4/expected=4 p2:posted=4/staged=4/expected=4  p0l0:[141993c1174212/141993=0x0014001a.141993c1174213/141993=0x3f3cbe5e.141993c1174214/141993=0xbe08be9c.141993c1174215/141993=0x00130000.141992c1174208/141992=0x3e53bcfe.141992c1174209/141992=0xbde83db9.141992c1174210/141992=0xbc7dbefe.141992c1174211/141992=0xbdc13d05. B[50500/50500.50500/50499!50500/50499!50499/50499.50499/50499.50499/50499.50499/50499.50499/50499.] p0l1:[0c0/0=0000000000.0c0/0=0000000000.0c0/0=0000000000.0c0/0=0000000000.0c0/0=0000000000.0c0/0=0000000000.0c0/0=0000000000.0c0/0=0000000000. B[48919/48919.48919/48919.48919/48919.48919/48919.48919/48919.48919/48918!48919/48918!48918/48918.] p1l0:[141993c1174212/141993=0000000000.141993c1174213/141993=0x3ecf3d93.141993c1174214/141993=0xbf0b3ed1.141993c1174215/141993=0000000000.141992c1174208/141992=0xbf103e97.141992c1174209/141992=0xbf033ec0.141992c1174210/141992=0xbc5a3d5b.141992c1174211/141992=0xbf0fbf5e. B[50230/50230.50230/50229!50230/50229!50229/50229.50229/50229.50229/50229.50229/50229.50229/50229.] p1l1:[0c0/0=0000000000.0c0/0=0000000000.0c0/0=0000000000.0c0/0=0000000000.0c0/0=0000000000.0c0/0=0000000000.0c0/0=0000000000.0c0/0=0000000000. B[48683/48683.48683/48683.48683/48683.48683/48682!48683/48682!48682/48682.48682/48682.48682/48682.] p2l0:[141993c1174212/141993=0000000000.141993c1174213/141993=0xbe733e94.141993c1174214/141993=0xbee4bf03.141993c1174215/141993=0000000000.141992c1174208/141992=0xbda13e9a.141992c1174209/141992=0xbee33e68.141992c1174210/141992=0x3ebc3d74.141992c1174211/141992=0xbf11bf26. B[49754/49754.49754/49754.49754/49754.49754/49754.49754/49754.49754/49754.49753/49753!49753/49753!] p2l1:[0c0/0=0000000000.0c0/0=0000000000.0c0/0=0000000000.0c0/0=0000000000.0c0/0=0000000000.0c0/0=0000000000.0c0/0=0000000000.0c0/0=0000000000. B[48590/48590.48590/48590.48590/48590.48590/48590.48590/48590.48590/48590.48589/48589!48589/48589!]
2026-10-06 02:45:09.655 INFO  stats: rank 3 | 21.6 s | decode 0.0 tok/s, 0.0 ms/tok, 0.0 ms/step (0 steps / 0 tok, 0 % of wall) | prefill 0 prompts / 2048 tok, 95 tok/s, 10.52 ms/tok (100 % of wall), 0 tok cached (0/0 hits) | live 1, queued 0 | pool 4829/6144 blocks (79 %) | prefix cache 21/639 entries | 1 prefilling
2026-10-06 02:45:12.024 INFO  hunt qp: rank 3 seq 1189613 pool=bulk  p0l0[RTS sq_psn=9845052 rq_psn=9845052 ack_timeout=14 retry_cnt=7 rnr_retry=7 min_rnr=12 sq_draining=0] p0l1[RTS sq_psn=9123432 rq_psn=9123432 ack_timeout=14 retry_cnt=7 rnr_retry=7 min_rnr=12 sq_draining=0] p1l0[RTS sq_psn=9516912 rq_psn=9516782 ack_timeout=14 retry_cnt=7 rnr_retry=7 min_rnr=12 sq_draining=0] p1l1[RTS sq_psn=8998692 rq_psn=8998562 ack_timeout=14 retry_cnt=7 rnr_retry=7 min_rnr=12 sq_draining=0] p2l0[RTS sq_psn=9408114 rq_psn=9408114 ack_timeout=14 retry_cnt=7 rnr_retry=7 min_rnr=12 sq_draining=0] p2l1[RTS sq_psn=8949786 rq_psn=8949786 ack_timeout=14 retry_cnt=7 rnr_retry=7 min_rnr=12 sq_draining=0]
2026-10-06 02:45:12.024 INFO  allreduce: rank 3 seq 1189613 bulk RS seg 1/4 STALLED 506ms launched=true tx_retired=2382034/2382034 ctl(done=0 status=0 gate_redos=0)  p0:posted=4/staged=4/expected=4 p1:posted=4/staged=4/expected=4 p2:posted=4/staged=4/expected=4  p0l0:[141993c1174212/141993=0x0014001a.141993c1174213/141993=0x3f3cbe5e.141993c1174214/141993=0xbe08be9c.141993c1174215/141993=0x00130000.141992c1174208/141992=0x3e53bcfe.141992c1174209/141992=0xbde83db9.141992c1174210/141992=0xbc7dbefe.141992c1174211/141992=0xbdc13d05. B[50680/50680.50680/50679!50680/50679!50679/50679.50679/50679.50679/50679.50679/50679.50679/50679.] p0l1:[0c0/0=0000000000.0c0/0=0000000000.0c0/0=0000000000.0c0/0=0000000000.0c0/0=0000000000.0c0/0=0000000000.0c0/0=0000000000.0c0/0=0000000000. B[49099/49099.49099/49099.49099/49099.49099/49099.49099/49099.49099/49098!49099/49098!49098/49098.] p1l0:[141993c1174212/141993=0000000000.141993c1174213/141993=0x3ecf3d93.141993c1174214/141993=0xbf0b3ed1.141993c1174215/141993=0000000000.141992c1174208/141992=0xbf103e97.141992c1174209/141992=0xbf033ec0.141992c1174210/141992=0xbc5a3d5b.141992c1174211/141992=0xbf0fbf5e. B[50410/50410.50409/50409!50409/50409!50409/50409.50409/50409.50409/50409.50409/50409.50409/50409.] p1l1:[0c0/0=0000000000.0c0/0=0000000000.0c0/0=0000000000.0c0/0=0000000000.0c0/0=0000000000.0c0/0=0000000000.0c0/0=0000000000.0c0/0=0000000000. B[48863/48863.48863/48863.48863/48863.48862/48862!48862/48862!48862/48862.48862/48862.48862/48862.] p2l0:[141993c1174212/141993=0000000000.141993c1174213/141993=0xbe733e94.141993c1174214/141993=0xbee4bf03.141993c1174215/141993=0000000000.141992c1174208/141992=0xbda13e9a.141992c1174209/141992=0xbee33e68.141992c1174210/141992=0x3ebc3d74.141992c1174211/141992=0xbf11bf26. B[49934/49934.49934/49934.49934/49934.49934/49934.49934/49934.49934/49934.49934/49933!49934/49933!] p2l1:[0c0/0=0000000000.0c0/0=0000000000.0c0/0=0000000000.0c0/0=0000000000.0c0/0=0000000000.0c0/0=0000000000.0c0/0=0000000000.0c0/0=0000000000. B[48770/48770.48770/48770.48770/48770.48770/48770.48770/48770.48770/48770.48770/48769!48770/48769!]
2026-10-06 02:45:32.254 INFO  stats: rank 3 | 22.6 s | decode 0.0 tok/s, 0.0 ms/tok, 0.0 ms/step (0 steps / 0 tok, 0 % of wall) | prefill 0 prompts / 2048 tok, 91 tok/s, 11.03 ms/tok (100 % of wall), 0 tok cached (0/0 hits) | live 1, queued 0 | pool 4829/6144 blocks (79 %) | prefix cache 21/639 entries | 1 prefilling
2026-10-06 02:45:39.320 INFO  hunt qp: rank 3 seq 1189798 pool=bulk  p0l0[RTS sq_psn=9956988 rq_psn=9956858 ack_timeout=14 retry_cnt=7 rnr_retry=7 min_rnr=12 sq_draining=0] p0l1[RTS sq_psn=9235368 rq_psn=9235238 ack_timeout=14 retry_cnt=7 rnr_retry=7 min_rnr=12 sq_draining=0] p1l0[RTS sq_psn=9628848 rq_psn=9628848 ack_timeout=14 retry_cnt=7 rnr_retry=7 min_rnr=12 sq_draining=0] p1l1[RTS sq_psn=9110628 rq_psn=9110628 ack_timeout=14 retry_cnt=7 rnr_retry=7 min_rnr=12 sq_draining=0] p2l0[RTS sq_psn=9520050 rq_psn=9520050 ack_timeout=14 retry_cnt=7 rnr_retry=7 min_rnr=12 sq_draining=0] p2l1[RTS sq_psn=9061722 rq_psn=9061722 ack_timeout=14 retry_cnt=7 rnr_retry=7 min_rnr=12 sq_draining=0]
2026-10-06 02:45:39.320 INFO  allreduce: rank 3 seq 1189798 bulk RS seg 1/4 STALLED 506ms launched=true tx_retired=2392210/2392210 ctl(done=0 status=0 gate_redos=0)  p0:posted=4/staged=4/expected=4 p1:posted=4/staged=4/expected=4 p2:posted=4/staged=4/expected=4  p0l0:[141993c1174212/141993=0x0014001a.141993c1174213/141993=0x3f3cbe5e.141993c1174214/141993=0xbe08be9c.141993c1174215/141993=0x00130000.141992c1174208/141992=0x3e53bcfe.141992c1174209/141992=0xbde83db9.141992c1174210/141992=0xbc7dbefe.141992c1174211/141992=0xbdc13d05. B[50892/50892.50891/50891!50891/50891!50891/50891.50891/50891.50891/50891.50891/50891.50891/50891.] p0l1:[0c0/0=0000000000.0c0/0=0000000000.0c0/0=0000000000.0c0/0=0000000000.0c0/0=0000000000.0c0/0=0000000000.0c0/0=0000000000.0c0/0=0000000000. B[49311/49311.49311/49311.49311/49311.49311/49311.49311/49311.49310/49310!49310/49310!49310/49310.] p1l0:[141993c1174212/141993=0000000000.141993c1174213/141993=0x3ecf3d93.141993c1174214/141993=0xbf0b3ed1.141993c1174215/141993=0000000000.141992c1174208/141992=0xbf103e97.141992c1174209/141992=0xbf033ec0.141992c1174210/141992=0xbc5a3d5b.141992c1174211/141992=0xbf0fbf5e. B[50622/50622.50622/50621!50622/50621!50621/50621.50621/50621.50621/50621.50621/50621.50621/50621.] p1l1:[0c0/0=0000000000.0c0/0=0000000000.0c0/0=0000000000.0c0/0=0000000000.0c0/0=0000000000.0c0/0=0000000000.0c0/0=0000000000.0c0/0=0000000000. B[49075/49075.49075/49075.49075/49075.49075/49074!49075/49074!49074/49074.49074/49074.49074/49074.] p2l0:[141993c1174212/141993=0000000000.141993c1174213/141993=0xbe733e94.141993c1174214/141993=0xbee4bf03.141993c1174215/141993=0000000000.141992c1174208/141992=0xbda13e9a.141992c1174209/141992=0xbee33e68.141992c1174210/141992=0x3ebc3d74.141992c1174211/141992=0xbf11bf26. B[50146/50146.50146/50146.50146/50146.50146/50146.50146/50146.50146/50146.50146/50145!50146/50145!] p2l1:[0c0/0=0000000000.0c0/0=0000000000.0c0/0=0000000000.0c0/0=0000000000.0c0/0=0000000000.0c0/0=0000000000.0c0/0=0000000000.0c0/0=0000000000. B[48982/48982.48982/48982.48982/48982.48982/48982.48982/48982.48982/48982.48982/48981!48982/48981!]
2026-10-06 02:45:39.821 INFO  hunt qp: rank 3 seq 1189798 pool=bulk  p0l0[RTS sq_psn=9956988 rq_psn=9956858 ack_timeout=14 retry_cnt=7 rnr_retry=7 min_rnr=12 sq_draining=0] p0l1[RTS sq_psn=9235368 rq_psn=9235238 ack_timeout=14 retry_cnt=7 rnr_retry=7 min_rnr=12 sq_draining=0] p1l0[RTS sq_psn=9628848 rq_psn=9628848 ack_timeout=14 retry_cnt=7 rnr_retry=7 min_rnr=12 sq_draining=0] p1l1[RTS sq_psn=9110628 rq_psn=9110628 ack_timeout=14 retry_cnt=7 rnr_retry=7 min_rnr=12 sq_draining=0] p2l0[RTS sq_psn=9520050 rq_psn=9520050 ack_timeout=14 retry_cnt=7 rnr_retry=7 min_rnr=12 sq_draining=0] p2l1[RTS sq_psn=9061722 rq_psn=9061722 ack_timeout=14 retry_cnt=7 rnr_retry=7 min_rnr=12 sq_draining=0]
2026-10-06 02:45:39.821 INFO  allreduce: rank 3 seq 1189798 bulk RS seg 1/4 STALLED 1008ms launched=true tx_retired=2392210/2392210 ctl(done=0 status=0 gate_redos=0)  p0:posted=4/staged=4/expected=4 p1:posted=4/staged=4/expected=4 p2:posted=4/staged=4/expected=4  p0l0:[141993c1174212/141993=0x0014001a.141993c1174213/141993=0x3f3cbe5e.141993c1174214/141993=0xbe08be9c.141993c1174215/141993=0x00130000.141992c1174208/141992=0x3e53bcfe.141992c1174209/141992=0xbde83db9.141992c1174210/141992=0xbc7dbefe.141992c1174211/141992=0xbdc13d05. B[50892/50892.50891/50891!50891/50891!50891/50891.50891/50891.50891/50891.50891/50891.50891/50891.] p0l1:[0c0/0=0000000000.0c0/0=0000000000.0c0/0=0000000000.0c0/0=0000000000.0c0/0=0000000000.0c0/0=0000000000.0c0/0=0000000000.0c0/0=0000000000. B[49311/49311.49311/49311.49311/49311.49311/49311.49311/49311.49310/49310!49310/49310!49310/49310.] p1l0:[141993c1174212/141993=0000000000.141993c1174213/141993=0x3ecf3d93.141993c1174214/141993=0xbf0b3ed1.141993c1174215/141993=0000000000.141992c1174208/141992=0xbf103e97.141992c1174209/141992=0xbf033ec0.141992c1174210/141992=0xbc5a3d5b.141992c1174211/141992=0xbf0fbf5e. B[50622/50622.50622/50621!50622/50621!50621/50621.50621/50621.50621/50621.50621/50621.50621/50621.] p1l1:[0c0/0=0000000000.0c0/0=0000000000.0c0/0=0000000000.0c0/0=0000000000.0c0/0=0000000000.0c0/0=0000000000.0c0/0=0000000000.0c0/0=0000000000. B[49075/49075.49075/49075.49075/49075.49075/49074!49075/49074!49074/49074.49074/49074.49074/49074.] p2l0:[141993c1174212/141993=0000000000.141993c1174213/141993=0xbe733e94.141993c1174214/141993=0xbee4bf03.141993c1174215/141993=0000000000.141992c1174208/141992=0xbda13e9a.141992c1174209/141992=0xbee33e68.141992c1174210/141992=0x3ebc3d74.141992c1174211/141992=0xbf11bf26. B[50146/50146.50146/50146.50146/50146.50146/50146.50146/50146.50146/50146.50146/50145!50146/50145!] p2l1:[0c0/0=0000000000.0c0/0=0000000000.0c0/0=0000000000.0c0/0=0000000000.0c0/0=0000000000.0c0/0=0000000000.0c0/0=0000000000.0c0/0=0000000000. B[48982/48982.48982/48982.48982/48982.48982/48982.48982/48982.48982/48982.48982/48981!48982/48981!]
2026-10-06 02:45:55.559 INFO  stats: rank 3 | 23.3 s | decode 0.0 tok/s, 0.0 ms/tok, 0.0 ms/step (0 steps / 0 tok, 0 % of wall) | prefill 0 prompts / 2048 tok, 88 tok/s, 11.36 ms/tok (100 % of wall), 0 tok cached (0/0 hits) | live 1, queued 0 | pool 4829/6144 blocks (79 %) | prefix cache 21/639 entries | 1 prefilling
2026-10-06 02:46:13.054 INFO  hunt qp: rank 3 seq 1190025 pool=bulk  p0l0[RTS sq_psn=10094268 rq_psn=10094138 ack_timeout=14 retry_cnt=7 rnr_retry=7 min_rnr=12 sq_draining=0] p0l1[RTS sq_psn=9372648 rq_psn=9372518 ack_timeout=14 retry_cnt=7 rnr_retry=7 min_rnr=12 sq_draining=0] p1l0[RTS sq_psn=9766128 rq_psn=9766128 ack_timeout=14 retry_cnt=7 rnr_retry=7 min_rnr=12 sq_draining=0] p1l1[RTS sq_psn=9247908 rq_psn=9247908 ack_timeout=14 retry_cnt=7 rnr_retry=7 min_rnr=12 sq_draining=0] p2l0[RTS sq_psn=9657330 rq_psn=9657330 ack_timeout=14 retry_cnt=7 rnr_retry=7 min_rnr=12 sq_draining=0] p2l1[RTS sq_psn=9199002 rq_psn=9199002 ack_timeout=14 retry_cnt=7 rnr_retry=7 min_rnr=12 sq_draining=0]
2026-10-06 02:46:13.054 INFO  allreduce: rank 3 seq 1190025 bulk RS seg 1/4 STALLED 508ms launched=true tx_retired=2404690/2404690 ctl(done=0 status=0 gate_redos=0)  p0:posted=4/staged=4/expected=4 p1:posted=4/staged=4/expected=4 p2:posted=4/staged=4/expected=4  p0l0:[141993c1174212/141993=0x0014001a.141993c1174213/141993=0x3f3cbe5e.141993c1174214/141993=0xbe08be9c.141993c1174215/141993=0x00130000.141992c1174208/141992=0x3e53bcfe.141992c1174209/141992=0xbde83db9.141992c1174210/141992=0xbc7dbefe.141992c1174211/141992=0xbdc13d05. B[51152/51152.51151/51151!51151/51151!51151/51151.51151/51151.51151/51151.51151/51151.51151/51151.] p0l1:[0c0/0=0000000000.0c0/0=0000000000.0c0/0=0000000000.0c0/0=0000000000.0c0/0=0000000000.0c0/0=0000000000.0c0/0=0000000000.0c0/0=0000000000. B[49571/49571.49571/49571.49571/49571.49571/49571.49571/49571.49570/49570!49570/49570!49570/49570.] p1l0:[141993c1174212/141993=0000000000.141993c1174213/141993=0x3ecf3d93.141993c1174214/141993=0xbf0b3ed1.141993c1174215/141993=0000000000.141992c1174208/141992=0xbf103e97.141992c1174209/141992=0xbf033ec0.141992c1174210/141992=0xbc5a3d5b.141992c1174211/141992=0xbf0fbf5e. B[50882/50882.50882/50881!50882/50881!50881/50881.50881/50881.50881/50881.50881/50881.50881/50881.] p1l1:[0c0/0=0000000000.0c0/0=0000000000.0c0/0=0000000000.0c0/0=0000000000.0c0/0=0000000000.0c0/0=0000000000.0c0/0=0000000000.0c0/0=0000000000. B[49335/49335.49335/49335.49335/49335.49335/49334!49335/49334!49334/49334.49334/49334.49334/49334.] p2l0:[141993c1174212/141993=0000000000.141993c1174213/141993=0xbe733e94.141993c1174214/141993=0xbee4bf03.141993c1174215/141993=0000000000.141992c1174208/141992=0xbda13e9a.141992c1174209/141992=0xbee33e68.141992c1174210/141992=0x3ebc3d74.141992c1174211/141992=0xbf11bf26. B[50406/50406.50406/50406.50406/50406.50406/50406.50406/50406.50406/50406.50406/50405!50406/50405!] p2l1:[0c0/0=0000000000.0c0/0=0000000000.0c0/0=0000000000.0c0/0=0000000000.0c0/0=0000000000.0c0/0=0000000000.0c0/0=0000000000.0c0/0=0000000000. B[49242/49242.49242/49242.49242/49242.49242/49242.49242/49242.49242/49242.49242/49241!49242/49241!]
2026-10-06 02:46:19.712 INFO  stats: rank 3 | 24.2 s | decode 0.0 tok/s, 0.0 ms/tok, 0.0 ms/step (0 steps / 0 tok, 0 % of wall) | prefill 0 prompts / 2048 tok, 85 tok/s, 11.79 ms/tok (100 % of wall), 0 tok cached (0/0 hits) | live 1, queued 0 | pool 4829/6144 blocks (79 %) | prefix cache 21/639 entries | 1 prefilling
2026-10-06 02:46:42.366 INFO  stats: rank 3 | 22.7 s | decode 0.0 tok/s, 0.0 ms/tok, 0.0 ms/step (0 steps / 0 tok, 0 % of wall) | prefill 0 prompts / 2048 tok, 90 tok/s, 11.06 ms/tok (100 % of wall), 0 tok cached (0/0 hits) | live 1, queued 0 | pool 4829/6144 blocks (79 %) | prefix cache 21/639 entries | 1 prefilling
2026-10-06 02:47:04.552 INFO  stats: rank 3 | 22.2 s | decode 0.0 tok/s, 0.0 ms/tok, 0.0 ms/step (0 steps / 0 tok, 0 % of wall) | prefill 0 prompts / 2048 tok, 92 tok/s, 10.83 ms/tok (100 % of wall), 0 tok cached (0/0 hits) | live 1, queued 0 | pool 4829/6144 blocks (79 %) | prefix cache 21/639 entries | 1 prefilling
2026-10-06 02:47:13.973 INFO  hunt qp: rank 3 seq 1190440 pool=bulk  p0l0[RTS sq_psn=10345596 rq_psn=10345596 ack_timeout=14 retry_cnt=7 rnr_retry=7 min_rnr=12 sq_draining=0] p0l1[RTS sq_psn=9623976 rq_psn=9623976 ack_timeout=14 retry_cnt=7 rnr_retry=7 min_rnr=12 sq_draining=0] p1l0[RTS sq_psn=10017456 rq_psn=10017456 ack_timeout=14 retry_cnt=7 rnr_retry=7 min_rnr=12 sq_draining=0] p1l1[RTS sq_psn=9499236 rq_psn=9499236 ack_timeout=14 retry_cnt=7 rnr_retry=7 min_rnr=12 sq_draining=0] p2l0[RTS sq_psn=9908658 rq_psn=9908528 ack_timeout=14 retry_cnt=7 rnr_retry=7 min_rnr=12 sq_draining=0] p2l1[RTS sq_psn=9450330 rq_psn=9450200 ack_timeout=14 retry_cnt=7 rnr_retry=7 min_rnr=12 sq_draining=0]
2026-10-06 02:47:13.973 INFO  allreduce: rank 3 seq 1190440 bulk RS seg 1/4 STALLED 503ms launched=true tx_retired=2427538/2427538 ctl(done=0 status=0 gate_redos=0)  p0:posted=4/staged=4/expected=4 p1:posted=4/staged=4/expected=4 p2:posted=4/staged=4/expected=4  p0l0:[141993c1174212/141993=0x0014001a.141993c1174213/141993=0x3f3cbe5e.141993c1174214/141993=0xbe08be9c.141993c1174215/141993=0x00130000.141992c1174208/141992=0x3e53bcfe.141992c1174209/141992=0xbde83db9.141992c1174210/141992=0xbc7dbefe.141992c1174211/141992=0xbdc13d05. B[51628/51628.51628/51627!51628/51627!51627/51627.51627/51627.51627/51627.51627/51627.51627/51627.] p0l1:[0c0/0=0000000000.0c0/0=0000000000.0c0/0=0000000000.0c0/0=0000000000.0c0/0=0000000000.0c0/0=0000000000.0c0/0=0000000000.0c0/0=0000000000. B[50047/50047.50047/50047.50047/50047.50047/50047.50047/50047.50047/50046!50047/50046!50046/50046.] p1l0:[141993c1174212/141993=0000000000.141993c1174213/141993=0x3ecf3d93.141993c1174214/141993=0xbf0b3ed1.141993c1174215/141993=0000000000.141992c1174208/141992=0xbf103e97.141992c1174209/141992=0xbf033ec0.141992c1174210/141992=0xbc5a3d5b.141992c1174211/141992=0xbf0fbf5e. B[51358/51358.51358/51357!51358/51357!51357/51357.51357/51357.51357/51357.51357/51357.51357/51357.] p1l1:[0c0/0=0000000000.0c0/0=0000000000.0c0/0=0000000000.0c0/0=0000000000.0c0/0=0000000000.0c0/0=0000000000.0c0/0=0000000000.0c0/0=0000000000. B[49811/49811.49811/49811.49811/49811.49811/49810!49811/49810!49810/49810.49810/49810.49810/49810.] p2l0:[141993c1174212/141993=0000000000.141993c1174213/141993=0xbe733e94.141993c1174214/141993=0xbee4bf03.141993c1174215/141993=0000000000.141992c1174208/141992=0xbda13e9a.141992c1174209/141992=0xbee33e68.141992c1174210/141992=0x3ebc3d74.141992c1174211/141992=0xbf11bf26. B[50882/50882.50882/50882.50882/50882.50882/50882.50882/50882.50882/50882.50881/50881!50881/50881!] p2l1:[0c0/0=0000000000.0c0/0=0000000000.0c0/0=0000000000.0c0/0=0000000000.0c0/0=0000000000.0c0/0=0000000000.0c0/0=0000000000.0c0/0=0000000000. B[49718/49718.49718/49718.49718/49718.49718/49718.49718/49718.49718/49718.49717/49717!49717/49717!]
2026-10-06 02:47:14.478 INFO  hunt qp: rank 3 seq 1190440 pool=bulk  p0l0[RTS sq_psn=10345596 rq_psn=10345596 ack_timeout=14 retry_cnt=7 rnr_retry=7 min_rnr=12 sq_draining=0] p0l1[RTS sq_psn=9623976 rq_psn=9623976 ack_timeout=14 retry_cnt=7 rnr_retry=7 min_rnr=12 sq_draining=0] p1l0[RTS sq_psn=10017456 rq_psn=10017456 ack_timeout=14 retry_cnt=7 rnr_retry=7 min_rnr=12 sq_draining=0] p1l1[RTS sq_psn=9499236 rq_psn=9499236 ack_timeout=14 retry_cnt=7 rnr_retry=7 min_rnr=12 sq_draining=0] p2l0[RTS sq_psn=9908658 rq_psn=9908528 ack_timeout=14 retry_cnt=7 rnr_retry=7 min_rnr=12 sq_draining=0] p2l1[RTS sq_psn=9450330 rq_psn=9450200 ack_timeout=14 retry_cnt=7 rnr_retry=7 min_rnr=12 sq_draining=0]
2026-10-06 02:47:14.478 INFO  allreduce: rank 3 seq 1190440 bulk RS seg 1/4 STALLED 1008ms launched=true tx_retired=2427538/2427538 ctl(done=0 status=0 gate_redos=0)  p0:posted=4/staged=4/expected=4 p1:posted=4/staged=4/expected=4 p2:posted=4/staged=4/expected=4  p0l0:[141993c1174212/141993=0x0014001a.141993c1174213/141993=0x3f3cbe5e.141993c1174214/141993=0xbe08be9c.141993c1174215/141993=0x00130000.141992c1174208/141992=0x3e53bcfe.141992c1174209/141992=0xbde83db9.141992c1174210/141992=0xbc7dbefe.141992c1174211/141992=0xbdc13d05. B[51628/51628.51628/51627!51628/51627!51627/51627.51627/51627.51627/51627.51627/51627.51627/51627.] p0l1:[0c0/0=0000000000.0c0/0=0000000000.0c0/0=0000000000.0c0/0=0000000000.0c0/0=0000000000.0c0/0=0000000000.0c0/0=0000000000.0c0/0=0000000000. B[50047/50047.50047/50047.50047/50047.50047/50047.50047/50047.50047/50046!50047/50046!50046/50046.] p1l0:[141993c1174212/141993=0000000000.141993c1174213/141993=0x3ecf3d93.141993c1174214/141993=0xbf0b3ed1.141993c1174215/141993=0000000000.141992c1174208/141992=0xbf103e97.141992c1174209/141992=0xbf033ec0.141992c1174210/141992=0xbc5a3d5b.141992c1174211/141992=0xbf0fbf5e. B[51358/51358.51358/51357!51358/51357!51357/51357.51357/51357.51357/51357.51357/51357.51357/51357.] p1l1:[0c0/0=0000000000.0c0/0=0000000000.0c0/0=0000000000.0c0/0=0000000000.0c0/0=0000000000.0c0/0=0000000000.0c0/0=0000000000.0c0/0=0000000000. B[49811/49811.49811/49811.49811/49811.49811/49810!49811/49810!49810/49810.49810/49810.49810/49810.] p2l0:[141993c1174212/141993=0000000000.141993c1174213/141993=0xbe733e94.141993c1174214/141993=0xbee4bf03.141993c1174215/141993=0000000000.141992c1174208/141992=0xbda13e9a.141992c1174209/141992=0xbee33e68.141992c1174210/141992=0x3ebc3d74.141992c1174211/141992=0xbf11bf26. B[50882/50882.50882/50882.50882/50882.50882/50882.50882/50882.50882/50882.50881/50881!50881/50881!] p2l1:[0c0/0=0000000000.0c0/0=0000000000.0c0/0=0000000000.0c0/0=0000000000.0c0/0=0000000000.0c0/0=0000000000.0c0/0=0000000000.0c0/0=0000000000. B[49718/49718.49718/49718.49718/49718.49718/49718.49718/49718.49718/49718.49717/49717!49717/49717!]
2026-10-06 02:47:28.680 INFO  stats: rank 3 | 24.1 s | decode 0.0 tok/s, 0.0 ms/tok, 0.0 ms/step (0 steps / 0 tok, 0 % of wall) | prefill 0 prompts / 2048 tok, 85 tok/s, 11.78 ms/tok (100 % of wall), 0 tok cached (0/0 hits) | live 1, queued 0 | pool 4829/6144 blocks (79 %) | prefix cache 21/639 entries | 1 prefilling
2026-10-06 02:47:30.945 INFO  sched: request 'chatcmpl-c1222c5610810d0e' retired (cancelled): 0 tok in 1028.7 s — prefill 261629 tok (0 cached) in 1026019 ms; decode 0 tok / 0 passes in 2.7 s
2026-10-06 02:47:30.945 INFO  journal: stop record — exiting
2026-10-06 02:47:31.023 INFO  rank 3: graph engine sampling summary — 0 sampled decode steps, 0 served by the exact gather fallback (0.0%), 112 candidates per rank
2026-10-06 02:47:35.555 INFO  rank 3: exited cleanly
